Recipe,Run,Variant,Source,Step,Metric,Value
equal power,20260722T124423Z_ofdm_subcarrier_resource_allocation_1__resource.average_transmit_power_budget_0.5,average_transmit_power_budget 0.5,stored,allocation_evaluation,channel.achieved_payload_goodput_bits_per_resource_element,0.05243286727436939
equal power,20260722T124423Z_ofdm_subcarrier_resource_allocation_1__resource.average_transmit_power_budget_0.5,average_transmit_power_budget 0.5,stored,allocation_evaluation,channel.data_bearing_resource_element_count,1044848
equal power,20260722T124423Z_ofdm_subcarrier_resource_allocation_1__resource.average_transmit_power_budget_0.5,average_transmit_power_budget 0.5,stored,allocation_evaluation,channel.delivered_payload_bit_count,339968
equal power,20260722T124423Z_ofdm_subcarrier_resource_allocation_1__resource.average_transmit_power_budget_0.5,average_transmit_power_budget 0.5,stored,allocation_evaluation,channel.goodput_to_theoretical_shannon_efficiency_ratio,0.03149757288538407
equal power,20260722T124423Z_ofdm_subcarrier_resource_allocation_1__resource.average_transmit_power_budget_0.5,average_transmit_power_budget 0.5,stored,allocation_evaluation,channel.noise_variance,0.2
equal power,20260722T124423Z_ofdm_subcarrier_resource_allocation_1__resource.average_transmit_power_budget_0.5,average_transmit_power_budget 0.5,stored,allocation_evaluation,channel.offered_payload_bits_per_resource_element,0.16172065087034415
equal power,20260722T124423Z_ofdm_subcarrier_resource_allocation_1__resource.average_transmit_power_budget_0.5,average_transmit_power_budget 0.5,stored,allocation_evaluation,channel.payload_delivery_block_count,1024
equal power,20260722T124423Z_ofdm_subcarrier_resource_allocation_1__resource.average_transmit_power_budget_0.5,average_transmit_power_budget 0.5,stored,allocation_evaluation,channel.payload_delivery_block_error_count,692
equal power,20260722T124423Z_ofdm_subcarrier_resource_allocation_1__resource.average_transmit_power_budget_0.5,average_transmit_power_budget 0.5,stored,allocation_evaluation,channel.payload_delivery_block_error_rate,0.67578125
equal power,20260722T124423Z_ofdm_subcarrier_resource_allocation_1__resource.average_transmit_power_budget_0.5,average_transmit_power_budget 0.5,stored,allocation_evaluation,channel.payload_delivery_success,0
equal power,20260722T124423Z_ofdm_subcarrier_resource_allocation_1__resource.average_transmit_power_budget_0.5,average_transmit_power_budget 0.5,stored,allocation_evaluation,channel.payload_energy_efficiency_bits_per_normalized_energy,0.6507512697424098
equal power,20260722T124423Z_ofdm_subcarrier_resource_allocation_1__resource.average_transmit_power_budget_0.5,average_transmit_power_budget 0.5,stored,allocation_evaluation,channel.reference_snr_db,6.989700043360188
equal power,20260722T124423Z_ofdm_subcarrier_resource_allocation_1__resource.average_transmit_power_budget_0.5,average_transmit_power_budget 0.5,stored,allocation_evaluation,channel.resource_element_utilization,0.1611456857877515
equal power,20260722T124423Z_ofdm_subcarrier_resource_allocation_1__resource.average_transmit_power_budget_0.5,average_transmit_power_budget 0.5,stored,allocation_evaluation,channel.scheduled_resource_element_count,6483872
equal power,20260722T124423Z_ofdm_subcarrier_resource_allocation_1__resource.average_transmit_power_budget_0.5,average_transmit_power_budget 0.5,stored,allocation_evaluation,channel.tx_energy_for_payload,522423.875
equal power,20260722T124423Z_ofdm_subcarrier_resource_allocation_1__resource.average_transmit_power_budget_0.5,average_transmit_power_budget 0.5,stored,allocation_evaluation,channel.tx_energy_per_delivered_payload_bit,1.5366854380412274
equal power,20260722T124423Z_ofdm_subcarrier_resource_allocation_1__resource.average_transmit_power_budget_0.5,average_transmit_power_budget 0.5,stored,allocation_evaluation,resource.active_resource_element_fraction,1
equal power,20260722T124423Z_ofdm_subcarrier_resource_allocation_1__resource.average_transmit_power_budget_0.5,average_transmit_power_budget 0.5,stored,allocation_evaluation,resource.allocated_power_weighted_channel_gain_lift,0
equal power,20260722T124423Z_ofdm_subcarrier_resource_allocation_1__resource.average_transmit_power_budget_0.5,average_transmit_power_budget 0.5,stored,allocation_evaluation,resource.allocation_power_coefficient_of_variation,0
equal power,20260722T124423Z_ofdm_subcarrier_resource_allocation_1__resource.average_transmit_power_budget_0.5,average_transmit_power_budget 0.5,stored,allocation_evaluation,resource.average_transmit_power_budget,0.5
equal power,20260722T124423Z_ofdm_subcarrier_resource_allocation_1__resource.average_transmit_power_budget_0.5,average_transmit_power_budget 0.5,stored,allocation_evaluation,resource.power_constraint.max_abs_error,0
equal power,20260722T124423Z_ofdm_subcarrier_resource_allocation_1__resource.average_transmit_power_budget_0.5,average_transmit_power_budget 0.5,stored,allocation_evaluation,resource.power_constraint.max_negative_violation,0
equal power,20260722T124423Z_ofdm_subcarrier_resource_allocation_1__resource.average_transmit_power_budget_0.5,average_transmit_power_budget 0.5,stored,allocation_evaluation,resource.power_constraint.max_relative_error,0
equal power,20260722T124423Z_ofdm_subcarrier_resource_allocation_1__resource.average_transmit_power_budget_0.5,average_transmit_power_budget 0.5,stored,allocation_evaluation,resource.theoretical_min_state_spectral_efficiency_bps_hz,0.9872539857718892
equal power,20260722T124423Z_ofdm_subcarrier_resource_allocation_1__resource.average_transmit_power_budget_0.5,average_transmit_power_budget 0.5,stored,allocation_evaluation,resource.theoretical_outage_probability,1
equal power,20260722T124423Z_ofdm_subcarrier_resource_allocation_1__resource.average_transmit_power_budget_0.5,average_transmit_power_budget 0.5,stored,allocation_evaluation,resource.theoretical_outage_target_spectral_efficiency_bps_hz,2
equal power,20260722T124423Z_ofdm_subcarrier_resource_allocation_1__resource.average_transmit_power_budget_0.5,average_transmit_power_budget 0.5,stored,allocation_evaluation,resource.theoretical_p05_state_spectral_efficiency_bps_hz,1.4911426790766316
equal power,20260722T124423Z_ofdm_subcarrier_resource_allocation_1__resource.average_transmit_power_budget_0.5,average_transmit_power_budget 0.5,stored,allocation_evaluation,resource.theoretical_shannon_spectral_efficiency_bps_hz,1.6646637334618246
equal power,20260722T124423Z_ofdm_subcarrier_resource_allocation_1__resource.average_transmit_power_budget_0.5,average_transmit_power_budget 0.5,stored,allocation_evaluation,resource.theoretical_shannon_sum_bits_per_ofdm_symbol,53.26923947077839
equal power,20260722T124423Z_ofdm_subcarrier_resource_allocation_1__resource.average_transmit_power_budget_0.5,average_transmit_power_budget 0.5,stored,allocation_evaluation,resource.water_filling_kkt_normalized_residual,0.5667927637239736
equal power,20260722T124423Z_ofdm_subcarrier_resource_allocation_1__resource.average_transmit_power_budget_0.5,average_transmit_power_budget 0.5,stored,allocation_evaluation,resource.water_filling_optimality_gap_bps_hz,0.07032920572482393
equal power,20260722T124423Z_ofdm_subcarrier_resource_allocation_1__resource.average_transmit_power_budget_0.5,average_transmit_power_budget 0.5,stored,allocation_evaluation,resource.water_filling_oracle_spectral_efficiency_bps_hz,1.7349929391866485
equal power,20260722T124423Z_ofdm_subcarrier_resource_allocation_1__resource.average_transmit_power_budget_0.5,average_transmit_power_budget 0.5,stored,allocation_evaluation,resource.water_filling_power_normalized_rmse,0.44568844156930293
equal power,20260722T124423Z_ofdm_subcarrier_resource_allocation_1__resource.average_transmit_power_budget_0.5,average_transmit_power_budget 0.5,stored,allocation_evaluation,resource.water_filling_power_rmse,0.22284422078465146
equal power,20260722T124423Z_ofdm_subcarrier_resource_allocation_1__resource.average_transmit_power_budget_0.5,average_transmit_power_budget 0.5,stored,allocation_evaluation,resource.water_filling_relative_optimality_gap,0.04053573022481217
equal power,20260722T124423Z_ofdm_subcarrier_resource_allocation_1__resource.average_transmit_power_budget_0.5,average_transmit_power_budget 0.5,stored,allocation_evaluation,task.score,0.05243286727436939
equal power,20260722T124423Z_ofdm_subcarrier_resource_allocation_1__resource.average_transmit_power_budget_0.5,average_transmit_power_budget 0.5,stored,allocation_evaluation,timing.step.wall_time_s,34.260957537044305
equal power,20260722T124423Z_ofdm_subcarrier_resource_allocation_1__resource.average_transmit_power_budget_0.5,average_transmit_power_budget 0.5,stored,channel_bit_count_match,channel.fixed.channel_io.bit_count_match,1
equal power,20260722T124423Z_ofdm_subcarrier_resource_allocation_1__resource.average_transmit_power_budget_0.5,average_transmit_power_budget 0.5,stored,channel_bit_count_match,channel.fixed.channel_io.candidate_bit_count,1048576
equal power,20260722T124423Z_ofdm_subcarrier_resource_allocation_1__resource.average_transmit_power_budget_0.5,average_transmit_power_budget 0.5,stored,channel_bit_count_match,channel.fixed.channel_io.length_delta,0
equal power,20260722T124423Z_ofdm_subcarrier_resource_allocation_1__resource.average_transmit_power_budget_0.5,average_transmit_power_budget 0.5,stored,channel_bit_count_match,channel.fixed.channel_io.reference_bit_count,1048576
equal power,20260722T124423Z_ofdm_subcarrier_resource_allocation_1__resource.average_transmit_power_budget_0.5,average_transmit_power_budget 0.5,stored,channel_bit_count_match,timing.step.wall_time_s,0.012858274974860251
equal power,20260722T124423Z_ofdm_subcarrier_resource_allocation_1__resource.average_transmit_power_budget_0.5,average_transmit_power_budget 0.5,stored,channel_decoder,channel.decoded_bit_count,1048576
equal power,20260722T124423Z_ofdm_subcarrier_resource_allocation_1__resource.average_transmit_power_budget_0.5,average_transmit_power_budget 0.5,stored,channel_decoder,timing.step.wall_time_s,0.14315052097663283
equal power,20260722T124423Z_ofdm_subcarrier_resource_allocation_1__resource.average_transmit_power_budget_0.5,average_transmit_power_budget 0.5,stored,channel_encoder,channel.code_rate,1
equal power,20260722T124423Z_ofdm_subcarrier_resource_allocation_1__resource.average_transmit_power_budget_0.5,average_transmit_power_budget 0.5,stored,channel_encoder,channel.coded_bit_count,1048576
equal power,20260722T124423Z_ofdm_subcarrier_resource_allocation_1__resource.average_transmit_power_budget_0.5,average_transmit_power_budget 0.5,stored,channel_encoder,channel.payload_bit_count,1048576
equal power,20260722T124423Z_ofdm_subcarrier_resource_allocation_1__resource.average_transmit_power_budget_0.5,average_transmit_power_budget 0.5,stored,channel_encoder,channel.transmitted_bit_count,1048576
equal power,20260722T124423Z_ofdm_subcarrier_resource_allocation_1__resource.average_transmit_power_budget_0.5,average_transmit_power_budget 0.5,stored,channel_encoder,timing.step.wall_time_s,0.11037904996192083
equal power,20260722T124423Z_ofdm_subcarrier_resource_allocation_1__resource.average_transmit_power_budget_0.5,average_transmit_power_budget 0.5,stored,channel_state,channel.gain.average,1
equal power,20260722T124423Z_ofdm_subcarrier_resource_allocation_1__resource.average_transmit_power_budget_0.5,average_transmit_power_budget 0.5,stored,channel_state,channel.noise_variance,0.2
equal power,20260722T124423Z_ofdm_subcarrier_resource_allocation_1__resource.average_transmit_power_budget_0.5,average_transmit_power_budget 0.5,stored,channel_state,channel.num_ofdm_symbols,4
equal power,20260722T124423Z_ofdm_subcarrier_resource_allocation_1__resource.average_transmit_power_budget_0.5,average_transmit_power_budget 0.5,stored,channel_state,channel.ofdm_fft_size,32
equal power,20260722T124423Z_ofdm_subcarrier_resource_allocation_1__resource.average_transmit_power_budget_0.5,average_transmit_power_budget 0.5,stored,channel_state,channel.ofdm_resource_element_capacity,8388608
equal power,20260722T124423Z_ofdm_subcarrier_resource_allocation_1__resource.average_transmit_power_budget_0.5,average_transmit_power_budget 0.5,stored,channel_state,channel.ofdm_state_count,262144
equal power,20260722T124423Z_ofdm_subcarrier_resource_allocation_1__resource.average_transmit_power_budget_0.5,average_transmit_power_budget 0.5,stored,channel_state,channel.reference_snr_db,6.989700043360188
equal power,20260722T124423Z_ofdm_subcarrier_resource_allocation_1__resource.average_transmit_power_budget_0.5,average_transmit_power_budget 0.5,stored,channel_state,timing.step.wall_time_s,11.567410067014862
equal power,20260722T124423Z_ofdm_subcarrier_resource_allocation_1__resource.average_transmit_power_budget_0.5,average_transmit_power_budget 0.5,stored,coded_ber,channel.coded.ber,0.0010881423950195312
equal power,20260722T124423Z_ofdm_subcarrier_resource_allocation_1__resource.average_transmit_power_budget_0.5,average_transmit_power_budget 0.5,stored,coded_ber,channel.coded.compare_bit_count,1048576
equal power,20260722T124423Z_ofdm_subcarrier_resource_allocation_1__resource.average_transmit_power_budget_0.5,average_transmit_power_budget 0.5,stored,coded_ber,channel.coded.error_count,1141
equal power,20260722T124423Z_ofdm_subcarrier_resource_allocation_1__resource.average_transmit_power_budget_0.5,average_transmit_power_budget 0.5,stored,coded_ber,timing.step.wall_time_s,0.011440862959716469
equal power,20260722T124423Z_ofdm_subcarrier_resource_allocation_1__resource.average_transmit_power_budget_0.5,average_transmit_power_budget 0.5,stored,coded_bler,channel.coded.bler,0.67578125
equal power,20260722T124423Z_ofdm_subcarrier_resource_allocation_1__resource.average_transmit_power_budget_0.5,average_transmit_power_budget 0.5,stored,coded_bler,channel.coded.block_count,1024
equal power,20260722T124423Z_ofdm_subcarrier_resource_allocation_1__resource.average_transmit_power_budget_0.5,average_transmit_power_budget 0.5,stored,coded_bler,channel.coded.block_error_count,692
equal power,20260722T124423Z_ofdm_subcarrier_resource_allocation_1__resource.average_transmit_power_budget_0.5,average_transmit_power_budget 0.5,stored,coded_bler,channel.coded.block_size,1024
equal power,20260722T124423Z_ofdm_subcarrier_resource_allocation_1__resource.average_transmit_power_budget_0.5,average_transmit_power_budget 0.5,stored,coded_bler,timing.step.wall_time_s,0.017913361021783203
equal power,20260722T124423Z_ofdm_subcarrier_resource_allocation_1__resource.average_transmit_power_budget_0.5,average_transmit_power_budget 0.5,stored,data,channel.payload_bit_count,1048576
equal power,20260722T124423Z_ofdm_subcarrier_resource_allocation_1__resource.average_transmit_power_budget_0.5,average_transmit_power_budget 0.5,stored,data,source.bit_count,1048576
equal power,20260722T124423Z_ofdm_subcarrier_resource_allocation_1__resource.average_transmit_power_budget_0.5,average_transmit_power_budget 0.5,stored,data,source.example_count,1024
equal power,20260722T124423Z_ofdm_subcarrier_resource_allocation_1__resource.average_transmit_power_budget_0.5,average_transmit_power_budget 0.5,stored,data,source.transport_block_count,1024
equal power,20260722T124423Z_ofdm_subcarrier_resource_allocation_1__resource.average_transmit_power_budget_0.5,average_transmit_power_budget 0.5,stored,data,source.transport_block_size_bits,1024
equal power,20260722T124423Z_ofdm_subcarrier_resource_allocation_1__resource.average_transmit_power_budget_0.5,average_transmit_power_budget 0.5,stored,data,timing.step.wall_time_s,0.12483638297999278
equal power,20260722T124423Z_ofdm_subcarrier_resource_allocation_1__resource.average_transmit_power_budget_0.5,average_transmit_power_budget 0.5,stored,demodulator,channel.allocation_aware_transport,1
equal power,20260722T124423Z_ofdm_subcarrier_resource_allocation_1__resource.average_transmit_power_budget_0.5,average_transmit_power_budget 0.5,stored,demodulator,channel.demod_bit_count,1048576
equal power,20260722T124423Z_ofdm_subcarrier_resource_allocation_1__resource.average_transmit_power_budget_0.5,average_transmit_power_budget 0.5,stored,demodulator,timing.step.wall_time_s,1.1984897959628142
equal power,20260722T124423Z_ofdm_subcarrier_resource_allocation_1__resource.average_transmit_power_budget_0.5,average_transmit_power_budget 0.5,stored,modulator,channel.bits_per_symbol,2
equal power,20260722T124423Z_ofdm_subcarrier_resource_allocation_1__resource.average_transmit_power_budget_0.5,average_transmit_power_budget 0.5,stored,modulator,channel.channel_use_count,524288
equal power,20260722T124423Z_ofdm_subcarrier_resource_allocation_1__resource.average_transmit_power_budget_0.5,average_transmit_power_budget 0.5,stored,modulator,channel.coded_bit_count,1048576
equal power,20260722T124423Z_ofdm_subcarrier_resource_allocation_1__resource.average_transmit_power_budget_0.5,average_transmit_power_budget 0.5,stored,modulator,channel.symbol_count,524288
equal power,20260722T124423Z_ofdm_subcarrier_resource_allocation_1__resource.average_transmit_power_budget_0.5,average_transmit_power_budget 0.5,stored,modulator,channel.transmitted_bit_count,1048576
equal power,20260722T124423Z_ofdm_subcarrier_resource_allocation_1__resource.average_transmit_power_budget_0.5,average_transmit_power_budget 0.5,stored,modulator,timing.step.wall_time_s,0.2263816409977153
equal power,20260722T124423Z_ofdm_subcarrier_resource_allocation_1__resource.average_transmit_power_budget_0.5,average_transmit_power_budget 0.5,stored,payload_ber,channel.payload.ber,0.0010881423950195312
equal power,20260722T124423Z_ofdm_subcarrier_resource_allocation_1__resource.average_transmit_power_budget_0.5,average_transmit_power_budget 0.5,stored,payload_ber,channel.payload.compare_bit_count,1048576
equal power,20260722T124423Z_ofdm_subcarrier_resource_allocation_1__resource.average_transmit_power_budget_0.5,average_transmit_power_budget 0.5,stored,payload_ber,channel.payload.error_count,1141
equal power,20260722T124423Z_ofdm_subcarrier_resource_allocation_1__resource.average_transmit_power_budget_0.5,average_transmit_power_budget 0.5,stored,payload_ber,timing.step.wall_time_s,0.013842776010278612
equal power,20260722T124423Z_ofdm_subcarrier_resource_allocation_1__resource.average_transmit_power_budget_0.5,average_transmit_power_budget 0.5,stored,payload_bit_boundary,channel.fixed.bit_count,1048576
equal power,20260722T124423Z_ofdm_subcarrier_resource_allocation_1__resource.average_transmit_power_budget_0.5,average_transmit_power_budget 0.5,stored,payload_bit_boundary,channel.fixed.byte_count,131072
equal power,20260722T124423Z_ofdm_subcarrier_resource_allocation_1__resource.average_transmit_power_budget_0.5,average_transmit_power_budget 0.5,stored,payload_bit_boundary,channel.fixed.payload_input.bit_count,1048576
equal power,20260722T124423Z_ofdm_subcarrier_resource_allocation_1__resource.average_transmit_power_budget_0.5,average_transmit_power_budget 0.5,stored,payload_bit_boundary,channel.fixed.payload_input.bits_per_element,1
equal power,20260722T124423Z_ofdm_subcarrier_resource_allocation_1__resource.average_transmit_power_budget_0.5,average_transmit_power_budget 0.5,stored,payload_bit_boundary,channel.fixed.payload_input.byte_count,131072
equal power,20260722T124423Z_ofdm_subcarrier_resource_allocation_1__resource.average_transmit_power_budget_0.5,average_transmit_power_budget 0.5,stored,payload_bit_boundary,channel.fixed.payload_input.dtype_uint8,1
equal power,20260722T124423Z_ofdm_subcarrier_resource_allocation_1__resource.average_transmit_power_budget_0.5,average_transmit_power_budget 0.5,stored,payload_bit_boundary,timing.step.wall_time_s,0.11114955600351095
equal power,20260722T124423Z_ofdm_subcarrier_resource_allocation_1__resource.average_transmit_power_budget_0.5,average_transmit_power_budget 0.5,stored,payload_bler,channel.payload.bler,0.67578125
equal power,20260722T124423Z_ofdm_subcarrier_resource_allocation_1__resource.average_transmit_power_budget_0.5,average_transmit_power_budget 0.5,stored,payload_bler,channel.payload.block_count,1024
equal power,20260722T124423Z_ofdm_subcarrier_resource_allocation_1__resource.average_transmit_power_budget_0.5,average_transmit_power_budget 0.5,stored,payload_bler,channel.payload.block_error_count,692
equal power,20260722T124423Z_ofdm_subcarrier_resource_allocation_1__resource.average_transmit_power_budget_0.5,average_transmit_power_budget 0.5,stored,payload_bler,channel.payload.block_size,1024
equal power,20260722T124423Z_ofdm_subcarrier_resource_allocation_1__resource.average_transmit_power_budget_0.5,average_transmit_power_budget 0.5,stored,payload_bler,timing.step.wall_time_s,0.026686394005082548
equal power,20260722T124423Z_ofdm_subcarrier_resource_allocation_1__resource.average_transmit_power_budget_0.5,average_transmit_power_budget 0.5,stored,run,memory.run.end_rss_bytes,4610301952
equal power,20260722T124423Z_ofdm_subcarrier_resource_allocation_1__resource.average_transmit_power_budget_0.5,average_transmit_power_budget 0.5,stored,run,memory.run.peak_rss_bytes,5365293056
equal power,20260722T124423Z_ofdm_subcarrier_resource_allocation_1__resource.average_transmit_power_budget_0.5,average_transmit_power_budget 0.5,stored,run,memory.run.peak_rss_delta_bytes,4916969472
equal power,20260722T124423Z_ofdm_subcarrier_resource_allocation_1__resource.average_transmit_power_budget_0.5,average_transmit_power_budget 0.5,stored,run,memory.run.sampler_interval_s,0.05
equal power,20260722T124423Z_ofdm_subcarrier_resource_allocation_1__resource.average_transmit_power_budget_0.5,average_transmit_power_budget 0.5,stored,run,memory.run.start_rss_bytes,448323584
equal power,20260722T124423Z_ofdm_subcarrier_resource_allocation_1__resource.average_transmit_power_budget_0.5,average_transmit_power_budget 0.5,stored,rx_bit_boundary,channel.fixed.bit_count,1048576
equal power,20260722T124423Z_ofdm_subcarrier_resource_allocation_1__resource.average_transmit_power_budget_0.5,average_transmit_power_budget 0.5,stored,rx_bit_boundary,channel.fixed.byte_count,131072
equal power,20260722T124423Z_ofdm_subcarrier_resource_allocation_1__resource.average_transmit_power_budget_0.5,average_transmit_power_budget 0.5,stored,rx_bit_boundary,channel.fixed.demodulator_output.bit_count,1048576
equal power,20260722T124423Z_ofdm_subcarrier_resource_allocation_1__resource.average_transmit_power_budget_0.5,average_transmit_power_budget 0.5,stored,rx_bit_boundary,channel.fixed.demodulator_output.bits_per_element,1
equal power,20260722T124423Z_ofdm_subcarrier_resource_allocation_1__resource.average_transmit_power_budget_0.5,average_transmit_power_budget 0.5,stored,rx_bit_boundary,channel.fixed.demodulator_output.byte_count,131072
equal power,20260722T124423Z_ofdm_subcarrier_resource_allocation_1__resource.average_transmit_power_budget_0.5,average_transmit_power_budget 0.5,stored,rx_bit_boundary,channel.fixed.demodulator_output.dtype_uint8,1
equal power,20260722T124423Z_ofdm_subcarrier_resource_allocation_1__resource.average_transmit_power_budget_0.5,average_transmit_power_budget 0.5,stored,rx_bit_boundary,timing.step.wall_time_s,0.15811345796100795
equal power,20260722T124423Z_ofdm_subcarrier_resource_allocation_1__resource.average_transmit_power_budget_0.5,average_transmit_power_budget 0.5,stored,tx_bit_boundary,channel.fixed.bit_count,1048576
equal power,20260722T124423Z_ofdm_subcarrier_resource_allocation_1__resource.average_transmit_power_budget_0.5,average_transmit_power_budget 0.5,stored,tx_bit_boundary,channel.fixed.byte_count,131072
equal power,20260722T124423Z_ofdm_subcarrier_resource_allocation_1__resource.average_transmit_power_budget_0.5,average_transmit_power_budget 0.5,stored,tx_bit_boundary,channel.fixed.modulator_input.bit_count,1048576
equal power,20260722T124423Z_ofdm_subcarrier_resource_allocation_1__resource.average_transmit_power_budget_0.5,average_transmit_power_budget 0.5,stored,tx_bit_boundary,channel.fixed.modulator_input.bits_per_element,1
equal power,20260722T124423Z_ofdm_subcarrier_resource_allocation_1__resource.average_transmit_power_budget_0.5,average_transmit_power_budget 0.5,stored,tx_bit_boundary,channel.fixed.modulator_input.byte_count,131072
equal power,20260722T124423Z_ofdm_subcarrier_resource_allocation_1__resource.average_transmit_power_budget_0.5,average_transmit_power_budget 0.5,stored,tx_bit_boundary,channel.fixed.modulator_input.dtype_uint8,1
equal power,20260722T124423Z_ofdm_subcarrier_resource_allocation_1__resource.average_transmit_power_budget_0.5,average_transmit_power_budget 0.5,stored,tx_bit_boundary,timing.step.wall_time_s,0.10991738399025053
equal power,20260722T124423Z_ofdm_subcarrier_resource_allocation_1__resource.average_transmit_power_budget_0.5,average_transmit_power_budget 0.5,stored,tx_power,channel.channel_use_count,6483872
equal power,20260722T124423Z_ofdm_subcarrier_resource_allocation_1__resource.average_transmit_power_budget_0.5,average_transmit_power_budget 0.5,stored,tx_power,channel.data_bearing_resource_element_count,1044848
equal power,20260722T124423Z_ofdm_subcarrier_resource_allocation_1__resource.average_transmit_power_budget_0.5,average_transmit_power_budget 0.5,stored,tx_power,channel.scheduled_resource_element_count,6483872
equal power,20260722T124423Z_ofdm_subcarrier_resource_allocation_1__resource.average_transmit_power_budget_0.5,average_transmit_power_budget 0.5,stored,tx_power,channel.symbol_count,6483872
equal power,20260722T124423Z_ofdm_subcarrier_resource_allocation_1__resource.average_transmit_power_budget_0.5,average_transmit_power_budget 0.5,stored,tx_power,channel.tx_power.after,0.0805728380570895
equal power,20260722T124423Z_ofdm_subcarrier_resource_allocation_1__resource.average_transmit_power_budget_0.5,average_transmit_power_budget 0.5,stored,tx_power,channel.tx_power.average,0.0805728380570895
equal power,20260722T124423Z_ofdm_subcarrier_resource_allocation_1__resource.average_transmit_power_budget_0.5,average_transmit_power_budget 0.5,stored,tx_power,channel.tx_power.before,0.9999999403953552
equal power,20260722T124423Z_ofdm_subcarrier_resource_allocation_1__resource.average_transmit_power_budget_0.5,average_transmit_power_budget 0.5,stored,tx_power,channel.tx_power.group_count,32
equal power,20260722T124423Z_ofdm_subcarrier_resource_allocation_1__resource.average_transmit_power_budget_0.5,average_transmit_power_budget 0.5,stored,tx_power,channel.tx_power.selected,0.5
equal power,20260722T124423Z_ofdm_subcarrier_resource_allocation_1__resource.average_transmit_power_budget_0.5,average_transmit_power_budget 0.5,stored,tx_power,channel.tx_power.snr_db,6.989700043360188
equal power,20260722T124423Z_ofdm_subcarrier_resource_allocation_1__resource.average_transmit_power_budget_0.5,average_transmit_power_budget 0.5,stored,tx_power,channel.tx_power.total_energy,522423.96863889694
equal power,20260722T124423Z_ofdm_subcarrier_resource_allocation_1__resource.average_transmit_power_budget_0.5,average_transmit_power_budget 0.5,stored,tx_power,channel.tx_power.tx_power.after,0.0805728380570895
equal power,20260722T124423Z_ofdm_subcarrier_resource_allocation_1__resource.average_transmit_power_budget_0.5,average_transmit_power_budget 0.5,stored,tx_power,channel.tx_power.tx_power.before,0.9999999403953552
equal power,20260722T124423Z_ofdm_subcarrier_resource_allocation_1__resource.average_transmit_power_budget_0.5,average_transmit_power_budget 0.5,stored,tx_power,channel.tx_power.tx_power.selected,0.5
equal power,20260722T124423Z_ofdm_subcarrier_resource_allocation_1__resource.average_transmit_power_budget_0.5,average_transmit_power_budget 0.5,stored,tx_power,channel.tx_power.tx_power.snr_db,6.989700043360188
equal power,20260722T124423Z_ofdm_subcarrier_resource_allocation_1__resource.average_transmit_power_budget_0.5,average_transmit_power_budget 0.5,stored,tx_power,channel.tx_power.tx_power.total_energy,522423.96863889694
equal power,20260722T124423Z_ofdm_subcarrier_resource_allocation_1__resource.average_transmit_power_budget_0.5,average_transmit_power_budget 0.5,stored,tx_power,timing.step.wall_time_s,3.822446198959369
equal power,20260722T124423Z_ofdm_subcarrier_resource_allocation_1__resource.average_transmit_power_budget_0.5,average_transmit_power_budget 0.5,stored,wireless_channel,channel.backend.sionna,1
equal power,20260722T124423Z_ofdm_subcarrier_resource_allocation_1__resource.average_transmit_power_budget_0.5,average_transmit_power_budget 0.5,stored,wireless_channel,channel.carrier_frequency_ghz,3.5
equal power,20260722T124423Z_ofdm_subcarrier_resource_allocation_1__resource.average_transmit_power_budget_0.5,average_transmit_power_budget 0.5,stored,wireless_channel,channel.channel_use_count,6483872
equal power,20260722T124423Z_ofdm_subcarrier_resource_allocation_1__resource.average_transmit_power_budget_0.5,average_transmit_power_budget 0.5,stored,wireless_channel,channel.effective_snr_db,-0.8983556335299101
equal power,20260722T124423Z_ofdm_subcarrier_resource_allocation_1__resource.average_transmit_power_budget_0.5,average_transmit_power_budget 0.5,stored,wireless_channel,channel.gain.average,1
equal power,20260722T124423Z_ofdm_subcarrier_resource_allocation_1__resource.average_transmit_power_budget_0.5,average_transmit_power_budget 0.5,stored,wireless_channel,channel.mobility_kmh,30
equal power,20260722T124423Z_ofdm_subcarrier_resource_allocation_1__resource.average_transmit_power_budget_0.5,average_transmit_power_budget 0.5,stored,wireless_channel,channel.noise_variance,0.2
equal power,20260722T124423Z_ofdm_subcarrier_resource_allocation_1__resource.average_transmit_power_budget_0.5,average_transmit_power_budget 0.5,stored,wireless_channel,channel.num_ofdm_symbols,4
equal power,20260722T124423Z_ofdm_subcarrier_resource_allocation_1__resource.average_transmit_power_budget_0.5,average_transmit_power_budget 0.5,stored,wireless_channel,channel.ofdm_fft_size,32
equal power,20260722T124423Z_ofdm_subcarrier_resource_allocation_1__resource.average_transmit_power_budget_0.5,average_transmit_power_budget 0.5,stored,wireless_channel,channel.post_equalizer_component_power.average,1.2514584064483643
equal power,20260722T124423Z_ofdm_subcarrier_resource_allocation_1__resource.average_transmit_power_budget_0.5,average_transmit_power_budget 0.5,stored,wireless_channel,channel.post_equalizer_noise_power.average,1.1708855628967285
equal power,20260722T124423Z_ofdm_subcarrier_resource_allocation_1__resource.average_transmit_power_budget_0.5,average_transmit_power_budget 0.5,stored,wireless_channel,channel.post_equalizer_output_power.average,1.2514865239382564
equal power,20260722T124423Z_ofdm_subcarrier_resource_allocation_1__resource.average_transmit_power_budget_0.5,average_transmit_power_budget 0.5,stored,wireless_channel,channel.post_equalizer_signal_noise_cross_power.average,0.00002811748989217655
equal power,20260722T124423Z_ofdm_subcarrier_resource_allocation_1__resource.average_transmit_power_budget_0.5,average_transmit_power_budget 0.5,stored,wireless_channel,channel.post_equalizer_signal_power.average,0.08057284355163574
equal power,20260722T124423Z_ofdm_subcarrier_resource_allocation_1__resource.average_transmit_power_budget_0.5,average_transmit_power_budget 0.5,stored,wireless_channel,channel.received_signal_power.average,0.1626276671886444
equal power,20260722T124423Z_ofdm_subcarrier_resource_allocation_1__resource.average_transmit_power_budget_0.5,average_transmit_power_budget 0.5,stored,wireless_channel,channel.reference_snr_db,6.9897000433601875
equal power,20260722T124423Z_ofdm_subcarrier_resource_allocation_1__resource.average_transmit_power_budget_0.5,average_transmit_power_budget 0.5,stored,wireless_channel,channel.rx_antenna_component_power.average,0.3627218008041382
equal power,20260722T124423Z_ofdm_subcarrier_resource_allocation_1__resource.average_transmit_power_budget_0.5,average_transmit_power_budget 0.5,stored,wireless_channel,channel.rx_antenna_noise_power.average,0.20009413361549377
equal power,20260722T124423Z_ofdm_subcarrier_resource_allocation_1__resource.average_transmit_power_budget_0.5,average_transmit_power_budget 0.5,stored,wireless_channel,channel.rx_antenna_power.average,0.3627513517090851
equal power,20260722T124423Z_ofdm_subcarrier_resource_allocation_1__resource.average_transmit_power_budget_0.5,average_transmit_power_budget 0.5,stored,wireless_channel,channel.rx_antenna_power.total_energy,2352033.332308689
equal power,20260722T124423Z_ofdm_subcarrier_resource_allocation_1__resource.average_transmit_power_budget_0.5,average_transmit_power_budget 0.5,stored,wireless_channel,channel.rx_antenna_signal_noise_cross_power.average,0.000029550904946940015
equal power,20260722T124423Z_ofdm_subcarrier_resource_allocation_1__resource.average_transmit_power_budget_0.5,average_transmit_power_budget 0.5,stored,wireless_channel,channel.rx_antenna_signal_power.average,0.1626276671886444
equal power,20260722T124423Z_ofdm_subcarrier_resource_allocation_1__resource.average_transmit_power_budget_0.5,average_transmit_power_budget 0.5,stored,wireless_channel,channel.rx_equalized_power.average,1.2514865239382564
equal power,20260722T124423Z_ofdm_subcarrier_resource_allocation_1__resource.average_transmit_power_budget_0.5,average_transmit_power_budget 0.5,stored,wireless_channel,channel.rx_equalized_power.total_energy,8114478.430940591
equal power,20260722T124423Z_ofdm_subcarrier_resource_allocation_1__resource.average_transmit_power_budget_0.5,average_transmit_power_budget 0.5,stored,wireless_channel,channel.rx_output_power.average,1.2514865239382564
equal power,20260722T124423Z_ofdm_subcarrier_resource_allocation_1__resource.average_transmit_power_budget_0.5,average_transmit_power_budget 0.5,stored,wireless_channel,channel.rx_output_power.total_energy,8114478.430940591
equal power,20260722T124423Z_ofdm_subcarrier_resource_allocation_1__resource.average_transmit_power_budget_0.5,average_transmit_power_budget 0.5,stored,wireless_channel,channel.rx_power.average,1.2514865239382564
equal power,20260722T124423Z_ofdm_subcarrier_resource_allocation_1__resource.average_transmit_power_budget_0.5,average_transmit_power_budget 0.5,stored,wireless_channel,channel.rx_power.total_energy,8114478.430940591
equal power,20260722T124423Z_ofdm_subcarrier_resource_allocation_1__resource.average_transmit_power_budget_0.5,average_transmit_power_budget 0.5,stored,wireless_channel,channel.snr_db,6.9897000433601875
equal power,20260722T124423Z_ofdm_subcarrier_resource_allocation_1__resource.average_transmit_power_budget_0.5,average_transmit_power_budget 0.5,stored,wireless_channel,channel.symbol_count,6483872
equal power,20260722T124423Z_ofdm_subcarrier_resource_allocation_1__resource.average_transmit_power_budget_0.5,average_transmit_power_budget 0.5,stored,wireless_channel,channel.tx_effective_snr_db,-3.9484142524202848
equal power,20260722T124423Z_ofdm_subcarrier_resource_allocation_1__resource.average_transmit_power_budget_0.5,average_transmit_power_budget 0.5,stored,wireless_channel,channel.tx_power_at_channel.average,0.08057282119989395
equal power,20260722T124423Z_ofdm_subcarrier_resource_allocation_1__resource.average_transmit_power_budget_0.5,average_transmit_power_budget 0.5,stored,wireless_channel,timing.step.wall_time_s,4.011894661001861
equal power,20260722T124528Z_ofdm_subcarrier_resource_allocation_1__resource.average_transmit_power_budget_1,average_transmit_power_budget 1,stored,allocation_evaluation,channel.achieved_payload_goodput_bits_per_resource_element,0.39936204146730464
equal power,20260722T124528Z_ofdm_subcarrier_resource_allocation_1__resource.average_transmit_power_budget_1,average_transmit_power_budget 1,stored,allocation_evaluation,channel.data_bearing_resource_element_count,947773
equal power,20260722T124528Z_ofdm_subcarrier_resource_allocation_1__resource.average_transmit_power_budget_1,average_transmit_power_budget 1,stored,allocation_evaluation,channel.delivered_payload_bit_count,641024
equal power,20260722T124528Z_ofdm_subcarrier_resource_allocation_1__resource.average_transmit_power_budget_1,average_transmit_power_budget 1,stored,allocation_evaluation,channel.goodput_to_theoretical_shannon_efficiency_ratio,0.16808548189836045
equal power,20260722T124528Z_ofdm_subcarrier_resource_allocation_1__resource.average_transmit_power_budget_1,average_transmit_power_budget 1,stored,allocation_evaluation,channel.noise_variance,0.2
equal power,20260722T124528Z_ofdm_subcarrier_resource_allocation_1__resource.average_transmit_power_budget_1,average_transmit_power_budget 1,stored,allocation_evaluation,channel.offered_payload_bits_per_resource_element,0.6532695374800638
equal power,20260722T124528Z_ofdm_subcarrier_resource_allocation_1__resource.average_transmit_power_budget_1,average_transmit_power_budget 1,stored,allocation_evaluation,channel.payload_delivery_block_count,1024
equal power,20260722T124528Z_ofdm_subcarrier_resource_allocation_1__resource.average_transmit_power_budget_1,average_transmit_power_budget 1,stored,allocation_evaluation,channel.payload_delivery_block_error_count,398
equal power,20260722T124528Z_ofdm_subcarrier_resource_allocation_1__resource.average_transmit_power_budget_1,average_transmit_power_budget 1,stored,allocation_evaluation,channel.payload_delivery_block_error_rate,0.388671875
equal power,20260722T124528Z_ofdm_subcarrier_resource_allocation_1__resource.average_transmit_power_budget_1,average_transmit_power_budget 1,stored,allocation_evaluation,channel.payload_delivery_success,0
equal power,20260722T124528Z_ofdm_subcarrier_resource_allocation_1__resource.average_transmit_power_budget_1,average_transmit_power_budget 1,stored,allocation_evaluation,channel.payload_energy_efficiency_bits_per_normalized_energy,0.6763476064416268
equal power,20260722T124528Z_ofdm_subcarrier_resource_allocation_1__resource.average_transmit_power_budget_1,average_transmit_power_budget 1,stored,allocation_evaluation,channel.reference_snr_db,6.989700043360188
equal power,20260722T124528Z_ofdm_subcarrier_resource_allocation_1__resource.average_transmit_power_budget_1,average_transmit_power_budget 1,stored,allocation_evaluation,channel.resource_element_utilization,0.5904686253987241
equal power,20260722T124528Z_ofdm_subcarrier_resource_allocation_1__resource.average_transmit_power_budget_1,average_transmit_power_budget 1,stored,allocation_evaluation,channel.scheduled_resource_element_count,1605120
equal power,20260722T124528Z_ofdm_subcarrier_resource_allocation_1__resource.average_transmit_power_budget_1,average_transmit_power_budget 1,stored,allocation_evaluation,channel.tx_energy_for_payload,947773
equal power,20260722T124528Z_ofdm_subcarrier_resource_allocation_1__resource.average_transmit_power_budget_1,average_transmit_power_budget 1,stored,allocation_evaluation,channel.tx_energy_per_delivered_payload_bit,1.4785296650359425
equal power,20260722T124528Z_ofdm_subcarrier_resource_allocation_1__resource.average_transmit_power_budget_1,average_transmit_power_budget 1,stored,allocation_evaluation,resource.active_resource_element_fraction,1
equal power,20260722T124528Z_ofdm_subcarrier_resource_allocation_1__resource.average_transmit_power_budget_1,average_transmit_power_budget 1,stored,allocation_evaluation,resource.allocated_power_weighted_channel_gain_lift,0
equal power,20260722T124528Z_ofdm_subcarrier_resource_allocation_1__resource.average_transmit_power_budget_1,average_transmit_power_budget 1,stored,allocation_evaluation,resource.allocation_power_coefficient_of_variation,0
equal power,20260722T124528Z_ofdm_subcarrier_resource_allocation_1__resource.average_transmit_power_budget_1,average_transmit_power_budget 1,stored,allocation_evaluation,resource.average_transmit_power_budget,1
equal power,20260722T124528Z_ofdm_subcarrier_resource_allocation_1__resource.average_transmit_power_budget_1,average_transmit_power_budget 1,stored,allocation_evaluation,resource.power_constraint.max_abs_error,0
equal power,20260722T124528Z_ofdm_subcarrier_resource_allocation_1__resource.average_transmit_power_budget_1,average_transmit_power_budget 1,stored,allocation_evaluation,resource.power_constraint.max_negative_violation,0
equal power,20260722T124528Z_ofdm_subcarrier_resource_allocation_1__resource.average_transmit_power_budget_1,average_transmit_power_budget 1,stored,allocation_evaluation,resource.power_constraint.max_relative_error,0
equal power,20260722T124528Z_ofdm_subcarrier_resource_allocation_1__resource.average_transmit_power_budget_1,average_transmit_power_budget 1,stored,allocation_evaluation,resource.theoretical_min_state_spectral_efficiency_bps_hz,1.3524220305579002
equal power,20260722T124528Z_ofdm_subcarrier_resource_allocation_1__resource.average_transmit_power_budget_1,average_transmit_power_budget 1,stored,allocation_evaluation,resource.theoretical_outage_probability,0.01508331298828125
equal power,20260722T124528Z_ofdm_subcarrier_resource_allocation_1__resource.average_transmit_power_budget_1,average_transmit_power_budget 1,stored,allocation_evaluation,resource.theoretical_outage_target_spectral_efficiency_bps_hz,2
equal power,20260722T124528Z_ofdm_subcarrier_resource_allocation_1__resource.average_transmit_power_budget_1,average_transmit_power_budget 1,stored,allocation_evaluation,resource.theoretical_p05_state_spectral_efficiency_bps_hz,2.1141428898584045
equal power,20260722T124528Z_ofdm_subcarrier_resource_allocation_1__resource.average_transmit_power_budget_1,average_transmit_power_budget 1,stored,allocation_evaluation,resource.theoretical_shannon_spectral_efficiency_bps_hz,2.3759460778938344
equal power,20260722T124528Z_ofdm_subcarrier_resource_allocation_1__resource.average_transmit_power_budget_1,average_transmit_power_budget 1,stored,allocation_evaluation,resource.theoretical_shannon_sum_bits_per_ofdm_symbol,76.0302744926027
equal power,20260722T124528Z_ofdm_subcarrier_resource_allocation_1__resource.average_transmit_power_budget_1,average_transmit_power_budget 1,stored,allocation_evaluation,resource.water_filling_kkt_normalized_residual,0.4747213764177248
equal power,20260722T124528Z_ofdm_subcarrier_resource_allocation_1__resource.average_transmit_power_budget_1,average_transmit_power_budget 1,stored,allocation_evaluation,resource.water_filling_optimality_gap_bps_hz,0.04752906534479351
equal power,20260722T124528Z_ofdm_subcarrier_resource_allocation_1__resource.average_transmit_power_budget_1,average_transmit_power_budget 1,stored,allocation_evaluation,resource.water_filling_oracle_spectral_efficiency_bps_hz,2.423475143238628
equal power,20260722T124528Z_ofdm_subcarrier_resource_allocation_1__resource.average_transmit_power_budget_1,average_transmit_power_budget 1,stored,allocation_evaluation,resource.water_filling_power_normalized_rmse,0.3266525360154045
equal power,20260722T124528Z_ofdm_subcarrier_resource_allocation_1__resource.average_transmit_power_budget_1,average_transmit_power_budget 1,stored,allocation_evaluation,resource.water_filling_power_rmse,0.3266525360154045
equal power,20260722T124528Z_ofdm_subcarrier_resource_allocation_1__resource.average_transmit_power_budget_1,average_transmit_power_budget 1,stored,allocation_evaluation,resource.water_filling_relative_optimality_gap,0.019611946702815245
equal power,20260722T124528Z_ofdm_subcarrier_resource_allocation_1__resource.average_transmit_power_budget_1,average_transmit_power_budget 1,stored,allocation_evaluation,task.score,0.39936204146730464
equal power,20260722T124528Z_ofdm_subcarrier_resource_allocation_1__resource.average_transmit_power_budget_1,average_transmit_power_budget 1,stored,allocation_evaluation,timing.step.wall_time_s,34.7989230780513
equal power,20260722T124528Z_ofdm_subcarrier_resource_allocation_1__resource.average_transmit_power_budget_1,average_transmit_power_budget 1,stored,channel_bit_count_match,channel.fixed.channel_io.bit_count_match,1
equal power,20260722T124528Z_ofdm_subcarrier_resource_allocation_1__resource.average_transmit_power_budget_1,average_transmit_power_budget 1,stored,channel_bit_count_match,channel.fixed.channel_io.candidate_bit_count,1048576
equal power,20260722T124528Z_ofdm_subcarrier_resource_allocation_1__resource.average_transmit_power_budget_1,average_transmit_power_budget 1,stored,channel_bit_count_match,channel.fixed.channel_io.length_delta,0
equal power,20260722T124528Z_ofdm_subcarrier_resource_allocation_1__resource.average_transmit_power_budget_1,average_transmit_power_budget 1,stored,channel_bit_count_match,channel.fixed.channel_io.reference_bit_count,1048576
equal power,20260722T124528Z_ofdm_subcarrier_resource_allocation_1__resource.average_transmit_power_budget_1,average_transmit_power_budget 1,stored,channel_bit_count_match,timing.step.wall_time_s,0.012809700041543692
equal power,20260722T124528Z_ofdm_subcarrier_resource_allocation_1__resource.average_transmit_power_budget_1,average_transmit_power_budget 1,stored,channel_decoder,channel.decoded_bit_count,1048576
equal power,20260722T124528Z_ofdm_subcarrier_resource_allocation_1__resource.average_transmit_power_budget_1,average_transmit_power_budget 1,stored,channel_decoder,timing.step.wall_time_s,0.14576343598309904
equal power,20260722T124528Z_ofdm_subcarrier_resource_allocation_1__resource.average_transmit_power_budget_1,average_transmit_power_budget 1,stored,channel_encoder,channel.code_rate,1
equal power,20260722T124528Z_ofdm_subcarrier_resource_allocation_1__resource.average_transmit_power_budget_1,average_transmit_power_budget 1,stored,channel_encoder,channel.coded_bit_count,1048576
equal power,20260722T124528Z_ofdm_subcarrier_resource_allocation_1__resource.average_transmit_power_budget_1,average_transmit_power_budget 1,stored,channel_encoder,channel.payload_bit_count,1048576
equal power,20260722T124528Z_ofdm_subcarrier_resource_allocation_1__resource.average_transmit_power_budget_1,average_transmit_power_budget 1,stored,channel_encoder,channel.transmitted_bit_count,1048576
equal power,20260722T124528Z_ofdm_subcarrier_resource_allocation_1__resource.average_transmit_power_budget_1,average_transmit_power_budget 1,stored,channel_encoder,timing.step.wall_time_s,0.11157591000664979
equal power,20260722T124528Z_ofdm_subcarrier_resource_allocation_1__resource.average_transmit_power_budget_1,average_transmit_power_budget 1,stored,channel_state,channel.gain.average,1
equal power,20260722T124528Z_ofdm_subcarrier_resource_allocation_1__resource.average_transmit_power_budget_1,average_transmit_power_budget 1,stored,channel_state,channel.noise_variance,0.2
equal power,20260722T124528Z_ofdm_subcarrier_resource_allocation_1__resource.average_transmit_power_budget_1,average_transmit_power_budget 1,stored,channel_state,channel.num_ofdm_symbols,4
equal power,20260722T124528Z_ofdm_subcarrier_resource_allocation_1__resource.average_transmit_power_budget_1,average_transmit_power_budget 1,stored,channel_state,channel.ofdm_fft_size,32
equal power,20260722T124528Z_ofdm_subcarrier_resource_allocation_1__resource.average_transmit_power_budget_1,average_transmit_power_budget 1,stored,channel_state,channel.ofdm_resource_element_capacity,8388608
equal power,20260722T124528Z_ofdm_subcarrier_resource_allocation_1__resource.average_transmit_power_budget_1,average_transmit_power_budget 1,stored,channel_state,channel.ofdm_state_count,262144
equal power,20260722T124528Z_ofdm_subcarrier_resource_allocation_1__resource.average_transmit_power_budget_1,average_transmit_power_budget 1,stored,channel_state,channel.reference_snr_db,6.989700043360188
equal power,20260722T124528Z_ofdm_subcarrier_resource_allocation_1__resource.average_transmit_power_budget_1,average_transmit_power_budget 1,stored,channel_state,timing.step.wall_time_s,12.373275020974688
equal power,20260722T124528Z_ofdm_subcarrier_resource_allocation_1__resource.average_transmit_power_budget_1,average_transmit_power_budget 1,stored,coded_ber,channel.coded.ber,0.000484466552734375
equal power,20260722T124528Z_ofdm_subcarrier_resource_allocation_1__resource.average_transmit_power_budget_1,average_transmit_power_budget 1,stored,coded_ber,channel.coded.compare_bit_count,1048576
equal power,20260722T124528Z_ofdm_subcarrier_resource_allocation_1__resource.average_transmit_power_budget_1,average_transmit_power_budget 1,stored,coded_ber,channel.coded.error_count,508
equal power,20260722T124528Z_ofdm_subcarrier_resource_allocation_1__resource.average_transmit_power_budget_1,average_transmit_power_budget 1,stored,coded_ber,timing.step.wall_time_s,0.010732306982390583
equal power,20260722T124528Z_ofdm_subcarrier_resource_allocation_1__resource.average_transmit_power_budget_1,average_transmit_power_budget 1,stored,coded_bler,channel.coded.bler,0.388671875
equal power,20260722T124528Z_ofdm_subcarrier_resource_allocation_1__resource.average_transmit_power_budget_1,average_transmit_power_budget 1,stored,coded_bler,channel.coded.block_count,1024
equal power,20260722T124528Z_ofdm_subcarrier_resource_allocation_1__resource.average_transmit_power_budget_1,average_transmit_power_budget 1,stored,coded_bler,channel.coded.block_error_count,398
equal power,20260722T124528Z_ofdm_subcarrier_resource_allocation_1__resource.average_transmit_power_budget_1,average_transmit_power_budget 1,stored,coded_bler,channel.coded.block_size,1024
equal power,20260722T124528Z_ofdm_subcarrier_resource_allocation_1__resource.average_transmit_power_budget_1,average_transmit_power_budget 1,stored,coded_bler,timing.step.wall_time_s,0.018220587982796133
equal power,20260722T124528Z_ofdm_subcarrier_resource_allocation_1__resource.average_transmit_power_budget_1,average_transmit_power_budget 1,stored,data,channel.payload_bit_count,1048576
equal power,20260722T124528Z_ofdm_subcarrier_resource_allocation_1__resource.average_transmit_power_budget_1,average_transmit_power_budget 1,stored,data,source.bit_count,1048576
equal power,20260722T124528Z_ofdm_subcarrier_resource_allocation_1__resource.average_transmit_power_budget_1,average_transmit_power_budget 1,stored,data,source.example_count,1024
equal power,20260722T124528Z_ofdm_subcarrier_resource_allocation_1__resource.average_transmit_power_budget_1,average_transmit_power_budget 1,stored,data,source.transport_block_count,1024
equal power,20260722T124528Z_ofdm_subcarrier_resource_allocation_1__resource.average_transmit_power_budget_1,average_transmit_power_budget 1,stored,data,source.transport_block_size_bits,1024
equal power,20260722T124528Z_ofdm_subcarrier_resource_allocation_1__resource.average_transmit_power_budget_1,average_transmit_power_budget 1,stored,data,timing.step.wall_time_s,0.11179031198844314
equal power,20260722T124528Z_ofdm_subcarrier_resource_allocation_1__resource.average_transmit_power_budget_1,average_transmit_power_budget 1,stored,demodulator,channel.allocation_aware_transport,1
equal power,20260722T124528Z_ofdm_subcarrier_resource_allocation_1__resource.average_transmit_power_budget_1,average_transmit_power_budget 1,stored,demodulator,channel.demod_bit_count,1048576
equal power,20260722T124528Z_ofdm_subcarrier_resource_allocation_1__resource.average_transmit_power_budget_1,average_transmit_power_budget 1,stored,demodulator,timing.step.wall_time_s,0.9116437699995004
equal power,20260722T124528Z_ofdm_subcarrier_resource_allocation_1__resource.average_transmit_power_budget_1,average_transmit_power_budget 1,stored,modulator,channel.bits_per_symbol,2
equal power,20260722T124528Z_ofdm_subcarrier_resource_allocation_1__resource.average_transmit_power_budget_1,average_transmit_power_budget 1,stored,modulator,channel.channel_use_count,524288
equal power,20260722T124528Z_ofdm_subcarrier_resource_allocation_1__resource.average_transmit_power_budget_1,average_transmit_power_budget 1,stored,modulator,channel.coded_bit_count,1048576
equal power,20260722T124528Z_ofdm_subcarrier_resource_allocation_1__resource.average_transmit_power_budget_1,average_transmit_power_budget 1,stored,modulator,channel.symbol_count,524288
equal power,20260722T124528Z_ofdm_subcarrier_resource_allocation_1__resource.average_transmit_power_budget_1,average_transmit_power_budget 1,stored,modulator,channel.transmitted_bit_count,1048576
equal power,20260722T124528Z_ofdm_subcarrier_resource_allocation_1__resource.average_transmit_power_budget_1,average_transmit_power_budget 1,stored,modulator,timing.step.wall_time_s,0.2323065460077487
equal power,20260722T124528Z_ofdm_subcarrier_resource_allocation_1__resource.average_transmit_power_budget_1,average_transmit_power_budget 1,stored,payload_ber,channel.payload.ber,0.000484466552734375
equal power,20260722T124528Z_ofdm_subcarrier_resource_allocation_1__resource.average_transmit_power_budget_1,average_transmit_power_budget 1,stored,payload_ber,channel.payload.compare_bit_count,1048576
equal power,20260722T124528Z_ofdm_subcarrier_resource_allocation_1__resource.average_transmit_power_budget_1,average_transmit_power_budget 1,stored,payload_ber,channel.payload.error_count,508
equal power,20260722T124528Z_ofdm_subcarrier_resource_allocation_1__resource.average_transmit_power_budget_1,average_transmit_power_budget 1,stored,payload_ber,timing.step.wall_time_s,0.013958804018329829
equal power,20260722T124528Z_ofdm_subcarrier_resource_allocation_1__resource.average_transmit_power_budget_1,average_transmit_power_budget 1,stored,payload_bit_boundary,channel.fixed.bit_count,1048576
equal power,20260722T124528Z_ofdm_subcarrier_resource_allocation_1__resource.average_transmit_power_budget_1,average_transmit_power_budget 1,stored,payload_bit_boundary,channel.fixed.byte_count,131072
equal power,20260722T124528Z_ofdm_subcarrier_resource_allocation_1__resource.average_transmit_power_budget_1,average_transmit_power_budget 1,stored,payload_bit_boundary,channel.fixed.payload_input.bit_count,1048576
equal power,20260722T124528Z_ofdm_subcarrier_resource_allocation_1__resource.average_transmit_power_budget_1,average_transmit_power_budget 1,stored,payload_bit_boundary,channel.fixed.payload_input.bits_per_element,1
equal power,20260722T124528Z_ofdm_subcarrier_resource_allocation_1__resource.average_transmit_power_budget_1,average_transmit_power_budget 1,stored,payload_bit_boundary,channel.fixed.payload_input.byte_count,131072
equal power,20260722T124528Z_ofdm_subcarrier_resource_allocation_1__resource.average_transmit_power_budget_1,average_transmit_power_budget 1,stored,payload_bit_boundary,channel.fixed.payload_input.dtype_uint8,1
equal power,20260722T124528Z_ofdm_subcarrier_resource_allocation_1__resource.average_transmit_power_budget_1,average_transmit_power_budget 1,stored,payload_bit_boundary,timing.step.wall_time_s,0.10926127101993188
equal power,20260722T124528Z_ofdm_subcarrier_resource_allocation_1__resource.average_transmit_power_budget_1,average_transmit_power_budget 1,stored,payload_bler,channel.payload.bler,0.388671875
equal power,20260722T124528Z_ofdm_subcarrier_resource_allocation_1__resource.average_transmit_power_budget_1,average_transmit_power_budget 1,stored,payload_bler,channel.payload.block_count,1024
equal power,20260722T124528Z_ofdm_subcarrier_resource_allocation_1__resource.average_transmit_power_budget_1,average_transmit_power_budget 1,stored,payload_bler,channel.payload.block_error_count,398
equal power,20260722T124528Z_ofdm_subcarrier_resource_allocation_1__resource.average_transmit_power_budget_1,average_transmit_power_budget 1,stored,payload_bler,channel.payload.block_size,1024
equal power,20260722T124528Z_ofdm_subcarrier_resource_allocation_1__resource.average_transmit_power_budget_1,average_transmit_power_budget 1,stored,payload_bler,timing.step.wall_time_s,0.016115510021336377
equal power,20260722T124528Z_ofdm_subcarrier_resource_allocation_1__resource.average_transmit_power_budget_1,average_transmit_power_budget 1,stored,run,memory.run.end_rss_bytes,4610007040
equal power,20260722T124528Z_ofdm_subcarrier_resource_allocation_1__resource.average_transmit_power_budget_1,average_transmit_power_budget 1,stored,run,memory.run.peak_rss_bytes,5340348416
equal power,20260722T124528Z_ofdm_subcarrier_resource_allocation_1__resource.average_transmit_power_budget_1,average_transmit_power_budget 1,stored,run,memory.run.peak_rss_delta_bytes,4892155904
equal power,20260722T124528Z_ofdm_subcarrier_resource_allocation_1__resource.average_transmit_power_budget_1,average_transmit_power_budget 1,stored,run,memory.run.sampler_interval_s,0.05
equal power,20260722T124528Z_ofdm_subcarrier_resource_allocation_1__resource.average_transmit_power_budget_1,average_transmit_power_budget 1,stored,run,memory.run.start_rss_bytes,448192512
equal power,20260722T124528Z_ofdm_subcarrier_resource_allocation_1__resource.average_transmit_power_budget_1,average_transmit_power_budget 1,stored,rx_bit_boundary,channel.fixed.bit_count,1048576
equal power,20260722T124528Z_ofdm_subcarrier_resource_allocation_1__resource.average_transmit_power_budget_1,average_transmit_power_budget 1,stored,rx_bit_boundary,channel.fixed.byte_count,131072
equal power,20260722T124528Z_ofdm_subcarrier_resource_allocation_1__resource.average_transmit_power_budget_1,average_transmit_power_budget 1,stored,rx_bit_boundary,channel.fixed.demodulator_output.bit_count,1048576
equal power,20260722T124528Z_ofdm_subcarrier_resource_allocation_1__resource.average_transmit_power_budget_1,average_transmit_power_budget 1,stored,rx_bit_boundary,channel.fixed.demodulator_output.bits_per_element,1
equal power,20260722T124528Z_ofdm_subcarrier_resource_allocation_1__resource.average_transmit_power_budget_1,average_transmit_power_budget 1,stored,rx_bit_boundary,channel.fixed.demodulator_output.byte_count,131072
equal power,20260722T124528Z_ofdm_subcarrier_resource_allocation_1__resource.average_transmit_power_budget_1,average_transmit_power_budget 1,stored,rx_bit_boundary,channel.fixed.demodulator_output.dtype_uint8,1
equal power,20260722T124528Z_ofdm_subcarrier_resource_allocation_1__resource.average_transmit_power_budget_1,average_transmit_power_budget 1,stored,rx_bit_boundary,timing.step.wall_time_s,0.13626479200320318
equal power,20260722T124528Z_ofdm_subcarrier_resource_allocation_1__resource.average_transmit_power_budget_1,average_transmit_power_budget 1,stored,tx_bit_boundary,channel.fixed.bit_count,1048576
equal power,20260722T124528Z_ofdm_subcarrier_resource_allocation_1__resource.average_transmit_power_budget_1,average_transmit_power_budget 1,stored,tx_bit_boundary,channel.fixed.byte_count,131072
equal power,20260722T124528Z_ofdm_subcarrier_resource_allocation_1__resource.average_transmit_power_budget_1,average_transmit_power_budget 1,stored,tx_bit_boundary,channel.fixed.modulator_input.bit_count,1048576
equal power,20260722T124528Z_ofdm_subcarrier_resource_allocation_1__resource.average_transmit_power_budget_1,average_transmit_power_budget 1,stored,tx_bit_boundary,channel.fixed.modulator_input.bits_per_element,1
equal power,20260722T124528Z_ofdm_subcarrier_resource_allocation_1__resource.average_transmit_power_budget_1,average_transmit_power_budget 1,stored,tx_bit_boundary,channel.fixed.modulator_input.byte_count,131072
equal power,20260722T124528Z_ofdm_subcarrier_resource_allocation_1__resource.average_transmit_power_budget_1,average_transmit_power_budget 1,stored,tx_bit_boundary,channel.fixed.modulator_input.dtype_uint8,1
equal power,20260722T124528Z_ofdm_subcarrier_resource_allocation_1__resource.average_transmit_power_budget_1,average_transmit_power_budget 1,stored,tx_bit_boundary,timing.step.wall_time_s,0.11153892701258883
equal power,20260722T124528Z_ofdm_subcarrier_resource_allocation_1__resource.average_transmit_power_budget_1,average_transmit_power_budget 1,stored,tx_power,channel.channel_use_count,1605120
equal power,20260722T124528Z_ofdm_subcarrier_resource_allocation_1__resource.average_transmit_power_budget_1,average_transmit_power_budget 1,stored,tx_power,channel.data_bearing_resource_element_count,947773
equal power,20260722T124528Z_ofdm_subcarrier_resource_allocation_1__resource.average_transmit_power_budget_1,average_transmit_power_budget 1,stored,tx_power,channel.scheduled_resource_element_count,1605120
equal power,20260722T124528Z_ofdm_subcarrier_resource_allocation_1__resource.average_transmit_power_budget_1,average_transmit_power_budget 1,stored,tx_power,channel.symbol_count,1605120
equal power,20260722T124528Z_ofdm_subcarrier_resource_allocation_1__resource.average_transmit_power_budget_1,average_transmit_power_budget 1,stored,tx_power,channel.tx_power.after,0.590468617912272
equal power,20260722T124528Z_ofdm_subcarrier_resource_allocation_1__resource.average_transmit_power_budget_1,average_transmit_power_budget 1,stored,tx_power,channel.tx_power.average,0.590468617912272
equal power,20260722T124528Z_ofdm_subcarrier_resource_allocation_1__resource.average_transmit_power_budget_1,average_transmit_power_budget 1,stored,tx_power,channel.tx_power.before,0.9999999403953552
equal power,20260722T124528Z_ofdm_subcarrier_resource_allocation_1__resource.average_transmit_power_budget_1,average_transmit_power_budget 1,stored,tx_power,channel.tx_power.group_count,32
equal power,20260722T124528Z_ofdm_subcarrier_resource_allocation_1__resource.average_transmit_power_budget_1,average_transmit_power_budget 1,stored,tx_power,channel.tx_power.selected,1
equal power,20260722T124528Z_ofdm_subcarrier_resource_allocation_1__resource.average_transmit_power_budget_1,average_transmit_power_budget 1,stored,tx_power,channel.tx_power.snr_db,6.989700043360188
equal power,20260722T124528Z_ofdm_subcarrier_resource_allocation_1__resource.average_transmit_power_budget_1,average_transmit_power_budget 1,stored,tx_power,channel.tx_power.total_energy,947772.987983346
equal power,20260722T124528Z_ofdm_subcarrier_resource_allocation_1__resource.average_transmit_power_budget_1,average_transmit_power_budget 1,stored,tx_power,channel.tx_power.tx_power.after,0.590468617912272
equal power,20260722T124528Z_ofdm_subcarrier_resource_allocation_1__resource.average_transmit_power_budget_1,average_transmit_power_budget 1,stored,tx_power,channel.tx_power.tx_power.before,0.9999999403953552
equal power,20260722T124528Z_ofdm_subcarrier_resource_allocation_1__resource.average_transmit_power_budget_1,average_transmit_power_budget 1,stored,tx_power,channel.tx_power.tx_power.selected,1
equal power,20260722T124528Z_ofdm_subcarrier_resource_allocation_1__resource.average_transmit_power_budget_1,average_transmit_power_budget 1,stored,tx_power,channel.tx_power.tx_power.snr_db,6.989700043360188
equal power,20260722T124528Z_ofdm_subcarrier_resource_allocation_1__resource.average_transmit_power_budget_1,average_transmit_power_budget 1,stored,tx_power,channel.tx_power.tx_power.total_energy,947772.987983346
equal power,20260722T124528Z_ofdm_subcarrier_resource_allocation_1__resource.average_transmit_power_budget_1,average_transmit_power_budget 1,stored,tx_power,timing.step.wall_time_s,3.7631989590008743
equal power,20260722T124528Z_ofdm_subcarrier_resource_allocation_1__resource.average_transmit_power_budget_1,average_transmit_power_budget 1,stored,wireless_channel,channel.backend.sionna,1
equal power,20260722T124528Z_ofdm_subcarrier_resource_allocation_1__resource.average_transmit_power_budget_1,average_transmit_power_budget 1,stored,wireless_channel,channel.carrier_frequency_ghz,3.5
equal power,20260722T124528Z_ofdm_subcarrier_resource_allocation_1__resource.average_transmit_power_budget_1,average_transmit_power_budget 1,stored,wireless_channel,channel.channel_use_count,1605120
equal power,20260722T124528Z_ofdm_subcarrier_resource_allocation_1__resource.average_transmit_power_budget_1,average_transmit_power_budget 1,stored,wireless_channel,channel.effective_snr_db,6.119671408094799
equal power,20260722T124528Z_ofdm_subcarrier_resource_allocation_1__resource.average_transmit_power_budget_1,average_transmit_power_budget 1,stored,wireless_channel,channel.gain.average,1
equal power,20260722T124528Z_ofdm_subcarrier_resource_allocation_1__resource.average_transmit_power_budget_1,average_transmit_power_budget 1,stored,wireless_channel,channel.mobility_kmh,30
equal power,20260722T124528Z_ofdm_subcarrier_resource_allocation_1__resource.average_transmit_power_budget_1,average_transmit_power_budget 1,stored,wireless_channel,channel.noise_variance,0.2
equal power,20260722T124528Z_ofdm_subcarrier_resource_allocation_1__resource.average_transmit_power_budget_1,average_transmit_power_budget 1,stored,wireless_channel,channel.num_ofdm_symbols,4
equal power,20260722T124528Z_ofdm_subcarrier_resource_allocation_1__resource.average_transmit_power_budget_1,average_transmit_power_budget 1,stored,wireless_channel,channel.ofdm_fft_size,32
equal power,20260722T124528Z_ofdm_subcarrier_resource_allocation_1__resource.average_transmit_power_budget_1,average_transmit_power_budget 1,stored,wireless_channel,channel.post_equalizer_component_power.average,1.811124324798584
equal power,20260722T124528Z_ofdm_subcarrier_resource_allocation_1__resource.average_transmit_power_budget_1,average_transmit_power_budget 1,stored,wireless_channel,channel.post_equalizer_noise_power.average,1.2206556797027588
equal power,20260722T124528Z_ofdm_subcarrier_resource_allocation_1__resource.average_transmit_power_budget_1,average_transmit_power_budget 1,stored,wireless_channel,channel.post_equalizer_output_power.average,1.8110211177746385
equal power,20260722T124528Z_ofdm_subcarrier_resource_allocation_1__resource.average_transmit_power_budget_1,average_transmit_power_budget 1,stored,wireless_channel,channel.post_equalizer_signal_noise_cross_power.average,-0.00010320702394550629
equal power,20260722T124528Z_ofdm_subcarrier_resource_allocation_1__resource.average_transmit_power_budget_1,average_transmit_power_budget 1,stored,wireless_channel,channel.post_equalizer_signal_power.average,0.5904686450958252
equal power,20260722T124528Z_ofdm_subcarrier_resource_allocation_1__resource.average_transmit_power_budget_1,average_transmit_power_budget 1,stored,wireless_channel,channel.received_signal_power.average,0.8184593915939331
equal power,20260722T124528Z_ofdm_subcarrier_resource_allocation_1__resource.average_transmit_power_budget_1,average_transmit_power_budget 1,stored,wireless_channel,channel.reference_snr_db,6.9897000433601875
equal power,20260722T124528Z_ofdm_subcarrier_resource_allocation_1__resource.average_transmit_power_budget_1,average_transmit_power_budget 1,stored,wireless_channel,channel.rx_antenna_component_power.average,1.0186218619346619
equal power,20260722T124528Z_ofdm_subcarrier_resource_allocation_1__resource.average_transmit_power_budget_1,average_transmit_power_budget 1,stored,wireless_channel,channel.rx_antenna_noise_power.average,0.20016247034072876
equal power,20260722T124528Z_ofdm_subcarrier_resource_allocation_1__resource.average_transmit_power_budget_1,average_transmit_power_budget 1,stored,wireless_channel,channel.rx_antenna_power.average,1.0184498609935952
equal power,20260722T124528Z_ofdm_subcarrier_resource_allocation_1__resource.average_transmit_power_budget_1,average_transmit_power_budget 1,stored,wireless_channel,channel.rx_antenna_power.total_energy,1634734.2408780395
equal power,20260722T124528Z_ofdm_subcarrier_resource_allocation_1__resource.average_transmit_power_budget_1,average_transmit_power_budget 1,stored,wireless_channel,channel.rx_antenna_signal_noise_cross_power.average,-0.000172000941066619
equal power,20260722T124528Z_ofdm_subcarrier_resource_allocation_1__resource.average_transmit_power_budget_1,average_transmit_power_budget 1,stored,wireless_channel,channel.rx_antenna_signal_power.average,0.8184593915939331
equal power,20260722T124528Z_ofdm_subcarrier_resource_allocation_1__resource.average_transmit_power_budget_1,average_transmit_power_budget 1,stored,wireless_channel,channel.rx_equalized_power.average,1.8110211177746385
equal power,20260722T124528Z_ofdm_subcarrier_resource_allocation_1__resource.average_transmit_power_budget_1,average_transmit_power_budget 1,stored,wireless_channel,channel.rx_equalized_power.total_energy,2906906.2165624276
equal power,20260722T124528Z_ofdm_subcarrier_resource_allocation_1__resource.average_transmit_power_budget_1,average_transmit_power_budget 1,stored,wireless_channel,channel.rx_output_power.average,1.8110211177746385
equal power,20260722T124528Z_ofdm_subcarrier_resource_allocation_1__resource.average_transmit_power_budget_1,average_transmit_power_budget 1,stored,wireless_channel,channel.rx_output_power.total_energy,2906906.2165624276
equal power,20260722T124528Z_ofdm_subcarrier_resource_allocation_1__resource.average_transmit_power_budget_1,average_transmit_power_budget 1,stored,wireless_channel,channel.rx_power.average,1.8110211177746385
equal power,20260722T124528Z_ofdm_subcarrier_resource_allocation_1__resource.average_transmit_power_budget_1,average_transmit_power_budget 1,stored,wireless_channel,channel.rx_power.total_energy,2906906.2165624276
equal power,20260722T124528Z_ofdm_subcarrier_resource_allocation_1__resource.average_transmit_power_budget_1,average_transmit_power_budget 1,stored,wireless_channel,channel.snr_db,6.9897000433601875
equal power,20260722T124528Z_ofdm_subcarrier_resource_allocation_1__resource.average_transmit_power_budget_1,average_transmit_power_budget 1,stored,wireless_channel,channel.symbol_count,1605120
equal power,20260722T124528Z_ofdm_subcarrier_resource_allocation_1__resource.average_transmit_power_budget_1,average_transmit_power_budget 1,stored,wireless_channel,channel.tx_effective_snr_db,4.701668451112808
equal power,20260722T124528Z_ofdm_subcarrier_resource_allocation_1__resource.average_transmit_power_budget_1,average_transmit_power_budget 1,stored,wireless_channel,channel.tx_power_at_channel.average,0.5904686450958252
equal power,20260722T124528Z_ofdm_subcarrier_resource_allocation_1__resource.average_transmit_power_budget_1,average_transmit_power_budget 1,stored,wireless_channel,timing.step.wall_time_s,2.197547410032712
equal power,20260722T124633Z_ofdm_subcarrier_resource_allocation_1__resource.average_transmit_power_budget_2,average_transmit_power_budget 2,stored,allocation_evaluation,channel.achieved_payload_goodput_bits_per_resource_element,1.0243729574359177
equal power,20260722T124633Z_ofdm_subcarrier_resource_allocation_1__resource.average_transmit_power_budget_2,average_transmit_power_budget 2,stored,allocation_evaluation,channel.data_bearing_resource_element_count,676244
equal power,20260722T124633Z_ofdm_subcarrier_resource_allocation_1__resource.average_transmit_power_budget_2,average_transmit_power_budget 2,stored,allocation_evaluation,channel.delivered_payload_bit_count,832512
equal power,20260722T124633Z_ofdm_subcarrier_resource_allocation_1__resource.average_transmit_power_budget_2,average_transmit_power_budget 2,stored,allocation_evaluation,channel.goodput_to_theoretical_shannon_efficiency_ratio,0.3209265539932117
equal power,20260722T124633Z_ofdm_subcarrier_resource_allocation_1__resource.average_transmit_power_budget_2,average_transmit_power_budget 2,stored,allocation_evaluation,channel.noise_variance,0.2
equal power,20260722T124633Z_ofdm_subcarrier_resource_allocation_1__resource.average_transmit_power_budget_2,average_transmit_power_budget 2,stored,allocation_evaluation,channel.offered_payload_bits_per_resource_element,1.2902311296609836
equal power,20260722T124633Z_ofdm_subcarrier_resource_allocation_1__resource.average_transmit_power_budget_2,average_transmit_power_budget 2,stored,allocation_evaluation,channel.payload_delivery_block_count,1024
equal power,20260722T124633Z_ofdm_subcarrier_resource_allocation_1__resource.average_transmit_power_budget_2,average_transmit_power_budget 2,stored,allocation_evaluation,channel.payload_delivery_block_error_count,211
equal power,20260722T124633Z_ofdm_subcarrier_resource_allocation_1__resource.average_transmit_power_budget_2,average_transmit_power_budget 2,stored,allocation_evaluation,channel.payload_delivery_block_error_rate,0.2060546875
equal power,20260722T124633Z_ofdm_subcarrier_resource_allocation_1__resource.average_transmit_power_budget_2,average_transmit_power_budget 2,stored,allocation_evaluation,channel.payload_delivery_success,0
equal power,20260722T124633Z_ofdm_subcarrier_resource_allocation_1__resource.average_transmit_power_budget_2,average_transmit_power_budget 2,stored,allocation_evaluation,channel.payload_energy_efficiency_bits_per_normalized_energy,0.6155353902331838
equal power,20260722T124633Z_ofdm_subcarrier_resource_allocation_1__resource.average_transmit_power_budget_2,average_transmit_power_budget 2,stored,allocation_evaluation,channel.reference_snr_db,6.989700043360188
equal power,20260722T124633Z_ofdm_subcarrier_resource_allocation_1__resource.average_transmit_power_budget_2,average_transmit_power_budget 2,stored,allocation_evaluation,channel.resource_element_utilization,0.8320913887467024
equal power,20260722T124633Z_ofdm_subcarrier_resource_allocation_1__resource.average_transmit_power_budget_2,average_transmit_power_budget 2,stored,allocation_evaluation,channel.scheduled_resource_element_count,812704
equal power,20260722T124633Z_ofdm_subcarrier_resource_allocation_1__resource.average_transmit_power_budget_2,average_transmit_power_budget 2,stored,allocation_evaluation,channel.tx_energy_for_payload,1352500.625
equal power,20260722T124633Z_ofdm_subcarrier_resource_allocation_1__resource.average_transmit_power_budget_2,average_transmit_power_budget 2,stored,allocation_evaluation,channel.tx_energy_per_delivered_payload_bit,1.6246019576894988
equal power,20260722T124633Z_ofdm_subcarrier_resource_allocation_1__resource.average_transmit_power_budget_2,average_transmit_power_budget 2,stored,allocation_evaluation,resource.active_resource_element_fraction,1
equal power,20260722T124633Z_ofdm_subcarrier_resource_allocation_1__resource.average_transmit_power_budget_2,average_transmit_power_budget 2,stored,allocation_evaluation,resource.allocated_power_weighted_channel_gain_lift,0
equal power,20260722T124633Z_ofdm_subcarrier_resource_allocation_1__resource.average_transmit_power_budget_2,average_transmit_power_budget 2,stored,allocation_evaluation,resource.allocation_power_coefficient_of_variation,0
equal power,20260722T124633Z_ofdm_subcarrier_resource_allocation_1__resource.average_transmit_power_budget_2,average_transmit_power_budget 2,stored,allocation_evaluation,resource.average_transmit_power_budget,2
equal power,20260722T124633Z_ofdm_subcarrier_resource_allocation_1__resource.average_transmit_power_budget_2,average_transmit_power_budget 2,stored,allocation_evaluation,resource.power_constraint.max_abs_error,0
equal power,20260722T124633Z_ofdm_subcarrier_resource_allocation_1__resource.average_transmit_power_budget_2,average_transmit_power_budget 2,stored,allocation_evaluation,resource.power_constraint.max_negative_violation,0
equal power,20260722T124633Z_ofdm_subcarrier_resource_allocation_1__resource.average_transmit_power_budget_2,average_transmit_power_budget 2,stored,allocation_evaluation,resource.power_constraint.max_relative_error,0
equal power,20260722T124633Z_ofdm_subcarrier_resource_allocation_1__resource.average_transmit_power_budget_2,average_transmit_power_budget 2,stored,allocation_evaluation,resource.theoretical_min_state_spectral_efficiency_bps_hz,1.8005978459870358
equal power,20260722T124633Z_ofdm_subcarrier_resource_allocation_1__resource.average_transmit_power_budget_2,average_transmit_power_budget 2,stored,allocation_evaluation,resource.theoretical_outage_probability,0.000030517578125
equal power,20260722T124633Z_ofdm_subcarrier_resource_allocation_1__resource.average_transmit_power_budget_2,average_transmit_power_budget 2,stored,allocation_evaluation,resource.theoretical_outage_target_spectral_efficiency_bps_hz,2
equal power,20260722T124633Z_ofdm_subcarrier_resource_allocation_1__resource.average_transmit_power_budget_2,average_transmit_power_budget 2,stored,allocation_evaluation,resource.theoretical_p05_state_spectral_efficiency_bps_hz,2.8439583280247844
equal power,20260722T124633Z_ofdm_subcarrier_resource_allocation_1__resource.average_transmit_power_budget_2,average_transmit_power_budget 2,stored,allocation_evaluation,resource.theoretical_shannon_spectral_efficiency_bps_hz,3.1919233378786895
equal power,20260722T124633Z_ofdm_subcarrier_resource_allocation_1__resource.average_transmit_power_budget_2,average_transmit_power_budget 2,stored,allocation_evaluation,resource.theoretical_shannon_sum_bits_per_ofdm_symbol,102.14154681211807
equal power,20260722T124633Z_ofdm_subcarrier_resource_allocation_1__resource.average_transmit_power_budget_2,average_transmit_power_budget 2,stored,allocation_evaluation,resource.water_filling_kkt_normalized_residual,0.3800833402255991
equal power,20260722T124633Z_ofdm_subcarrier_resource_allocation_1__resource.average_transmit_power_budget_2,average_transmit_power_budget 2,stored,allocation_evaluation,resource.water_filling_optimality_gap_bps_hz,0.029209870773016178
equal power,20260722T124633Z_ofdm_subcarrier_resource_allocation_1__resource.average_transmit_power_budget_2,average_transmit_power_budget 2,stored,allocation_evaluation,resource.water_filling_oracle_spectral_efficiency_bps_hz,3.2211332086517057
equal power,20260722T124633Z_ofdm_subcarrier_resource_allocation_1__resource.average_transmit_power_budget_2,average_transmit_power_budget 2,stored,allocation_evaluation,resource.water_filling_power_normalized_rmse,0.23705509383549192
equal power,20260722T124633Z_ofdm_subcarrier_resource_allocation_1__resource.average_transmit_power_budget_2,average_transmit_power_budget 2,stored,allocation_evaluation,resource.water_filling_power_rmse,0.47411018767098384
equal power,20260722T124633Z_ofdm_subcarrier_resource_allocation_1__resource.average_transmit_power_budget_2,average_transmit_power_budget 2,stored,allocation_evaluation,resource.water_filling_relative_optimality_gap,0.009068197084976432
equal power,20260722T124633Z_ofdm_subcarrier_resource_allocation_1__resource.average_transmit_power_budget_2,average_transmit_power_budget 2,stored,allocation_evaluation,task.score,1.0243729574359177
equal power,20260722T124633Z_ofdm_subcarrier_resource_allocation_1__resource.average_transmit_power_budget_2,average_transmit_power_budget 2,stored,allocation_evaluation,timing.step.wall_time_s,36.40896028804127
equal power,20260722T124633Z_ofdm_subcarrier_resource_allocation_1__resource.average_transmit_power_budget_2,average_transmit_power_budget 2,stored,channel_bit_count_match,channel.fixed.channel_io.bit_count_match,1
equal power,20260722T124633Z_ofdm_subcarrier_resource_allocation_1__resource.average_transmit_power_budget_2,average_transmit_power_budget 2,stored,channel_bit_count_match,channel.fixed.channel_io.candidate_bit_count,1048576
equal power,20260722T124633Z_ofdm_subcarrier_resource_allocation_1__resource.average_transmit_power_budget_2,average_transmit_power_budget 2,stored,channel_bit_count_match,channel.fixed.channel_io.length_delta,0
equal power,20260722T124633Z_ofdm_subcarrier_resource_allocation_1__resource.average_transmit_power_budget_2,average_transmit_power_budget 2,stored,channel_bit_count_match,channel.fixed.channel_io.reference_bit_count,1048576
equal power,20260722T124633Z_ofdm_subcarrier_resource_allocation_1__resource.average_transmit_power_budget_2,average_transmit_power_budget 2,stored,channel_bit_count_match,timing.step.wall_time_s,0.012622768990695477
equal power,20260722T124633Z_ofdm_subcarrier_resource_allocation_1__resource.average_transmit_power_budget_2,average_transmit_power_budget 2,stored,channel_decoder,channel.decoded_bit_count,1048576
equal power,20260722T124633Z_ofdm_subcarrier_resource_allocation_1__resource.average_transmit_power_budget_2,average_transmit_power_budget 2,stored,channel_decoder,timing.step.wall_time_s,0.15195037302328274
equal power,20260722T124633Z_ofdm_subcarrier_resource_allocation_1__resource.average_transmit_power_budget_2,average_transmit_power_budget 2,stored,channel_encoder,channel.code_rate,1
equal power,20260722T124633Z_ofdm_subcarrier_resource_allocation_1__resource.average_transmit_power_budget_2,average_transmit_power_budget 2,stored,channel_encoder,channel.coded_bit_count,1048576
equal power,20260722T124633Z_ofdm_subcarrier_resource_allocation_1__resource.average_transmit_power_budget_2,average_transmit_power_budget 2,stored,channel_encoder,channel.payload_bit_count,1048576
equal power,20260722T124633Z_ofdm_subcarrier_resource_allocation_1__resource.average_transmit_power_budget_2,average_transmit_power_budget 2,stored,channel_encoder,channel.transmitted_bit_count,1048576
equal power,20260722T124633Z_ofdm_subcarrier_resource_allocation_1__resource.average_transmit_power_budget_2,average_transmit_power_budget 2,stored,channel_encoder,timing.step.wall_time_s,0.11661967099644244
equal power,20260722T124633Z_ofdm_subcarrier_resource_allocation_1__resource.average_transmit_power_budget_2,average_transmit_power_budget 2,stored,channel_state,channel.gain.average,1
equal power,20260722T124633Z_ofdm_subcarrier_resource_allocation_1__resource.average_transmit_power_budget_2,average_transmit_power_budget 2,stored,channel_state,channel.noise_variance,0.2
equal power,20260722T124633Z_ofdm_subcarrier_resource_allocation_1__resource.average_transmit_power_budget_2,average_transmit_power_budget 2,stored,channel_state,channel.num_ofdm_symbols,4
equal power,20260722T124633Z_ofdm_subcarrier_resource_allocation_1__resource.average_transmit_power_budget_2,average_transmit_power_budget 2,stored,channel_state,channel.ofdm_fft_size,32
equal power,20260722T124633Z_ofdm_subcarrier_resource_allocation_1__resource.average_transmit_power_budget_2,average_transmit_power_budget 2,stored,channel_state,channel.ofdm_resource_element_capacity,8388608
equal power,20260722T124633Z_ofdm_subcarrier_resource_allocation_1__resource.average_transmit_power_budget_2,average_transmit_power_budget 2,stored,channel_state,channel.ofdm_state_count,262144
equal power,20260722T124633Z_ofdm_subcarrier_resource_allocation_1__resource.average_transmit_power_budget_2,average_transmit_power_budget 2,stored,channel_state,channel.reference_snr_db,6.989700043360188
equal power,20260722T124633Z_ofdm_subcarrier_resource_allocation_1__resource.average_transmit_power_budget_2,average_transmit_power_budget 2,stored,channel_state,timing.step.wall_time_s,11.85411815700354
equal power,20260722T124633Z_ofdm_subcarrier_resource_allocation_1__resource.average_transmit_power_budget_2,average_transmit_power_budget 2,stored,coded_ber,channel.coded.ber,0.00022602081298828125
equal power,20260722T124633Z_ofdm_subcarrier_resource_allocation_1__resource.average_transmit_power_budget_2,average_transmit_power_budget 2,stored,coded_ber,channel.coded.compare_bit_count,1048576
equal power,20260722T124633Z_ofdm_subcarrier_resource_allocation_1__resource.average_transmit_power_budget_2,average_transmit_power_budget 2,stored,coded_ber,channel.coded.error_count,237
equal power,20260722T124633Z_ofdm_subcarrier_resource_allocation_1__resource.average_transmit_power_budget_2,average_transmit_power_budget 2,stored,coded_ber,timing.step.wall_time_s,0.010859507019631565
equal power,20260722T124633Z_ofdm_subcarrier_resource_allocation_1__resource.average_transmit_power_budget_2,average_transmit_power_budget 2,stored,coded_bler,channel.coded.bler,0.2060546875
equal power,20260722T124633Z_ofdm_subcarrier_resource_allocation_1__resource.average_transmit_power_budget_2,average_transmit_power_budget 2,stored,coded_bler,channel.coded.block_count,1024
equal power,20260722T124633Z_ofdm_subcarrier_resource_allocation_1__resource.average_transmit_power_budget_2,average_transmit_power_budget 2,stored,coded_bler,channel.coded.block_error_count,211
equal power,20260722T124633Z_ofdm_subcarrier_resource_allocation_1__resource.average_transmit_power_budget_2,average_transmit_power_budget 2,stored,coded_bler,channel.coded.block_size,1024
equal power,20260722T124633Z_ofdm_subcarrier_resource_allocation_1__resource.average_transmit_power_budget_2,average_transmit_power_budget 2,stored,coded_bler,timing.step.wall_time_s,0.015561768028419465
equal power,20260722T124633Z_ofdm_subcarrier_resource_allocation_1__resource.average_transmit_power_budget_2,average_transmit_power_budget 2,stored,data,channel.payload_bit_count,1048576
equal power,20260722T124633Z_ofdm_subcarrier_resource_allocation_1__resource.average_transmit_power_budget_2,average_transmit_power_budget 2,stored,data,source.bit_count,1048576
equal power,20260722T124633Z_ofdm_subcarrier_resource_allocation_1__resource.average_transmit_power_budget_2,average_transmit_power_budget 2,stored,data,source.example_count,1024
equal power,20260722T124633Z_ofdm_subcarrier_resource_allocation_1__resource.average_transmit_power_budget_2,average_transmit_power_budget 2,stored,data,source.transport_block_count,1024
equal power,20260722T124633Z_ofdm_subcarrier_resource_allocation_1__resource.average_transmit_power_budget_2,average_transmit_power_budget 2,stored,data,source.transport_block_size_bits,1024
equal power,20260722T124633Z_ofdm_subcarrier_resource_allocation_1__resource.average_transmit_power_budget_2,average_transmit_power_budget 2,stored,data,timing.step.wall_time_s,0.1287805670290254
equal power,20260722T124633Z_ofdm_subcarrier_resource_allocation_1__resource.average_transmit_power_budget_2,average_transmit_power_budget 2,stored,demodulator,channel.allocation_aware_transport,1
equal power,20260722T124633Z_ofdm_subcarrier_resource_allocation_1__resource.average_transmit_power_budget_2,average_transmit_power_budget 2,stored,demodulator,channel.demod_bit_count,1048576
equal power,20260722T124633Z_ofdm_subcarrier_resource_allocation_1__resource.average_transmit_power_budget_2,average_transmit_power_budget 2,stored,demodulator,timing.step.wall_time_s,0.8694103449815884
equal power,20260722T124633Z_ofdm_subcarrier_resource_allocation_1__resource.average_transmit_power_budget_2,average_transmit_power_budget 2,stored,modulator,channel.bits_per_symbol,2
equal power,20260722T124633Z_ofdm_subcarrier_resource_allocation_1__resource.average_transmit_power_budget_2,average_transmit_power_budget 2,stored,modulator,channel.channel_use_count,524288
equal power,20260722T124633Z_ofdm_subcarrier_resource_allocation_1__resource.average_transmit_power_budget_2,average_transmit_power_budget 2,stored,modulator,channel.coded_bit_count,1048576
equal power,20260722T124633Z_ofdm_subcarrier_resource_allocation_1__resource.average_transmit_power_budget_2,average_transmit_power_budget 2,stored,modulator,channel.symbol_count,524288
equal power,20260722T124633Z_ofdm_subcarrier_resource_allocation_1__resource.average_transmit_power_budget_2,average_transmit_power_budget 2,stored,modulator,channel.transmitted_bit_count,1048576
equal power,20260722T124633Z_ofdm_subcarrier_resource_allocation_1__resource.average_transmit_power_budget_2,average_transmit_power_budget 2,stored,modulator,timing.step.wall_time_s,0.2564021869911812
equal power,20260722T124633Z_ofdm_subcarrier_resource_allocation_1__resource.average_transmit_power_budget_2,average_transmit_power_budget 2,stored,payload_ber,channel.payload.ber,0.00022602081298828125
equal power,20260722T124633Z_ofdm_subcarrier_resource_allocation_1__resource.average_transmit_power_budget_2,average_transmit_power_budget 2,stored,payload_ber,channel.payload.compare_bit_count,1048576
equal power,20260722T124633Z_ofdm_subcarrier_resource_allocation_1__resource.average_transmit_power_budget_2,average_transmit_power_budget 2,stored,payload_ber,channel.payload.error_count,237
equal power,20260722T124633Z_ofdm_subcarrier_resource_allocation_1__resource.average_transmit_power_budget_2,average_transmit_power_budget 2,stored,payload_ber,timing.step.wall_time_s,0.015348228975199163
equal power,20260722T124633Z_ofdm_subcarrier_resource_allocation_1__resource.average_transmit_power_budget_2,average_transmit_power_budget 2,stored,payload_bit_boundary,channel.fixed.bit_count,1048576
equal power,20260722T124633Z_ofdm_subcarrier_resource_allocation_1__resource.average_transmit_power_budget_2,average_transmit_power_budget 2,stored,payload_bit_boundary,channel.fixed.byte_count,131072
equal power,20260722T124633Z_ofdm_subcarrier_resource_allocation_1__resource.average_transmit_power_budget_2,average_transmit_power_budget 2,stored,payload_bit_boundary,channel.fixed.payload_input.bit_count,1048576
equal power,20260722T124633Z_ofdm_subcarrier_resource_allocation_1__resource.average_transmit_power_budget_2,average_transmit_power_budget 2,stored,payload_bit_boundary,channel.fixed.payload_input.bits_per_element,1
equal power,20260722T124633Z_ofdm_subcarrier_resource_allocation_1__resource.average_transmit_power_budget_2,average_transmit_power_budget 2,stored,payload_bit_boundary,channel.fixed.payload_input.byte_count,131072
equal power,20260722T124633Z_ofdm_subcarrier_resource_allocation_1__resource.average_transmit_power_budget_2,average_transmit_power_budget 2,stored,payload_bit_boundary,channel.fixed.payload_input.dtype_uint8,1
equal power,20260722T124633Z_ofdm_subcarrier_resource_allocation_1__resource.average_transmit_power_budget_2,average_transmit_power_budget 2,stored,payload_bit_boundary,timing.step.wall_time_s,0.11177556402981281
equal power,20260722T124633Z_ofdm_subcarrier_resource_allocation_1__resource.average_transmit_power_budget_2,average_transmit_power_budget 2,stored,payload_bler,channel.payload.bler,0.2060546875
equal power,20260722T124633Z_ofdm_subcarrier_resource_allocation_1__resource.average_transmit_power_budget_2,average_transmit_power_budget 2,stored,payload_bler,channel.payload.block_count,1024
equal power,20260722T124633Z_ofdm_subcarrier_resource_allocation_1__resource.average_transmit_power_budget_2,average_transmit_power_budget 2,stored,payload_bler,channel.payload.block_error_count,211
equal power,20260722T124633Z_ofdm_subcarrier_resource_allocation_1__resource.average_transmit_power_budget_2,average_transmit_power_budget 2,stored,payload_bler,channel.payload.block_size,1024
equal power,20260722T124633Z_ofdm_subcarrier_resource_allocation_1__resource.average_transmit_power_budget_2,average_transmit_power_budget 2,stored,payload_bler,timing.step.wall_time_s,0.06443404802121222
equal power,20260722T124633Z_ofdm_subcarrier_resource_allocation_1__resource.average_transmit_power_budget_2,average_transmit_power_budget 2,stored,run,memory.run.end_rss_bytes,4611072000
equal power,20260722T124633Z_ofdm_subcarrier_resource_allocation_1__resource.average_transmit_power_budget_2,average_transmit_power_budget 2,stored,run,memory.run.peak_rss_bytes,5349724160
equal power,20260722T124633Z_ofdm_subcarrier_resource_allocation_1__resource.average_transmit_power_budget_2,average_transmit_power_budget 2,stored,run,memory.run.peak_rss_delta_bytes,4901597184
equal power,20260722T124633Z_ofdm_subcarrier_resource_allocation_1__resource.average_transmit_power_budget_2,average_transmit_power_budget 2,stored,run,memory.run.sampler_interval_s,0.05
equal power,20260722T124633Z_ofdm_subcarrier_resource_allocation_1__resource.average_transmit_power_budget_2,average_transmit_power_budget 2,stored,run,memory.run.start_rss_bytes,448126976
equal power,20260722T124633Z_ofdm_subcarrier_resource_allocation_1__resource.average_transmit_power_budget_2,average_transmit_power_budget 2,stored,rx_bit_boundary,channel.fixed.bit_count,1048576
equal power,20260722T124633Z_ofdm_subcarrier_resource_allocation_1__resource.average_transmit_power_budget_2,average_transmit_power_budget 2,stored,rx_bit_boundary,channel.fixed.byte_count,131072
equal power,20260722T124633Z_ofdm_subcarrier_resource_allocation_1__resource.average_transmit_power_budget_2,average_transmit_power_budget 2,stored,rx_bit_boundary,channel.fixed.demodulator_output.bit_count,1048576
equal power,20260722T124633Z_ofdm_subcarrier_resource_allocation_1__resource.average_transmit_power_budget_2,average_transmit_power_budget 2,stored,rx_bit_boundary,channel.fixed.demodulator_output.bits_per_element,1
equal power,20260722T124633Z_ofdm_subcarrier_resource_allocation_1__resource.average_transmit_power_budget_2,average_transmit_power_budget 2,stored,rx_bit_boundary,channel.fixed.demodulator_output.byte_count,131072
equal power,20260722T124633Z_ofdm_subcarrier_resource_allocation_1__resource.average_transmit_power_budget_2,average_transmit_power_budget 2,stored,rx_bit_boundary,channel.fixed.demodulator_output.dtype_uint8,1
equal power,20260722T124633Z_ofdm_subcarrier_resource_allocation_1__resource.average_transmit_power_budget_2,average_transmit_power_budget 2,stored,rx_bit_boundary,timing.step.wall_time_s,0.16743624000810087
equal power,20260722T124633Z_ofdm_subcarrier_resource_allocation_1__resource.average_transmit_power_budget_2,average_transmit_power_budget 2,stored,tx_bit_boundary,channel.fixed.bit_count,1048576
equal power,20260722T124633Z_ofdm_subcarrier_resource_allocation_1__resource.average_transmit_power_budget_2,average_transmit_power_budget 2,stored,tx_bit_boundary,channel.fixed.byte_count,131072
equal power,20260722T124633Z_ofdm_subcarrier_resource_allocation_1__resource.average_transmit_power_budget_2,average_transmit_power_budget 2,stored,tx_bit_boundary,channel.fixed.modulator_input.bit_count,1048576
equal power,20260722T124633Z_ofdm_subcarrier_resource_allocation_1__resource.average_transmit_power_budget_2,average_transmit_power_budget 2,stored,tx_bit_boundary,channel.fixed.modulator_input.bits_per_element,1
equal power,20260722T124633Z_ofdm_subcarrier_resource_allocation_1__resource.average_transmit_power_budget_2,average_transmit_power_budget 2,stored,tx_bit_boundary,channel.fixed.modulator_input.byte_count,131072
equal power,20260722T124633Z_ofdm_subcarrier_resource_allocation_1__resource.average_transmit_power_budget_2,average_transmit_power_budget 2,stored,tx_bit_boundary,channel.fixed.modulator_input.dtype_uint8,1
equal power,20260722T124633Z_ofdm_subcarrier_resource_allocation_1__resource.average_transmit_power_budget_2,average_transmit_power_budget 2,stored,tx_bit_boundary,timing.step.wall_time_s,0.12901224300730973
equal power,20260722T124633Z_ofdm_subcarrier_resource_allocation_1__resource.average_transmit_power_budget_2,average_transmit_power_budget 2,stored,tx_power,channel.channel_use_count,812704
equal power,20260722T124633Z_ofdm_subcarrier_resource_allocation_1__resource.average_transmit_power_budget_2,average_transmit_power_budget 2,stored,tx_power,channel.data_bearing_resource_element_count,676244
equal power,20260722T124633Z_ofdm_subcarrier_resource_allocation_1__resource.average_transmit_power_budget_2,average_transmit_power_budget 2,stored,tx_power,channel.scheduled_resource_element_count,812704
equal power,20260722T124633Z_ofdm_subcarrier_resource_allocation_1__resource.average_transmit_power_budget_2,average_transmit_power_budget 2,stored,tx_power,channel.symbol_count,812704
equal power,20260722T124633Z_ofdm_subcarrier_resource_allocation_1__resource.average_transmit_power_budget_2,average_transmit_power_budget 2,stored,tx_power,channel.tx_power.after,1.6641983190388143
equal power,20260722T124633Z_ofdm_subcarrier_resource_allocation_1__resource.average_transmit_power_budget_2,average_transmit_power_budget 2,stored,tx_power,channel.tx_power.average,1.6641983190388143
equal power,20260722T124633Z_ofdm_subcarrier_resource_allocation_1__resource.average_transmit_power_budget_2,average_transmit_power_budget 2,stored,tx_power,channel.tx_power.before,0.9999999403953552
equal power,20260722T124633Z_ofdm_subcarrier_resource_allocation_1__resource.average_transmit_power_budget_2,average_transmit_power_budget 2,stored,tx_power,channel.tx_power.group_count,32
equal power,20260722T124633Z_ofdm_subcarrier_resource_allocation_1__resource.average_transmit_power_budget_2,average_transmit_power_budget 2,stored,tx_power,channel.tx_power.selected,2
equal power,20260722T124633Z_ofdm_subcarrier_resource_allocation_1__resource.average_transmit_power_budget_2,average_transmit_power_budget 2,stored,tx_power,channel.tx_power.snr_db,6.989700043360188
equal power,20260722T124633Z_ofdm_subcarrier_resource_allocation_1__resource.average_transmit_power_budget_2,average_transmit_power_budget 2,stored,tx_power,channel.tx_power.total_energy,1352500.6306761205
equal power,20260722T124633Z_ofdm_subcarrier_resource_allocation_1__resource.average_transmit_power_budget_2,average_transmit_power_budget 2,stored,tx_power,channel.tx_power.tx_power.after,1.6641983190388143
equal power,20260722T124633Z_ofdm_subcarrier_resource_allocation_1__resource.average_transmit_power_budget_2,average_transmit_power_budget 2,stored,tx_power,channel.tx_power.tx_power.before,0.9999999403953552
equal power,20260722T124633Z_ofdm_subcarrier_resource_allocation_1__resource.average_transmit_power_budget_2,average_transmit_power_budget 2,stored,tx_power,channel.tx_power.tx_power.selected,2
equal power,20260722T124633Z_ofdm_subcarrier_resource_allocation_1__resource.average_transmit_power_budget_2,average_transmit_power_budget 2,stored,tx_power,channel.tx_power.tx_power.snr_db,6.989700043360188
equal power,20260722T124633Z_ofdm_subcarrier_resource_allocation_1__resource.average_transmit_power_budget_2,average_transmit_power_budget 2,stored,tx_power,channel.tx_power.tx_power.total_energy,1352500.6306761205
equal power,20260722T124633Z_ofdm_subcarrier_resource_allocation_1__resource.average_transmit_power_budget_2,average_transmit_power_budget 2,stored,tx_power,timing.step.wall_time_s,3.3225691539701074
equal power,20260722T124633Z_ofdm_subcarrier_resource_allocation_1__resource.average_transmit_power_budget_2,average_transmit_power_budget 2,stored,wireless_channel,channel.backend.sionna,1
equal power,20260722T124633Z_ofdm_subcarrier_resource_allocation_1__resource.average_transmit_power_budget_2,average_transmit_power_budget 2,stored,wireless_channel,channel.carrier_frequency_ghz,3.5
equal power,20260722T124633Z_ofdm_subcarrier_resource_allocation_1__resource.average_transmit_power_budget_2,average_transmit_power_budget 2,stored,wireless_channel,channel.channel_use_count,812704
equal power,20260722T124633Z_ofdm_subcarrier_resource_allocation_1__resource.average_transmit_power_budget_2,average_transmit_power_budget 2,stored,wireless_channel,channel.effective_snr_db,9.840865873312245
equal power,20260722T124633Z_ofdm_subcarrier_resource_allocation_1__resource.average_transmit_power_budget_2,average_transmit_power_budget 2,stored,wireless_channel,channel.gain.average,1
equal power,20260722T124633Z_ofdm_subcarrier_resource_allocation_1__resource.average_transmit_power_budget_2,average_transmit_power_budget 2,stored,wireless_channel,channel.mobility_kmh,30
equal power,20260722T124633Z_ofdm_subcarrier_resource_allocation_1__resource.average_transmit_power_budget_2,average_transmit_power_budget 2,stored,wireless_channel,channel.noise_variance,0.2
equal power,20260722T124633Z_ofdm_subcarrier_resource_allocation_1__resource.average_transmit_power_budget_2,average_transmit_power_budget 2,stored,wireless_channel,channel.num_ofdm_symbols,4
equal power,20260722T124633Z_ofdm_subcarrier_resource_allocation_1__resource.average_transmit_power_budget_2,average_transmit_power_budget 2,stored,wireless_channel,channel.ofdm_fft_size,32
equal power,20260722T124633Z_ofdm_subcarrier_resource_allocation_1__resource.average_transmit_power_budget_2,average_transmit_power_budget 2,stored,wireless_channel,channel.post_equalizer_component_power.average,3.1804089546203613
equal power,20260722T124633Z_ofdm_subcarrier_resource_allocation_1__resource.average_transmit_power_budget_2,average_transmit_power_budget 2,stored,wireless_channel,channel.post_equalizer_noise_power.average,1.5162104368209839
equal power,20260722T124633Z_ofdm_subcarrier_resource_allocation_1__resource.average_transmit_power_budget_2,average_transmit_power_budget 2,stored,wireless_channel,channel.post_equalizer_output_power.average,3.1816111597303074
equal power,20260722T124633Z_ofdm_subcarrier_resource_allocation_1__resource.average_transmit_power_budget_2,average_transmit_power_budget 2,stored,wireless_channel,channel.post_equalizer_signal_noise_cross_power.average,0.001202205109946064
equal power,20260722T124633Z_ofdm_subcarrier_resource_allocation_1__resource.average_transmit_power_budget_2,average_transmit_power_budget 2,stored,wireless_channel,channel.post_equalizer_signal_power.average,1.6641985177993774
equal power,20260722T124633Z_ofdm_subcarrier_resource_allocation_1__resource.average_transmit_power_budget_2,average_transmit_power_budget 2,stored,wireless_channel,channel.received_signal_power.average,1.9280424118041992
equal power,20260722T124633Z_ofdm_subcarrier_resource_allocation_1__resource.average_transmit_power_budget_2,average_transmit_power_budget 2,stored,wireless_channel,channel.reference_snr_db,6.9897000433601875
equal power,20260722T124633Z_ofdm_subcarrier_resource_allocation_1__resource.average_transmit_power_budget_2,average_transmit_power_budget 2,stored,wireless_channel,channel.rx_antenna_component_power.average,2.12827667593956
equal power,20260722T124633Z_ofdm_subcarrier_resource_allocation_1__resource.average_transmit_power_budget_2,average_transmit_power_budget 2,stored,wireless_channel,channel.rx_antenna_noise_power.average,0.20023426413536072
equal power,20260722T124633Z_ofdm_subcarrier_resource_allocation_1__resource.average_transmit_power_budget_2,average_transmit_power_budget 2,stored,wireless_channel,channel.rx_antenna_power.average,2.129364990147656
equal power,20260722T124633Z_ofdm_subcarrier_resource_allocation_1__resource.average_transmit_power_budget_2,average_transmit_power_budget 2,stored,wireless_channel,channel.rx_antenna_power.total_energy,1730543.4449529606
equal power,20260722T124633Z_ofdm_subcarrier_resource_allocation_1__resource.average_transmit_power_budget_2,average_transmit_power_budget 2,stored,wireless_channel,channel.rx_antenna_signal_noise_cross_power.average,0.001088314208096186
equal power,20260722T124633Z_ofdm_subcarrier_resource_allocation_1__resource.average_transmit_power_budget_2,average_transmit_power_budget 2,stored,wireless_channel,channel.rx_antenna_signal_power.average,1.9280424118041992
equal power,20260722T124633Z_ofdm_subcarrier_resource_allocation_1__resource.average_transmit_power_budget_2,average_transmit_power_budget 2,stored,wireless_channel,channel.rx_equalized_power.average,3.1816111597303074
equal power,20260722T124633Z_ofdm_subcarrier_resource_allocation_1__resource.average_transmit_power_budget_2,average_transmit_power_budget 2,stored,wireless_channel,channel.rx_equalized_power.total_energy,2585708.11595746
equal power,20260722T124633Z_ofdm_subcarrier_resource_allocation_1__resource.average_transmit_power_budget_2,average_transmit_power_budget 2,stored,wireless_channel,channel.rx_output_power.average,3.1816111597303074
equal power,20260722T124633Z_ofdm_subcarrier_resource_allocation_1__resource.average_transmit_power_budget_2,average_transmit_power_budget 2,stored,wireless_channel,channel.rx_output_power.total_energy,2585708.11595746
equal power,20260722T124633Z_ofdm_subcarrier_resource_allocation_1__resource.average_transmit_power_budget_2,average_transmit_power_budget 2,stored,wireless_channel,channel.rx_power.average,3.1816111597303074
equal power,20260722T124633Z_ofdm_subcarrier_resource_allocation_1__resource.average_transmit_power_budget_2,average_transmit_power_budget 2,stored,wireless_channel,channel.rx_power.total_energy,2585708.11595746
equal power,20260722T124633Z_ofdm_subcarrier_resource_allocation_1__resource.average_transmit_power_budget_2,average_transmit_power_budget 2,stored,wireless_channel,channel.snr_db,6.9897000433601875
equal power,20260722T124633Z_ofdm_subcarrier_resource_allocation_1__resource.average_transmit_power_budget_2,average_transmit_power_budget 2,stored,wireless_channel,channel.symbol_count,812704
equal power,20260722T124633Z_ofdm_subcarrier_resource_allocation_1__resource.average_transmit_power_budget_2,average_transmit_power_budget 2,stored,wireless_channel,channel.tx_effective_snr_db,9.201750729919896
equal power,20260722T124633Z_ofdm_subcarrier_resource_allocation_1__resource.average_transmit_power_budget_2,average_transmit_power_budget 2,stored,wireless_channel,channel.tx_power_at_channel.average,1.6641982793807983
equal power,20260722T124633Z_ofdm_subcarrier_resource_allocation_1__resource.average_transmit_power_budget_2,average_transmit_power_budget 2,stored,wireless_channel,timing.step.wall_time_s,1.7306246319785714
equal power,20260722T124738Z_ofdm_subcarrier_resource_allocation_1__resource.average_transmit_power_budget_3,average_transmit_power_budget 3,stored,allocation_evaluation,channel.achieved_payload_goodput_bits_per_resource_element,1.36
equal power,20260722T124738Z_ofdm_subcarrier_resource_allocation_1__resource.average_transmit_power_budget_3,average_transmit_power_budget 3,stored,allocation_evaluation,channel.data_bearing_resource_element_count,596707
equal power,20260722T124738Z_ofdm_subcarrier_resource_allocation_1__resource.average_transmit_power_budget_3,average_transmit_power_budget 3,stored,allocation_evaluation,channel.delivered_payload_bit_count,905216
equal power,20260722T124738Z_ofdm_subcarrier_resource_allocation_1__resource.average_transmit_power_budget_3,average_transmit_power_budget 3,stored,allocation_evaluation,channel.goodput_to_theoretical_shannon_efficiency_ratio,0.36709807389592464
equal power,20260722T124738Z_ofdm_subcarrier_resource_allocation_1__resource.average_transmit_power_budget_3,average_transmit_power_budget 3,stored,allocation_evaluation,channel.noise_variance,0.2
equal power,20260722T124738Z_ofdm_subcarrier_resource_allocation_1__resource.average_transmit_power_budget_3,average_transmit_power_budget 3,stored,allocation_evaluation,channel.offered_payload_bits_per_resource_element,1.5753846153846154
equal power,20260722T124738Z_ofdm_subcarrier_resource_allocation_1__resource.average_transmit_power_budget_3,average_transmit_power_budget 3,stored,allocation_evaluation,channel.payload_delivery_block_count,1024
equal power,20260722T124738Z_ofdm_subcarrier_resource_allocation_1__resource.average_transmit_power_budget_3,average_transmit_power_budget 3,stored,allocation_evaluation,channel.payload_delivery_block_error_count,140
equal power,20260722T124738Z_ofdm_subcarrier_resource_allocation_1__resource.average_transmit_power_budget_3,average_transmit_power_budget 3,stored,allocation_evaluation,channel.payload_delivery_block_error_rate,0.13671875
equal power,20260722T124738Z_ofdm_subcarrier_resource_allocation_1__resource.average_transmit_power_budget_3,average_transmit_power_budget 3,stored,allocation_evaluation,channel.payload_delivery_success,0
equal power,20260722T124738Z_ofdm_subcarrier_resource_allocation_1__resource.average_transmit_power_budget_3,average_transmit_power_budget 3,stored,allocation_evaluation,channel.payload_energy_efficiency_bits_per_normalized_energy,0.5056642528589398
equal power,20260722T124738Z_ofdm_subcarrier_resource_allocation_1__resource.average_transmit_power_budget_3,average_transmit_power_budget 3,stored,allocation_evaluation,channel.reference_snr_db,6.989700043360188
equal power,20260722T124738Z_ofdm_subcarrier_resource_allocation_1__resource.average_transmit_power_budget_3,average_transmit_power_budget 3,stored,allocation_evaluation,channel.resource_element_utilization,0.8964948918269231
equal power,20260722T124738Z_ofdm_subcarrier_resource_allocation_1__resource.average_transmit_power_budget_3,average_transmit_power_budget 3,stored,allocation_evaluation,channel.scheduled_resource_element_count,665600
equal power,20260722T124738Z_ofdm_subcarrier_resource_allocation_1__resource.average_transmit_power_budget_3,average_transmit_power_budget 3,stored,allocation_evaluation,channel.tx_energy_for_payload,1790152.25
equal power,20260722T124738Z_ofdm_subcarrier_resource_allocation_1__resource.average_transmit_power_budget_3,average_transmit_power_budget 3,stored,allocation_evaluation,channel.tx_energy_per_delivered_payload_bit,1.9775967835301187
equal power,20260722T124738Z_ofdm_subcarrier_resource_allocation_1__resource.average_transmit_power_budget_3,average_transmit_power_budget 3,stored,allocation_evaluation,resource.active_resource_element_fraction,1
equal power,20260722T124738Z_ofdm_subcarrier_resource_allocation_1__resource.average_transmit_power_budget_3,average_transmit_power_budget 3,stored,allocation_evaluation,resource.allocated_power_weighted_channel_gain_lift,0
equal power,20260722T124738Z_ofdm_subcarrier_resource_allocation_1__resource.average_transmit_power_budget_3,average_transmit_power_budget 3,stored,allocation_evaluation,resource.allocation_power_coefficient_of_variation,0
equal power,20260722T124738Z_ofdm_subcarrier_resource_allocation_1__resource.average_transmit_power_budget_3,average_transmit_power_budget 3,stored,allocation_evaluation,resource.average_transmit_power_budget,3
equal power,20260722T124738Z_ofdm_subcarrier_resource_allocation_1__resource.average_transmit_power_budget_3,average_transmit_power_budget 3,stored,allocation_evaluation,resource.power_constraint.max_abs_error,0
equal power,20260722T124738Z_ofdm_subcarrier_resource_allocation_1__resource.average_transmit_power_budget_3,average_transmit_power_budget 3,stored,allocation_evaluation,resource.power_constraint.max_negative_violation,0
equal power,20260722T124738Z_ofdm_subcarrier_resource_allocation_1__resource.average_transmit_power_budget_3,average_transmit_power_budget 3,stored,allocation_evaluation,resource.power_constraint.max_relative_error,0
equal power,20260722T124738Z_ofdm_subcarrier_resource_allocation_1__resource.average_transmit_power_budget_3,average_transmit_power_budget 3,stored,allocation_evaluation,resource.theoretical_min_state_spectral_efficiency_bps_hz,2.105685382652462
equal power,20260722T124738Z_ofdm_subcarrier_resource_allocation_1__resource.average_transmit_power_budget_3,average_transmit_power_budget 3,stored,allocation_evaluation,resource.theoretical_outage_probability,0
equal power,20260722T124738Z_ofdm_subcarrier_resource_allocation_1__resource.average_transmit_power_budget_3,average_transmit_power_budget 3,stored,allocation_evaluation,resource.theoretical_outage_target_spectral_efficiency_bps_hz,2
equal power,20260722T124738Z_ofdm_subcarrier_resource_allocation_1__resource.average_transmit_power_budget_3,average_transmit_power_budget 3,stored,allocation_evaluation,resource.theoretical_p05_state_spectral_efficiency_bps_hz,3.3119932014010502
equal power,20260722T124738Z_ofdm_subcarrier_resource_allocation_1__resource.average_transmit_power_budget_3,average_transmit_power_budget 3,stored,allocation_evaluation,resource.theoretical_shannon_spectral_efficiency_bps_hz,3.704732050393627
equal power,20260722T124738Z_ofdm_subcarrier_resource_allocation_1__resource.average_transmit_power_budget_3,average_transmit_power_budget 3,stored,allocation_evaluation,resource.theoretical_shannon_sum_bits_per_ofdm_symbol,118.55142561259606
equal power,20260722T124738Z_ofdm_subcarrier_resource_allocation_1__resource.average_transmit_power_budget_3,average_transmit_power_budget 3,stored,allocation_evaluation,resource.water_filling_kkt_normalized_residual,0.32702307637031264
equal power,20260722T124738Z_ofdm_subcarrier_resource_allocation_1__resource.average_transmit_power_budget_3,average_transmit_power_budget 3,stored,allocation_evaluation,resource.water_filling_optimality_gap_bps_hz,0.021273293314447272
equal power,20260722T124738Z_ofdm_subcarrier_resource_allocation_1__resource.average_transmit_power_budget_3,average_transmit_power_budget 3,stored,allocation_evaluation,resource.water_filling_oracle_spectral_efficiency_bps_hz,3.7260053437080742
equal power,20260722T124738Z_ofdm_subcarrier_resource_allocation_1__resource.average_transmit_power_budget_3,average_transmit_power_budget 3,stored,allocation_evaluation,resource.water_filling_power_normalized_rmse,0.19584633827799403
equal power,20260722T124738Z_ofdm_subcarrier_resource_allocation_1__resource.average_transmit_power_budget_3,average_transmit_power_budget 3,stored,allocation_evaluation,resource.water_filling_power_rmse,0.5875390148339821
equal power,20260722T124738Z_ofdm_subcarrier_resource_allocation_1__resource.average_transmit_power_budget_3,average_transmit_power_budget 3,stored,allocation_evaluation,resource.water_filling_relative_optimality_gap,0.005709410307306847
equal power,20260722T124738Z_ofdm_subcarrier_resource_allocation_1__resource.average_transmit_power_budget_3,average_transmit_power_budget 3,stored,allocation_evaluation,task.score,1.36
equal power,20260722T124738Z_ofdm_subcarrier_resource_allocation_1__resource.average_transmit_power_budget_3,average_transmit_power_budget 3,stored,allocation_evaluation,timing.step.wall_time_s,37.74136407201877
equal power,20260722T124738Z_ofdm_subcarrier_resource_allocation_1__resource.average_transmit_power_budget_3,average_transmit_power_budget 3,stored,channel_bit_count_match,channel.fixed.channel_io.bit_count_match,1
equal power,20260722T124738Z_ofdm_subcarrier_resource_allocation_1__resource.average_transmit_power_budget_3,average_transmit_power_budget 3,stored,channel_bit_count_match,channel.fixed.channel_io.candidate_bit_count,1048576
equal power,20260722T124738Z_ofdm_subcarrier_resource_allocation_1__resource.average_transmit_power_budget_3,average_transmit_power_budget 3,stored,channel_bit_count_match,channel.fixed.channel_io.length_delta,0
equal power,20260722T124738Z_ofdm_subcarrier_resource_allocation_1__resource.average_transmit_power_budget_3,average_transmit_power_budget 3,stored,channel_bit_count_match,channel.fixed.channel_io.reference_bit_count,1048576
equal power,20260722T124738Z_ofdm_subcarrier_resource_allocation_1__resource.average_transmit_power_budget_3,average_transmit_power_budget 3,stored,channel_bit_count_match,timing.step.wall_time_s,0.013951166998595
equal power,20260722T124738Z_ofdm_subcarrier_resource_allocation_1__resource.average_transmit_power_budget_3,average_transmit_power_budget 3,stored,channel_decoder,channel.decoded_bit_count,1048576
equal power,20260722T124738Z_ofdm_subcarrier_resource_allocation_1__resource.average_transmit_power_budget_3,average_transmit_power_budget 3,stored,channel_decoder,timing.step.wall_time_s,0.23026392195606604
equal power,20260722T124738Z_ofdm_subcarrier_resource_allocation_1__resource.average_transmit_power_budget_3,average_transmit_power_budget 3,stored,channel_encoder,channel.code_rate,1
equal power,20260722T124738Z_ofdm_subcarrier_resource_allocation_1__resource.average_transmit_power_budget_3,average_transmit_power_budget 3,stored,channel_encoder,channel.coded_bit_count,1048576
equal power,20260722T124738Z_ofdm_subcarrier_resource_allocation_1__resource.average_transmit_power_budget_3,average_transmit_power_budget 3,stored,channel_encoder,channel.payload_bit_count,1048576
equal power,20260722T124738Z_ofdm_subcarrier_resource_allocation_1__resource.average_transmit_power_budget_3,average_transmit_power_budget 3,stored,channel_encoder,channel.transmitted_bit_count,1048576
equal power,20260722T124738Z_ofdm_subcarrier_resource_allocation_1__resource.average_transmit_power_budget_3,average_transmit_power_budget 3,stored,channel_encoder,timing.step.wall_time_s,0.1332321569789201
equal power,20260722T124738Z_ofdm_subcarrier_resource_allocation_1__resource.average_transmit_power_budget_3,average_transmit_power_budget 3,stored,channel_state,channel.gain.average,1
equal power,20260722T124738Z_ofdm_subcarrier_resource_allocation_1__resource.average_transmit_power_budget_3,average_transmit_power_budget 3,stored,channel_state,channel.noise_variance,0.2
equal power,20260722T124738Z_ofdm_subcarrier_resource_allocation_1__resource.average_transmit_power_budget_3,average_transmit_power_budget 3,stored,channel_state,channel.num_ofdm_symbols,4
equal power,20260722T124738Z_ofdm_subcarrier_resource_allocation_1__resource.average_transmit_power_budget_3,average_transmit_power_budget 3,stored,channel_state,channel.ofdm_fft_size,32
equal power,20260722T124738Z_ofdm_subcarrier_resource_allocation_1__resource.average_transmit_power_budget_3,average_transmit_power_budget 3,stored,channel_state,channel.ofdm_resource_element_capacity,8388608
equal power,20260722T124738Z_ofdm_subcarrier_resource_allocation_1__resource.average_transmit_power_budget_3,average_transmit_power_budget 3,stored,channel_state,channel.ofdm_state_count,262144
equal power,20260722T124738Z_ofdm_subcarrier_resource_allocation_1__resource.average_transmit_power_budget_3,average_transmit_power_budget 3,stored,channel_state,channel.reference_snr_db,6.989700043360188
equal power,20260722T124738Z_ofdm_subcarrier_resource_allocation_1__resource.average_transmit_power_budget_3,average_transmit_power_budget 3,stored,channel_state,timing.step.wall_time_s,10.40512392600067
equal power,20260722T124738Z_ofdm_subcarrier_resource_allocation_1__resource.average_transmit_power_budget_3,average_transmit_power_budget 3,stored,coded_ber,channel.coded.ber,0.00014400482177734375
equal power,20260722T124738Z_ofdm_subcarrier_resource_allocation_1__resource.average_transmit_power_budget_3,average_transmit_power_budget 3,stored,coded_ber,channel.coded.compare_bit_count,1048576
equal power,20260722T124738Z_ofdm_subcarrier_resource_allocation_1__resource.average_transmit_power_budget_3,average_transmit_power_budget 3,stored,coded_ber,channel.coded.error_count,151
equal power,20260722T124738Z_ofdm_subcarrier_resource_allocation_1__resource.average_transmit_power_budget_3,average_transmit_power_budget 3,stored,coded_ber,timing.step.wall_time_s,0.011195442988537252
equal power,20260722T124738Z_ofdm_subcarrier_resource_allocation_1__resource.average_transmit_power_budget_3,average_transmit_power_budget 3,stored,coded_bler,channel.coded.bler,0.13671875
equal power,20260722T124738Z_ofdm_subcarrier_resource_allocation_1__resource.average_transmit_power_budget_3,average_transmit_power_budget 3,stored,coded_bler,channel.coded.block_count,1024
equal power,20260722T124738Z_ofdm_subcarrier_resource_allocation_1__resource.average_transmit_power_budget_3,average_transmit_power_budget 3,stored,coded_bler,channel.coded.block_error_count,140
equal power,20260722T124738Z_ofdm_subcarrier_resource_allocation_1__resource.average_transmit_power_budget_3,average_transmit_power_budget 3,stored,coded_bler,channel.coded.block_size,1024
equal power,20260722T124738Z_ofdm_subcarrier_resource_allocation_1__resource.average_transmit_power_budget_3,average_transmit_power_budget 3,stored,coded_bler,timing.step.wall_time_s,0.0166881870245561
equal power,20260722T124738Z_ofdm_subcarrier_resource_allocation_1__resource.average_transmit_power_budget_3,average_transmit_power_budget 3,stored,data,channel.payload_bit_count,1048576
equal power,20260722T124738Z_ofdm_subcarrier_resource_allocation_1__resource.average_transmit_power_budget_3,average_transmit_power_budget 3,stored,data,source.bit_count,1048576
equal power,20260722T124738Z_ofdm_subcarrier_resource_allocation_1__resource.average_transmit_power_budget_3,average_transmit_power_budget 3,stored,data,source.example_count,1024
equal power,20260722T124738Z_ofdm_subcarrier_resource_allocation_1__resource.average_transmit_power_budget_3,average_transmit_power_budget 3,stored,data,source.transport_block_count,1024
equal power,20260722T124738Z_ofdm_subcarrier_resource_allocation_1__resource.average_transmit_power_budget_3,average_transmit_power_budget 3,stored,data,source.transport_block_size_bits,1024
equal power,20260722T124738Z_ofdm_subcarrier_resource_allocation_1__resource.average_transmit_power_budget_3,average_transmit_power_budget 3,stored,data,timing.step.wall_time_s,0.16919468296691775
equal power,20260722T124738Z_ofdm_subcarrier_resource_allocation_1__resource.average_transmit_power_budget_3,average_transmit_power_budget 3,stored,demodulator,channel.allocation_aware_transport,1
equal power,20260722T124738Z_ofdm_subcarrier_resource_allocation_1__resource.average_transmit_power_budget_3,average_transmit_power_budget 3,stored,demodulator,channel.demod_bit_count,1048576
equal power,20260722T124738Z_ofdm_subcarrier_resource_allocation_1__resource.average_transmit_power_budget_3,average_transmit_power_budget 3,stored,demodulator,timing.step.wall_time_s,0.8556336109759286
equal power,20260722T124738Z_ofdm_subcarrier_resource_allocation_1__resource.average_transmit_power_budget_3,average_transmit_power_budget 3,stored,modulator,channel.bits_per_symbol,2
equal power,20260722T124738Z_ofdm_subcarrier_resource_allocation_1__resource.average_transmit_power_budget_3,average_transmit_power_budget 3,stored,modulator,channel.channel_use_count,524288
equal power,20260722T124738Z_ofdm_subcarrier_resource_allocation_1__resource.average_transmit_power_budget_3,average_transmit_power_budget 3,stored,modulator,channel.coded_bit_count,1048576
equal power,20260722T124738Z_ofdm_subcarrier_resource_allocation_1__resource.average_transmit_power_budget_3,average_transmit_power_budget 3,stored,modulator,channel.symbol_count,524288
equal power,20260722T124738Z_ofdm_subcarrier_resource_allocation_1__resource.average_transmit_power_budget_3,average_transmit_power_budget 3,stored,modulator,channel.transmitted_bit_count,1048576
equal power,20260722T124738Z_ofdm_subcarrier_resource_allocation_1__resource.average_transmit_power_budget_3,average_transmit_power_budget 3,stored,modulator,timing.step.wall_time_s,0.281690917967353
equal power,20260722T124738Z_ofdm_subcarrier_resource_allocation_1__resource.average_transmit_power_budget_3,average_transmit_power_budget 3,stored,payload_ber,channel.payload.ber,0.00014400482177734375
equal power,20260722T124738Z_ofdm_subcarrier_resource_allocation_1__resource.average_transmit_power_budget_3,average_transmit_power_budget 3,stored,payload_ber,channel.payload.compare_bit_count,1048576
equal power,20260722T124738Z_ofdm_subcarrier_resource_allocation_1__resource.average_transmit_power_budget_3,average_transmit_power_budget 3,stored,payload_ber,channel.payload.error_count,151
equal power,20260722T124738Z_ofdm_subcarrier_resource_allocation_1__resource.average_transmit_power_budget_3,average_transmit_power_budget 3,stored,payload_ber,timing.step.wall_time_s,0.012835600005928427
equal power,20260722T124738Z_ofdm_subcarrier_resource_allocation_1__resource.average_transmit_power_budget_3,average_transmit_power_budget 3,stored,payload_bit_boundary,channel.fixed.bit_count,1048576
equal power,20260722T124738Z_ofdm_subcarrier_resource_allocation_1__resource.average_transmit_power_budget_3,average_transmit_power_budget 3,stored,payload_bit_boundary,channel.fixed.byte_count,131072
equal power,20260722T124738Z_ofdm_subcarrier_resource_allocation_1__resource.average_transmit_power_budget_3,average_transmit_power_budget 3,stored,payload_bit_boundary,channel.fixed.payload_input.bit_count,1048576
equal power,20260722T124738Z_ofdm_subcarrier_resource_allocation_1__resource.average_transmit_power_budget_3,average_transmit_power_budget 3,stored,payload_bit_boundary,channel.fixed.payload_input.bits_per_element,1
equal power,20260722T124738Z_ofdm_subcarrier_resource_allocation_1__resource.average_transmit_power_budget_3,average_transmit_power_budget 3,stored,payload_bit_boundary,channel.fixed.payload_input.byte_count,131072
equal power,20260722T124738Z_ofdm_subcarrier_resource_allocation_1__resource.average_transmit_power_budget_3,average_transmit_power_budget 3,stored,payload_bit_boundary,channel.fixed.payload_input.dtype_uint8,1
equal power,20260722T124738Z_ofdm_subcarrier_resource_allocation_1__resource.average_transmit_power_budget_3,average_transmit_power_budget 3,stored,payload_bit_boundary,timing.step.wall_time_s,0.13905117404647171
equal power,20260722T124738Z_ofdm_subcarrier_resource_allocation_1__resource.average_transmit_power_budget_3,average_transmit_power_budget 3,stored,payload_bler,channel.payload.bler,0.13671875
equal power,20260722T124738Z_ofdm_subcarrier_resource_allocation_1__resource.average_transmit_power_budget_3,average_transmit_power_budget 3,stored,payload_bler,channel.payload.block_count,1024
equal power,20260722T124738Z_ofdm_subcarrier_resource_allocation_1__resource.average_transmit_power_budget_3,average_transmit_power_budget 3,stored,payload_bler,channel.payload.block_error_count,140
equal power,20260722T124738Z_ofdm_subcarrier_resource_allocation_1__resource.average_transmit_power_budget_3,average_transmit_power_budget 3,stored,payload_bler,channel.payload.block_size,1024
equal power,20260722T124738Z_ofdm_subcarrier_resource_allocation_1__resource.average_transmit_power_budget_3,average_transmit_power_budget 3,stored,payload_bler,timing.step.wall_time_s,0.02151037601288408
equal power,20260722T124738Z_ofdm_subcarrier_resource_allocation_1__resource.average_transmit_power_budget_3,average_transmit_power_budget 3,stored,run,memory.run.end_rss_bytes,4609912832
equal power,20260722T124738Z_ofdm_subcarrier_resource_allocation_1__resource.average_transmit_power_budget_3,average_transmit_power_budget 3,stored,run,memory.run.peak_rss_bytes,5349593088
equal power,20260722T124738Z_ofdm_subcarrier_resource_allocation_1__resource.average_transmit_power_budget_3,average_transmit_power_budget 3,stored,run,memory.run.peak_rss_delta_bytes,4901474304
equal power,20260722T124738Z_ofdm_subcarrier_resource_allocation_1__resource.average_transmit_power_budget_3,average_transmit_power_budget 3,stored,run,memory.run.sampler_interval_s,0.05
equal power,20260722T124738Z_ofdm_subcarrier_resource_allocation_1__resource.average_transmit_power_budget_3,average_transmit_power_budget 3,stored,run,memory.run.start_rss_bytes,448118784
equal power,20260722T124738Z_ofdm_subcarrier_resource_allocation_1__resource.average_transmit_power_budget_3,average_transmit_power_budget 3,stored,rx_bit_boundary,channel.fixed.bit_count,1048576
equal power,20260722T124738Z_ofdm_subcarrier_resource_allocation_1__resource.average_transmit_power_budget_3,average_transmit_power_budget 3,stored,rx_bit_boundary,channel.fixed.byte_count,131072
equal power,20260722T124738Z_ofdm_subcarrier_resource_allocation_1__resource.average_transmit_power_budget_3,average_transmit_power_budget 3,stored,rx_bit_boundary,channel.fixed.demodulator_output.bit_count,1048576
equal power,20260722T124738Z_ofdm_subcarrier_resource_allocation_1__resource.average_transmit_power_budget_3,average_transmit_power_budget 3,stored,rx_bit_boundary,channel.fixed.demodulator_output.bits_per_element,1
equal power,20260722T124738Z_ofdm_subcarrier_resource_allocation_1__resource.average_transmit_power_budget_3,average_transmit_power_budget 3,stored,rx_bit_boundary,channel.fixed.demodulator_output.byte_count,131072
equal power,20260722T124738Z_ofdm_subcarrier_resource_allocation_1__resource.average_transmit_power_budget_3,average_transmit_power_budget 3,stored,rx_bit_boundary,channel.fixed.demodulator_output.dtype_uint8,1
equal power,20260722T124738Z_ofdm_subcarrier_resource_allocation_1__resource.average_transmit_power_budget_3,average_transmit_power_budget 3,stored,rx_bit_boundary,timing.step.wall_time_s,0.1587296420475468
equal power,20260722T124738Z_ofdm_subcarrier_resource_allocation_1__resource.average_transmit_power_budget_3,average_transmit_power_budget 3,stored,tx_bit_boundary,channel.fixed.bit_count,1048576
equal power,20260722T124738Z_ofdm_subcarrier_resource_allocation_1__resource.average_transmit_power_budget_3,average_transmit_power_budget 3,stored,tx_bit_boundary,channel.fixed.byte_count,131072
equal power,20260722T124738Z_ofdm_subcarrier_resource_allocation_1__resource.average_transmit_power_budget_3,average_transmit_power_budget 3,stored,tx_bit_boundary,channel.fixed.modulator_input.bit_count,1048576
equal power,20260722T124738Z_ofdm_subcarrier_resource_allocation_1__resource.average_transmit_power_budget_3,average_transmit_power_budget 3,stored,tx_bit_boundary,channel.fixed.modulator_input.bits_per_element,1
equal power,20260722T124738Z_ofdm_subcarrier_resource_allocation_1__resource.average_transmit_power_budget_3,average_transmit_power_budget 3,stored,tx_bit_boundary,channel.fixed.modulator_input.byte_count,131072
equal power,20260722T124738Z_ofdm_subcarrier_resource_allocation_1__resource.average_transmit_power_budget_3,average_transmit_power_budget 3,stored,tx_bit_boundary,channel.fixed.modulator_input.dtype_uint8,1
equal power,20260722T124738Z_ofdm_subcarrier_resource_allocation_1__resource.average_transmit_power_budget_3,average_transmit_power_budget 3,stored,tx_bit_boundary,timing.step.wall_time_s,0.13592098304070532
equal power,20260722T124738Z_ofdm_subcarrier_resource_allocation_1__resource.average_transmit_power_budget_3,average_transmit_power_budget 3,stored,tx_power,channel.channel_use_count,665600
equal power,20260722T124738Z_ofdm_subcarrier_resource_allocation_1__resource.average_transmit_power_budget_3,average_transmit_power_budget 3,stored,tx_power,channel.data_bearing_resource_element_count,596707
equal power,20260722T124738Z_ofdm_subcarrier_resource_allocation_1__resource.average_transmit_power_budget_3,average_transmit_power_budget 3,stored,tx_power,channel.scheduled_resource_element_count,665600
equal power,20260722T124738Z_ofdm_subcarrier_resource_allocation_1__resource.average_transmit_power_budget_3,average_transmit_power_budget 3,stored,tx_power,channel.symbol_count,665600
equal power,20260722T124738Z_ofdm_subcarrier_resource_allocation_1__resource.average_transmit_power_budget_3,average_transmit_power_budget 3,stored,tx_power,channel.tx_power.after,2.6895312292338347
equal power,20260722T124738Z_ofdm_subcarrier_resource_allocation_1__resource.average_transmit_power_budget_3,average_transmit_power_budget 3,stored,tx_power,channel.tx_power.average,2.6895312292338347
equal power,20260722T124738Z_ofdm_subcarrier_resource_allocation_1__resource.average_transmit_power_budget_3,average_transmit_power_budget 3,stored,tx_power,channel.tx_power.before,0.9999999403953552
equal power,20260722T124738Z_ofdm_subcarrier_resource_allocation_1__resource.average_transmit_power_budget_3,average_transmit_power_budget 3,stored,tx_power,channel.tx_power.group_count,32
equal power,20260722T124738Z_ofdm_subcarrier_resource_allocation_1__resource.average_transmit_power_budget_3,average_transmit_power_budget 3,stored,tx_power,channel.tx_power.selected,3
equal power,20260722T124738Z_ofdm_subcarrier_resource_allocation_1__resource.average_transmit_power_budget_3,average_transmit_power_budget 3,stored,tx_power,channel.tx_power.snr_db,6.989700043360188
equal power,20260722T124738Z_ofdm_subcarrier_resource_allocation_1__resource.average_transmit_power_budget_3,average_transmit_power_budget 3,stored,tx_power,channel.tx_power.total_energy,1790151.9861780405
equal power,20260722T124738Z_ofdm_subcarrier_resource_allocation_1__resource.average_transmit_power_budget_3,average_transmit_power_budget 3,stored,tx_power,channel.tx_power.tx_power.after,2.6895312292338347
equal power,20260722T124738Z_ofdm_subcarrier_resource_allocation_1__resource.average_transmit_power_budget_3,average_transmit_power_budget 3,stored,tx_power,channel.tx_power.tx_power.before,0.9999999403953552
equal power,20260722T124738Z_ofdm_subcarrier_resource_allocation_1__resource.average_transmit_power_budget_3,average_transmit_power_budget 3,stored,tx_power,channel.tx_power.tx_power.selected,3
equal power,20260722T124738Z_ofdm_subcarrier_resource_allocation_1__resource.average_transmit_power_budget_3,average_transmit_power_budget 3,stored,tx_power,channel.tx_power.tx_power.snr_db,6.989700043360188
equal power,20260722T124738Z_ofdm_subcarrier_resource_allocation_1__resource.average_transmit_power_budget_3,average_transmit_power_budget 3,stored,tx_power,channel.tx_power.tx_power.total_energy,1790151.9861780405
equal power,20260722T124738Z_ofdm_subcarrier_resource_allocation_1__resource.average_transmit_power_budget_3,average_transmit_power_budget 3,stored,tx_power,timing.step.wall_time_s,3.078395977965556
equal power,20260722T124738Z_ofdm_subcarrier_resource_allocation_1__resource.average_transmit_power_budget_3,average_transmit_power_budget 3,stored,wireless_channel,channel.backend.sionna,1
equal power,20260722T124738Z_ofdm_subcarrier_resource_allocation_1__resource.average_transmit_power_budget_3,average_transmit_power_budget 3,stored,wireless_channel,channel.carrier_frequency_ghz,3.5
equal power,20260722T124738Z_ofdm_subcarrier_resource_allocation_1__resource.average_transmit_power_budget_3,average_transmit_power_budget 3,stored,wireless_channel,channel.channel_use_count,665600
equal power,20260722T124738Z_ofdm_subcarrier_resource_allocation_1__resource.average_transmit_power_budget_3,average_transmit_power_budget 3,stored,wireless_channel,channel.effective_snr_db,11.697623945681602
equal power,20260722T124738Z_ofdm_subcarrier_resource_allocation_1__resource.average_transmit_power_budget_3,average_transmit_power_budget 3,stored,wireless_channel,channel.gain.average,1
equal power,20260722T124738Z_ofdm_subcarrier_resource_allocation_1__resource.average_transmit_power_budget_3,average_transmit_power_budget 3,stored,wireless_channel,channel.mobility_kmh,30
equal power,20260722T124738Z_ofdm_subcarrier_resource_allocation_1__resource.average_transmit_power_budget_3,average_transmit_power_budget 3,stored,wireless_channel,channel.noise_variance,0.2
equal power,20260722T124738Z_ofdm_subcarrier_resource_allocation_1__resource.average_transmit_power_budget_3,average_transmit_power_budget 3,stored,wireless_channel,channel.num_ofdm_symbols,4
equal power,20260722T124738Z_ofdm_subcarrier_resource_allocation_1__resource.average_transmit_power_budget_3,average_transmit_power_budget 3,stored,wireless_channel,channel.ofdm_fft_size,32
equal power,20260722T124738Z_ofdm_subcarrier_resource_allocation_1__resource.average_transmit_power_budget_3,average_transmit_power_budget 3,stored,wireless_channel,channel.post_equalizer_component_power.average,4.321032643318176
equal power,20260722T124738Z_ofdm_subcarrier_resource_allocation_1__resource.average_transmit_power_budget_3,average_transmit_power_budget 3,stored,wireless_channel,channel.post_equalizer_noise_power.average,1.631501317024231
equal power,20260722T124738Z_ofdm_subcarrier_resource_allocation_1__resource.average_transmit_power_budget_3,average_transmit_power_budget 3,stored,wireless_channel,channel.post_equalizer_output_power.average,4.320618301439898
equal power,20260722T124738Z_ofdm_subcarrier_resource_allocation_1__resource.average_transmit_power_budget_3,average_transmit_power_budget 3,stored,wireless_channel,channel.post_equalizer_signal_noise_cross_power.average,-0.00041434187827871227
equal power,20260722T124738Z_ofdm_subcarrier_resource_allocation_1__resource.average_transmit_power_budget_3,average_transmit_power_budget 3,stored,wireless_channel,channel.post_equalizer_signal_power.average,2.6895313262939453
equal power,20260722T124738Z_ofdm_subcarrier_resource_allocation_1__resource.average_transmit_power_budget_3,average_transmit_power_budget 3,stored,wireless_channel,channel.received_signal_power.average,2.9565987586975098
equal power,20260722T124738Z_ofdm_subcarrier_resource_allocation_1__resource.average_transmit_power_budget_3,average_transmit_power_budget 3,stored,wireless_channel,channel.reference_snr_db,6.9897000433601875
equal power,20260722T124738Z_ofdm_subcarrier_resource_allocation_1__resource.average_transmit_power_budget_3,average_transmit_power_budget 3,stored,wireless_channel,channel.rx_antenna_component_power.average,3.1568936556577682
equal power,20260722T124738Z_ofdm_subcarrier_resource_allocation_1__resource.average_transmit_power_budget_3,average_transmit_power_budget 3,stored,wireless_channel,channel.rx_antenna_noise_power.average,0.20029489696025848
equal power,20260722T124738Z_ofdm_subcarrier_resource_allocation_1__resource.average_transmit_power_budget_3,average_transmit_power_budget 3,stored,wireless_channel,channel.rx_antenna_power.average,3.156179298126352
equal power,20260722T124738Z_ofdm_subcarrier_resource_allocation_1__resource.average_transmit_power_budget_3,average_transmit_power_budget 3,stored,wireless_channel,channel.rx_antenna_power.total_energy,2100752.9408329
equal power,20260722T124738Z_ofdm_subcarrier_resource_allocation_1__resource.average_transmit_power_budget_3,average_transmit_power_budget 3,stored,wireless_channel,channel.rx_antenna_signal_noise_cross_power.average,-0.0007143575314163542
equal power,20260722T124738Z_ofdm_subcarrier_resource_allocation_1__resource.average_transmit_power_budget_3,average_transmit_power_budget 3,stored,wireless_channel,channel.rx_antenna_signal_power.average,2.9565987586975098
equal power,20260722T124738Z_ofdm_subcarrier_resource_allocation_1__resource.average_transmit_power_budget_3,average_transmit_power_budget 3,stored,wireless_channel,channel.rx_equalized_power.average,4.320618301439898
equal power,20260722T124738Z_ofdm_subcarrier_resource_allocation_1__resource.average_transmit_power_budget_3,average_transmit_power_budget 3,stored,wireless_channel,channel.rx_equalized_power.total_energy,2875803.541438396
equal power,20260722T124738Z_ofdm_subcarrier_resource_allocation_1__resource.average_transmit_power_budget_3,average_transmit_power_budget 3,stored,wireless_channel,channel.rx_output_power.average,4.320618301439898
equal power,20260722T124738Z_ofdm_subcarrier_resource_allocation_1__resource.average_transmit_power_budget_3,average_transmit_power_budget 3,stored,wireless_channel,channel.rx_output_power.total_energy,2875803.541438396
equal power,20260722T124738Z_ofdm_subcarrier_resource_allocation_1__resource.average_transmit_power_budget_3,average_transmit_power_budget 3,stored,wireless_channel,channel.rx_power.average,4.320618301439898
equal power,20260722T124738Z_ofdm_subcarrier_resource_allocation_1__resource.average_transmit_power_budget_3,average_transmit_power_budget 3,stored,wireless_channel,channel.rx_power.total_energy,2875803.541438396
equal power,20260722T124738Z_ofdm_subcarrier_resource_allocation_1__resource.average_transmit_power_budget_3,average_transmit_power_budget 3,stored,wireless_channel,channel.snr_db,6.9897000433601875
equal power,20260722T124738Z_ofdm_subcarrier_resource_allocation_1__resource.average_transmit_power_budget_3,average_transmit_power_budget 3,stored,wireless_channel,channel.symbol_count,665600
equal power,20260722T124738Z_ofdm_subcarrier_resource_allocation_1__resource.average_transmit_power_budget_3,average_transmit_power_budget 3,stored,wireless_channel,channel.tx_effective_snr_db,11.286466499235912
equal power,20260722T124738Z_ofdm_subcarrier_resource_allocation_1__resource.average_transmit_power_budget_3,average_transmit_power_budget 3,stored,wireless_channel,channel.tx_power_at_channel.average,2.6895315647125244
equal power,20260722T124738Z_ofdm_subcarrier_resource_allocation_1__resource.average_transmit_power_budget_3,average_transmit_power_budget 3,stored,wireless_channel,timing.step.wall_time_s,2.039726971008349
equal power,20260722T124844Z_ofdm_subcarrier_resource_allocation_1__resource.average_transmit_power_budget_4,average_transmit_power_budget 4,stored,allocation_evaluation,channel.achieved_payload_goodput_bits_per_resource_element,1.588664481336576
equal power,20260722T124844Z_ofdm_subcarrier_resource_allocation_1__resource.average_transmit_power_budget_4,average_transmit_power_budget 4,stored,allocation_evaluation,channel.data_bearing_resource_element_count,560078
equal power,20260722T124844Z_ofdm_subcarrier_resource_allocation_1__resource.average_transmit_power_budget_4,average_transmit_power_budget 4,stored,allocation_evaluation,channel.delivered_payload_bit_count,961536
equal power,20260722T124844Z_ofdm_subcarrier_resource_allocation_1__resource.average_transmit_power_budget_4,average_transmit_power_budget 4,stored,allocation_evaluation,channel.goodput_to_theoretical_shannon_efficiency_ratio,0.3893350357508421
equal power,20260722T124844Z_ofdm_subcarrier_resource_allocation_1__resource.average_transmit_power_budget_4,average_transmit_power_budget 4,stored,allocation_evaluation,channel.noise_variance,0.2
equal power,20260722T124844Z_ofdm_subcarrier_resource_allocation_1__resource.average_transmit_power_budget_4,average_transmit_power_budget 4,stored,allocation_evaluation,channel.offered_payload_bits_per_resource_element,1.7324733002009094
equal power,20260722T124844Z_ofdm_subcarrier_resource_allocation_1__resource.average_transmit_power_budget_4,average_transmit_power_budget 4,stored,allocation_evaluation,channel.payload_delivery_block_count,1024
equal power,20260722T124844Z_ofdm_subcarrier_resource_allocation_1__resource.average_transmit_power_budget_4,average_transmit_power_budget 4,stored,allocation_evaluation,channel.payload_delivery_block_error_count,85
equal power,20260722T124844Z_ofdm_subcarrier_resource_allocation_1__resource.average_transmit_power_budget_4,average_transmit_power_budget 4,stored,allocation_evaluation,channel.payload_delivery_block_error_rate,0.0830078125
equal power,20260722T124844Z_ofdm_subcarrier_resource_allocation_1__resource.average_transmit_power_budget_4,average_transmit_power_budget 4,stored,allocation_evaluation,channel.payload_delivery_success,0
equal power,20260722T124844Z_ofdm_subcarrier_resource_allocation_1__resource.average_transmit_power_budget_4,average_transmit_power_budget 4,stored,allocation_evaluation,channel.payload_energy_efficiency_bits_per_normalized_energy,0.42920904845037455
equal power,20260722T124844Z_ofdm_subcarrier_resource_allocation_1__resource.average_transmit_power_budget_4,average_transmit_power_budget 4,stored,allocation_evaluation,channel.reference_snr_db,6.989700043360188
equal power,20260722T124844Z_ofdm_subcarrier_resource_allocation_1__resource.average_transmit_power_budget_4,average_transmit_power_budget 4,stored,allocation_evaluation,channel.resource_element_utilization,0.9253694353389024
equal power,20260722T124844Z_ofdm_subcarrier_resource_allocation_1__resource.average_transmit_power_budget_4,average_transmit_power_budget 4,stored,allocation_evaluation,channel.scheduled_resource_element_count,605248
equal power,20260722T124844Z_ofdm_subcarrier_resource_allocation_1__resource.average_transmit_power_budget_4,average_transmit_power_budget 4,stored,allocation_evaluation,channel.tx_energy_for_payload,2240251
equal power,20260722T124844Z_ofdm_subcarrier_resource_allocation_1__resource.average_transmit_power_budget_4,average_transmit_power_budget 4,stored,allocation_evaluation,channel.tx_energy_per_delivered_payload_bit,2.3298670044595315
equal power,20260722T124844Z_ofdm_subcarrier_resource_allocation_1__resource.average_transmit_power_budget_4,average_transmit_power_budget 4,stored,allocation_evaluation,resource.active_resource_element_fraction,1
equal power,20260722T124844Z_ofdm_subcarrier_resource_allocation_1__resource.average_transmit_power_budget_4,average_transmit_power_budget 4,stored,allocation_evaluation,resource.allocated_power_weighted_channel_gain_lift,0
equal power,20260722T124844Z_ofdm_subcarrier_resource_allocation_1__resource.average_transmit_power_budget_4,average_transmit_power_budget 4,stored,allocation_evaluation,resource.allocation_power_coefficient_of_variation,0
equal power,20260722T124844Z_ofdm_subcarrier_resource_allocation_1__resource.average_transmit_power_budget_4,average_transmit_power_budget 4,stored,allocation_evaluation,resource.average_transmit_power_budget,4
equal power,20260722T124844Z_ofdm_subcarrier_resource_allocation_1__resource.average_transmit_power_budget_4,average_transmit_power_budget 4,stored,allocation_evaluation,resource.power_constraint.max_abs_error,0
equal power,20260722T124844Z_ofdm_subcarrier_resource_allocation_1__resource.average_transmit_power_budget_4,average_transmit_power_budget 4,stored,allocation_evaluation,resource.power_constraint.max_negative_violation,0
equal power,20260722T124844Z_ofdm_subcarrier_resource_allocation_1__resource.average_transmit_power_budget_4,average_transmit_power_budget 4,stored,allocation_evaluation,resource.power_constraint.max_relative_error,0
equal power,20260722T124844Z_ofdm_subcarrier_resource_allocation_1__resource.average_transmit_power_budget_4,average_transmit_power_budget 4,stored,allocation_evaluation,resource.theoretical_min_state_spectral_efficiency_bps_hz,2.3423784078206324
equal power,20260722T124844Z_ofdm_subcarrier_resource_allocation_1__resource.average_transmit_power_budget_4,average_transmit_power_budget 4,stored,allocation_evaluation,resource.theoretical_outage_probability,0
equal power,20260722T124844Z_ofdm_subcarrier_resource_allocation_1__resource.average_transmit_power_budget_4,average_transmit_power_budget 4,stored,allocation_evaluation,resource.theoretical_outage_target_spectral_efficiency_bps_hz,2
equal power,20260722T124844Z_ofdm_subcarrier_resource_allocation_1__resource.average_transmit_power_budget_4,average_transmit_power_budget 4,stored,allocation_evaluation,resource.theoretical_p05_state_spectral_efficiency_bps_hz,3.658717092688807
equal power,20260722T124844Z_ofdm_subcarrier_resource_allocation_1__resource.average_transmit_power_budget_4,average_transmit_power_budget 4,stored,allocation_evaluation,resource.theoretical_shannon_spectral_efficiency_bps_hz,4.0804559966528515
equal power,20260722T124844Z_ofdm_subcarrier_resource_allocation_1__resource.average_transmit_power_budget_4,average_transmit_power_budget 4,stored,allocation_evaluation,resource.theoretical_shannon_sum_bits_per_ofdm_symbol,130.57459189289125
equal power,20260722T124844Z_ofdm_subcarrier_resource_allocation_1__resource.average_transmit_power_budget_4,average_transmit_power_budget 4,stored,allocation_evaluation,resource.water_filling_kkt_normalized_residual,0.2913932859243479
equal power,20260722T124844Z_ofdm_subcarrier_resource_allocation_1__resource.average_transmit_power_budget_4,average_transmit_power_budget 4,stored,allocation_evaluation,resource.water_filling_optimality_gap_bps_hz,0.016799757890378686
equal power,20260722T124844Z_ofdm_subcarrier_resource_allocation_1__resource.average_transmit_power_budget_4,average_transmit_power_budget 4,stored,allocation_evaluation,resource.water_filling_oracle_spectral_efficiency_bps_hz,4.09725575454323
equal power,20260722T124844Z_ofdm_subcarrier_resource_allocation_1__resource.average_transmit_power_budget_4,average_transmit_power_budget 4,stored,allocation_evaluation,resource.water_filling_power_normalized_rmse,0.1707267480913245
equal power,20260722T124844Z_ofdm_subcarrier_resource_allocation_1__resource.average_transmit_power_budget_4,average_transmit_power_budget 4,stored,allocation_evaluation,resource.water_filling_power_rmse,0.682906992365298
equal power,20260722T124844Z_ofdm_subcarrier_resource_allocation_1__resource.average_transmit_power_budget_4,average_transmit_power_budget 4,stored,allocation_evaluation,resource.water_filling_relative_optimality_gap,0.004100246334818207
equal power,20260722T124844Z_ofdm_subcarrier_resource_allocation_1__resource.average_transmit_power_budget_4,average_transmit_power_budget 4,stored,allocation_evaluation,task.score,1.588664481336576
equal power,20260722T124844Z_ofdm_subcarrier_resource_allocation_1__resource.average_transmit_power_budget_4,average_transmit_power_budget 4,stored,allocation_evaluation,timing.step.wall_time_s,38.20219115796499
equal power,20260722T124844Z_ofdm_subcarrier_resource_allocation_1__resource.average_transmit_power_budget_4,average_transmit_power_budget 4,stored,channel_bit_count_match,channel.fixed.channel_io.bit_count_match,1
equal power,20260722T124844Z_ofdm_subcarrier_resource_allocation_1__resource.average_transmit_power_budget_4,average_transmit_power_budget 4,stored,channel_bit_count_match,channel.fixed.channel_io.candidate_bit_count,1048576
equal power,20260722T124844Z_ofdm_subcarrier_resource_allocation_1__resource.average_transmit_power_budget_4,average_transmit_power_budget 4,stored,channel_bit_count_match,channel.fixed.channel_io.length_delta,0
equal power,20260722T124844Z_ofdm_subcarrier_resource_allocation_1__resource.average_transmit_power_budget_4,average_transmit_power_budget 4,stored,channel_bit_count_match,channel.fixed.channel_io.reference_bit_count,1048576
equal power,20260722T124844Z_ofdm_subcarrier_resource_allocation_1__resource.average_transmit_power_budget_4,average_transmit_power_budget 4,stored,channel_bit_count_match,timing.step.wall_time_s,0.01281186897540465
equal power,20260722T124844Z_ofdm_subcarrier_resource_allocation_1__resource.average_transmit_power_budget_4,average_transmit_power_budget 4,stored,channel_decoder,channel.decoded_bit_count,1048576
equal power,20260722T124844Z_ofdm_subcarrier_resource_allocation_1__resource.average_transmit_power_budget_4,average_transmit_power_budget 4,stored,channel_decoder,timing.step.wall_time_s,0.1708273679832928
equal power,20260722T124844Z_ofdm_subcarrier_resource_allocation_1__resource.average_transmit_power_budget_4,average_transmit_power_budget 4,stored,channel_encoder,channel.code_rate,1
equal power,20260722T124844Z_ofdm_subcarrier_resource_allocation_1__resource.average_transmit_power_budget_4,average_transmit_power_budget 4,stored,channel_encoder,channel.coded_bit_count,1048576
equal power,20260722T124844Z_ofdm_subcarrier_resource_allocation_1__resource.average_transmit_power_budget_4,average_transmit_power_budget 4,stored,channel_encoder,channel.payload_bit_count,1048576
equal power,20260722T124844Z_ofdm_subcarrier_resource_allocation_1__resource.average_transmit_power_budget_4,average_transmit_power_budget 4,stored,channel_encoder,channel.transmitted_bit_count,1048576
equal power,20260722T124844Z_ofdm_subcarrier_resource_allocation_1__resource.average_transmit_power_budget_4,average_transmit_power_budget 4,stored,channel_encoder,timing.step.wall_time_s,0.11532705102581531
equal power,20260722T124844Z_ofdm_subcarrier_resource_allocation_1__resource.average_transmit_power_budget_4,average_transmit_power_budget 4,stored,channel_state,channel.gain.average,1
equal power,20260722T124844Z_ofdm_subcarrier_resource_allocation_1__resource.average_transmit_power_budget_4,average_transmit_power_budget 4,stored,channel_state,channel.noise_variance,0.2
equal power,20260722T124844Z_ofdm_subcarrier_resource_allocation_1__resource.average_transmit_power_budget_4,average_transmit_power_budget 4,stored,channel_state,channel.num_ofdm_symbols,4
equal power,20260722T124844Z_ofdm_subcarrier_resource_allocation_1__resource.average_transmit_power_budget_4,average_transmit_power_budget 4,stored,channel_state,channel.ofdm_fft_size,32
equal power,20260722T124844Z_ofdm_subcarrier_resource_allocation_1__resource.average_transmit_power_budget_4,average_transmit_power_budget 4,stored,channel_state,channel.ofdm_resource_element_capacity,8388608
equal power,20260722T124844Z_ofdm_subcarrier_resource_allocation_1__resource.average_transmit_power_budget_4,average_transmit_power_budget 4,stored,channel_state,channel.ofdm_state_count,262144
equal power,20260722T124844Z_ofdm_subcarrier_resource_allocation_1__resource.average_transmit_power_budget_4,average_transmit_power_budget 4,stored,channel_state,channel.reference_snr_db,6.989700043360188
equal power,20260722T124844Z_ofdm_subcarrier_resource_allocation_1__resource.average_transmit_power_budget_4,average_transmit_power_budget 4,stored,channel_state,timing.step.wall_time_s,12.425927538017277
equal power,20260722T124844Z_ofdm_subcarrier_resource_allocation_1__resource.average_transmit_power_budget_4,average_transmit_power_budget 4,stored,coded_ber,channel.coded.ber,0.00008678436279296875
equal power,20260722T124844Z_ofdm_subcarrier_resource_allocation_1__resource.average_transmit_power_budget_4,average_transmit_power_budget 4,stored,coded_ber,channel.coded.compare_bit_count,1048576
equal power,20260722T124844Z_ofdm_subcarrier_resource_allocation_1__resource.average_transmit_power_budget_4,average_transmit_power_budget 4,stored,coded_ber,channel.coded.error_count,91
equal power,20260722T124844Z_ofdm_subcarrier_resource_allocation_1__resource.average_transmit_power_budget_4,average_transmit_power_budget 4,stored,coded_ber,timing.step.wall_time_s,0.01204692100873217
equal power,20260722T124844Z_ofdm_subcarrier_resource_allocation_1__resource.average_transmit_power_budget_4,average_transmit_power_budget 4,stored,coded_bler,channel.coded.bler,0.0830078125
equal power,20260722T124844Z_ofdm_subcarrier_resource_allocation_1__resource.average_transmit_power_budget_4,average_transmit_power_budget 4,stored,coded_bler,channel.coded.block_count,1024
equal power,20260722T124844Z_ofdm_subcarrier_resource_allocation_1__resource.average_transmit_power_budget_4,average_transmit_power_budget 4,stored,coded_bler,channel.coded.block_error_count,85
equal power,20260722T124844Z_ofdm_subcarrier_resource_allocation_1__resource.average_transmit_power_budget_4,average_transmit_power_budget 4,stored,coded_bler,channel.coded.block_size,1024
equal power,20260722T124844Z_ofdm_subcarrier_resource_allocation_1__resource.average_transmit_power_budget_4,average_transmit_power_budget 4,stored,coded_bler,timing.step.wall_time_s,0.021351880044676363
equal power,20260722T124844Z_ofdm_subcarrier_resource_allocation_1__resource.average_transmit_power_budget_4,average_transmit_power_budget 4,stored,data,channel.payload_bit_count,1048576
equal power,20260722T124844Z_ofdm_subcarrier_resource_allocation_1__resource.average_transmit_power_budget_4,average_transmit_power_budget 4,stored,data,source.bit_count,1048576
equal power,20260722T124844Z_ofdm_subcarrier_resource_allocation_1__resource.average_transmit_power_budget_4,average_transmit_power_budget 4,stored,data,source.example_count,1024
equal power,20260722T124844Z_ofdm_subcarrier_resource_allocation_1__resource.average_transmit_power_budget_4,average_transmit_power_budget 4,stored,data,source.transport_block_count,1024
equal power,20260722T124844Z_ofdm_subcarrier_resource_allocation_1__resource.average_transmit_power_budget_4,average_transmit_power_budget 4,stored,data,source.transport_block_size_bits,1024
equal power,20260722T124844Z_ofdm_subcarrier_resource_allocation_1__resource.average_transmit_power_budget_4,average_transmit_power_budget 4,stored,data,timing.step.wall_time_s,0.12047512800199911
equal power,20260722T124844Z_ofdm_subcarrier_resource_allocation_1__resource.average_transmit_power_budget_4,average_transmit_power_budget 4,stored,demodulator,channel.allocation_aware_transport,1
equal power,20260722T124844Z_ofdm_subcarrier_resource_allocation_1__resource.average_transmit_power_budget_4,average_transmit_power_budget 4,stored,demodulator,channel.demod_bit_count,1048576
equal power,20260722T124844Z_ofdm_subcarrier_resource_allocation_1__resource.average_transmit_power_budget_4,average_transmit_power_budget 4,stored,demodulator,timing.step.wall_time_s,0.8541809709859081
equal power,20260722T124844Z_ofdm_subcarrier_resource_allocation_1__resource.average_transmit_power_budget_4,average_transmit_power_budget 4,stored,modulator,channel.bits_per_symbol,2
equal power,20260722T124844Z_ofdm_subcarrier_resource_allocation_1__resource.average_transmit_power_budget_4,average_transmit_power_budget 4,stored,modulator,channel.channel_use_count,524288
equal power,20260722T124844Z_ofdm_subcarrier_resource_allocation_1__resource.average_transmit_power_budget_4,average_transmit_power_budget 4,stored,modulator,channel.coded_bit_count,1048576
equal power,20260722T124844Z_ofdm_subcarrier_resource_allocation_1__resource.average_transmit_power_budget_4,average_transmit_power_budget 4,stored,modulator,channel.symbol_count,524288
equal power,20260722T124844Z_ofdm_subcarrier_resource_allocation_1__resource.average_transmit_power_budget_4,average_transmit_power_budget 4,stored,modulator,channel.transmitted_bit_count,1048576
equal power,20260722T124844Z_ofdm_subcarrier_resource_allocation_1__resource.average_transmit_power_budget_4,average_transmit_power_budget 4,stored,modulator,timing.step.wall_time_s,0.24238807597430423
equal power,20260722T124844Z_ofdm_subcarrier_resource_allocation_1__resource.average_transmit_power_budget_4,average_transmit_power_budget 4,stored,payload_ber,channel.payload.ber,0.00008678436279296875
equal power,20260722T124844Z_ofdm_subcarrier_resource_allocation_1__resource.average_transmit_power_budget_4,average_transmit_power_budget 4,stored,payload_ber,channel.payload.compare_bit_count,1048576
equal power,20260722T124844Z_ofdm_subcarrier_resource_allocation_1__resource.average_transmit_power_budget_4,average_transmit_power_budget 4,stored,payload_ber,channel.payload.error_count,91
equal power,20260722T124844Z_ofdm_subcarrier_resource_allocation_1__resource.average_transmit_power_budget_4,average_transmit_power_budget 4,stored,payload_ber,timing.step.wall_time_s,0.010828622034750879
equal power,20260722T124844Z_ofdm_subcarrier_resource_allocation_1__resource.average_transmit_power_budget_4,average_transmit_power_budget 4,stored,payload_bit_boundary,channel.fixed.bit_count,1048576
equal power,20260722T124844Z_ofdm_subcarrier_resource_allocation_1__resource.average_transmit_power_budget_4,average_transmit_power_budget 4,stored,payload_bit_boundary,channel.fixed.byte_count,131072
equal power,20260722T124844Z_ofdm_subcarrier_resource_allocation_1__resource.average_transmit_power_budget_4,average_transmit_power_budget 4,stored,payload_bit_boundary,channel.fixed.payload_input.bit_count,1048576
equal power,20260722T124844Z_ofdm_subcarrier_resource_allocation_1__resource.average_transmit_power_budget_4,average_transmit_power_budget 4,stored,payload_bit_boundary,channel.fixed.payload_input.bits_per_element,1
equal power,20260722T124844Z_ofdm_subcarrier_resource_allocation_1__resource.average_transmit_power_budget_4,average_transmit_power_budget 4,stored,payload_bit_boundary,channel.fixed.payload_input.byte_count,131072
equal power,20260722T124844Z_ofdm_subcarrier_resource_allocation_1__resource.average_transmit_power_budget_4,average_transmit_power_budget 4,stored,payload_bit_boundary,channel.fixed.payload_input.dtype_uint8,1
equal power,20260722T124844Z_ofdm_subcarrier_resource_allocation_1__resource.average_transmit_power_budget_4,average_transmit_power_budget 4,stored,payload_bit_boundary,timing.step.wall_time_s,0.11246026703156531
equal power,20260722T124844Z_ofdm_subcarrier_resource_allocation_1__resource.average_transmit_power_budget_4,average_transmit_power_budget 4,stored,payload_bler,channel.payload.bler,0.0830078125
equal power,20260722T124844Z_ofdm_subcarrier_resource_allocation_1__resource.average_transmit_power_budget_4,average_transmit_power_budget 4,stored,payload_bler,channel.payload.block_count,1024
equal power,20260722T124844Z_ofdm_subcarrier_resource_allocation_1__resource.average_transmit_power_budget_4,average_transmit_power_budget 4,stored,payload_bler,channel.payload.block_error_count,85
equal power,20260722T124844Z_ofdm_subcarrier_resource_allocation_1__resource.average_transmit_power_budget_4,average_transmit_power_budget 4,stored,payload_bler,channel.payload.block_size,1024
equal power,20260722T124844Z_ofdm_subcarrier_resource_allocation_1__resource.average_transmit_power_budget_4,average_transmit_power_budget 4,stored,payload_bler,timing.step.wall_time_s,0.017745189019478858
equal power,20260722T124844Z_ofdm_subcarrier_resource_allocation_1__resource.average_transmit_power_budget_4,average_transmit_power_budget 4,stored,run,memory.run.end_rss_bytes,4609712128
equal power,20260722T124844Z_ofdm_subcarrier_resource_allocation_1__resource.average_transmit_power_budget_4,average_transmit_power_budget 4,stored,run,memory.run.peak_rss_bytes,5347008512
equal power,20260722T124844Z_ofdm_subcarrier_resource_allocation_1__resource.average_transmit_power_budget_4,average_transmit_power_budget 4,stored,run,memory.run.peak_rss_delta_bytes,4898836480
equal power,20260722T124844Z_ofdm_subcarrier_resource_allocation_1__resource.average_transmit_power_budget_4,average_transmit_power_budget 4,stored,run,memory.run.sampler_interval_s,0.05
equal power,20260722T124844Z_ofdm_subcarrier_resource_allocation_1__resource.average_transmit_power_budget_4,average_transmit_power_budget 4,stored,run,memory.run.start_rss_bytes,448172032
equal power,20260722T124844Z_ofdm_subcarrier_resource_allocation_1__resource.average_transmit_power_budget_4,average_transmit_power_budget 4,stored,rx_bit_boundary,channel.fixed.bit_count,1048576
equal power,20260722T124844Z_ofdm_subcarrier_resource_allocation_1__resource.average_transmit_power_budget_4,average_transmit_power_budget 4,stored,rx_bit_boundary,channel.fixed.byte_count,131072
equal power,20260722T124844Z_ofdm_subcarrier_resource_allocation_1__resource.average_transmit_power_budget_4,average_transmit_power_budget 4,stored,rx_bit_boundary,channel.fixed.demodulator_output.bit_count,1048576
equal power,20260722T124844Z_ofdm_subcarrier_resource_allocation_1__resource.average_transmit_power_budget_4,average_transmit_power_budget 4,stored,rx_bit_boundary,channel.fixed.demodulator_output.bits_per_element,1
equal power,20260722T124844Z_ofdm_subcarrier_resource_allocation_1__resource.average_transmit_power_budget_4,average_transmit_power_budget 4,stored,rx_bit_boundary,channel.fixed.demodulator_output.byte_count,131072
equal power,20260722T124844Z_ofdm_subcarrier_resource_allocation_1__resource.average_transmit_power_budget_4,average_transmit_power_budget 4,stored,rx_bit_boundary,channel.fixed.demodulator_output.dtype_uint8,1
equal power,20260722T124844Z_ofdm_subcarrier_resource_allocation_1__resource.average_transmit_power_budget_4,average_transmit_power_budget 4,stored,rx_bit_boundary,timing.step.wall_time_s,0.13763188995653763
equal power,20260722T124844Z_ofdm_subcarrier_resource_allocation_1__resource.average_transmit_power_budget_4,average_transmit_power_budget 4,stored,tx_bit_boundary,channel.fixed.bit_count,1048576
equal power,20260722T124844Z_ofdm_subcarrier_resource_allocation_1__resource.average_transmit_power_budget_4,average_transmit_power_budget 4,stored,tx_bit_boundary,channel.fixed.byte_count,131072
equal power,20260722T124844Z_ofdm_subcarrier_resource_allocation_1__resource.average_transmit_power_budget_4,average_transmit_power_budget 4,stored,tx_bit_boundary,channel.fixed.modulator_input.bit_count,1048576
equal power,20260722T124844Z_ofdm_subcarrier_resource_allocation_1__resource.average_transmit_power_budget_4,average_transmit_power_budget 4,stored,tx_bit_boundary,channel.fixed.modulator_input.bits_per_element,1
equal power,20260722T124844Z_ofdm_subcarrier_resource_allocation_1__resource.average_transmit_power_budget_4,average_transmit_power_budget 4,stored,tx_bit_boundary,channel.fixed.modulator_input.byte_count,131072
equal power,20260722T124844Z_ofdm_subcarrier_resource_allocation_1__resource.average_transmit_power_budget_4,average_transmit_power_budget 4,stored,tx_bit_boundary,channel.fixed.modulator_input.dtype_uint8,1
equal power,20260722T124844Z_ofdm_subcarrier_resource_allocation_1__resource.average_transmit_power_budget_4,average_transmit_power_budget 4,stored,tx_bit_boundary,timing.step.wall_time_s,0.11634002404753119
equal power,20260722T124844Z_ofdm_subcarrier_resource_allocation_1__resource.average_transmit_power_budget_4,average_transmit_power_budget 4,stored,tx_power,channel.channel_use_count,605248
equal power,20260722T124844Z_ofdm_subcarrier_resource_allocation_1__resource.average_transmit_power_budget_4,average_transmit_power_budget 4,stored,tx_power,channel.data_bearing_resource_element_count,560078
equal power,20260722T124844Z_ofdm_subcarrier_resource_allocation_1__resource.average_transmit_power_budget_4,average_transmit_power_budget 4,stored,tx_power,channel.scheduled_resource_element_count,605248
equal power,20260722T124844Z_ofdm_subcarrier_resource_allocation_1__resource.average_transmit_power_budget_4,average_transmit_power_budget 4,stored,tx_power,channel.symbol_count,605248
equal power,20260722T124844Z_ofdm_subcarrier_resource_allocation_1__resource.average_transmit_power_budget_4,average_transmit_power_budget 4,stored,tx_power,channel.tx_power.after,3.701376925247491
equal power,20260722T124844Z_ofdm_subcarrier_resource_allocation_1__resource.average_transmit_power_budget_4,average_transmit_power_budget 4,stored,tx_power,channel.tx_power.average,3.701376925247491
equal power,20260722T124844Z_ofdm_subcarrier_resource_allocation_1__resource.average_transmit_power_budget_4,average_transmit_power_budget 4,stored,tx_power,channel.tx_power.before,0.9999999403953552
equal power,20260722T124844Z_ofdm_subcarrier_resource_allocation_1__resource.average_transmit_power_budget_4,average_transmit_power_budget 4,stored,tx_power,channel.tx_power.group_count,32
equal power,20260722T124844Z_ofdm_subcarrier_resource_allocation_1__resource.average_transmit_power_budget_4,average_transmit_power_budget 4,stored,tx_power,channel.tx_power.selected,4
equal power,20260722T124844Z_ofdm_subcarrier_resource_allocation_1__resource.average_transmit_power_budget_4,average_transmit_power_budget 4,stored,tx_power,channel.tx_power.snr_db,6.989700043360188
equal power,20260722T124844Z_ofdm_subcarrier_resource_allocation_1__resource.average_transmit_power_budget_4,average_transmit_power_budget 4,stored,tx_power,channel.tx_power.total_energy,2240250.9812521935
equal power,20260722T124844Z_ofdm_subcarrier_resource_allocation_1__resource.average_transmit_power_budget_4,average_transmit_power_budget 4,stored,tx_power,channel.tx_power.tx_power.after,3.701376925247491
equal power,20260722T124844Z_ofdm_subcarrier_resource_allocation_1__resource.average_transmit_power_budget_4,average_transmit_power_budget 4,stored,tx_power,channel.tx_power.tx_power.before,0.9999999403953552
equal power,20260722T124844Z_ofdm_subcarrier_resource_allocation_1__resource.average_transmit_power_budget_4,average_transmit_power_budget 4,stored,tx_power,channel.tx_power.tx_power.selected,4
equal power,20260722T124844Z_ofdm_subcarrier_resource_allocation_1__resource.average_transmit_power_budget_4,average_transmit_power_budget 4,stored,tx_power,channel.tx_power.tx_power.snr_db,6.989700043360188
equal power,20260722T124844Z_ofdm_subcarrier_resource_allocation_1__resource.average_transmit_power_budget_4,average_transmit_power_budget 4,stored,tx_power,channel.tx_power.tx_power.total_energy,2240250.9812521935
equal power,20260722T124844Z_ofdm_subcarrier_resource_allocation_1__resource.average_transmit_power_budget_4,average_transmit_power_budget 4,stored,tx_power,timing.step.wall_time_s,3.599871404992882
equal power,20260722T124844Z_ofdm_subcarrier_resource_allocation_1__resource.average_transmit_power_budget_4,average_transmit_power_budget 4,stored,wireless_channel,channel.backend.sionna,1
equal power,20260722T124844Z_ofdm_subcarrier_resource_allocation_1__resource.average_transmit_power_budget_4,average_transmit_power_budget 4,stored,wireless_channel,channel.carrier_frequency_ghz,3.5
equal power,20260722T124844Z_ofdm_subcarrier_resource_allocation_1__resource.average_transmit_power_budget_4,average_transmit_power_budget 4,stored,wireless_channel,channel.channel_use_count,605248
equal power,20260722T124844Z_ofdm_subcarrier_resource_allocation_1__resource.average_transmit_power_budget_4,average_transmit_power_budget 4,stored,wireless_channel,channel.effective_snr_db,12.975908464945963
equal power,20260722T124844Z_ofdm_subcarrier_resource_allocation_1__resource.average_transmit_power_budget_4,average_transmit_power_budget 4,stored,wireless_channel,channel.gain.average,1
equal power,20260722T124844Z_ofdm_subcarrier_resource_allocation_1__resource.average_transmit_power_budget_4,average_transmit_power_budget 4,stored,wireless_channel,channel.mobility_kmh,30
equal power,20260722T124844Z_ofdm_subcarrier_resource_allocation_1__resource.average_transmit_power_budget_4,average_transmit_power_budget 4,stored,wireless_channel,channel.noise_variance,0.2
equal power,20260722T124844Z_ofdm_subcarrier_resource_allocation_1__resource.average_transmit_power_budget_4,average_transmit_power_budget 4,stored,wireless_channel,channel.num_ofdm_symbols,4
equal power,20260722T124844Z_ofdm_subcarrier_resource_allocation_1__resource.average_transmit_power_budget_4,average_transmit_power_budget 4,stored,wireless_channel,channel.ofdm_fft_size,32
equal power,20260722T124844Z_ofdm_subcarrier_resource_allocation_1__resource.average_transmit_power_budget_4,average_transmit_power_budget 4,stored,wireless_channel,channel.post_equalizer_component_power.average,5.41084885597229
equal power,20260722T124844Z_ofdm_subcarrier_resource_allocation_1__resource.average_transmit_power_budget_4,average_transmit_power_budget 4,stored,wireless_channel,channel.post_equalizer_noise_power.average,1.7094719409942627
equal power,20260722T124844Z_ofdm_subcarrier_resource_allocation_1__resource.average_transmit_power_budget_4,average_transmit_power_budget 4,stored,wireless_channel,channel.post_equalizer_output_power.average,5.409211787651013
equal power,20260722T124844Z_ofdm_subcarrier_resource_allocation_1__resource.average_transmit_power_budget_4,average_transmit_power_budget 4,stored,wireless_channel,channel.post_equalizer_signal_noise_cross_power.average,-0.0016370683212771908
equal power,20260722T124844Z_ofdm_subcarrier_resource_allocation_1__resource.average_transmit_power_budget_4,average_transmit_power_budget 4,stored,wireless_channel,channel.post_equalizer_signal_power.average,3.7013769149780273
equal power,20260722T124844Z_ofdm_subcarrier_resource_allocation_1__resource.average_transmit_power_budget_4,average_transmit_power_budget 4,stored,wireless_channel,channel.received_signal_power.average,3.968449354171753
equal power,20260722T124844Z_ofdm_subcarrier_resource_allocation_1__resource.average_transmit_power_budget_4,average_transmit_power_budget 4,stored,wireless_channel,channel.reference_snr_db,6.9897000433601875
equal power,20260722T124844Z_ofdm_subcarrier_resource_allocation_1__resource.average_transmit_power_budget_4,average_transmit_power_budget 4,stored,wireless_channel,channel.rx_antenna_component_power.average,4.168665185570717
equal power,20260722T124844Z_ofdm_subcarrier_resource_allocation_1__resource.average_transmit_power_budget_4,average_transmit_power_budget 4,stored,wireless_channel,channel.rx_antenna_noise_power.average,0.20021583139896393
equal power,20260722T124844Z_ofdm_subcarrier_resource_allocation_1__resource.average_transmit_power_budget_4,average_transmit_power_budget 4,stored,wireless_channel,channel.rx_antenna_power.average,4.168215218172226
equal power,20260722T124844Z_ofdm_subcarrier_resource_allocation_1__resource.average_transmit_power_budget_4,average_transmit_power_budget 4,stored,wireless_channel,channel.rx_antenna_power.total_energy,2522803.9243683033
equal power,20260722T124844Z_ofdm_subcarrier_resource_allocation_1__resource.average_transmit_power_budget_4,average_transmit_power_budget 4,stored,wireless_channel,channel.rx_antenna_signal_noise_cross_power.average,-0.0004499673984907915
equal power,20260722T124844Z_ofdm_subcarrier_resource_allocation_1__resource.average_transmit_power_budget_4,average_transmit_power_budget 4,stored,wireless_channel,channel.rx_antenna_signal_power.average,3.968449354171753
equal power,20260722T124844Z_ofdm_subcarrier_resource_allocation_1__resource.average_transmit_power_budget_4,average_transmit_power_budget 4,stored,wireless_channel,channel.rx_equalized_power.average,5.409211787651013
equal power,20260722T124844Z_ofdm_subcarrier_resource_allocation_1__resource.average_transmit_power_budget_4,average_transmit_power_budget 4,stored,wireless_channel,channel.rx_equalized_power.total_energy,3273914.6160522
equal power,20260722T124844Z_ofdm_subcarrier_resource_allocation_1__resource.average_transmit_power_budget_4,average_transmit_power_budget 4,stored,wireless_channel,channel.rx_output_power.average,5.409211787651013
equal power,20260722T124844Z_ofdm_subcarrier_resource_allocation_1__resource.average_transmit_power_budget_4,average_transmit_power_budget 4,stored,wireless_channel,channel.rx_output_power.total_energy,3273914.6160522
equal power,20260722T124844Z_ofdm_subcarrier_resource_allocation_1__resource.average_transmit_power_budget_4,average_transmit_power_budget 4,stored,wireless_channel,channel.rx_power.average,5.409211787651013
equal power,20260722T124844Z_ofdm_subcarrier_resource_allocation_1__resource.average_transmit_power_budget_4,average_transmit_power_budget 4,stored,wireless_channel,channel.rx_power.total_energy,3273914.6160522
equal power,20260722T124844Z_ofdm_subcarrier_resource_allocation_1__resource.average_transmit_power_budget_4,average_transmit_power_budget 4,stored,wireless_channel,channel.snr_db,6.9897000433601875
equal power,20260722T124844Z_ofdm_subcarrier_resource_allocation_1__resource.average_transmit_power_budget_4,average_transmit_power_budget 4,stored,wireless_channel,channel.symbol_count,605248
equal power,20260722T124844Z_ofdm_subcarrier_resource_allocation_1__resource.average_transmit_power_budget_4,average_transmit_power_budget 4,stored,wireless_channel,channel.tx_effective_snr_db,12.673333163320642
equal power,20260722T124844Z_ofdm_subcarrier_resource_allocation_1__resource.average_transmit_power_budget_4,average_transmit_power_budget 4,stored,wireless_channel,channel.tx_power_at_channel.average,3.7013769149780273
equal power,20260722T124844Z_ofdm_subcarrier_resource_allocation_1__resource.average_transmit_power_budget_4,average_transmit_power_budget 4,stored,wireless_channel,timing.step.wall_time_s,1.8645617450238205
policy learned artifact - tx power artifact entrypoint...,20260722T123820Z_ofdm_subcarrier_resource_allocation__resource.average_transmit_power_budget_0.5,average_transmit_power_budget 0.5,stored,allocation_evaluation,channel.achieved_payload_goodput_bits_per_resource_element,0.1555203380876915
policy learned artifact - tx power artifact entrypoint...,20260722T123820Z_ofdm_subcarrier_resource_allocation__resource.average_transmit_power_budget_0.5,average_transmit_power_budget 0.5,stored,allocation_evaluation,channel.data_bearing_resource_element_count,983424
policy learned artifact - tx power artifact entrypoint...,20260722T123820Z_ofdm_subcarrier_resource_allocation__resource.average_transmit_power_budget_0.5,average_transmit_power_budget 0.5,stored,allocation_evaluation,channel.delivered_payload_bit_count,518144
policy learned artifact - tx power artifact entrypoint...,20260722T123820Z_ofdm_subcarrier_resource_allocation__resource.average_transmit_power_budget_0.5,average_transmit_power_budget 0.5,stored,allocation_evaluation,channel.goodput_to_theoretical_shannon_efficiency_ratio,0.08963745041844777
policy learned artifact - tx power artifact entrypoint...,20260722T123820Z_ofdm_subcarrier_resource_allocation__resource.average_transmit_power_budget_0.5,average_transmit_power_budget 0.5,stored,allocation_evaluation,channel.noise_variance,0.2
policy learned artifact - tx power artifact entrypoint...,20260722T123820Z_ofdm_subcarrier_resource_allocation__resource.average_transmit_power_budget_0.5,average_transmit_power_budget 0.5,stored,allocation_evaluation,channel.offered_payload_bits_per_resource_element,0.31472890553714644
policy learned artifact - tx power artifact entrypoint...,20260722T123820Z_ofdm_subcarrier_resource_allocation__resource.average_transmit_power_budget_0.5,average_transmit_power_budget 0.5,stored,allocation_evaluation,channel.payload_delivery_block_count,1024
policy learned artifact - tx power artifact entrypoint...,20260722T123820Z_ofdm_subcarrier_resource_allocation__resource.average_transmit_power_budget_0.5,average_transmit_power_budget 0.5,stored,allocation_evaluation,channel.payload_delivery_block_error_count,518
policy learned artifact - tx power artifact entrypoint...,20260722T123820Z_ofdm_subcarrier_resource_allocation__resource.average_transmit_power_budget_0.5,average_transmit_power_budget 0.5,stored,allocation_evaluation,channel.payload_delivery_block_error_rate,0.505859375
policy learned artifact - tx power artifact entrypoint...,20260722T123820Z_ofdm_subcarrier_resource_allocation__resource.average_transmit_power_budget_0.5,average_transmit_power_budget 0.5,stored,allocation_evaluation,channel.payload_delivery_success,0
policy learned artifact - tx power artifact entrypoint...,20260722T123820Z_ofdm_subcarrier_resource_allocation__resource.average_transmit_power_budget_0.5,average_transmit_power_budget 0.5,stored,allocation_evaluation,channel.payload_energy_efficiency_bits_per_normalized_energy,0.7475849113499607
policy learned artifact - tx power artifact entrypoint...,20260722T123820Z_ofdm_subcarrier_resource_allocation__resource.average_transmit_power_budget_0.5,average_transmit_power_budget 0.5,stored,allocation_evaluation,channel.reference_snr_db,6.989700043360188
policy learned artifact - tx power artifact entrypoint...,20260722T123820Z_ofdm_subcarrier_resource_allocation__resource.average_transmit_power_budget_0.5,average_transmit_power_budget 0.5,stored,allocation_evaluation,channel.resource_element_utilization,0.29517360610862986
policy learned artifact - tx power artifact entrypoint...,20260722T123820Z_ofdm_subcarrier_resource_allocation__resource.average_transmit_power_budget_0.5,average_transmit_power_budget 0.5,stored,allocation_evaluation,channel.scheduled_resource_element_count,3331680
policy learned artifact - tx power artifact entrypoint...,20260722T123820Z_ofdm_subcarrier_resource_allocation__resource.average_transmit_power_budget_0.5,average_transmit_power_budget 0.5,stored,allocation_evaluation,channel.tx_energy_for_payload,693090.5
policy learned artifact - tx power artifact entrypoint...,20260722T123820Z_ofdm_subcarrier_resource_allocation__resource.average_transmit_power_budget_0.5,average_transmit_power_budget 0.5,stored,allocation_evaluation,channel.tx_energy_per_delivered_payload_bit,1.3376406944787549
policy learned artifact - tx power artifact entrypoint...,20260722T123820Z_ofdm_subcarrier_resource_allocation__resource.average_transmit_power_budget_0.5,average_transmit_power_budget 0.5,stored,allocation_evaluation,resource.active_resource_element_fraction,0.9096550941467285
policy learned artifact - tx power artifact entrypoint...,20260722T123820Z_ofdm_subcarrier_resource_allocation__resource.average_transmit_power_budget_0.5,average_transmit_power_budget 0.5,stored,allocation_evaluation,resource.allocated_power_weighted_channel_gain_lift,0.2302830654351054
policy learned artifact - tx power artifact entrypoint...,20260722T123820Z_ofdm_subcarrier_resource_allocation__resource.average_transmit_power_budget_0.5,average_transmit_power_budget 0.5,stored,allocation_evaluation,resource.allocation_power_coefficient_of_variation,0.40749415693314905
policy learned artifact - tx power artifact entrypoint...,20260722T123820Z_ofdm_subcarrier_resource_allocation__resource.average_transmit_power_budget_0.5,average_transmit_power_budget 0.5,stored,allocation_evaluation,resource.average_transmit_power_budget,0.5
policy learned artifact - tx power artifact entrypoint...,20260722T123820Z_ofdm_subcarrier_resource_allocation__resource.average_transmit_power_budget_0.5,average_transmit_power_budget 0.5,stored,allocation_evaluation,resource.power_constraint.max_abs_error,8.046627044677734e-7
policy learned artifact - tx power artifact entrypoint...,20260722T123820Z_ofdm_subcarrier_resource_allocation__resource.average_transmit_power_budget_0.5,average_transmit_power_budget 0.5,stored,allocation_evaluation,resource.power_constraint.max_negative_violation,0
policy learned artifact - tx power artifact entrypoint...,20260722T123820Z_ofdm_subcarrier_resource_allocation__resource.average_transmit_power_budget_0.5,average_transmit_power_budget 0.5,stored,allocation_evaluation,resource.power_constraint.max_relative_error,5.029141902923584e-8
policy learned artifact - tx power artifact entrypoint...,20260722T123820Z_ofdm_subcarrier_resource_allocation__resource.average_transmit_power_budget_0.5,average_transmit_power_budget 0.5,stored,allocation_evaluation,resource.theoretical_min_state_spectral_efficiency_bps_hz,1.2876111154581644
policy learned artifact - tx power artifact entrypoint...,20260722T123820Z_ofdm_subcarrier_resource_allocation__resource.average_transmit_power_budget_0.5,average_transmit_power_budget 0.5,stored,allocation_evaluation,resource.theoretical_outage_probability,1
policy learned artifact - tx power artifact entrypoint...,20260722T123820Z_ofdm_subcarrier_resource_allocation__resource.average_transmit_power_budget_0.5,average_transmit_power_budget 0.5,stored,allocation_evaluation,resource.theoretical_outage_target_spectral_efficiency_bps_hz,2
policy learned artifact - tx power artifact entrypoint...,20260722T123820Z_ofdm_subcarrier_resource_allocation__resource.average_transmit_power_budget_0.5,average_transmit_power_budget 0.5,stored,allocation_evaluation,resource.theoretical_p05_state_spectral_efficiency_bps_hz,1.6450539016420722
policy learned artifact - tx power artifact entrypoint...,20260722T123820Z_ofdm_subcarrier_resource_allocation__resource.average_transmit_power_budget_0.5,average_transmit_power_budget 0.5,stored,allocation_evaluation,resource.theoretical_shannon_spectral_efficiency_bps_hz,1.7349928781071706
policy learned artifact - tx power artifact entrypoint...,20260722T123820Z_ofdm_subcarrier_resource_allocation__resource.average_transmit_power_budget_0.5,average_transmit_power_budget 0.5,stored,allocation_evaluation,resource.theoretical_shannon_sum_bits_per_ofdm_symbol,55.51977209942946
policy learned artifact - tx power artifact entrypoint...,20260722T123820Z_ofdm_subcarrier_resource_allocation__resource.average_transmit_power_budget_0.5,average_transmit_power_budget 0.5,stored,allocation_evaluation,resource.water_filling_kkt_normalized_residual,0.0007917567887851527
policy learned artifact - tx power artifact entrypoint...,20260722T123820Z_ofdm_subcarrier_resource_allocation__resource.average_transmit_power_budget_0.5,average_transmit_power_budget 0.5,stored,allocation_evaluation,resource.water_filling_optimality_gap_bps_hz,6.107947791988977e-8
policy learned artifact - tx power artifact entrypoint...,20260722T123820Z_ofdm_subcarrier_resource_allocation__resource.average_transmit_power_budget_0.5,average_transmit_power_budget 0.5,stored,allocation_evaluation,resource.water_filling_oracle_spectral_efficiency_bps_hz,1.7349929391866485
policy learned artifact - tx power artifact entrypoint...,20260722T123820Z_ofdm_subcarrier_resource_allocation__resource.average_transmit_power_budget_0.5,average_transmit_power_budget 0.5,stored,allocation_evaluation,resource.water_filling_power_normalized_rmse,0.0005532282851659072
policy learned artifact - tx power artifact entrypoint...,20260722T123820Z_ofdm_subcarrier_resource_allocation__resource.average_transmit_power_budget_0.5,average_transmit_power_budget 0.5,stored,allocation_evaluation,resource.water_filling_power_rmse,0.0002766141425829536
policy learned artifact - tx power artifact entrypoint...,20260722T123820Z_ofdm_subcarrier_resource_allocation__resource.average_transmit_power_budget_0.5,average_transmit_power_budget 0.5,stored,allocation_evaluation,resource.water_filling_relative_optimality_gap,3.520445330948918e-8
policy learned artifact - tx power artifact entrypoint...,20260722T123820Z_ofdm_subcarrier_resource_allocation__resource.average_transmit_power_budget_0.5,average_transmit_power_budget 0.5,stored,allocation_evaluation,task.score,0.1555203380876915
policy learned artifact - tx power artifact entrypoint...,20260722T123820Z_ofdm_subcarrier_resource_allocation__resource.average_transmit_power_budget_0.5,average_transmit_power_budget 0.5,stored,allocation_evaluation,timing.step.wall_time_s,33.35228366195224
policy learned artifact - tx power artifact entrypoint...,20260722T123820Z_ofdm_subcarrier_resource_allocation__resource.average_transmit_power_budget_0.5,average_transmit_power_budget 0.5,stored,channel_bit_count_match,channel.fixed.channel_io.bit_count_match,1
policy learned artifact - tx power artifact entrypoint...,20260722T123820Z_ofdm_subcarrier_resource_allocation__resource.average_transmit_power_budget_0.5,average_transmit_power_budget 0.5,stored,channel_bit_count_match,channel.fixed.channel_io.candidate_bit_count,1048576
policy learned artifact - tx power artifact entrypoint...,20260722T123820Z_ofdm_subcarrier_resource_allocation__resource.average_transmit_power_budget_0.5,average_transmit_power_budget 0.5,stored,channel_bit_count_match,channel.fixed.channel_io.length_delta,0
policy learned artifact - tx power artifact entrypoint...,20260722T123820Z_ofdm_subcarrier_resource_allocation__resource.average_transmit_power_budget_0.5,average_transmit_power_budget 0.5,stored,channel_bit_count_match,channel.fixed.channel_io.reference_bit_count,1048576
policy learned artifact - tx power artifact entrypoint...,20260722T123820Z_ofdm_subcarrier_resource_allocation__resource.average_transmit_power_budget_0.5,average_transmit_power_budget 0.5,stored,channel_bit_count_match,timing.step.wall_time_s,0.012334050959907472
policy learned artifact - tx power artifact entrypoint...,20260722T123820Z_ofdm_subcarrier_resource_allocation__resource.average_transmit_power_budget_0.5,average_transmit_power_budget 0.5,stored,channel_decoder,channel.decoded_bit_count,1048576
policy learned artifact - tx power artifact entrypoint...,20260722T123820Z_ofdm_subcarrier_resource_allocation__resource.average_transmit_power_budget_0.5,average_transmit_power_budget 0.5,stored,channel_decoder,timing.step.wall_time_s,0.12997033895226195
policy learned artifact - tx power artifact entrypoint...,20260722T123820Z_ofdm_subcarrier_resource_allocation__resource.average_transmit_power_budget_0.5,average_transmit_power_budget 0.5,stored,channel_encoder,channel.code_rate,1
policy learned artifact - tx power artifact entrypoint...,20260722T123820Z_ofdm_subcarrier_resource_allocation__resource.average_transmit_power_budget_0.5,average_transmit_power_budget 0.5,stored,channel_encoder,channel.coded_bit_count,1048576
policy learned artifact - tx power artifact entrypoint...,20260722T123820Z_ofdm_subcarrier_resource_allocation__resource.average_transmit_power_budget_0.5,average_transmit_power_budget 0.5,stored,channel_encoder,channel.payload_bit_count,1048576
policy learned artifact - tx power artifact entrypoint...,20260722T123820Z_ofdm_subcarrier_resource_allocation__resource.average_transmit_power_budget_0.5,average_transmit_power_budget 0.5,stored,channel_encoder,channel.transmitted_bit_count,1048576
policy learned artifact - tx power artifact entrypoint...,20260722T123820Z_ofdm_subcarrier_resource_allocation__resource.average_transmit_power_budget_0.5,average_transmit_power_budget 0.5,stored,channel_encoder,timing.step.wall_time_s,0.08438798499992117
policy learned artifact - tx power artifact entrypoint...,20260722T123820Z_ofdm_subcarrier_resource_allocation__resource.average_transmit_power_budget_0.5,average_transmit_power_budget 0.5,stored,channel_state,channel.gain.average,1
policy learned artifact - tx power artifact entrypoint...,20260722T123820Z_ofdm_subcarrier_resource_allocation__resource.average_transmit_power_budget_0.5,average_transmit_power_budget 0.5,stored,channel_state,channel.noise_variance,0.2
policy learned artifact - tx power artifact entrypoint...,20260722T123820Z_ofdm_subcarrier_resource_allocation__resource.average_transmit_power_budget_0.5,average_transmit_power_budget 0.5,stored,channel_state,channel.num_ofdm_symbols,4
policy learned artifact - tx power artifact entrypoint...,20260722T123820Z_ofdm_subcarrier_resource_allocation__resource.average_transmit_power_budget_0.5,average_transmit_power_budget 0.5,stored,channel_state,channel.ofdm_fft_size,32
policy learned artifact - tx power artifact entrypoint...,20260722T123820Z_ofdm_subcarrier_resource_allocation__resource.average_transmit_power_budget_0.5,average_transmit_power_budget 0.5,stored,channel_state,channel.ofdm_resource_element_capacity,8388608
policy learned artifact - tx power artifact entrypoint...,20260722T123820Z_ofdm_subcarrier_resource_allocation__resource.average_transmit_power_budget_0.5,average_transmit_power_budget 0.5,stored,channel_state,channel.ofdm_state_count,262144
policy learned artifact - tx power artifact entrypoint...,20260722T123820Z_ofdm_subcarrier_resource_allocation__resource.average_transmit_power_budget_0.5,average_transmit_power_budget 0.5,stored,channel_state,channel.reference_snr_db,6.989700043360188
policy learned artifact - tx power artifact entrypoint...,20260722T123820Z_ofdm_subcarrier_resource_allocation__resource.average_transmit_power_budget_0.5,average_transmit_power_budget 0.5,stored,channel_state,timing.step.wall_time_s,10.579347289982252
policy learned artifact - tx power artifact entrypoint...,20260722T123820Z_ofdm_subcarrier_resource_allocation__resource.average_transmit_power_budget_0.5,average_transmit_power_budget 0.5,stored,coded_ber,channel.coded.ber,0.000701904296875
policy learned artifact - tx power artifact entrypoint...,20260722T123820Z_ofdm_subcarrier_resource_allocation__resource.average_transmit_power_budget_0.5,average_transmit_power_budget 0.5,stored,coded_ber,channel.coded.compare_bit_count,1048576
policy learned artifact - tx power artifact entrypoint...,20260722T123820Z_ofdm_subcarrier_resource_allocation__resource.average_transmit_power_budget_0.5,average_transmit_power_budget 0.5,stored,coded_ber,channel.coded.error_count,736
policy learned artifact - tx power artifact entrypoint...,20260722T123820Z_ofdm_subcarrier_resource_allocation__resource.average_transmit_power_budget_0.5,average_transmit_power_budget 0.5,stored,coded_ber,timing.step.wall_time_s,0.009731806989293545
policy learned artifact - tx power artifact entrypoint...,20260722T123820Z_ofdm_subcarrier_resource_allocation__resource.average_transmit_power_budget_0.5,average_transmit_power_budget 0.5,stored,coded_bler,channel.coded.bler,0.505859375
policy learned artifact - tx power artifact entrypoint...,20260722T123820Z_ofdm_subcarrier_resource_allocation__resource.average_transmit_power_budget_0.5,average_transmit_power_budget 0.5,stored,coded_bler,channel.coded.block_count,1024
policy learned artifact - tx power artifact entrypoint...,20260722T123820Z_ofdm_subcarrier_resource_allocation__resource.average_transmit_power_budget_0.5,average_transmit_power_budget 0.5,stored,coded_bler,channel.coded.block_error_count,518
policy learned artifact - tx power artifact entrypoint...,20260722T123820Z_ofdm_subcarrier_resource_allocation__resource.average_transmit_power_budget_0.5,average_transmit_power_budget 0.5,stored,coded_bler,channel.coded.block_size,1024
policy learned artifact - tx power artifact entrypoint...,20260722T123820Z_ofdm_subcarrier_resource_allocation__resource.average_transmit_power_budget_0.5,average_transmit_power_budget 0.5,stored,coded_bler,timing.step.wall_time_s,0.01583685795776546
policy learned artifact - tx power artifact entrypoint...,20260722T123820Z_ofdm_subcarrier_resource_allocation__resource.average_transmit_power_budget_0.5,average_transmit_power_budget 0.5,stored,data,channel.payload_bit_count,1048576
policy learned artifact - tx power artifact entrypoint...,20260722T123820Z_ofdm_subcarrier_resource_allocation__resource.average_transmit_power_budget_0.5,average_transmit_power_budget 0.5,stored,data,source.bit_count,1048576
policy learned artifact - tx power artifact entrypoint...,20260722T123820Z_ofdm_subcarrier_resource_allocation__resource.average_transmit_power_budget_0.5,average_transmit_power_budget 0.5,stored,data,source.example_count,1024
policy learned artifact - tx power artifact entrypoint...,20260722T123820Z_ofdm_subcarrier_resource_allocation__resource.average_transmit_power_budget_0.5,average_transmit_power_budget 0.5,stored,data,source.transport_block_count,1024
policy learned artifact - tx power artifact entrypoint...,20260722T123820Z_ofdm_subcarrier_resource_allocation__resource.average_transmit_power_budget_0.5,average_transmit_power_budget 0.5,stored,data,source.transport_block_size_bits,1024
policy learned artifact - tx power artifact entrypoint...,20260722T123820Z_ofdm_subcarrier_resource_allocation__resource.average_transmit_power_budget_0.5,average_transmit_power_budget 0.5,stored,data,timing.step.wall_time_s,0.09564525599125773
policy learned artifact - tx power artifact entrypoint...,20260722T123820Z_ofdm_subcarrier_resource_allocation__resource.average_transmit_power_budget_0.5,average_transmit_power_budget 0.5,stored,demodulator,channel.allocation_aware_transport,1
policy learned artifact - tx power artifact entrypoint...,20260722T123820Z_ofdm_subcarrier_resource_allocation__resource.average_transmit_power_budget_0.5,average_transmit_power_budget 0.5,stored,demodulator,channel.demod_bit_count,1048576
policy learned artifact - tx power artifact entrypoint...,20260722T123820Z_ofdm_subcarrier_resource_allocation__resource.average_transmit_power_budget_0.5,average_transmit_power_budget 0.5,stored,demodulator,timing.step.wall_time_s,0.9479200079804286
policy learned artifact - tx power artifact entrypoint...,20260722T123820Z_ofdm_subcarrier_resource_allocation__resource.average_transmit_power_budget_0.5,average_transmit_power_budget 0.5,stored,modulator,channel.bits_per_symbol,2
policy learned artifact - tx power artifact entrypoint...,20260722T123820Z_ofdm_subcarrier_resource_allocation__resource.average_transmit_power_budget_0.5,average_transmit_power_budget 0.5,stored,modulator,channel.channel_use_count,524288
policy learned artifact - tx power artifact entrypoint...,20260722T123820Z_ofdm_subcarrier_resource_allocation__resource.average_transmit_power_budget_0.5,average_transmit_power_budget 0.5,stored,modulator,channel.coded_bit_count,1048576
policy learned artifact - tx power artifact entrypoint...,20260722T123820Z_ofdm_subcarrier_resource_allocation__resource.average_transmit_power_budget_0.5,average_transmit_power_budget 0.5,stored,modulator,channel.symbol_count,524288
policy learned artifact - tx power artifact entrypoint...,20260722T123820Z_ofdm_subcarrier_resource_allocation__resource.average_transmit_power_budget_0.5,average_transmit_power_budget 0.5,stored,modulator,channel.transmitted_bit_count,1048576
policy learned artifact - tx power artifact entrypoint...,20260722T123820Z_ofdm_subcarrier_resource_allocation__resource.average_transmit_power_budget_0.5,average_transmit_power_budget 0.5,stored,modulator,timing.step.wall_time_s,0.18082885997137055
policy learned artifact - tx power artifact entrypoint...,20260722T123820Z_ofdm_subcarrier_resource_allocation__resource.average_transmit_power_budget_0.5,average_transmit_power_budget 0.5,stored,payload_ber,channel.payload.ber,0.000701904296875
policy learned artifact - tx power artifact entrypoint...,20260722T123820Z_ofdm_subcarrier_resource_allocation__resource.average_transmit_power_budget_0.5,average_transmit_power_budget 0.5,stored,payload_ber,channel.payload.compare_bit_count,1048576
policy learned artifact - tx power artifact entrypoint...,20260722T123820Z_ofdm_subcarrier_resource_allocation__resource.average_transmit_power_budget_0.5,average_transmit_power_budget 0.5,stored,payload_ber,channel.payload.error_count,736
policy learned artifact - tx power artifact entrypoint...,20260722T123820Z_ofdm_subcarrier_resource_allocation__resource.average_transmit_power_budget_0.5,average_transmit_power_budget 0.5,stored,payload_ber,timing.step.wall_time_s,0.009665496996603906
policy learned artifact - tx power artifact entrypoint...,20260722T123820Z_ofdm_subcarrier_resource_allocation__resource.average_transmit_power_budget_0.5,average_transmit_power_budget 0.5,stored,payload_bit_boundary,channel.fixed.bit_count,1048576
policy learned artifact - tx power artifact entrypoint...,20260722T123820Z_ofdm_subcarrier_resource_allocation__resource.average_transmit_power_budget_0.5,average_transmit_power_budget 0.5,stored,payload_bit_boundary,channel.fixed.byte_count,131072
policy learned artifact - tx power artifact entrypoint...,20260722T123820Z_ofdm_subcarrier_resource_allocation__resource.average_transmit_power_budget_0.5,average_transmit_power_budget 0.5,stored,payload_bit_boundary,channel.fixed.payload_input.bit_count,1048576
policy learned artifact - tx power artifact entrypoint...,20260722T123820Z_ofdm_subcarrier_resource_allocation__resource.average_transmit_power_budget_0.5,average_transmit_power_budget 0.5,stored,payload_bit_boundary,channel.fixed.payload_input.bits_per_element,1
policy learned artifact - tx power artifact entrypoint...,20260722T123820Z_ofdm_subcarrier_resource_allocation__resource.average_transmit_power_budget_0.5,average_transmit_power_budget 0.5,stored,payload_bit_boundary,channel.fixed.payload_input.byte_count,131072
policy learned artifact - tx power artifact entrypoint...,20260722T123820Z_ofdm_subcarrier_resource_allocation__resource.average_transmit_power_budget_0.5,average_transmit_power_budget 0.5,stored,payload_bit_boundary,channel.fixed.payload_input.dtype_uint8,1
policy learned artifact - tx power artifact entrypoint...,20260722T123820Z_ofdm_subcarrier_resource_allocation__resource.average_transmit_power_budget_0.5,average_transmit_power_budget 0.5,stored,payload_bit_boundary,timing.step.wall_time_s,0.08677438099402934
policy learned artifact - tx power artifact entrypoint...,20260722T123820Z_ofdm_subcarrier_resource_allocation__resource.average_transmit_power_budget_0.5,average_transmit_power_budget 0.5,stored,payload_bler,channel.payload.bler,0.505859375
policy learned artifact - tx power artifact entrypoint...,20260722T123820Z_ofdm_subcarrier_resource_allocation__resource.average_transmit_power_budget_0.5,average_transmit_power_budget 0.5,stored,payload_bler,channel.payload.block_count,1024
policy learned artifact - tx power artifact entrypoint...,20260722T123820Z_ofdm_subcarrier_resource_allocation__resource.average_transmit_power_budget_0.5,average_transmit_power_budget 0.5,stored,payload_bler,channel.payload.block_error_count,518
policy learned artifact - tx power artifact entrypoint...,20260722T123820Z_ofdm_subcarrier_resource_allocation__resource.average_transmit_power_budget_0.5,average_transmit_power_budget 0.5,stored,payload_bler,channel.payload.block_size,1024
policy learned artifact - tx power artifact entrypoint...,20260722T123820Z_ofdm_subcarrier_resource_allocation__resource.average_transmit_power_budget_0.5,average_transmit_power_budget 0.5,stored,payload_bler,timing.step.wall_time_s,0.014629698009230196
policy learned artifact - tx power artifact entrypoint...,20260722T123820Z_ofdm_subcarrier_resource_allocation__resource.average_transmit_power_budget_0.5,average_transmit_power_budget 0.5,stored,run,memory.run.end_rss_bytes,4713771008
policy learned artifact - tx power artifact entrypoint...,20260722T123820Z_ofdm_subcarrier_resource_allocation__resource.average_transmit_power_budget_0.5,average_transmit_power_budget 0.5,stored,run,memory.run.peak_rss_bytes,5443964928
policy learned artifact - tx power artifact entrypoint...,20260722T123820Z_ofdm_subcarrier_resource_allocation__resource.average_transmit_power_budget_0.5,average_transmit_power_budget 0.5,stored,run,memory.run.peak_rss_delta_bytes,4995772416
policy learned artifact - tx power artifact entrypoint...,20260722T123820Z_ofdm_subcarrier_resource_allocation__resource.average_transmit_power_budget_0.5,average_transmit_power_budget 0.5,stored,run,memory.run.sampler_interval_s,0.05
policy learned artifact - tx power artifact entrypoint...,20260722T123820Z_ofdm_subcarrier_resource_allocation__resource.average_transmit_power_budget_0.5,average_transmit_power_budget 0.5,stored,run,memory.run.start_rss_bytes,448192512
policy learned artifact - tx power artifact entrypoint...,20260722T123820Z_ofdm_subcarrier_resource_allocation__resource.average_transmit_power_budget_0.5,average_transmit_power_budget 0.5,stored,rx_bit_boundary,channel.fixed.bit_count,1048576
policy learned artifact - tx power artifact entrypoint...,20260722T123820Z_ofdm_subcarrier_resource_allocation__resource.average_transmit_power_budget_0.5,average_transmit_power_budget 0.5,stored,rx_bit_boundary,channel.fixed.byte_count,131072
policy learned artifact - tx power artifact entrypoint...,20260722T123820Z_ofdm_subcarrier_resource_allocation__resource.average_transmit_power_budget_0.5,average_transmit_power_budget 0.5,stored,rx_bit_boundary,channel.fixed.demodulator_output.bit_count,1048576
policy learned artifact - tx power artifact entrypoint...,20260722T123820Z_ofdm_subcarrier_resource_allocation__resource.average_transmit_power_budget_0.5,average_transmit_power_budget 0.5,stored,rx_bit_boundary,channel.fixed.demodulator_output.bits_per_element,1
policy learned artifact - tx power artifact entrypoint...,20260722T123820Z_ofdm_subcarrier_resource_allocation__resource.average_transmit_power_budget_0.5,average_transmit_power_budget 0.5,stored,rx_bit_boundary,channel.fixed.demodulator_output.byte_count,131072
policy learned artifact - tx power artifact entrypoint...,20260722T123820Z_ofdm_subcarrier_resource_allocation__resource.average_transmit_power_budget_0.5,average_transmit_power_budget 0.5,stored,rx_bit_boundary,channel.fixed.demodulator_output.dtype_uint8,1
policy learned artifact - tx power artifact entrypoint...,20260722T123820Z_ofdm_subcarrier_resource_allocation__resource.average_transmit_power_budget_0.5,average_transmit_power_budget 0.5,stored,rx_bit_boundary,timing.step.wall_time_s,0.11399549199268222
policy learned artifact - tx power artifact entrypoint...,20260722T123820Z_ofdm_subcarrier_resource_allocation__resource.average_transmit_power_budget_0.5,average_transmit_power_budget 0.5,stored,tx_bit_boundary,channel.fixed.bit_count,1048576
policy learned artifact - tx power artifact entrypoint...,20260722T123820Z_ofdm_subcarrier_resource_allocation__resource.average_transmit_power_budget_0.5,average_transmit_power_budget 0.5,stored,tx_bit_boundary,channel.fixed.byte_count,131072
policy learned artifact - tx power artifact entrypoint...,20260722T123820Z_ofdm_subcarrier_resource_allocation__resource.average_transmit_power_budget_0.5,average_transmit_power_budget 0.5,stored,tx_bit_boundary,channel.fixed.modulator_input.bit_count,1048576
policy learned artifact - tx power artifact entrypoint...,20260722T123820Z_ofdm_subcarrier_resource_allocation__resource.average_transmit_power_budget_0.5,average_transmit_power_budget 0.5,stored,tx_bit_boundary,channel.fixed.modulator_input.bits_per_element,1
policy learned artifact - tx power artifact entrypoint...,20260722T123820Z_ofdm_subcarrier_resource_allocation__resource.average_transmit_power_budget_0.5,average_transmit_power_budget 0.5,stored,tx_bit_boundary,channel.fixed.modulator_input.byte_count,131072
policy learned artifact - tx power artifact entrypoint...,20260722T123820Z_ofdm_subcarrier_resource_allocation__resource.average_transmit_power_budget_0.5,average_transmit_power_budget 0.5,stored,tx_bit_boundary,channel.fixed.modulator_input.dtype_uint8,1
policy learned artifact - tx power artifact entrypoint...,20260722T123820Z_ofdm_subcarrier_resource_allocation__resource.average_transmit_power_budget_0.5,average_transmit_power_budget 0.5,stored,tx_bit_boundary,timing.step.wall_time_s,0.0866671419935301
policy learned artifact - tx power artifact entrypoint...,20260722T123820Z_ofdm_subcarrier_resource_allocation__resource.average_transmit_power_budget_0.5,average_transmit_power_budget 0.5,stored,tx_power,channel.channel_use_count,3331680
policy learned artifact - tx power artifact entrypoint...,20260722T123820Z_ofdm_subcarrier_resource_allocation__resource.average_transmit_power_budget_0.5,average_transmit_power_budget 0.5,stored,tx_power,channel.data_bearing_resource_element_count,983424
policy learned artifact - tx power artifact entrypoint...,20260722T123820Z_ofdm_subcarrier_resource_allocation__resource.average_transmit_power_budget_0.5,average_transmit_power_budget 0.5,stored,tx_power,channel.scheduled_resource_element_count,3331680
policy learned artifact - tx power artifact entrypoint...,20260722T123820Z_ofdm_subcarrier_resource_allocation__resource.average_transmit_power_budget_0.5,average_transmit_power_budget 0.5,stored,tx_power,channel.symbol_count,3331680
policy learned artifact - tx power artifact entrypoint...,20260722T123820Z_ofdm_subcarrier_resource_allocation__resource.average_transmit_power_budget_0.5,average_transmit_power_budget 0.5,stored,tx_power,channel.tx_power.after,0.2080303136985841
policy learned artifact - tx power artifact entrypoint...,20260722T123820Z_ofdm_subcarrier_resource_allocation__resource.average_transmit_power_budget_0.5,average_transmit_power_budget 0.5,stored,tx_power,channel.tx_power.average,0.2080303136985841
policy learned artifact - tx power artifact entrypoint...,20260722T123820Z_ofdm_subcarrier_resource_allocation__resource.average_transmit_power_budget_0.5,average_transmit_power_budget 0.5,stored,tx_power,channel.tx_power.before,0.9999999403953552
policy learned artifact - tx power artifact entrypoint...,20260722T123820Z_ofdm_subcarrier_resource_allocation__resource.average_transmit_power_budget_0.5,average_transmit_power_budget 0.5,stored,tx_power,channel.tx_power.group_count,32
policy learned artifact - tx power artifact entrypoint...,20260722T123820Z_ofdm_subcarrier_resource_allocation__resource.average_transmit_power_budget_0.5,average_transmit_power_budget 0.5,stored,tx_power,channel.tx_power.model_batch_count,256
policy learned artifact - tx power artifact entrypoint...,20260722T123820Z_ofdm_subcarrier_resource_allocation__resource.average_transmit_power_budget_0.5,average_transmit_power_budget 0.5,stored,tx_power,channel.tx_power.model_batch_size,1024
policy learned artifact - tx power artifact entrypoint...,20260722T123820Z_ofdm_subcarrier_resource_allocation__resource.average_transmit_power_budget_0.5,average_transmit_power_budget 0.5,stored,tx_power,channel.tx_power.model_input_example_count,262144
policy learned artifact - tx power artifact entrypoint...,20260722T123820Z_ofdm_subcarrier_resource_allocation__resource.average_transmit_power_budget_0.5,average_transmit_power_budget 0.5,stored,tx_power,channel.tx_power.selected,0.5
policy learned artifact - tx power artifact entrypoint...,20260722T123820Z_ofdm_subcarrier_resource_allocation__resource.average_transmit_power_budget_0.5,average_transmit_power_budget 0.5,stored,tx_power,channel.tx_power.snr_db,6.989700043360188
policy learned artifact - tx power artifact entrypoint...,20260722T123820Z_ofdm_subcarrier_resource_allocation__resource.average_transmit_power_budget_0.5,average_transmit_power_budget 0.5,stored,tx_power,channel.tx_power.total_energy,693090.4355432987
policy learned artifact - tx power artifact entrypoint...,20260722T123820Z_ofdm_subcarrier_resource_allocation__resource.average_transmit_power_budget_0.5,average_transmit_power_budget 0.5,stored,tx_power,channel.tx_power.tx_power.after,0.2080303136985841
policy learned artifact - tx power artifact entrypoint...,20260722T123820Z_ofdm_subcarrier_resource_allocation__resource.average_transmit_power_budget_0.5,average_transmit_power_budget 0.5,stored,tx_power,channel.tx_power.tx_power.before,0.9999999403953552
policy learned artifact - tx power artifact entrypoint...,20260722T123820Z_ofdm_subcarrier_resource_allocation__resource.average_transmit_power_budget_0.5,average_transmit_power_budget 0.5,stored,tx_power,channel.tx_power.tx_power.selected,0.5
policy learned artifact - tx power artifact entrypoint...,20260722T123820Z_ofdm_subcarrier_resource_allocation__resource.average_transmit_power_budget_0.5,average_transmit_power_budget 0.5,stored,tx_power,channel.tx_power.tx_power.snr_db,6.989700043360188
policy learned artifact - tx power artifact entrypoint...,20260722T123820Z_ofdm_subcarrier_resource_allocation__resource.average_transmit_power_budget_0.5,average_transmit_power_budget 0.5,stored,tx_power,channel.tx_power.tx_power.total_energy,693090.4355432987
policy learned artifact - tx power artifact entrypoint...,20260722T123820Z_ofdm_subcarrier_resource_allocation__resource.average_transmit_power_budget_0.5,average_transmit_power_budget 0.5,stored,tx_power,timing.step.wall_time_s,13.894499751972035
policy learned artifact - tx power artifact entrypoint...,20260722T123820Z_ofdm_subcarrier_resource_allocation__resource.average_transmit_power_budget_0.5,average_transmit_power_budget 0.5,stored,wireless_channel,channel.backend.sionna,1
policy learned artifact - tx power artifact entrypoint...,20260722T123820Z_ofdm_subcarrier_resource_allocation__resource.average_transmit_power_budget_0.5,average_transmit_power_budget 0.5,stored,wireless_channel,channel.carrier_frequency_ghz,3.5
policy learned artifact - tx power artifact entrypoint...,20260722T123820Z_ofdm_subcarrier_resource_allocation__resource.average_transmit_power_budget_0.5,average_transmit_power_budget 0.5,stored,wireless_channel,channel.channel_use_count,3331680
policy learned artifact - tx power artifact entrypoint...,20260722T123820Z_ofdm_subcarrier_resource_allocation__resource.average_transmit_power_budget_0.5,average_transmit_power_budget 0.5,stored,wireless_channel,channel.effective_snr_db,2.655658324690574
policy learned artifact - tx power artifact entrypoint...,20260722T123820Z_ofdm_subcarrier_resource_allocation__resource.average_transmit_power_budget_0.5,average_transmit_power_budget 0.5,stored,wireless_channel,channel.gain.average,1
policy learned artifact - tx power artifact entrypoint...,20260722T123820Z_ofdm_subcarrier_resource_allocation__resource.average_transmit_power_budget_0.5,average_transmit_power_budget 0.5,stored,wireless_channel,channel.mobility_kmh,30
policy learned artifact - tx power artifact entrypoint...,20260722T123820Z_ofdm_subcarrier_resource_allocation__resource.average_transmit_power_budget_0.5,average_transmit_power_budget 0.5,stored,wireless_channel,channel.noise_variance,0.2
policy learned artifact - tx power artifact entrypoint...,20260722T123820Z_ofdm_subcarrier_resource_allocation__resource.average_transmit_power_budget_0.5,average_transmit_power_budget 0.5,stored,wireless_channel,channel.num_ofdm_symbols,4
policy learned artifact - tx power artifact entrypoint...,20260722T123820Z_ofdm_subcarrier_resource_allocation__resource.average_transmit_power_budget_0.5,average_transmit_power_budget 0.5,stored,wireless_channel,channel.ofdm_fft_size,32
policy learned artifact - tx power artifact entrypoint...,20260722T123820Z_ofdm_subcarrier_resource_allocation__resource.average_transmit_power_budget_0.5,average_transmit_power_budget 0.5,stored,wireless_channel,channel.post_equalizer_component_power.average,1.4000799506902695
policy learned artifact - tx power artifact entrypoint...,20260722T123820Z_ofdm_subcarrier_resource_allocation__resource.average_transmit_power_budget_0.5,average_transmit_power_budget 0.5,stored,wireless_channel,channel.post_equalizer_noise_power.average,1.1920496225357056
policy learned artifact - tx power artifact entrypoint...,20260722T123820Z_ofdm_subcarrier_resource_allocation__resource.average_transmit_power_budget_0.5,average_transmit_power_budget 0.5,stored,wireless_channel,channel.post_equalizer_output_power.average,1.4001313883163657
policy learned artifact - tx power artifact entrypoint...,20260722T123820Z_ofdm_subcarrier_resource_allocation__resource.average_transmit_power_budget_0.5,average_transmit_power_budget 0.5,stored,wireless_channel,channel.post_equalizer_signal_noise_cross_power.average,0.00005143762609627345
policy learned artifact - tx power artifact entrypoint...,20260722T123820Z_ofdm_subcarrier_resource_allocation__resource.average_transmit_power_budget_0.5,average_transmit_power_budget 0.5,stored,wireless_channel,channel.post_equalizer_signal_power.average,0.2080303281545639
policy learned artifact - tx power artifact entrypoint...,20260722T123820Z_ofdm_subcarrier_resource_allocation__resource.average_transmit_power_budget_0.5,average_transmit_power_budget 0.5,stored,wireless_channel,channel.received_signal_power.average,0.3686343729496002
policy learned artifact - tx power artifact entrypoint...,20260722T123820Z_ofdm_subcarrier_resource_allocation__resource.average_transmit_power_budget_0.5,average_transmit_power_budget 0.5,stored,wireless_channel,channel.reference_snr_db,6.9897000433601875
policy learned artifact - tx power artifact entrypoint...,20260722T123820Z_ofdm_subcarrier_resource_allocation__resource.average_transmit_power_budget_0.5,average_transmit_power_budget 0.5,stored,wireless_channel,channel.rx_antenna_component_power.average,0.568687692284584
policy learned artifact - tx power artifact entrypoint...,20260722T123820Z_ofdm_subcarrier_resource_allocation__resource.average_transmit_power_budget_0.5,average_transmit_power_budget 0.5,stored,wireless_channel,channel.rx_antenna_noise_power.average,0.20005331933498383
policy learned artifact - tx power artifact entrypoint...,20260722T123820Z_ofdm_subcarrier_resource_allocation__resource.average_transmit_power_budget_0.5,average_transmit_power_budget 0.5,stored,wireless_channel,channel.rx_antenna_power.average,0.5687635467709344
policy learned artifact - tx power artifact entrypoint...,20260722T123820Z_ofdm_subcarrier_resource_allocation__resource.average_transmit_power_budget_0.5,average_transmit_power_budget 0.5,stored,wireless_channel,channel.rx_antenna_power.total_energy,1894938.1335057868
policy learned artifact - tx power artifact entrypoint...,20260722T123820Z_ofdm_subcarrier_resource_allocation__resource.average_transmit_power_budget_0.5,average_transmit_power_budget 0.5,stored,wireless_channel,channel.rx_antenna_signal_noise_cross_power.average,0.00007585448635039072
policy learned artifact - tx power artifact entrypoint...,20260722T123820Z_ofdm_subcarrier_resource_allocation__resource.average_transmit_power_budget_0.5,average_transmit_power_budget 0.5,stored,wireless_channel,channel.rx_antenna_signal_power.average,0.3686343729496002
policy learned artifact - tx power artifact entrypoint...,20260722T123820Z_ofdm_subcarrier_resource_allocation__resource.average_transmit_power_budget_0.5,average_transmit_power_budget 0.5,stored,wireless_channel,channel.rx_equalized_power.average,1.4001313883163657
policy learned artifact - tx power artifact entrypoint...,20260722T123820Z_ofdm_subcarrier_resource_allocation__resource.average_transmit_power_budget_0.5,average_transmit_power_budget 0.5,stored,wireless_channel,channel.rx_equalized_power.total_energy,4664789.74382587
policy learned artifact - tx power artifact entrypoint...,20260722T123820Z_ofdm_subcarrier_resource_allocation__resource.average_transmit_power_budget_0.5,average_transmit_power_budget 0.5,stored,wireless_channel,channel.rx_output_power.average,1.4001313883163657
policy learned artifact - tx power artifact entrypoint...,20260722T123820Z_ofdm_subcarrier_resource_allocation__resource.average_transmit_power_budget_0.5,average_transmit_power_budget 0.5,stored,wireless_channel,channel.rx_output_power.total_energy,4664789.74382587
policy learned artifact - tx power artifact entrypoint...,20260722T123820Z_ofdm_subcarrier_resource_allocation__resource.average_transmit_power_budget_0.5,average_transmit_power_budget 0.5,stored,wireless_channel,channel.rx_power.average,1.4001313883163657
policy learned artifact - tx power artifact entrypoint...,20260722T123820Z_ofdm_subcarrier_resource_allocation__resource.average_transmit_power_budget_0.5,average_transmit_power_budget 0.5,stored,wireless_channel,channel.rx_power.total_energy,4664789.74382587
policy learned artifact - tx power artifact entrypoint...,20260722T123820Z_ofdm_subcarrier_resource_allocation__resource.average_transmit_power_budget_0.5,average_transmit_power_budget 0.5,stored,wireless_channel,channel.snr_db,6.9897000433601875
policy learned artifact - tx power artifact entrypoint...,20260722T123820Z_ofdm_subcarrier_resource_allocation__resource.average_transmit_power_budget_0.5,average_transmit_power_budget 0.5,stored,wireless_channel,channel.symbol_count,3331680
policy learned artifact - tx power artifact entrypoint...,20260722T123820Z_ofdm_subcarrier_resource_allocation__resource.average_transmit_power_budget_0.5,average_transmit_power_budget 0.5,stored,wireless_channel,channel.tx_effective_snr_db,0.17096658481567675
policy learned artifact - tx power artifact entrypoint...,20260722T123820Z_ofdm_subcarrier_resource_allocation__resource.average_transmit_power_budget_0.5,average_transmit_power_budget 0.5,stored,wireless_channel,channel.tx_power_at_channel.average,0.2080303281545639
policy learned artifact - tx power artifact entrypoint...,20260722T123820Z_ofdm_subcarrier_resource_allocation__resource.average_transmit_power_budget_0.5,average_transmit_power_budget 0.5,stored,wireless_channel,timing.step.wall_time_s,2.488334293011576
policy learned artifact - tx power artifact entrypoint...,20260722T123931Z_ofdm_subcarrier_resource_allocation__resource.average_transmit_power_budget_1,average_transmit_power_budget 1,stored,allocation_evaluation,channel.achieved_payload_goodput_bits_per_resource_element,0.5152717541755099
policy learned artifact - tx power artifact entrypoint...,20260722T123931Z_ofdm_subcarrier_resource_allocation__resource.average_transmit_power_budget_1,average_transmit_power_budget 1,stored,allocation_evaluation,channel.data_bearing_resource_element_count,844434
policy learned artifact - tx power artifact entrypoint...,20260722T123931Z_ofdm_subcarrier_resource_allocation__resource.average_transmit_power_budget_1,average_transmit_power_budget 1,stored,allocation_evaluation,channel.delivered_payload_bit_count,714752
policy learned artifact - tx power artifact entrypoint...,20260722T123931Z_ofdm_subcarrier_resource_allocation__resource.average_transmit_power_budget_1,average_transmit_power_budget 1,stored,allocation_evaluation,channel.goodput_to_theoretical_shannon_efficiency_ratio,0.21261689452045662
policy learned artifact - tx power artifact entrypoint...,20260722T123931Z_ofdm_subcarrier_resource_allocation__resource.average_transmit_power_budget_1,average_transmit_power_budget 1,stored,allocation_evaluation,channel.noise_variance,0.2
policy learned artifact - tx power artifact entrypoint...,20260722T123931Z_ofdm_subcarrier_resource_allocation__resource.average_transmit_power_budget_1,average_transmit_power_budget 1,stored,allocation_evaluation,channel.offered_payload_bits_per_resource_element,0.7559287625726677
policy learned artifact - tx power artifact entrypoint...,20260722T123931Z_ofdm_subcarrier_resource_allocation__resource.average_transmit_power_budget_1,average_transmit_power_budget 1,stored,allocation_evaluation,channel.payload_delivery_block_count,1024
policy learned artifact - tx power artifact entrypoint...,20260722T123931Z_ofdm_subcarrier_resource_allocation__resource.average_transmit_power_budget_1,average_transmit_power_budget 1,stored,allocation_evaluation,channel.payload_delivery_block_error_count,326
policy learned artifact - tx power artifact entrypoint...,20260722T123931Z_ofdm_subcarrier_resource_allocation__resource.average_transmit_power_budget_1,average_transmit_power_budget 1,stored,allocation_evaluation,channel.payload_delivery_block_error_rate,0.318359375
policy learned artifact - tx power artifact entrypoint...,20260722T123931Z_ofdm_subcarrier_resource_allocation__resource.average_transmit_power_budget_1,average_transmit_power_budget 1,stored,allocation_evaluation,channel.payload_delivery_success,0
policy learned artifact - tx power artifact entrypoint...,20260722T123931Z_ofdm_subcarrier_resource_allocation__resource.average_transmit_power_budget_1,average_transmit_power_budget 1,stored,allocation_evaluation,channel.payload_energy_efficiency_bits_per_normalized_energy,0.7210668329226745
policy learned artifact - tx power artifact entrypoint...,20260722T123931Z_ofdm_subcarrier_resource_allocation__resource.average_transmit_power_budget_1,average_transmit_power_budget 1,stored,allocation_evaluation,channel.reference_snr_db,6.989700043360188
policy learned artifact - tx power artifact entrypoint...,20260722T123931Z_ofdm_subcarrier_resource_allocation__resource.average_transmit_power_budget_1,average_transmit_power_budget 1,stored,allocation_evaluation,channel.resource_element_utilization,0.6087607848112946
policy learned artifact - tx power artifact entrypoint...,20260722T123931Z_ofdm_subcarrier_resource_allocation__resource.average_transmit_power_budget_1,average_transmit_power_budget 1,stored,allocation_evaluation,channel.scheduled_resource_element_count,1387136
policy learned artifact - tx power artifact entrypoint...,20260722T123931Z_ofdm_subcarrier_resource_allocation__resource.average_transmit_power_budget_1,average_transmit_power_budget 1,stored,allocation_evaluation,channel.tx_energy_for_payload,991242.375
policy learned artifact - tx power artifact entrypoint...,20260722T123931Z_ofdm_subcarrier_resource_allocation__resource.average_transmit_power_budget_1,average_transmit_power_budget 1,stored,allocation_evaluation,channel.tx_energy_per_delivered_payload_bit,1.3868339997649535
policy learned artifact - tx power artifact entrypoint...,20260722T123931Z_ofdm_subcarrier_resource_allocation__resource.average_transmit_power_budget_1,average_transmit_power_budget 1,stored,allocation_evaluation,resource.active_resource_element_fraction,0.9502729177474976
policy learned artifact - tx power artifact entrypoint...,20260722T123931Z_ofdm_subcarrier_resource_allocation__resource.average_transmit_power_budget_1,average_transmit_power_budget 1,stored,allocation_evaluation,resource.allocated_power_weighted_channel_gain_lift,0.1508913674893939
policy learned artifact - tx power artifact entrypoint...,20260722T123931Z_ofdm_subcarrier_resource_allocation__resource.average_transmit_power_budget_1,average_transmit_power_budget 1,stored,allocation_evaluation,resource.allocation_power_coefficient_of_variation,0.2819135072201455
policy learned artifact - tx power artifact entrypoint...,20260722T123931Z_ofdm_subcarrier_resource_allocation__resource.average_transmit_power_budget_1,average_transmit_power_budget 1,stored,allocation_evaluation,resource.average_transmit_power_budget,1
policy learned artifact - tx power artifact entrypoint...,20260722T123931Z_ofdm_subcarrier_resource_allocation__resource.average_transmit_power_budget_1,average_transmit_power_budget 1,stored,allocation_evaluation,resource.power_constraint.max_abs_error,0.0000016689300537109375
policy learned artifact - tx power artifact entrypoint...,20260722T123931Z_ofdm_subcarrier_resource_allocation__resource.average_transmit_power_budget_1,average_transmit_power_budget 1,stored,allocation_evaluation,resource.power_constraint.max_negative_violation,0
policy learned artifact - tx power artifact entrypoint...,20260722T123931Z_ofdm_subcarrier_resource_allocation__resource.average_transmit_power_budget_1,average_transmit_power_budget 1,stored,allocation_evaluation,resource.power_constraint.max_relative_error,5.21540641784668e-8
policy learned artifact - tx power artifact entrypoint...,20260722T123931Z_ofdm_subcarrier_resource_allocation__resource.average_transmit_power_budget_1,average_transmit_power_budget 1,stored,allocation_evaluation,resource.theoretical_min_state_spectral_efficiency_bps_hz,1.6643352940504696
policy learned artifact - tx power artifact entrypoint...,20260722T123931Z_ofdm_subcarrier_resource_allocation__resource.average_transmit_power_budget_1,average_transmit_power_budget 1,stored,allocation_evaluation,resource.theoretical_outage_probability,0.001678466796875
policy learned artifact - tx power artifact entrypoint...,20260722T123931Z_ofdm_subcarrier_resource_allocation__resource.average_transmit_power_budget_1,average_transmit_power_budget 1,stored,allocation_evaluation,resource.theoretical_outage_target_spectral_efficiency_bps_hz,2
policy learned artifact - tx power artifact entrypoint...,20260722T123931Z_ofdm_subcarrier_resource_allocation__resource.average_transmit_power_budget_1,average_transmit_power_budget 1,stored,allocation_evaluation,resource.theoretical_p05_state_spectral_efficiency_bps_hz,2.23957337980897
policy learned artifact - tx power artifact entrypoint...,20260722T123931Z_ofdm_subcarrier_resource_allocation__resource.average_transmit_power_budget_1,average_transmit_power_budget 1,stored,allocation_evaluation,resource.theoretical_shannon_spectral_efficiency_bps_hz,2.4234751210042424
policy learned artifact - tx power artifact entrypoint...,20260722T123931Z_ofdm_subcarrier_resource_allocation__resource.average_transmit_power_budget_1,average_transmit_power_budget 1,stored,allocation_evaluation,resource.theoretical_shannon_sum_bits_per_ofdm_symbol,77.55120387213576
policy learned artifact - tx power artifact entrypoint...,20260722T123931Z_ofdm_subcarrier_resource_allocation__resource.average_transmit_power_budget_1,average_transmit_power_budget 1,stored,allocation_evaluation,resource.water_filling_kkt_normalized_residual,0.0005501803965639207
policy learned artifact - tx power artifact entrypoint...,20260722T123931Z_ofdm_subcarrier_resource_allocation__resource.average_transmit_power_budget_1,average_transmit_power_budget 1,stored,allocation_evaluation,resource.water_filling_optimality_gap_bps_hz,2.2234385443908877e-8
policy learned artifact - tx power artifact entrypoint...,20260722T123931Z_ofdm_subcarrier_resource_allocation__resource.average_transmit_power_budget_1,average_transmit_power_budget 1,stored,allocation_evaluation,resource.water_filling_oracle_spectral_efficiency_bps_hz,2.423475143238628
policy learned artifact - tx power artifact entrypoint...,20260722T123931Z_ofdm_subcarrier_resource_allocation__resource.average_transmit_power_budget_1,average_transmit_power_budget 1,stored,allocation_evaluation,resource.water_filling_power_normalized_rmse,0.00024725112914404104
policy learned artifact - tx power artifact entrypoint...,20260722T123931Z_ofdm_subcarrier_resource_allocation__resource.average_transmit_power_budget_1,average_transmit_power_budget 1,stored,allocation_evaluation,resource.water_filling_power_rmse,0.00024725112914404104
policy learned artifact - tx power artifact entrypoint...,20260722T123931Z_ofdm_subcarrier_resource_allocation__resource.average_transmit_power_budget_1,average_transmit_power_budget 1,stored,allocation_evaluation,resource.water_filling_relative_optimality_gap,9.174587783968686e-9
policy learned artifact - tx power artifact entrypoint...,20260722T123931Z_ofdm_subcarrier_resource_allocation__resource.average_transmit_power_budget_1,average_transmit_power_budget 1,stored,allocation_evaluation,task.score,0.5152717541755099
policy learned artifact - tx power artifact entrypoint...,20260722T123931Z_ofdm_subcarrier_resource_allocation__resource.average_transmit_power_budget_1,average_transmit_power_budget 1,stored,allocation_evaluation,timing.step.wall_time_s,33.94414796604542
policy learned artifact - tx power artifact entrypoint...,20260722T123931Z_ofdm_subcarrier_resource_allocation__resource.average_transmit_power_budget_1,average_transmit_power_budget 1,stored,channel_bit_count_match,channel.fixed.channel_io.bit_count_match,1
policy learned artifact - tx power artifact entrypoint...,20260722T123931Z_ofdm_subcarrier_resource_allocation__resource.average_transmit_power_budget_1,average_transmit_power_budget 1,stored,channel_bit_count_match,channel.fixed.channel_io.candidate_bit_count,1048576
policy learned artifact - tx power artifact entrypoint...,20260722T123931Z_ofdm_subcarrier_resource_allocation__resource.average_transmit_power_budget_1,average_transmit_power_budget 1,stored,channel_bit_count_match,channel.fixed.channel_io.length_delta,0
policy learned artifact - tx power artifact entrypoint...,20260722T123931Z_ofdm_subcarrier_resource_allocation__resource.average_transmit_power_budget_1,average_transmit_power_budget 1,stored,channel_bit_count_match,channel.fixed.channel_io.reference_bit_count,1048576
policy learned artifact - tx power artifact entrypoint...,20260722T123931Z_ofdm_subcarrier_resource_allocation__resource.average_transmit_power_budget_1,average_transmit_power_budget 1,stored,channel_bit_count_match,timing.step.wall_time_s,0.012872505991254002
policy learned artifact - tx power artifact entrypoint...,20260722T123931Z_ofdm_subcarrier_resource_allocation__resource.average_transmit_power_budget_1,average_transmit_power_budget 1,stored,channel_decoder,channel.decoded_bit_count,1048576
policy learned artifact - tx power artifact entrypoint...,20260722T123931Z_ofdm_subcarrier_resource_allocation__resource.average_transmit_power_budget_1,average_transmit_power_budget 1,stored,channel_decoder,timing.step.wall_time_s,0.1801608200185001
policy learned artifact - tx power artifact entrypoint...,20260722T123931Z_ofdm_subcarrier_resource_allocation__resource.average_transmit_power_budget_1,average_transmit_power_budget 1,stored,channel_encoder,channel.code_rate,1
policy learned artifact - tx power artifact entrypoint...,20260722T123931Z_ofdm_subcarrier_resource_allocation__resource.average_transmit_power_budget_1,average_transmit_power_budget 1,stored,channel_encoder,channel.coded_bit_count,1048576
policy learned artifact - tx power artifact entrypoint...,20260722T123931Z_ofdm_subcarrier_resource_allocation__resource.average_transmit_power_budget_1,average_transmit_power_budget 1,stored,channel_encoder,channel.payload_bit_count,1048576
policy learned artifact - tx power artifact entrypoint...,20260722T123931Z_ofdm_subcarrier_resource_allocation__resource.average_transmit_power_budget_1,average_transmit_power_budget 1,stored,channel_encoder,channel.transmitted_bit_count,1048576
policy learned artifact - tx power artifact entrypoint...,20260722T123931Z_ofdm_subcarrier_resource_allocation__resource.average_transmit_power_budget_1,average_transmit_power_budget 1,stored,channel_encoder,timing.step.wall_time_s,0.11052107298746705
policy learned artifact - tx power artifact entrypoint...,20260722T123931Z_ofdm_subcarrier_resource_allocation__resource.average_transmit_power_budget_1,average_transmit_power_budget 1,stored,channel_state,channel.gain.average,1
policy learned artifact - tx power artifact entrypoint...,20260722T123931Z_ofdm_subcarrier_resource_allocation__resource.average_transmit_power_budget_1,average_transmit_power_budget 1,stored,channel_state,channel.noise_variance,0.2
policy learned artifact - tx power artifact entrypoint...,20260722T123931Z_ofdm_subcarrier_resource_allocation__resource.average_transmit_power_budget_1,average_transmit_power_budget 1,stored,channel_state,channel.num_ofdm_symbols,4
policy learned artifact - tx power artifact entrypoint...,20260722T123931Z_ofdm_subcarrier_resource_allocation__resource.average_transmit_power_budget_1,average_transmit_power_budget 1,stored,channel_state,channel.ofdm_fft_size,32
policy learned artifact - tx power artifact entrypoint...,20260722T123931Z_ofdm_subcarrier_resource_allocation__resource.average_transmit_power_budget_1,average_transmit_power_budget 1,stored,channel_state,channel.ofdm_resource_element_capacity,8388608
policy learned artifact - tx power artifact entrypoint...,20260722T123931Z_ofdm_subcarrier_resource_allocation__resource.average_transmit_power_budget_1,average_transmit_power_budget 1,stored,channel_state,channel.ofdm_state_count,262144
policy learned artifact - tx power artifact entrypoint...,20260722T123931Z_ofdm_subcarrier_resource_allocation__resource.average_transmit_power_budget_1,average_transmit_power_budget 1,stored,channel_state,channel.reference_snr_db,6.989700043360188
policy learned artifact - tx power artifact entrypoint...,20260722T123931Z_ofdm_subcarrier_resource_allocation__resource.average_transmit_power_budget_1,average_transmit_power_budget 1,stored,channel_state,timing.step.wall_time_s,11.828053047996946
policy learned artifact - tx power artifact entrypoint...,20260722T123931Z_ofdm_subcarrier_resource_allocation__resource.average_transmit_power_budget_1,average_transmit_power_budget 1,stored,coded_ber,channel.coded.ber,0.0003719329833984375
policy learned artifact - tx power artifact entrypoint...,20260722T123931Z_ofdm_subcarrier_resource_allocation__resource.average_transmit_power_budget_1,average_transmit_power_budget 1,stored,coded_ber,channel.coded.compare_bit_count,1048576
policy learned artifact - tx power artifact entrypoint...,20260722T123931Z_ofdm_subcarrier_resource_allocation__resource.average_transmit_power_budget_1,average_transmit_power_budget 1,stored,coded_ber,channel.coded.error_count,390
policy learned artifact - tx power artifact entrypoint...,20260722T123931Z_ofdm_subcarrier_resource_allocation__resource.average_transmit_power_budget_1,average_transmit_power_budget 1,stored,coded_ber,timing.step.wall_time_s,0.013371641980484128
policy learned artifact - tx power artifact entrypoint...,20260722T123931Z_ofdm_subcarrier_resource_allocation__resource.average_transmit_power_budget_1,average_transmit_power_budget 1,stored,coded_bler,channel.coded.bler,0.318359375
policy learned artifact - tx power artifact entrypoint...,20260722T123931Z_ofdm_subcarrier_resource_allocation__resource.average_transmit_power_budget_1,average_transmit_power_budget 1,stored,coded_bler,channel.coded.block_count,1024
policy learned artifact - tx power artifact entrypoint...,20260722T123931Z_ofdm_subcarrier_resource_allocation__resource.average_transmit_power_budget_1,average_transmit_power_budget 1,stored,coded_bler,channel.coded.block_error_count,326
policy learned artifact - tx power artifact entrypoint...,20260722T123931Z_ofdm_subcarrier_resource_allocation__resource.average_transmit_power_budget_1,average_transmit_power_budget 1,stored,coded_bler,channel.coded.block_size,1024
policy learned artifact - tx power artifact entrypoint...,20260722T123931Z_ofdm_subcarrier_resource_allocation__resource.average_transmit_power_budget_1,average_transmit_power_budget 1,stored,coded_bler,timing.step.wall_time_s,0.01918672100873664
policy learned artifact - tx power artifact entrypoint...,20260722T123931Z_ofdm_subcarrier_resource_allocation__resource.average_transmit_power_budget_1,average_transmit_power_budget 1,stored,data,channel.payload_bit_count,1048576
policy learned artifact - tx power artifact entrypoint...,20260722T123931Z_ofdm_subcarrier_resource_allocation__resource.average_transmit_power_budget_1,average_transmit_power_budget 1,stored,data,source.bit_count,1048576
policy learned artifact - tx power artifact entrypoint...,20260722T123931Z_ofdm_subcarrier_resource_allocation__resource.average_transmit_power_budget_1,average_transmit_power_budget 1,stored,data,source.example_count,1024
policy learned artifact - tx power artifact entrypoint...,20260722T123931Z_ofdm_subcarrier_resource_allocation__resource.average_transmit_power_budget_1,average_transmit_power_budget 1,stored,data,source.transport_block_count,1024
policy learned artifact - tx power artifact entrypoint...,20260722T123931Z_ofdm_subcarrier_resource_allocation__resource.average_transmit_power_budget_1,average_transmit_power_budget 1,stored,data,source.transport_block_size_bits,1024
policy learned artifact - tx power artifact entrypoint...,20260722T123931Z_ofdm_subcarrier_resource_allocation__resource.average_transmit_power_budget_1,average_transmit_power_budget 1,stored,data,timing.step.wall_time_s,0.11725256300996989
policy learned artifact - tx power artifact entrypoint...,20260722T123931Z_ofdm_subcarrier_resource_allocation__resource.average_transmit_power_budget_1,average_transmit_power_budget 1,stored,demodulator,channel.allocation_aware_transport,1
policy learned artifact - tx power artifact entrypoint...,20260722T123931Z_ofdm_subcarrier_resource_allocation__resource.average_transmit_power_budget_1,average_transmit_power_budget 1,stored,demodulator,channel.demod_bit_count,1048576
policy learned artifact - tx power artifact entrypoint...,20260722T123931Z_ofdm_subcarrier_resource_allocation__resource.average_transmit_power_budget_1,average_transmit_power_budget 1,stored,demodulator,timing.step.wall_time_s,0.9391115009784698
policy learned artifact - tx power artifact entrypoint...,20260722T123931Z_ofdm_subcarrier_resource_allocation__resource.average_transmit_power_budget_1,average_transmit_power_budget 1,stored,modulator,channel.bits_per_symbol,2
policy learned artifact - tx power artifact entrypoint...,20260722T123931Z_ofdm_subcarrier_resource_allocation__resource.average_transmit_power_budget_1,average_transmit_power_budget 1,stored,modulator,channel.channel_use_count,524288
policy learned artifact - tx power artifact entrypoint...,20260722T123931Z_ofdm_subcarrier_resource_allocation__resource.average_transmit_power_budget_1,average_transmit_power_budget 1,stored,modulator,channel.coded_bit_count,1048576
policy learned artifact - tx power artifact entrypoint...,20260722T123931Z_ofdm_subcarrier_resource_allocation__resource.average_transmit_power_budget_1,average_transmit_power_budget 1,stored,modulator,channel.symbol_count,524288
policy learned artifact - tx power artifact entrypoint...,20260722T123931Z_ofdm_subcarrier_resource_allocation__resource.average_transmit_power_budget_1,average_transmit_power_budget 1,stored,modulator,channel.transmitted_bit_count,1048576
policy learned artifact - tx power artifact entrypoint...,20260722T123931Z_ofdm_subcarrier_resource_allocation__resource.average_transmit_power_budget_1,average_transmit_power_budget 1,stored,modulator,timing.step.wall_time_s,0.22805961698759347
policy learned artifact - tx power artifact entrypoint...,20260722T123931Z_ofdm_subcarrier_resource_allocation__resource.average_transmit_power_budget_1,average_transmit_power_budget 1,stored,payload_ber,channel.payload.ber,0.0003719329833984375
policy learned artifact - tx power artifact entrypoint...,20260722T123931Z_ofdm_subcarrier_resource_allocation__resource.average_transmit_power_budget_1,average_transmit_power_budget 1,stored,payload_ber,channel.payload.compare_bit_count,1048576
policy learned artifact - tx power artifact entrypoint...,20260722T123931Z_ofdm_subcarrier_resource_allocation__resource.average_transmit_power_budget_1,average_transmit_power_budget 1,stored,payload_ber,channel.payload.error_count,390
policy learned artifact - tx power artifact entrypoint...,20260722T123931Z_ofdm_subcarrier_resource_allocation__resource.average_transmit_power_budget_1,average_transmit_power_budget 1,stored,payload_ber,timing.step.wall_time_s,0.012587741017341614
policy learned artifact - tx power artifact entrypoint...,20260722T123931Z_ofdm_subcarrier_resource_allocation__resource.average_transmit_power_budget_1,average_transmit_power_budget 1,stored,payload_bit_boundary,channel.fixed.bit_count,1048576
policy learned artifact - tx power artifact entrypoint...,20260722T123931Z_ofdm_subcarrier_resource_allocation__resource.average_transmit_power_budget_1,average_transmit_power_budget 1,stored,payload_bit_boundary,channel.fixed.byte_count,131072
policy learned artifact - tx power artifact entrypoint...,20260722T123931Z_ofdm_subcarrier_resource_allocation__resource.average_transmit_power_budget_1,average_transmit_power_budget 1,stored,payload_bit_boundary,channel.fixed.payload_input.bit_count,1048576
policy learned artifact - tx power artifact entrypoint...,20260722T123931Z_ofdm_subcarrier_resource_allocation__resource.average_transmit_power_budget_1,average_transmit_power_budget 1,stored,payload_bit_boundary,channel.fixed.payload_input.bits_per_element,1
policy learned artifact - tx power artifact entrypoint...,20260722T123931Z_ofdm_subcarrier_resource_allocation__resource.average_transmit_power_budget_1,average_transmit_power_budget 1,stored,payload_bit_boundary,channel.fixed.payload_input.byte_count,131072
policy learned artifact - tx power artifact entrypoint...,20260722T123931Z_ofdm_subcarrier_resource_allocation__resource.average_transmit_power_budget_1,average_transmit_power_budget 1,stored,payload_bit_boundary,channel.fixed.payload_input.dtype_uint8,1
policy learned artifact - tx power artifact entrypoint...,20260722T123931Z_ofdm_subcarrier_resource_allocation__resource.average_transmit_power_budget_1,average_transmit_power_budget 1,stored,payload_bit_boundary,timing.step.wall_time_s,0.11180698196403682
policy learned artifact - tx power artifact entrypoint...,20260722T123931Z_ofdm_subcarrier_resource_allocation__resource.average_transmit_power_budget_1,average_transmit_power_budget 1,stored,payload_bler,channel.payload.bler,0.318359375
policy learned artifact - tx power artifact entrypoint...,20260722T123931Z_ofdm_subcarrier_resource_allocation__resource.average_transmit_power_budget_1,average_transmit_power_budget 1,stored,payload_bler,channel.payload.block_count,1024
policy learned artifact - tx power artifact entrypoint...,20260722T123931Z_ofdm_subcarrier_resource_allocation__resource.average_transmit_power_budget_1,average_transmit_power_budget 1,stored,payload_bler,channel.payload.block_error_count,326
policy learned artifact - tx power artifact entrypoint...,20260722T123931Z_ofdm_subcarrier_resource_allocation__resource.average_transmit_power_budget_1,average_transmit_power_budget 1,stored,payload_bler,channel.payload.block_size,1024
policy learned artifact - tx power artifact entrypoint...,20260722T123931Z_ofdm_subcarrier_resource_allocation__resource.average_transmit_power_budget_1,average_transmit_power_budget 1,stored,payload_bler,timing.step.wall_time_s,0.01947612699586898
policy learned artifact - tx power artifact entrypoint...,20260722T123931Z_ofdm_subcarrier_resource_allocation__resource.average_transmit_power_budget_1,average_transmit_power_budget 1,stored,run,memory.run.end_rss_bytes,4714708992
policy learned artifact - tx power artifact entrypoint...,20260722T123931Z_ofdm_subcarrier_resource_allocation__resource.average_transmit_power_budget_1,average_transmit_power_budget 1,stored,run,memory.run.peak_rss_bytes,5446995968
policy learned artifact - tx power artifact entrypoint...,20260722T123931Z_ofdm_subcarrier_resource_allocation__resource.average_transmit_power_budget_1,average_transmit_power_budget 1,stored,run,memory.run.peak_rss_delta_bytes,4998742016
policy learned artifact - tx power artifact entrypoint...,20260722T123931Z_ofdm_subcarrier_resource_allocation__resource.average_transmit_power_budget_1,average_transmit_power_budget 1,stored,run,memory.run.sampler_interval_s,0.05
policy learned artifact - tx power artifact entrypoint...,20260722T123931Z_ofdm_subcarrier_resource_allocation__resource.average_transmit_power_budget_1,average_transmit_power_budget 1,stored,run,memory.run.start_rss_bytes,448253952
policy learned artifact - tx power artifact entrypoint...,20260722T123931Z_ofdm_subcarrier_resource_allocation__resource.average_transmit_power_budget_1,average_transmit_power_budget 1,stored,rx_bit_boundary,channel.fixed.bit_count,1048576
policy learned artifact - tx power artifact entrypoint...,20260722T123931Z_ofdm_subcarrier_resource_allocation__resource.average_transmit_power_budget_1,average_transmit_power_budget 1,stored,rx_bit_boundary,channel.fixed.byte_count,131072
policy learned artifact - tx power artifact entrypoint...,20260722T123931Z_ofdm_subcarrier_resource_allocation__resource.average_transmit_power_budget_1,average_transmit_power_budget 1,stored,rx_bit_boundary,channel.fixed.demodulator_output.bit_count,1048576
policy learned artifact - tx power artifact entrypoint...,20260722T123931Z_ofdm_subcarrier_resource_allocation__resource.average_transmit_power_budget_1,average_transmit_power_budget 1,stored,rx_bit_boundary,channel.fixed.demodulator_output.bits_per_element,1
policy learned artifact - tx power artifact entrypoint...,20260722T123931Z_ofdm_subcarrier_resource_allocation__resource.average_transmit_power_budget_1,average_transmit_power_budget 1,stored,rx_bit_boundary,channel.fixed.demodulator_output.byte_count,131072
policy learned artifact - tx power artifact entrypoint...,20260722T123931Z_ofdm_subcarrier_resource_allocation__resource.average_transmit_power_budget_1,average_transmit_power_budget 1,stored,rx_bit_boundary,channel.fixed.demodulator_output.dtype_uint8,1
policy learned artifact - tx power artifact entrypoint...,20260722T123931Z_ofdm_subcarrier_resource_allocation__resource.average_transmit_power_budget_1,average_transmit_power_budget 1,stored,rx_bit_boundary,timing.step.wall_time_s,0.1436686780070886
policy learned artifact - tx power artifact entrypoint...,20260722T123931Z_ofdm_subcarrier_resource_allocation__resource.average_transmit_power_budget_1,average_transmit_power_budget 1,stored,tx_bit_boundary,channel.fixed.bit_count,1048576
policy learned artifact - tx power artifact entrypoint...,20260722T123931Z_ofdm_subcarrier_resource_allocation__resource.average_transmit_power_budget_1,average_transmit_power_budget 1,stored,tx_bit_boundary,channel.fixed.byte_count,131072
policy learned artifact - tx power artifact entrypoint...,20260722T123931Z_ofdm_subcarrier_resource_allocation__resource.average_transmit_power_budget_1,average_transmit_power_budget 1,stored,tx_bit_boundary,channel.fixed.modulator_input.bit_count,1048576
policy learned artifact - tx power artifact entrypoint...,20260722T123931Z_ofdm_subcarrier_resource_allocation__resource.average_transmit_power_budget_1,average_transmit_power_budget 1,stored,tx_bit_boundary,channel.fixed.modulator_input.bits_per_element,1
policy learned artifact - tx power artifact entrypoint...,20260722T123931Z_ofdm_subcarrier_resource_allocation__resource.average_transmit_power_budget_1,average_transmit_power_budget 1,stored,tx_bit_boundary,channel.fixed.modulator_input.byte_count,131072
policy learned artifact - tx power artifact entrypoint...,20260722T123931Z_ofdm_subcarrier_resource_allocation__resource.average_transmit_power_budget_1,average_transmit_power_budget 1,stored,tx_bit_boundary,channel.fixed.modulator_input.dtype_uint8,1
policy learned artifact - tx power artifact entrypoint...,20260722T123931Z_ofdm_subcarrier_resource_allocation__resource.average_transmit_power_budget_1,average_transmit_power_budget 1,stored,tx_bit_boundary,timing.step.wall_time_s,0.11179772100877017
policy learned artifact - tx power artifact entrypoint...,20260722T123931Z_ofdm_subcarrier_resource_allocation__resource.average_transmit_power_budget_1,average_transmit_power_budget 1,stored,tx_power,channel.channel_use_count,1387136
policy learned artifact - tx power artifact entrypoint...,20260722T123931Z_ofdm_subcarrier_resource_allocation__resource.average_transmit_power_budget_1,average_transmit_power_budget 1,stored,tx_power,channel.data_bearing_resource_element_count,844434
policy learned artifact - tx power artifact entrypoint...,20260722T123931Z_ofdm_subcarrier_resource_allocation__resource.average_transmit_power_budget_1,average_transmit_power_budget 1,stored,tx_power,channel.scheduled_resource_element_count,1387136
policy learned artifact - tx power artifact entrypoint...,20260722T123931Z_ofdm_subcarrier_resource_allocation__resource.average_transmit_power_budget_1,average_transmit_power_budget 1,stored,tx_power,channel.symbol_count,1387136
policy learned artifact - tx power artifact entrypoint...,20260722T123931Z_ofdm_subcarrier_resource_allocation__resource.average_transmit_power_budget_1,average_transmit_power_budget 1,stored,tx_power,channel.tx_power.after,0.7145963657462259
policy learned artifact - tx power artifact entrypoint...,20260722T123931Z_ofdm_subcarrier_resource_allocation__resource.average_transmit_power_budget_1,average_transmit_power_budget 1,stored,tx_power,channel.tx_power.average,0.7145963657462259
policy learned artifact - tx power artifact entrypoint...,20260722T123931Z_ofdm_subcarrier_resource_allocation__resource.average_transmit_power_budget_1,average_transmit_power_budget 1,stored,tx_power,channel.tx_power.before,0.9999999403953552
policy learned artifact - tx power artifact entrypoint...,20260722T123931Z_ofdm_subcarrier_resource_allocation__resource.average_transmit_power_budget_1,average_transmit_power_budget 1,stored,tx_power,channel.tx_power.group_count,32
policy learned artifact - tx power artifact entrypoint...,20260722T123931Z_ofdm_subcarrier_resource_allocation__resource.average_transmit_power_budget_1,average_transmit_power_budget 1,stored,tx_power,channel.tx_power.model_batch_count,256
policy learned artifact - tx power artifact entrypoint...,20260722T123931Z_ofdm_subcarrier_resource_allocation__resource.average_transmit_power_budget_1,average_transmit_power_budget 1,stored,tx_power,channel.tx_power.model_batch_size,1024
policy learned artifact - tx power artifact entrypoint...,20260722T123931Z_ofdm_subcarrier_resource_allocation__resource.average_transmit_power_budget_1,average_transmit_power_budget 1,stored,tx_power,channel.tx_power.model_input_example_count,262144
policy learned artifact - tx power artifact entrypoint...,20260722T123931Z_ofdm_subcarrier_resource_allocation__resource.average_transmit_power_budget_1,average_transmit_power_budget 1,stored,tx_power,channel.tx_power.selected,1
policy learned artifact - tx power artifact entrypoint...,20260722T123931Z_ofdm_subcarrier_resource_allocation__resource.average_transmit_power_budget_1,average_transmit_power_budget 1,stored,tx_power,channel.tx_power.snr_db,6.989700043360188
policy learned artifact - tx power artifact entrypoint...,20260722T123931Z_ofdm_subcarrier_resource_allocation__resource.average_transmit_power_budget_1,average_transmit_power_budget 1,stored,tx_power,channel.tx_power.total_energy,991242.3443957567
policy learned artifact - tx power artifact entrypoint...,20260722T123931Z_ofdm_subcarrier_resource_allocation__resource.average_transmit_power_budget_1,average_transmit_power_budget 1,stored,tx_power,channel.tx_power.tx_power.after,0.7145963657462259
policy learned artifact - tx power artifact entrypoint...,20260722T123931Z_ofdm_subcarrier_resource_allocation__resource.average_transmit_power_budget_1,average_transmit_power_budget 1,stored,tx_power,channel.tx_power.tx_power.before,0.9999999403953552
policy learned artifact - tx power artifact entrypoint...,20260722T123931Z_ofdm_subcarrier_resource_allocation__resource.average_transmit_power_budget_1,average_transmit_power_budget 1,stored,tx_power,channel.tx_power.tx_power.selected,1
policy learned artifact - tx power artifact entrypoint...,20260722T123931Z_ofdm_subcarrier_resource_allocation__resource.average_transmit_power_budget_1,average_transmit_power_budget 1,stored,tx_power,channel.tx_power.tx_power.snr_db,6.989700043360188
policy learned artifact - tx power artifact entrypoint...,20260722T123931Z_ofdm_subcarrier_resource_allocation__resource.average_transmit_power_budget_1,average_transmit_power_budget 1,stored,tx_power,channel.tx_power.tx_power.total_energy,991242.3443957567
policy learned artifact - tx power artifact entrypoint...,20260722T123931Z_ofdm_subcarrier_resource_allocation__resource.average_transmit_power_budget_1,average_transmit_power_budget 1,stored,tx_power,timing.step.wall_time_s,13.02703472704161
policy learned artifact - tx power artifact entrypoint...,20260722T123931Z_ofdm_subcarrier_resource_allocation__resource.average_transmit_power_budget_1,average_transmit_power_budget 1,stored,wireless_channel,channel.backend.sionna,1
policy learned artifact - tx power artifact entrypoint...,20260722T123931Z_ofdm_subcarrier_resource_allocation__resource.average_transmit_power_budget_1,average_transmit_power_budget 1,stored,wireless_channel,channel.carrier_frequency_ghz,3.5
policy learned artifact - tx power artifact entrypoint...,20260722T123931Z_ofdm_subcarrier_resource_allocation__resource.average_transmit_power_budget_1,average_transmit_power_budget 1,stored,wireless_channel,channel.channel_use_count,1387136
policy learned artifact - tx power artifact entrypoint...,20260722T123931Z_ofdm_subcarrier_resource_allocation__resource.average_transmit_power_budget_1,average_transmit_power_budget 1,stored,wireless_channel,channel.effective_snr_db,6.998418481752193
policy learned artifact - tx power artifact entrypoint...,20260722T123931Z_ofdm_subcarrier_resource_allocation__resource.average_transmit_power_budget_1,average_transmit_power_budget 1,stored,wireless_channel,channel.gain.average,1
policy learned artifact - tx power artifact entrypoint...,20260722T123931Z_ofdm_subcarrier_resource_allocation__resource.average_transmit_power_budget_1,average_transmit_power_budget 1,stored,wireless_channel,channel.mobility_kmh,30
policy learned artifact - tx power artifact entrypoint...,20260722T123931Z_ofdm_subcarrier_resource_allocation__resource.average_transmit_power_budget_1,average_transmit_power_budget 1,stored,wireless_channel,channel.noise_variance,0.2
policy learned artifact - tx power artifact entrypoint...,20260722T123931Z_ofdm_subcarrier_resource_allocation__resource.average_transmit_power_budget_1,average_transmit_power_budget 1,stored,wireless_channel,channel.num_ofdm_symbols,4
policy learned artifact - tx power artifact entrypoint...,20260722T123931Z_ofdm_subcarrier_resource_allocation__resource.average_transmit_power_budget_1,average_transmit_power_budget 1,stored,wireless_channel,channel.ofdm_fft_size,32
policy learned artifact - tx power artifact entrypoint...,20260722T123931Z_ofdm_subcarrier_resource_allocation__resource.average_transmit_power_budget_1,average_transmit_power_budget 1,stored,wireless_channel,channel.post_equalizer_component_power.average,1.9767799377441406
policy learned artifact - tx power artifact entrypoint...,20260722T123931Z_ofdm_subcarrier_resource_allocation__resource.average_transmit_power_budget_1,average_transmit_power_budget 1,stored,wireless_channel,channel.post_equalizer_noise_power.average,1.2621835470199585
policy learned artifact - tx power artifact entrypoint...,20260722T123931Z_ofdm_subcarrier_resource_allocation__resource.average_transmit_power_budget_1,average_transmit_power_budget 1,stored,wireless_channel,channel.post_equalizer_output_power.average,1.9772267650092499
policy learned artifact - tx power artifact entrypoint...,20260722T123931Z_ofdm_subcarrier_resource_allocation__resource.average_transmit_power_budget_1,average_transmit_power_budget 1,stored,wireless_channel,channel.post_equalizer_signal_noise_cross_power.average,0.00044682726510925086
policy learned artifact - tx power artifact entrypoint...,20260722T123931Z_ofdm_subcarrier_resource_allocation__resource.average_transmit_power_budget_1,average_transmit_power_budget 1,stored,wireless_channel,channel.post_equalizer_signal_power.average,0.7145963907241821
policy learned artifact - tx power artifact entrypoint...,20260722T123931Z_ofdm_subcarrier_resource_allocation__resource.average_transmit_power_budget_1,average_transmit_power_budget 1,stored,wireless_channel,channel.received_signal_power.average,1.0020095109939575
policy learned artifact - tx power artifact entrypoint...,20260722T123931Z_ofdm_subcarrier_resource_allocation__resource.average_transmit_power_budget_1,average_transmit_power_budget 1,stored,wireless_channel,channel.reference_snr_db,6.9897000433601875
policy learned artifact - tx power artifact entrypoint...,20260722T123931Z_ofdm_subcarrier_resource_allocation__resource.average_transmit_power_budget_1,average_transmit_power_budget 1,stored,wireless_channel,channel.rx_antenna_component_power.average,1.202215999364853
policy learned artifact - tx power artifact entrypoint...,20260722T123931Z_ofdm_subcarrier_resource_allocation__resource.average_transmit_power_budget_1,average_transmit_power_budget 1,stored,wireless_channel,channel.rx_antenna_noise_power.average,0.20020648837089539
policy learned artifact - tx power artifact entrypoint...,20260722T123931Z_ofdm_subcarrier_resource_allocation__resource.average_transmit_power_budget_1,average_transmit_power_budget 1,stored,wireless_channel,channel.rx_antenna_power.average,1.2026945644071398
policy learned artifact - tx power artifact entrypoint...,20260722T123931Z_ofdm_subcarrier_resource_allocation__resource.average_transmit_power_budget_1,average_transmit_power_budget 1,stored,wireless_channel,channel.rx_antenna_power.total_energy,1668300.9272934622
policy learned artifact - tx power artifact entrypoint...,20260722T123931Z_ofdm_subcarrier_resource_allocation__resource.average_transmit_power_budget_1,average_transmit_power_budget 1,stored,wireless_channel,channel.rx_antenna_signal_noise_cross_power.average,0.0004785650422869381
policy learned artifact - tx power artifact entrypoint...,20260722T123931Z_ofdm_subcarrier_resource_allocation__resource.average_transmit_power_budget_1,average_transmit_power_budget 1,stored,wireless_channel,channel.rx_antenna_signal_power.average,1.0020095109939575
policy learned artifact - tx power artifact entrypoint...,20260722T123931Z_ofdm_subcarrier_resource_allocation__resource.average_transmit_power_budget_1,average_transmit_power_budget 1,stored,wireless_channel,channel.rx_equalized_power.average,1.9772267650092499
policy learned artifact - tx power artifact entrypoint...,20260722T123931Z_ofdm_subcarrier_resource_allocation__resource.average_transmit_power_budget_1,average_transmit_power_budget 1,stored,wireless_channel,channel.rx_equalized_power.total_energy,2742682.4259078708
policy learned artifact - tx power artifact entrypoint...,20260722T123931Z_ofdm_subcarrier_resource_allocation__resource.average_transmit_power_budget_1,average_transmit_power_budget 1,stored,wireless_channel,channel.rx_output_power.average,1.9772267650092499
policy learned artifact - tx power artifact entrypoint...,20260722T123931Z_ofdm_subcarrier_resource_allocation__resource.average_transmit_power_budget_1,average_transmit_power_budget 1,stored,wireless_channel,channel.rx_output_power.total_energy,2742682.4259078708
policy learned artifact - tx power artifact entrypoint...,20260722T123931Z_ofdm_subcarrier_resource_allocation__resource.average_transmit_power_budget_1,average_transmit_power_budget 1,stored,wireless_channel,channel.rx_power.average,1.9772267650092499
policy learned artifact - tx power artifact entrypoint...,20260722T123931Z_ofdm_subcarrier_resource_allocation__resource.average_transmit_power_budget_1,average_transmit_power_budget 1,stored,wireless_channel,channel.rx_power.total_energy,2742682.4259078708
policy learned artifact - tx power artifact entrypoint...,20260722T123931Z_ofdm_subcarrier_resource_allocation__resource.average_transmit_power_budget_1,average_transmit_power_budget 1,stored,wireless_channel,channel.snr_db,6.9897000433601875
policy learned artifact - tx power artifact entrypoint...,20260722T123931Z_ofdm_subcarrier_resource_allocation__resource.average_transmit_power_budget_1,average_transmit_power_budget 1,stored,wireless_channel,channel.symbol_count,1387136
policy learned artifact - tx power artifact entrypoint...,20260722T123931Z_ofdm_subcarrier_resource_allocation__resource.average_transmit_power_budget_1,average_transmit_power_budget 1,stored,wireless_channel,channel.tx_effective_snr_db,5.530308226780488
policy learned artifact - tx power artifact entrypoint...,20260722T123931Z_ofdm_subcarrier_resource_allocation__resource.average_transmit_power_budget_1,average_transmit_power_budget 1,stored,wireless_channel,channel.tx_power_at_channel.average,0.7145963907241821
policy learned artifact - tx power artifact entrypoint...,20260722T123931Z_ofdm_subcarrier_resource_allocation__resource.average_transmit_power_budget_1,average_transmit_power_budget 1,stored,wireless_channel,timing.step.wall_time_s,1.9817215410294011
policy learned artifact - tx power artifact entrypoint...,20260722T124044Z_ofdm_subcarrier_resource_allocation__resource.average_transmit_power_budget_2,average_transmit_power_budget 2,stored,allocation_evaluation,channel.achieved_payload_goodput_bits_per_resource_element,1.1042000641231164
policy learned artifact - tx power artifact entrypoint...,20260722T124044Z_ofdm_subcarrier_resource_allocation__resource.average_transmit_power_budget_2,average_transmit_power_budget 2,stored,allocation_evaluation,channel.data_bearing_resource_element_count,655336
policy learned artifact - tx power artifact entrypoint...,20260722T124044Z_ofdm_subcarrier_resource_allocation__resource.average_transmit_power_budget_2,average_transmit_power_budget 2,stored,allocation_evaluation,channel.delivered_payload_bit_count,881664
policy learned artifact - tx power artifact entrypoint...,20260722T124044Z_ofdm_subcarrier_resource_allocation__resource.average_transmit_power_budget_2,average_transmit_power_budget 2,stored,allocation_evaluation,channel.goodput_to_theoretical_shannon_efficiency_ratio,0.3427986354717176
policy learned artifact - tx power artifact entrypoint...,20260722T124044Z_ofdm_subcarrier_resource_allocation__resource.average_transmit_power_budget_2,average_transmit_power_budget 2,stored,allocation_evaluation,channel.noise_variance,0.2
policy learned artifact - tx power artifact entrypoint...,20260722T124044Z_ofdm_subcarrier_resource_allocation__resource.average_transmit_power_budget_2,average_transmit_power_budget 2,stored,allocation_evaluation,channel.offered_payload_bits_per_resource_element,1.3132414235331837
policy learned artifact - tx power artifact entrypoint...,20260722T124044Z_ofdm_subcarrier_resource_allocation__resource.average_transmit_power_budget_2,average_transmit_power_budget 2,stored,allocation_evaluation,channel.payload_delivery_block_count,1024
policy learned artifact - tx power artifact entrypoint...,20260722T124044Z_ofdm_subcarrier_resource_allocation__resource.average_transmit_power_budget_2,average_transmit_power_budget 2,stored,allocation_evaluation,channel.payload_delivery_block_error_count,163
policy learned artifact - tx power artifact entrypoint...,20260722T124044Z_ofdm_subcarrier_resource_allocation__resource.average_transmit_power_budget_2,average_transmit_power_budget 2,stored,allocation_evaluation,channel.payload_delivery_block_error_rate,0.1591796875
policy learned artifact - tx power artifact entrypoint...,20260722T124044Z_ofdm_subcarrier_resource_allocation__resource.average_transmit_power_budget_2,average_transmit_power_budget 2,stored,allocation_evaluation,channel.payload_delivery_success,0
policy learned artifact - tx power artifact entrypoint...,20260722T124044Z_ofdm_subcarrier_resource_allocation__resource.average_transmit_power_budget_2,average_transmit_power_budget 2,stored,allocation_evaluation,channel.payload_energy_efficiency_bits_per_normalized_energy,0.6240737409650232
policy learned artifact - tx power artifact entrypoint...,20260722T124044Z_ofdm_subcarrier_resource_allocation__resource.average_transmit_power_budget_2,average_transmit_power_budget 2,stored,allocation_evaluation,channel.reference_snr_db,6.989700043360188
policy learned artifact - tx power artifact entrypoint...,20260722T124044Z_ofdm_subcarrier_resource_allocation__resource.average_transmit_power_budget_2,average_transmit_power_budget 2,stored,allocation_evaluation,channel.resource_element_utilization,0.8207458319974351
policy learned artifact - tx power artifact entrypoint...,20260722T124044Z_ofdm_subcarrier_resource_allocation__resource.average_transmit_power_budget_2,average_transmit_power_budget 2,stored,allocation_evaluation,channel.scheduled_resource_element_count,798464
policy learned artifact - tx power artifact entrypoint...,20260722T124044Z_ofdm_subcarrier_resource_allocation__resource.average_transmit_power_budget_2,average_transmit_power_budget 2,stored,allocation_evaluation,channel.tx_energy_for_payload,1412756.125
policy learned artifact - tx power artifact entrypoint...,20260722T124044Z_ofdm_subcarrier_resource_allocation__resource.average_transmit_power_budget_2,average_transmit_power_budget 2,stored,allocation_evaluation,channel.tx_energy_per_delivered_payload_bit,1.6023747425323025
policy learned artifact - tx power artifact entrypoint...,20260722T124044Z_ofdm_subcarrier_resource_allocation__resource.average_transmit_power_budget_2,average_transmit_power_budget 2,stored,allocation_evaluation,resource.active_resource_element_fraction,0.9733164310455322
policy learned artifact - tx power artifact entrypoint...,20260722T124044Z_ofdm_subcarrier_resource_allocation__resource.average_transmit_power_budget_2,average_transmit_power_budget 2,stored,allocation_evaluation,resource.allocated_power_weighted_channel_gain_lift,0.09478106201039595
policy learned artifact - tx power artifact entrypoint...,20260722T124044Z_ofdm_subcarrier_resource_allocation__resource.average_transmit_power_budget_2,average_transmit_power_budget 2,stored,allocation_evaluation,resource.allocation_power_coefficient_of_variation,0.18964699836227417
policy learned artifact - tx power artifact entrypoint...,20260722T124044Z_ofdm_subcarrier_resource_allocation__resource.average_transmit_power_budget_2,average_transmit_power_budget 2,stored,allocation_evaluation,resource.average_transmit_power_budget,2
policy learned artifact - tx power artifact entrypoint...,20260722T124044Z_ofdm_subcarrier_resource_allocation__resource.average_transmit_power_budget_2,average_transmit_power_budget 2,stored,allocation_evaluation,resource.power_constraint.max_abs_error,0.000003337860107421875
policy learned artifact - tx power artifact entrypoint...,20260722T124044Z_ofdm_subcarrier_resource_allocation__resource.average_transmit_power_budget_2,average_transmit_power_budget 2,stored,allocation_evaluation,resource.power_constraint.max_negative_violation,0
policy learned artifact - tx power artifact entrypoint...,20260722T124044Z_ofdm_subcarrier_resource_allocation__resource.average_transmit_power_budget_2,average_transmit_power_budget 2,stored,allocation_evaluation,resource.power_constraint.max_relative_error,5.21540641784668e-8
policy learned artifact - tx power artifact entrypoint...,20260722T124044Z_ofdm_subcarrier_resource_allocation__resource.average_transmit_power_budget_2,average_transmit_power_budget 2,stored,allocation_evaluation,resource.theoretical_min_state_spectral_efficiency_bps_hz,2.0627548351165528
policy learned artifact - tx power artifact entrypoint...,20260722T124044Z_ofdm_subcarrier_resource_allocation__resource.average_transmit_power_budget_2,average_transmit_power_budget 2,stored,allocation_evaluation,resource.theoretical_outage_probability,0
policy learned artifact - tx power artifact entrypoint...,20260722T124044Z_ofdm_subcarrier_resource_allocation__resource.average_transmit_power_budget_2,average_transmit_power_budget 2,stored,allocation_evaluation,resource.theoretical_outage_target_spectral_efficiency_bps_hz,2
policy learned artifact - tx power artifact entrypoint...,20260722T124044Z_ofdm_subcarrier_resource_allocation__resource.average_transmit_power_budget_2,average_transmit_power_budget 2,stored,allocation_evaluation,resource.theoretical_p05_state_spectral_efficiency_bps_hz,2.934204397975941
policy learned artifact - tx power artifact entrypoint...,20260722T124044Z_ofdm_subcarrier_resource_allocation__resource.average_transmit_power_budget_2,average_transmit_power_budget 2,stored,allocation_evaluation,resource.theoretical_shannon_spectral_efficiency_bps_hz,3.22113319559645
policy learned artifact - tx power artifact entrypoint...,20260722T124044Z_ofdm_subcarrier_resource_allocation__resource.average_transmit_power_budget_2,average_transmit_power_budget 2,stored,allocation_evaluation,resource.theoretical_shannon_sum_bits_per_ofdm_symbol,103.0762622590864
policy learned artifact - tx power artifact entrypoint...,20260722T124044Z_ofdm_subcarrier_resource_allocation__resource.average_transmit_power_budget_2,average_transmit_power_budget 2,stored,allocation_evaluation,resource.water_filling_kkt_normalized_residual,0.0004137902799936639
policy learned artifact - tx power artifact entrypoint...,20260722T124044Z_ofdm_subcarrier_resource_allocation__resource.average_transmit_power_budget_2,average_transmit_power_budget 2,stored,allocation_evaluation,resource.water_filling_optimality_gap_bps_hz,1.3055255543292787e-8
policy learned artifact - tx power artifact entrypoint...,20260722T124044Z_ofdm_subcarrier_resource_allocation__resource.average_transmit_power_budget_2,average_transmit_power_budget 2,stored,allocation_evaluation,resource.water_filling_oracle_spectral_efficiency_bps_hz,3.2211332086517057
policy learned artifact - tx power artifact entrypoint...,20260722T124044Z_ofdm_subcarrier_resource_allocation__resource.average_transmit_power_budget_2,average_transmit_power_budget 2,stored,allocation_evaluation,resource.water_filling_power_normalized_rmse,0.0001703013805106643
policy learned artifact - tx power artifact entrypoint...,20260722T124044Z_ofdm_subcarrier_resource_allocation__resource.average_transmit_power_budget_2,average_transmit_power_budget 2,stored,allocation_evaluation,resource.water_filling_power_rmse,0.0003406027610213286
policy learned artifact - tx power artifact entrypoint...,20260722T124044Z_ofdm_subcarrier_resource_allocation__resource.average_transmit_power_budget_2,average_transmit_power_budget 2,stored,allocation_evaluation,resource.water_filling_relative_optimality_gap,4.053000822265722e-9
policy learned artifact - tx power artifact entrypoint...,20260722T124044Z_ofdm_subcarrier_resource_allocation__resource.average_transmit_power_budget_2,average_transmit_power_budget 2,stored,allocation_evaluation,task.score,1.1042000641231164
policy learned artifact - tx power artifact entrypoint...,20260722T124044Z_ofdm_subcarrier_resource_allocation__resource.average_transmit_power_budget_2,average_transmit_power_budget 2,stored,allocation_evaluation,timing.step.wall_time_s,36.35092265199637
policy learned artifact - tx power artifact entrypoint...,20260722T124044Z_ofdm_subcarrier_resource_allocation__resource.average_transmit_power_budget_2,average_transmit_power_budget 2,stored,channel_bit_count_match,channel.fixed.channel_io.bit_count_match,1
policy learned artifact - tx power artifact entrypoint...,20260722T124044Z_ofdm_subcarrier_resource_allocation__resource.average_transmit_power_budget_2,average_transmit_power_budget 2,stored,channel_bit_count_match,channel.fixed.channel_io.candidate_bit_count,1048576
policy learned artifact - tx power artifact entrypoint...,20260722T124044Z_ofdm_subcarrier_resource_allocation__resource.average_transmit_power_budget_2,average_transmit_power_budget 2,stored,channel_bit_count_match,channel.fixed.channel_io.length_delta,0
policy learned artifact - tx power artifact entrypoint...,20260722T124044Z_ofdm_subcarrier_resource_allocation__resource.average_transmit_power_budget_2,average_transmit_power_budget 2,stored,channel_bit_count_match,channel.fixed.channel_io.reference_bit_count,1048576
policy learned artifact - tx power artifact entrypoint...,20260722T124044Z_ofdm_subcarrier_resource_allocation__resource.average_transmit_power_budget_2,average_transmit_power_budget 2,stored,channel_bit_count_match,timing.step.wall_time_s,0.013738073990680277
policy learned artifact - tx power artifact entrypoint...,20260722T124044Z_ofdm_subcarrier_resource_allocation__resource.average_transmit_power_budget_2,average_transmit_power_budget 2,stored,channel_decoder,channel.decoded_bit_count,1048576
policy learned artifact - tx power artifact entrypoint...,20260722T124044Z_ofdm_subcarrier_resource_allocation__resource.average_transmit_power_budget_2,average_transmit_power_budget 2,stored,channel_decoder,timing.step.wall_time_s,0.14980140299303457
policy learned artifact - tx power artifact entrypoint...,20260722T124044Z_ofdm_subcarrier_resource_allocation__resource.average_transmit_power_budget_2,average_transmit_power_budget 2,stored,channel_encoder,channel.code_rate,1
policy learned artifact - tx power artifact entrypoint...,20260722T124044Z_ofdm_subcarrier_resource_allocation__resource.average_transmit_power_budget_2,average_transmit_power_budget 2,stored,channel_encoder,channel.coded_bit_count,1048576
policy learned artifact - tx power artifact entrypoint...,20260722T124044Z_ofdm_subcarrier_resource_allocation__resource.average_transmit_power_budget_2,average_transmit_power_budget 2,stored,channel_encoder,channel.payload_bit_count,1048576
policy learned artifact - tx power artifact entrypoint...,20260722T124044Z_ofdm_subcarrier_resource_allocation__resource.average_transmit_power_budget_2,average_transmit_power_budget 2,stored,channel_encoder,channel.transmitted_bit_count,1048576
policy learned artifact - tx power artifact entrypoint...,20260722T124044Z_ofdm_subcarrier_resource_allocation__resource.average_transmit_power_budget_2,average_transmit_power_budget 2,stored,channel_encoder,timing.step.wall_time_s,0.11273301596520469
policy learned artifact - tx power artifact entrypoint...,20260722T124044Z_ofdm_subcarrier_resource_allocation__resource.average_transmit_power_budget_2,average_transmit_power_budget 2,stored,channel_state,channel.gain.average,1
policy learned artifact - tx power artifact entrypoint...,20260722T124044Z_ofdm_subcarrier_resource_allocation__resource.average_transmit_power_budget_2,average_transmit_power_budget 2,stored,channel_state,channel.noise_variance,0.2
policy learned artifact - tx power artifact entrypoint...,20260722T124044Z_ofdm_subcarrier_resource_allocation__resource.average_transmit_power_budget_2,average_transmit_power_budget 2,stored,channel_state,channel.num_ofdm_symbols,4
policy learned artifact - tx power artifact entrypoint...,20260722T124044Z_ofdm_subcarrier_resource_allocation__resource.average_transmit_power_budget_2,average_transmit_power_budget 2,stored,channel_state,channel.ofdm_fft_size,32
policy learned artifact - tx power artifact entrypoint...,20260722T124044Z_ofdm_subcarrier_resource_allocation__resource.average_transmit_power_budget_2,average_transmit_power_budget 2,stored,channel_state,channel.ofdm_resource_element_capacity,8388608
policy learned artifact - tx power artifact entrypoint...,20260722T124044Z_ofdm_subcarrier_resource_allocation__resource.average_transmit_power_budget_2,average_transmit_power_budget 2,stored,channel_state,channel.ofdm_state_count,262144
policy learned artifact - tx power artifact entrypoint...,20260722T124044Z_ofdm_subcarrier_resource_allocation__resource.average_transmit_power_budget_2,average_transmit_power_budget 2,stored,channel_state,channel.reference_snr_db,6.989700043360188
policy learned artifact - tx power artifact entrypoint...,20260722T124044Z_ofdm_subcarrier_resource_allocation__resource.average_transmit_power_budget_2,average_transmit_power_budget 2,stored,channel_state,timing.step.wall_time_s,11.40973399503855
policy learned artifact - tx power artifact entrypoint...,20260722T124044Z_ofdm_subcarrier_resource_allocation__resource.average_transmit_power_budget_2,average_transmit_power_budget 2,stored,coded_ber,channel.coded.ber,0.0001697540283203125
policy learned artifact - tx power artifact entrypoint...,20260722T124044Z_ofdm_subcarrier_resource_allocation__resource.average_transmit_power_budget_2,average_transmit_power_budget 2,stored,coded_ber,channel.coded.compare_bit_count,1048576
policy learned artifact - tx power artifact entrypoint...,20260722T124044Z_ofdm_subcarrier_resource_allocation__resource.average_transmit_power_budget_2,average_transmit_power_budget 2,stored,coded_ber,channel.coded.error_count,178
policy learned artifact - tx power artifact entrypoint...,20260722T124044Z_ofdm_subcarrier_resource_allocation__resource.average_transmit_power_budget_2,average_transmit_power_budget 2,stored,coded_ber,timing.step.wall_time_s,0.011210095952264965
policy learned artifact - tx power artifact entrypoint...,20260722T124044Z_ofdm_subcarrier_resource_allocation__resource.average_transmit_power_budget_2,average_transmit_power_budget 2,stored,coded_bler,channel.coded.bler,0.1591796875
policy learned artifact - tx power artifact entrypoint...,20260722T124044Z_ofdm_subcarrier_resource_allocation__resource.average_transmit_power_budget_2,average_transmit_power_budget 2,stored,coded_bler,channel.coded.block_count,1024
policy learned artifact - tx power artifact entrypoint...,20260722T124044Z_ofdm_subcarrier_resource_allocation__resource.average_transmit_power_budget_2,average_transmit_power_budget 2,stored,coded_bler,channel.coded.block_error_count,163
policy learned artifact - tx power artifact entrypoint...,20260722T124044Z_ofdm_subcarrier_resource_allocation__resource.average_transmit_power_budget_2,average_transmit_power_budget 2,stored,coded_bler,channel.coded.block_size,1024
policy learned artifact - tx power artifact entrypoint...,20260722T124044Z_ofdm_subcarrier_resource_allocation__resource.average_transmit_power_budget_2,average_transmit_power_budget 2,stored,coded_bler,timing.step.wall_time_s,0.01867233798839152
policy learned artifact - tx power artifact entrypoint...,20260722T124044Z_ofdm_subcarrier_resource_allocation__resource.average_transmit_power_budget_2,average_transmit_power_budget 2,stored,data,channel.payload_bit_count,1048576
policy learned artifact - tx power artifact entrypoint...,20260722T124044Z_ofdm_subcarrier_resource_allocation__resource.average_transmit_power_budget_2,average_transmit_power_budget 2,stored,data,source.bit_count,1048576
policy learned artifact - tx power artifact entrypoint...,20260722T124044Z_ofdm_subcarrier_resource_allocation__resource.average_transmit_power_budget_2,average_transmit_power_budget 2,stored,data,source.example_count,1024
policy learned artifact - tx power artifact entrypoint...,20260722T124044Z_ofdm_subcarrier_resource_allocation__resource.average_transmit_power_budget_2,average_transmit_power_budget 2,stored,data,source.transport_block_count,1024
policy learned artifact - tx power artifact entrypoint...,20260722T124044Z_ofdm_subcarrier_resource_allocation__resource.average_transmit_power_budget_2,average_transmit_power_budget 2,stored,data,source.transport_block_size_bits,1024
policy learned artifact - tx power artifact entrypoint...,20260722T124044Z_ofdm_subcarrier_resource_allocation__resource.average_transmit_power_budget_2,average_transmit_power_budget 2,stored,data,timing.step.wall_time_s,0.113121509028133
policy learned artifact - tx power artifact entrypoint...,20260722T124044Z_ofdm_subcarrier_resource_allocation__resource.average_transmit_power_budget_2,average_transmit_power_budget 2,stored,demodulator,channel.allocation_aware_transport,1
policy learned artifact - tx power artifact entrypoint...,20260722T124044Z_ofdm_subcarrier_resource_allocation__resource.average_transmit_power_budget_2,average_transmit_power_budget 2,stored,demodulator,channel.demod_bit_count,1048576
policy learned artifact - tx power artifact entrypoint...,20260722T124044Z_ofdm_subcarrier_resource_allocation__resource.average_transmit_power_budget_2,average_transmit_power_budget 2,stored,demodulator,timing.step.wall_time_s,0.932700892968569
policy learned artifact - tx power artifact entrypoint...,20260722T124044Z_ofdm_subcarrier_resource_allocation__resource.average_transmit_power_budget_2,average_transmit_power_budget 2,stored,modulator,channel.bits_per_symbol,2
policy learned artifact - tx power artifact entrypoint...,20260722T124044Z_ofdm_subcarrier_resource_allocation__resource.average_transmit_power_budget_2,average_transmit_power_budget 2,stored,modulator,channel.channel_use_count,524288
policy learned artifact - tx power artifact entrypoint...,20260722T124044Z_ofdm_subcarrier_resource_allocation__resource.average_transmit_power_budget_2,average_transmit_power_budget 2,stored,modulator,channel.coded_bit_count,1048576
policy learned artifact - tx power artifact entrypoint...,20260722T124044Z_ofdm_subcarrier_resource_allocation__resource.average_transmit_power_budget_2,average_transmit_power_budget 2,stored,modulator,channel.symbol_count,524288
policy learned artifact - tx power artifact entrypoint...,20260722T124044Z_ofdm_subcarrier_resource_allocation__resource.average_transmit_power_budget_2,average_transmit_power_budget 2,stored,modulator,channel.transmitted_bit_count,1048576
policy learned artifact - tx power artifact entrypoint...,20260722T124044Z_ofdm_subcarrier_resource_allocation__resource.average_transmit_power_budget_2,average_transmit_power_budget 2,stored,modulator,timing.step.wall_time_s,0.22605300700524822
policy learned artifact - tx power artifact entrypoint...,20260722T124044Z_ofdm_subcarrier_resource_allocation__resource.average_transmit_power_budget_2,average_transmit_power_budget 2,stored,payload_ber,channel.payload.ber,0.0001697540283203125
policy learned artifact - tx power artifact entrypoint...,20260722T124044Z_ofdm_subcarrier_resource_allocation__resource.average_transmit_power_budget_2,average_transmit_power_budget 2,stored,payload_ber,channel.payload.compare_bit_count,1048576
policy learned artifact - tx power artifact entrypoint...,20260722T124044Z_ofdm_subcarrier_resource_allocation__resource.average_transmit_power_budget_2,average_transmit_power_budget 2,stored,payload_ber,channel.payload.error_count,178
policy learned artifact - tx power artifact entrypoint...,20260722T124044Z_ofdm_subcarrier_resource_allocation__resource.average_transmit_power_budget_2,average_transmit_power_budget 2,stored,payload_ber,timing.step.wall_time_s,0.016624960000626743
policy learned artifact - tx power artifact entrypoint...,20260722T124044Z_ofdm_subcarrier_resource_allocation__resource.average_transmit_power_budget_2,average_transmit_power_budget 2,stored,payload_bit_boundary,channel.fixed.bit_count,1048576
policy learned artifact - tx power artifact entrypoint...,20260722T124044Z_ofdm_subcarrier_resource_allocation__resource.average_transmit_power_budget_2,average_transmit_power_budget 2,stored,payload_bit_boundary,channel.fixed.byte_count,131072
policy learned artifact - tx power artifact entrypoint...,20260722T124044Z_ofdm_subcarrier_resource_allocation__resource.average_transmit_power_budget_2,average_transmit_power_budget 2,stored,payload_bit_boundary,channel.fixed.payload_input.bit_count,1048576
policy learned artifact - tx power artifact entrypoint...,20260722T124044Z_ofdm_subcarrier_resource_allocation__resource.average_transmit_power_budget_2,average_transmit_power_budget 2,stored,payload_bit_boundary,channel.fixed.payload_input.bits_per_element,1
policy learned artifact - tx power artifact entrypoint...,20260722T124044Z_ofdm_subcarrier_resource_allocation__resource.average_transmit_power_budget_2,average_transmit_power_budget 2,stored,payload_bit_boundary,channel.fixed.payload_input.byte_count,131072
policy learned artifact - tx power artifact entrypoint...,20260722T124044Z_ofdm_subcarrier_resource_allocation__resource.average_transmit_power_budget_2,average_transmit_power_budget 2,stored,payload_bit_boundary,channel.fixed.payload_input.dtype_uint8,1
policy learned artifact - tx power artifact entrypoint...,20260722T124044Z_ofdm_subcarrier_resource_allocation__resource.average_transmit_power_budget_2,average_transmit_power_budget 2,stored,payload_bit_boundary,timing.step.wall_time_s,0.11131929495604709
policy learned artifact - tx power artifact entrypoint...,20260722T124044Z_ofdm_subcarrier_resource_allocation__resource.average_transmit_power_budget_2,average_transmit_power_budget 2,stored,payload_bler,channel.payload.bler,0.1591796875
policy learned artifact - tx power artifact entrypoint...,20260722T124044Z_ofdm_subcarrier_resource_allocation__resource.average_transmit_power_budget_2,average_transmit_power_budget 2,stored,payload_bler,channel.payload.block_count,1024
policy learned artifact - tx power artifact entrypoint...,20260722T124044Z_ofdm_subcarrier_resource_allocation__resource.average_transmit_power_budget_2,average_transmit_power_budget 2,stored,payload_bler,channel.payload.block_error_count,163
policy learned artifact - tx power artifact entrypoint...,20260722T124044Z_ofdm_subcarrier_resource_allocation__resource.average_transmit_power_budget_2,average_transmit_power_budget 2,stored,payload_bler,channel.payload.block_size,1024
policy learned artifact - tx power artifact entrypoint...,20260722T124044Z_ofdm_subcarrier_resource_allocation__resource.average_transmit_power_budget_2,average_transmit_power_budget 2,stored,payload_bler,timing.step.wall_time_s,0.02811411500442773
policy learned artifact - tx power artifact entrypoint...,20260722T124044Z_ofdm_subcarrier_resource_allocation__resource.average_transmit_power_budget_2,average_transmit_power_budget 2,stored,run,memory.run.end_rss_bytes,4714557440
policy learned artifact - tx power artifact entrypoint...,20260722T124044Z_ofdm_subcarrier_resource_allocation__resource.average_transmit_power_budget_2,average_transmit_power_budget 2,stored,run,memory.run.peak_rss_bytes,5448937472
policy learned artifact - tx power artifact entrypoint...,20260722T124044Z_ofdm_subcarrier_resource_allocation__resource.average_transmit_power_budget_2,average_transmit_power_budget 2,stored,run,memory.run.peak_rss_delta_bytes,5000749056
policy learned artifact - tx power artifact entrypoint...,20260722T124044Z_ofdm_subcarrier_resource_allocation__resource.average_transmit_power_budget_2,average_transmit_power_budget 2,stored,run,memory.run.sampler_interval_s,0.05
policy learned artifact - tx power artifact entrypoint...,20260722T124044Z_ofdm_subcarrier_resource_allocation__resource.average_transmit_power_budget_2,average_transmit_power_budget 2,stored,run,memory.run.start_rss_bytes,448188416
policy learned artifact - tx power artifact entrypoint...,20260722T124044Z_ofdm_subcarrier_resource_allocation__resource.average_transmit_power_budget_2,average_transmit_power_budget 2,stored,rx_bit_boundary,channel.fixed.bit_count,1048576
policy learned artifact - tx power artifact entrypoint...,20260722T124044Z_ofdm_subcarrier_resource_allocation__resource.average_transmit_power_budget_2,average_transmit_power_budget 2,stored,rx_bit_boundary,channel.fixed.byte_count,131072
policy learned artifact - tx power artifact entrypoint...,20260722T124044Z_ofdm_subcarrier_resource_allocation__resource.average_transmit_power_budget_2,average_transmit_power_budget 2,stored,rx_bit_boundary,channel.fixed.demodulator_output.bit_count,1048576
policy learned artifact - tx power artifact entrypoint...,20260722T124044Z_ofdm_subcarrier_resource_allocation__resource.average_transmit_power_budget_2,average_transmit_power_budget 2,stored,rx_bit_boundary,channel.fixed.demodulator_output.bits_per_element,1
policy learned artifact - tx power artifact entrypoint...,20260722T124044Z_ofdm_subcarrier_resource_allocation__resource.average_transmit_power_budget_2,average_transmit_power_budget 2,stored,rx_bit_boundary,channel.fixed.demodulator_output.byte_count,131072
policy learned artifact - tx power artifact entrypoint...,20260722T124044Z_ofdm_subcarrier_resource_allocation__resource.average_transmit_power_budget_2,average_transmit_power_budget 2,stored,rx_bit_boundary,channel.fixed.demodulator_output.dtype_uint8,1
policy learned artifact - tx power artifact entrypoint...,20260722T124044Z_ofdm_subcarrier_resource_allocation__resource.average_transmit_power_budget_2,average_transmit_power_budget 2,stored,rx_bit_boundary,timing.step.wall_time_s,0.1508187260478735
policy learned artifact - tx power artifact entrypoint...,20260722T124044Z_ofdm_subcarrier_resource_allocation__resource.average_transmit_power_budget_2,average_transmit_power_budget 2,stored,tx_bit_boundary,channel.fixed.bit_count,1048576
policy learned artifact - tx power artifact entrypoint...,20260722T124044Z_ofdm_subcarrier_resource_allocation__resource.average_transmit_power_budget_2,average_transmit_power_budget 2,stored,tx_bit_boundary,channel.fixed.byte_count,131072
policy learned artifact - tx power artifact entrypoint...,20260722T124044Z_ofdm_subcarrier_resource_allocation__resource.average_transmit_power_budget_2,average_transmit_power_budget 2,stored,tx_bit_boundary,channel.fixed.modulator_input.bit_count,1048576
policy learned artifact - tx power artifact entrypoint...,20260722T124044Z_ofdm_subcarrier_resource_allocation__resource.average_transmit_power_budget_2,average_transmit_power_budget 2,stored,tx_bit_boundary,channel.fixed.modulator_input.bits_per_element,1
policy learned artifact - tx power artifact entrypoint...,20260722T124044Z_ofdm_subcarrier_resource_allocation__resource.average_transmit_power_budget_2,average_transmit_power_budget 2,stored,tx_bit_boundary,channel.fixed.modulator_input.byte_count,131072
policy learned artifact - tx power artifact entrypoint...,20260722T124044Z_ofdm_subcarrier_resource_allocation__resource.average_transmit_power_budget_2,average_transmit_power_budget 2,stored,tx_bit_boundary,channel.fixed.modulator_input.dtype_uint8,1
policy learned artifact - tx power artifact entrypoint...,20260722T124044Z_ofdm_subcarrier_resource_allocation__resource.average_transmit_power_budget_2,average_transmit_power_budget 2,stored,tx_bit_boundary,timing.step.wall_time_s,0.11149635602487251
policy learned artifact - tx power artifact entrypoint...,20260722T124044Z_ofdm_subcarrier_resource_allocation__resource.average_transmit_power_budget_2,average_transmit_power_budget 2,stored,tx_power,channel.channel_use_count,798464
policy learned artifact - tx power artifact entrypoint...,20260722T124044Z_ofdm_subcarrier_resource_allocation__resource.average_transmit_power_budget_2,average_transmit_power_budget 2,stored,tx_power,channel.data_bearing_resource_element_count,655336
policy learned artifact - tx power artifact entrypoint...,20260722T124044Z_ofdm_subcarrier_resource_allocation__resource.average_transmit_power_budget_2,average_transmit_power_budget 2,stored,tx_power,channel.scheduled_resource_element_count,798464
policy learned artifact - tx power artifact entrypoint...,20260722T124044Z_ofdm_subcarrier_resource_allocation__resource.average_transmit_power_budget_2,average_transmit_power_budget 2,stored,tx_power,channel.symbol_count,798464
policy learned artifact - tx power artifact entrypoint...,20260722T124044Z_ofdm_subcarrier_resource_allocation__resource.average_transmit_power_budget_2,average_transmit_power_budget 2,stored,tx_power,channel.tx_power.after,1.7693422706916784
policy learned artifact - tx power artifact entrypoint...,20260722T124044Z_ofdm_subcarrier_resource_allocation__resource.average_transmit_power_budget_2,average_transmit_power_budget 2,stored,tx_power,channel.tx_power.average,1.7693422706916784
policy learned artifact - tx power artifact entrypoint...,20260722T124044Z_ofdm_subcarrier_resource_allocation__resource.average_transmit_power_budget_2,average_transmit_power_budget 2,stored,tx_power,channel.tx_power.before,0.9999999403953552
policy learned artifact - tx power artifact entrypoint...,20260722T124044Z_ofdm_subcarrier_resource_allocation__resource.average_transmit_power_budget_2,average_transmit_power_budget 2,stored,tx_power,channel.tx_power.group_count,32
policy learned artifact - tx power artifact entrypoint...,20260722T124044Z_ofdm_subcarrier_resource_allocation__resource.average_transmit_power_budget_2,average_transmit_power_budget 2,stored,tx_power,channel.tx_power.model_batch_count,256
policy learned artifact - tx power artifact entrypoint...,20260722T124044Z_ofdm_subcarrier_resource_allocation__resource.average_transmit_power_budget_2,average_transmit_power_budget 2,stored,tx_power,channel.tx_power.model_batch_size,1024
policy learned artifact - tx power artifact entrypoint...,20260722T124044Z_ofdm_subcarrier_resource_allocation__resource.average_transmit_power_budget_2,average_transmit_power_budget 2,stored,tx_power,channel.tx_power.model_input_example_count,262144
policy learned artifact - tx power artifact entrypoint...,20260722T124044Z_ofdm_subcarrier_resource_allocation__resource.average_transmit_power_budget_2,average_transmit_power_budget 2,stored,tx_power,channel.tx_power.selected,2
policy learned artifact - tx power artifact entrypoint...,20260722T124044Z_ofdm_subcarrier_resource_allocation__resource.average_transmit_power_budget_2,average_transmit_power_budget 2,stored,tx_power,channel.tx_power.snr_db,6.989700043360188
policy learned artifact - tx power artifact entrypoint...,20260722T124044Z_ofdm_subcarrier_resource_allocation__resource.average_transmit_power_budget_2,average_transmit_power_budget 2,stored,tx_power,channel.tx_power.total_energy,1412756.1068255603
policy learned artifact - tx power artifact entrypoint...,20260722T124044Z_ofdm_subcarrier_resource_allocation__resource.average_transmit_power_budget_2,average_transmit_power_budget 2,stored,tx_power,channel.tx_power.tx_power.after,1.7693422706916784
policy learned artifact - tx power artifact entrypoint...,20260722T124044Z_ofdm_subcarrier_resource_allocation__resource.average_transmit_power_budget_2,average_transmit_power_budget 2,stored,tx_power,channel.tx_power.tx_power.before,0.9999999403953552
policy learned artifact - tx power artifact entrypoint...,20260722T124044Z_ofdm_subcarrier_resource_allocation__resource.average_transmit_power_budget_2,average_transmit_power_budget 2,stored,tx_power,channel.tx_power.tx_power.selected,2
policy learned artifact - tx power artifact entrypoint...,20260722T124044Z_ofdm_subcarrier_resource_allocation__resource.average_transmit_power_budget_2,average_transmit_power_budget 2,stored,tx_power,channel.tx_power.tx_power.snr_db,6.989700043360188
policy learned artifact - tx power artifact entrypoint...,20260722T124044Z_ofdm_subcarrier_resource_allocation__resource.average_transmit_power_budget_2,average_transmit_power_budget 2,stored,tx_power,channel.tx_power.tx_power.total_energy,1412756.1068255603
policy learned artifact - tx power artifact entrypoint...,20260722T124044Z_ofdm_subcarrier_resource_allocation__resource.average_transmit_power_budget_2,average_transmit_power_budget 2,stored,tx_power,timing.step.wall_time_s,12.75085706799291
policy learned artifact - tx power artifact entrypoint...,20260722T124044Z_ofdm_subcarrier_resource_allocation__resource.average_transmit_power_budget_2,average_transmit_power_budget 2,stored,wireless_channel,channel.backend.sionna,1
policy learned artifact - tx power artifact entrypoint...,20260722T124044Z_ofdm_subcarrier_resource_allocation__resource.average_transmit_power_budget_2,average_transmit_power_budget 2,stored,wireless_channel,channel.carrier_frequency_ghz,3.5
policy learned artifact - tx power artifact entrypoint...,20260722T124044Z_ofdm_subcarrier_resource_allocation__resource.average_transmit_power_budget_2,average_transmit_power_budget 2,stored,wireless_channel,channel.channel_use_count,798464
policy learned artifact - tx power artifact entrypoint...,20260722T124044Z_ofdm_subcarrier_resource_allocation__resource.average_transmit_power_budget_2,average_transmit_power_budget 2,stored,wireless_channel,channel.effective_snr_db,10.25883496070064
policy learned artifact - tx power artifact entrypoint...,20260722T124044Z_ofdm_subcarrier_resource_allocation__resource.average_transmit_power_budget_2,average_transmit_power_budget 2,stored,wireless_channel,channel.gain.average,1
policy learned artifact - tx power artifact entrypoint...,20260722T124044Z_ofdm_subcarrier_resource_allocation__resource.average_transmit_power_budget_2,average_transmit_power_budget 2,stored,wireless_channel,channel.mobility_kmh,30
policy learned artifact - tx power artifact entrypoint...,20260722T124044Z_ofdm_subcarrier_resource_allocation__resource.average_transmit_power_budget_2,average_transmit_power_budget 2,stored,wireless_channel,channel.noise_variance,0.2
policy learned artifact - tx power artifact entrypoint...,20260722T124044Z_ofdm_subcarrier_resource_allocation__resource.average_transmit_power_budget_2,average_transmit_power_budget 2,stored,wireless_channel,channel.num_ofdm_symbols,4
policy learned artifact - tx power artifact entrypoint...,20260722T124044Z_ofdm_subcarrier_resource_allocation__resource.average_transmit_power_budget_2,average_transmit_power_budget 2,stored,wireless_channel,channel.ofdm_fft_size,32
policy learned artifact - tx power artifact entrypoint...,20260722T124044Z_ofdm_subcarrier_resource_allocation__resource.average_transmit_power_budget_2,average_transmit_power_budget 2,stored,wireless_channel,channel.post_equalizer_component_power.average,3.2981709241867065
policy learned artifact - tx power artifact entrypoint...,20260722T124044Z_ofdm_subcarrier_resource_allocation__resource.average_transmit_power_budget_2,average_transmit_power_budget 2,stored,wireless_channel,channel.post_equalizer_noise_power.average,1.5288286209106445
policy learned artifact - tx power artifact entrypoint...,20260722T124044Z_ofdm_subcarrier_resource_allocation__resource.average_transmit_power_budget_2,average_transmit_power_budget 2,stored,wireless_channel,channel.post_equalizer_output_power.average,3.298676454258302
policy learned artifact - tx power artifact entrypoint...,20260722T124044Z_ofdm_subcarrier_resource_allocation__resource.average_transmit_power_budget_2,average_transmit_power_budget 2,stored,wireless_channel,channel.post_equalizer_signal_noise_cross_power.average,0.0005055300715954836
policy learned artifact - tx power artifact entrypoint...,20260722T124044Z_ofdm_subcarrier_resource_allocation__resource.average_transmit_power_budget_2,average_transmit_power_budget 2,stored,wireless_channel,channel.post_equalizer_signal_power.average,1.769342303276062
policy learned artifact - tx power artifact entrypoint...,20260722T124044Z_ofdm_subcarrier_resource_allocation__resource.average_transmit_power_budget_2,average_transmit_power_budget 2,stored,wireless_channel,channel.received_signal_power.average,2.122821569442749
policy learned artifact - tx power artifact entrypoint...,20260722T124044Z_ofdm_subcarrier_resource_allocation__resource.average_transmit_power_budget_2,average_transmit_power_budget 2,stored,wireless_channel,channel.reference_snr_db,6.9897000433601875
policy learned artifact - tx power artifact entrypoint...,20260722T124044Z_ofdm_subcarrier_resource_allocation__resource.average_transmit_power_budget_2,average_transmit_power_budget 2,stored,wireless_channel,channel.rx_antenna_component_power.average,2.323056682944298
policy learned artifact - tx power artifact entrypoint...,20260722T124044Z_ofdm_subcarrier_resource_allocation__resource.average_transmit_power_budget_2,average_transmit_power_budget 2,stored,wireless_channel,channel.rx_antenna_noise_power.average,0.20023511350154877
policy learned artifact - tx power artifact entrypoint...,20260722T124044Z_ofdm_subcarrier_resource_allocation__resource.average_transmit_power_budget_2,average_transmit_power_budget 2,stored,wireless_channel,channel.rx_antenna_power.average,2.3233657705514767
policy learned artifact - tx power artifact entrypoint...,20260722T124044Z_ofdm_subcarrier_resource_allocation__resource.average_transmit_power_budget_2,average_transmit_power_budget 2,stored,wireless_channel,channel.rx_antenna_power.total_energy,1855123.9266176145
policy learned artifact - tx power artifact entrypoint...,20260722T124044Z_ofdm_subcarrier_resource_allocation__resource.average_transmit_power_budget_2,average_transmit_power_budget 2,stored,wireless_channel,channel.rx_antenna_signal_noise_cross_power.average,0.00030908760717895944
policy learned artifact - tx power artifact entrypoint...,20260722T124044Z_ofdm_subcarrier_resource_allocation__resource.average_transmit_power_budget_2,average_transmit_power_budget 2,stored,wireless_channel,channel.rx_antenna_signal_power.average,2.122821569442749
policy learned artifact - tx power artifact entrypoint...,20260722T124044Z_ofdm_subcarrier_resource_allocation__resource.average_transmit_power_budget_2,average_transmit_power_budget 2,stored,wireless_channel,channel.rx_equalized_power.average,3.298676454258302
policy learned artifact - tx power artifact entrypoint...,20260722T124044Z_ofdm_subcarrier_resource_allocation__resource.average_transmit_power_budget_2,average_transmit_power_budget 2,stored,wireless_channel,channel.rx_equalized_power.total_energy,2633874.396372901
policy learned artifact - tx power artifact entrypoint...,20260722T124044Z_ofdm_subcarrier_resource_allocation__resource.average_transmit_power_budget_2,average_transmit_power_budget 2,stored,wireless_channel,channel.rx_output_power.average,3.298676454258302
policy learned artifact - tx power artifact entrypoint...,20260722T124044Z_ofdm_subcarrier_resource_allocation__resource.average_transmit_power_budget_2,average_transmit_power_budget 2,stored,wireless_channel,channel.rx_output_power.total_energy,2633874.396372901
policy learned artifact - tx power artifact entrypoint...,20260722T124044Z_ofdm_subcarrier_resource_allocation__resource.average_transmit_power_budget_2,average_transmit_power_budget 2,stored,wireless_channel,channel.rx_power.average,3.298676454258302
policy learned artifact - tx power artifact entrypoint...,20260722T124044Z_ofdm_subcarrier_resource_allocation__resource.average_transmit_power_budget_2,average_transmit_power_budget 2,stored,wireless_channel,channel.rx_power.total_energy,2633874.396372901
policy learned artifact - tx power artifact entrypoint...,20260722T124044Z_ofdm_subcarrier_resource_allocation__resource.average_transmit_power_budget_2,average_transmit_power_budget 2,stored,wireless_channel,channel.snr_db,6.9897000433601875
policy learned artifact - tx power artifact entrypoint...,20260722T124044Z_ofdm_subcarrier_resource_allocation__resource.average_transmit_power_budget_2,average_transmit_power_budget 2,stored,wireless_channel,channel.symbol_count,798464
policy learned artifact - tx power artifact entrypoint...,20260722T124044Z_ofdm_subcarrier_resource_allocation__resource.average_transmit_power_budget_2,average_transmit_power_budget 2,stored,wireless_channel,channel.tx_effective_snr_db,9.467818655345015
policy learned artifact - tx power artifact entrypoint...,20260722T124044Z_ofdm_subcarrier_resource_allocation__resource.average_transmit_power_budget_2,average_transmit_power_budget 2,stored,wireless_channel,channel.tx_power_at_channel.average,1.769342303276062
policy learned artifact - tx power artifact entrypoint...,20260722T124044Z_ofdm_subcarrier_resource_allocation__resource.average_transmit_power_budget_2,average_transmit_power_budget 2,stored,wireless_channel,timing.step.wall_time_s,1.7254422460100614
policy learned artifact - tx power artifact entrypoint...,20260722T124158Z_ofdm_subcarrier_resource_allocation__resource.average_transmit_power_budget_3,average_transmit_power_budget 3,stored,allocation_evaluation,channel.achieved_payload_goodput_bits_per_resource_element,1.37807174238401
policy learned artifact - tx power artifact entrypoint...,20260722T124158Z_ofdm_subcarrier_resource_allocation__resource.average_transmit_power_budget_3,average_transmit_power_budget 3,stored,allocation_evaluation,channel.data_bearing_resource_element_count,586771
policy learned artifact - tx power artifact entrypoint...,20260722T124158Z_ofdm_subcarrier_resource_allocation__resource.average_transmit_power_budget_3,average_transmit_power_budget 3,stored,allocation_evaluation,channel.delivered_payload_bit_count,913408
policy learned artifact - tx power artifact entrypoint...,20260722T124158Z_ofdm_subcarrier_resource_allocation__resource.average_transmit_power_budget_3,average_transmit_power_budget 3,stored,allocation_evaluation,channel.goodput_to_theoretical_shannon_efficiency_ratio,0.36985233036315346
policy learned artifact - tx power artifact entrypoint...,20260722T124158Z_ofdm_subcarrier_resource_allocation__resource.average_transmit_power_budget_3,average_transmit_power_budget 3,stored,allocation_evaluation,channel.noise_variance,0.2
policy learned artifact - tx power artifact entrypoint...,20260722T124158Z_ofdm_subcarrier_resource_allocation__resource.average_transmit_power_budget_3,average_transmit_power_budget 3,stored,allocation_evaluation,channel.offered_payload_bits_per_resource_element,1.5820016414811955
policy learned artifact - tx power artifact entrypoint...,20260722T124158Z_ofdm_subcarrier_resource_allocation__resource.average_transmit_power_budget_3,average_transmit_power_budget 3,stored,allocation_evaluation,channel.payload_delivery_block_count,1024
policy learned artifact - tx power artifact entrypoint...,20260722T124158Z_ofdm_subcarrier_resource_allocation__resource.average_transmit_power_budget_3,average_transmit_power_budget 3,stored,allocation_evaluation,channel.payload_delivery_block_error_count,132
policy learned artifact - tx power artifact entrypoint...,20260722T124158Z_ofdm_subcarrier_resource_allocation__resource.average_transmit_power_budget_3,average_transmit_power_budget 3,stored,allocation_evaluation,channel.payload_delivery_block_error_rate,0.12890625
policy learned artifact - tx power artifact entrypoint...,20260722T124158Z_ofdm_subcarrier_resource_allocation__resource.average_transmit_power_budget_3,average_transmit_power_budget 3,stored,allocation_evaluation,channel.payload_delivery_success,0
policy learned artifact - tx power artifact entrypoint...,20260722T124158Z_ofdm_subcarrier_resource_allocation__resource.average_transmit_power_budget_3,average_transmit_power_budget 3,stored,allocation_evaluation,channel.payload_energy_efficiency_bits_per_normalized_energy,0.49379030611189895
policy learned artifact - tx power artifact entrypoint...,20260722T124158Z_ofdm_subcarrier_resource_allocation__resource.average_transmit_power_budget_3,average_transmit_power_budget 3,stored,allocation_evaluation,channel.reference_snr_db,6.989700043360188
policy learned artifact - tx power artifact entrypoint...,20260722T124158Z_ofdm_subcarrier_resource_allocation__resource.average_transmit_power_budget_3,average_transmit_power_budget 3,stored,allocation_evaluation,channel.resource_element_utilization,0.8852698184714913
policy learned artifact - tx power artifact entrypoint...,20260722T124158Z_ofdm_subcarrier_resource_allocation__resource.average_transmit_power_budget_3,average_transmit_power_budget 3,stored,allocation_evaluation,channel.scheduled_resource_element_count,662816
policy learned artifact - tx power artifact entrypoint...,20260722T124158Z_ofdm_subcarrier_resource_allocation__resource.average_transmit_power_budget_3,average_transmit_power_budget 3,stored,allocation_evaluation,channel.tx_energy_for_payload,1849789.25
policy learned artifact - tx power artifact entrypoint...,20260722T124158Z_ofdm_subcarrier_resource_allocation__resource.average_transmit_power_budget_3,average_transmit_power_budget 3,stored,allocation_evaluation,channel.tx_energy_per_delivered_payload_bit,2.025151137279288
policy learned artifact - tx power artifact entrypoint...,20260722T124158Z_ofdm_subcarrier_resource_allocation__resource.average_transmit_power_budget_3,average_transmit_power_budget 3,stored,allocation_evaluation,resource.active_resource_element_fraction,0.9816595315933228
policy learned artifact - tx power artifact entrypoint...,20260722T124158Z_ofdm_subcarrier_resource_allocation__resource.average_transmit_power_budget_3,average_transmit_power_budget 3,stored,allocation_evaluation,resource.allocated_power_weighted_channel_gain_lift,0.07110564966856656
policy learned artifact - tx power artifact entrypoint...,20260722T124158Z_ofdm_subcarrier_resource_allocation__resource.average_transmit_power_budget_3,average_transmit_power_budget 3,stored,allocation_evaluation,resource.allocation_power_coefficient_of_variation,0.14880284210210307
policy learned artifact - tx power artifact entrypoint...,20260722T124158Z_ofdm_subcarrier_resource_allocation__resource.average_transmit_power_budget_3,average_transmit_power_budget 3,stored,allocation_evaluation,resource.average_transmit_power_budget,3
policy learned artifact - tx power artifact entrypoint...,20260722T124158Z_ofdm_subcarrier_resource_allocation__resource.average_transmit_power_budget_3,average_transmit_power_budget 3,stored,allocation_evaluation,resource.power_constraint.max_abs_error,0.0000040531158447265625
policy learned artifact - tx power artifact entrypoint...,20260722T124158Z_ofdm_subcarrier_resource_allocation__resource.average_transmit_power_budget_3,average_transmit_power_budget 3,stored,allocation_evaluation,resource.power_constraint.max_negative_violation,0
policy learned artifact - tx power artifact entrypoint...,20260722T124158Z_ofdm_subcarrier_resource_allocation__resource.average_transmit_power_budget_3,average_transmit_power_budget 3,stored,allocation_evaluation,resource.power_constraint.max_relative_error,4.2219956715901695e-8
policy learned artifact - tx power artifact entrypoint...,20260722T124158Z_ofdm_subcarrier_resource_allocation__resource.average_transmit_power_budget_3,average_transmit_power_budget 3,stored,allocation_evaluation,resource.theoretical_min_state_spectral_efficiency_bps_hz,2.3338335138967503
policy learned artifact - tx power artifact entrypoint...,20260722T124158Z_ofdm_subcarrier_resource_allocation__resource.average_transmit_power_budget_3,average_transmit_power_budget 3,stored,allocation_evaluation,resource.theoretical_outage_probability,0
policy learned artifact - tx power artifact entrypoint...,20260722T124158Z_ofdm_subcarrier_resource_allocation__resource.average_transmit_power_budget_3,average_transmit_power_budget 3,stored,allocation_evaluation,resource.theoretical_outage_target_spectral_efficiency_bps_hz,2
policy learned artifact - tx power artifact entrypoint...,20260722T124158Z_ofdm_subcarrier_resource_allocation__resource.average_transmit_power_budget_3,average_transmit_power_budget 3,stored,allocation_evaluation,resource.theoretical_p05_state_spectral_efficiency_bps_hz,3.382201611153594
policy learned artifact - tx power artifact entrypoint...,20260722T124158Z_ofdm_subcarrier_resource_allocation__resource.average_transmit_power_budget_3,average_transmit_power_budget 3,stored,allocation_evaluation,resource.theoretical_shannon_spectral_efficiency_bps_hz,3.7260052979276845
policy learned artifact - tx power artifact entrypoint...,20260722T124158Z_ofdm_subcarrier_resource_allocation__resource.average_transmit_power_budget_3,average_transmit_power_budget 3,stored,allocation_evaluation,resource.theoretical_shannon_sum_bits_per_ofdm_symbol,119.2321695336859
policy learned artifact - tx power artifact entrypoint...,20260722T124158Z_ofdm_subcarrier_resource_allocation__resource.average_transmit_power_budget_3,average_transmit_power_budget 3,stored,allocation_evaluation,resource.water_filling_kkt_normalized_residual,0.0004912990334926608
policy learned artifact - tx power artifact entrypoint...,20260722T124158Z_ofdm_subcarrier_resource_allocation__resource.average_transmit_power_budget_3,average_transmit_power_budget 3,stored,allocation_evaluation,resource.water_filling_optimality_gap_bps_hz,4.5780389701377544e-8
policy learned artifact - tx power artifact entrypoint...,20260722T124158Z_ofdm_subcarrier_resource_allocation__resource.average_transmit_power_budget_3,average_transmit_power_budget 3,stored,allocation_evaluation,resource.water_filling_oracle_spectral_efficiency_bps_hz,3.7260053437080742
policy learned artifact - tx power artifact entrypoint...,20260722T124158Z_ofdm_subcarrier_resource_allocation__resource.average_transmit_power_budget_3,average_transmit_power_budget 3,stored,allocation_evaluation,resource.water_filling_power_normalized_rmse,0.00032417870311783115
policy learned artifact - tx power artifact entrypoint...,20260722T124158Z_ofdm_subcarrier_resource_allocation__resource.average_transmit_power_budget_3,average_transmit_power_budget 3,stored,allocation_evaluation,resource.water_filling_power_rmse,0.0009725361093534935
policy learned artifact - tx power artifact entrypoint...,20260722T124158Z_ofdm_subcarrier_resource_allocation__resource.average_transmit_power_budget_3,average_transmit_power_budget 3,stored,allocation_evaluation,resource.water_filling_relative_optimality_gap,1.2286721429072742e-8
policy learned artifact - tx power artifact entrypoint...,20260722T124158Z_ofdm_subcarrier_resource_allocation__resource.average_transmit_power_budget_3,average_transmit_power_budget 3,stored,allocation_evaluation,task.score,1.37807174238401
policy learned artifact - tx power artifact entrypoint...,20260722T124158Z_ofdm_subcarrier_resource_allocation__resource.average_transmit_power_budget_3,average_transmit_power_budget 3,stored,allocation_evaluation,timing.step.wall_time_s,34.81530397199094
policy learned artifact - tx power artifact entrypoint...,20260722T124158Z_ofdm_subcarrier_resource_allocation__resource.average_transmit_power_budget_3,average_transmit_power_budget 3,stored,channel_bit_count_match,channel.fixed.channel_io.bit_count_match,1
policy learned artifact - tx power artifact entrypoint...,20260722T124158Z_ofdm_subcarrier_resource_allocation__resource.average_transmit_power_budget_3,average_transmit_power_budget 3,stored,channel_bit_count_match,channel.fixed.channel_io.candidate_bit_count,1048576
policy learned artifact - tx power artifact entrypoint...,20260722T124158Z_ofdm_subcarrier_resource_allocation__resource.average_transmit_power_budget_3,average_transmit_power_budget 3,stored,channel_bit_count_match,channel.fixed.channel_io.length_delta,0
policy learned artifact - tx power artifact entrypoint...,20260722T124158Z_ofdm_subcarrier_resource_allocation__resource.average_transmit_power_budget_3,average_transmit_power_budget 3,stored,channel_bit_count_match,channel.fixed.channel_io.reference_bit_count,1048576
policy learned artifact - tx power artifact entrypoint...,20260722T124158Z_ofdm_subcarrier_resource_allocation__resource.average_transmit_power_budget_3,average_transmit_power_budget 3,stored,channel_bit_count_match,timing.step.wall_time_s,0.01271809998434037
policy learned artifact - tx power artifact entrypoint...,20260722T124158Z_ofdm_subcarrier_resource_allocation__resource.average_transmit_power_budget_3,average_transmit_power_budget 3,stored,channel_decoder,channel.decoded_bit_count,1048576
policy learned artifact - tx power artifact entrypoint...,20260722T124158Z_ofdm_subcarrier_resource_allocation__resource.average_transmit_power_budget_3,average_transmit_power_budget 3,stored,channel_decoder,timing.step.wall_time_s,0.1481152399792336
policy learned artifact - tx power artifact entrypoint...,20260722T124158Z_ofdm_subcarrier_resource_allocation__resource.average_transmit_power_budget_3,average_transmit_power_budget 3,stored,channel_encoder,channel.code_rate,1
policy learned artifact - tx power artifact entrypoint...,20260722T124158Z_ofdm_subcarrier_resource_allocation__resource.average_transmit_power_budget_3,average_transmit_power_budget 3,stored,channel_encoder,channel.coded_bit_count,1048576
policy learned artifact - tx power artifact entrypoint...,20260722T124158Z_ofdm_subcarrier_resource_allocation__resource.average_transmit_power_budget_3,average_transmit_power_budget 3,stored,channel_encoder,channel.payload_bit_count,1048576
policy learned artifact - tx power artifact entrypoint...,20260722T124158Z_ofdm_subcarrier_resource_allocation__resource.average_transmit_power_budget_3,average_transmit_power_budget 3,stored,channel_encoder,channel.transmitted_bit_count,1048576
policy learned artifact - tx power artifact entrypoint...,20260722T124158Z_ofdm_subcarrier_resource_allocation__resource.average_transmit_power_budget_3,average_transmit_power_budget 3,stored,channel_encoder,timing.step.wall_time_s,0.11192729900358245
policy learned artifact - tx power artifact entrypoint...,20260722T124158Z_ofdm_subcarrier_resource_allocation__resource.average_transmit_power_budget_3,average_transmit_power_budget 3,stored,channel_state,channel.gain.average,1
policy learned artifact - tx power artifact entrypoint...,20260722T124158Z_ofdm_subcarrier_resource_allocation__resource.average_transmit_power_budget_3,average_transmit_power_budget 3,stored,channel_state,channel.noise_variance,0.2
policy learned artifact - tx power artifact entrypoint...,20260722T124158Z_ofdm_subcarrier_resource_allocation__resource.average_transmit_power_budget_3,average_transmit_power_budget 3,stored,channel_state,channel.num_ofdm_symbols,4
policy learned artifact - tx power artifact entrypoint...,20260722T124158Z_ofdm_subcarrier_resource_allocation__resource.average_transmit_power_budget_3,average_transmit_power_budget 3,stored,channel_state,channel.ofdm_fft_size,32
policy learned artifact - tx power artifact entrypoint...,20260722T124158Z_ofdm_subcarrier_resource_allocation__resource.average_transmit_power_budget_3,average_transmit_power_budget 3,stored,channel_state,channel.ofdm_resource_element_capacity,8388608
policy learned artifact - tx power artifact entrypoint...,20260722T124158Z_ofdm_subcarrier_resource_allocation__resource.average_transmit_power_budget_3,average_transmit_power_budget 3,stored,channel_state,channel.ofdm_state_count,262144
policy learned artifact - tx power artifact entrypoint...,20260722T124158Z_ofdm_subcarrier_resource_allocation__resource.average_transmit_power_budget_3,average_transmit_power_budget 3,stored,channel_state,channel.reference_snr_db,6.989700043360188
policy learned artifact - tx power artifact entrypoint...,20260722T124158Z_ofdm_subcarrier_resource_allocation__resource.average_transmit_power_budget_3,average_transmit_power_budget 3,stored,channel_state,timing.step.wall_time_s,11.842746084032115
policy learned artifact - tx power artifact entrypoint...,20260722T124158Z_ofdm_subcarrier_resource_allocation__resource.average_transmit_power_budget_3,average_transmit_power_budget 3,stored,coded_ber,channel.coded.ber,0.0001354217529296875
policy learned artifact - tx power artifact entrypoint...,20260722T124158Z_ofdm_subcarrier_resource_allocation__resource.average_transmit_power_budget_3,average_transmit_power_budget 3,stored,coded_ber,channel.coded.compare_bit_count,1048576
policy learned artifact - tx power artifact entrypoint...,20260722T124158Z_ofdm_subcarrier_resource_allocation__resource.average_transmit_power_budget_3,average_transmit_power_budget 3,stored,coded_ber,channel.coded.error_count,142
policy learned artifact - tx power artifact entrypoint...,20260722T124158Z_ofdm_subcarrier_resource_allocation__resource.average_transmit_power_budget_3,average_transmit_power_budget 3,stored,coded_ber,timing.step.wall_time_s,0.017460574046708643
policy learned artifact - tx power artifact entrypoint...,20260722T124158Z_ofdm_subcarrier_resource_allocation__resource.average_transmit_power_budget_3,average_transmit_power_budget 3,stored,coded_bler,channel.coded.bler,0.12890625
policy learned artifact - tx power artifact entrypoint...,20260722T124158Z_ofdm_subcarrier_resource_allocation__resource.average_transmit_power_budget_3,average_transmit_power_budget 3,stored,coded_bler,channel.coded.block_count,1024
policy learned artifact - tx power artifact entrypoint...,20260722T124158Z_ofdm_subcarrier_resource_allocation__resource.average_transmit_power_budget_3,average_transmit_power_budget 3,stored,coded_bler,channel.coded.block_error_count,132
policy learned artifact - tx power artifact entrypoint...,20260722T124158Z_ofdm_subcarrier_resource_allocation__resource.average_transmit_power_budget_3,average_transmit_power_budget 3,stored,coded_bler,channel.coded.block_size,1024
policy learned artifact - tx power artifact entrypoint...,20260722T124158Z_ofdm_subcarrier_resource_allocation__resource.average_transmit_power_budget_3,average_transmit_power_budget 3,stored,coded_bler,timing.step.wall_time_s,0.016814448055811226
policy learned artifact - tx power artifact entrypoint...,20260722T124158Z_ofdm_subcarrier_resource_allocation__resource.average_transmit_power_budget_3,average_transmit_power_budget 3,stored,data,channel.payload_bit_count,1048576
policy learned artifact - tx power artifact entrypoint...,20260722T124158Z_ofdm_subcarrier_resource_allocation__resource.average_transmit_power_budget_3,average_transmit_power_budget 3,stored,data,source.bit_count,1048576
policy learned artifact - tx power artifact entrypoint...,20260722T124158Z_ofdm_subcarrier_resource_allocation__resource.average_transmit_power_budget_3,average_transmit_power_budget 3,stored,data,source.example_count,1024
policy learned artifact - tx power artifact entrypoint...,20260722T124158Z_ofdm_subcarrier_resource_allocation__resource.average_transmit_power_budget_3,average_transmit_power_budget 3,stored,data,source.transport_block_count,1024
policy learned artifact - tx power artifact entrypoint...,20260722T124158Z_ofdm_subcarrier_resource_allocation__resource.average_transmit_power_budget_3,average_transmit_power_budget 3,stored,data,source.transport_block_size_bits,1024
policy learned artifact - tx power artifact entrypoint...,20260722T124158Z_ofdm_subcarrier_resource_allocation__resource.average_transmit_power_budget_3,average_transmit_power_budget 3,stored,data,timing.step.wall_time_s,0.1168749780044891
policy learned artifact - tx power artifact entrypoint...,20260722T124158Z_ofdm_subcarrier_resource_allocation__resource.average_transmit_power_budget_3,average_transmit_power_budget 3,stored,demodulator,channel.allocation_aware_transport,1
policy learned artifact - tx power artifact entrypoint...,20260722T124158Z_ofdm_subcarrier_resource_allocation__resource.average_transmit_power_budget_3,average_transmit_power_budget 3,stored,demodulator,channel.demod_bit_count,1048576
policy learned artifact - tx power artifact entrypoint...,20260722T124158Z_ofdm_subcarrier_resource_allocation__resource.average_transmit_power_budget_3,average_transmit_power_budget 3,stored,demodulator,timing.step.wall_time_s,0.907888721965719
policy learned artifact - tx power artifact entrypoint...,20260722T124158Z_ofdm_subcarrier_resource_allocation__resource.average_transmit_power_budget_3,average_transmit_power_budget 3,stored,modulator,channel.bits_per_symbol,2
policy learned artifact - tx power artifact entrypoint...,20260722T124158Z_ofdm_subcarrier_resource_allocation__resource.average_transmit_power_budget_3,average_transmit_power_budget 3,stored,modulator,channel.channel_use_count,524288
policy learned artifact - tx power artifact entrypoint...,20260722T124158Z_ofdm_subcarrier_resource_allocation__resource.average_transmit_power_budget_3,average_transmit_power_budget 3,stored,modulator,channel.coded_bit_count,1048576
policy learned artifact - tx power artifact entrypoint...,20260722T124158Z_ofdm_subcarrier_resource_allocation__resource.average_transmit_power_budget_3,average_transmit_power_budget 3,stored,modulator,channel.symbol_count,524288
policy learned artifact - tx power artifact entrypoint...,20260722T124158Z_ofdm_subcarrier_resource_allocation__resource.average_transmit_power_budget_3,average_transmit_power_budget 3,stored,modulator,channel.transmitted_bit_count,1048576
policy learned artifact - tx power artifact entrypoint...,20260722T124158Z_ofdm_subcarrier_resource_allocation__resource.average_transmit_power_budget_3,average_transmit_power_budget 3,stored,modulator,timing.step.wall_time_s,0.24346564000006765
policy learned artifact - tx power artifact entrypoint...,20260722T124158Z_ofdm_subcarrier_resource_allocation__resource.average_transmit_power_budget_3,average_transmit_power_budget 3,stored,payload_ber,channel.payload.ber,0.0001354217529296875
policy learned artifact - tx power artifact entrypoint...,20260722T124158Z_ofdm_subcarrier_resource_allocation__resource.average_transmit_power_budget_3,average_transmit_power_budget 3,stored,payload_ber,channel.payload.compare_bit_count,1048576
policy learned artifact - tx power artifact entrypoint...,20260722T124158Z_ofdm_subcarrier_resource_allocation__resource.average_transmit_power_budget_3,average_transmit_power_budget 3,stored,payload_ber,channel.payload.error_count,142
policy learned artifact - tx power artifact entrypoint...,20260722T124158Z_ofdm_subcarrier_resource_allocation__resource.average_transmit_power_budget_3,average_transmit_power_budget 3,stored,payload_ber,timing.step.wall_time_s,0.011561927036382258
policy learned artifact - tx power artifact entrypoint...,20260722T124158Z_ofdm_subcarrier_resource_allocation__resource.average_transmit_power_budget_3,average_transmit_power_budget 3,stored,payload_bit_boundary,channel.fixed.bit_count,1048576
policy learned artifact - tx power artifact entrypoint...,20260722T124158Z_ofdm_subcarrier_resource_allocation__resource.average_transmit_power_budget_3,average_transmit_power_budget 3,stored,payload_bit_boundary,channel.fixed.byte_count,131072
policy learned artifact - tx power artifact entrypoint...,20260722T124158Z_ofdm_subcarrier_resource_allocation__resource.average_transmit_power_budget_3,average_transmit_power_budget 3,stored,payload_bit_boundary,channel.fixed.payload_input.bit_count,1048576
policy learned artifact - tx power artifact entrypoint...,20260722T124158Z_ofdm_subcarrier_resource_allocation__resource.average_transmit_power_budget_3,average_transmit_power_budget 3,stored,payload_bit_boundary,channel.fixed.payload_input.bits_per_element,1
policy learned artifact - tx power artifact entrypoint...,20260722T124158Z_ofdm_subcarrier_resource_allocation__resource.average_transmit_power_budget_3,average_transmit_power_budget 3,stored,payload_bit_boundary,channel.fixed.payload_input.byte_count,131072
policy learned artifact - tx power artifact entrypoint...,20260722T124158Z_ofdm_subcarrier_resource_allocation__resource.average_transmit_power_budget_3,average_transmit_power_budget 3,stored,payload_bit_boundary,channel.fixed.payload_input.dtype_uint8,1
policy learned artifact - tx power artifact entrypoint...,20260722T124158Z_ofdm_subcarrier_resource_allocation__resource.average_transmit_power_budget_3,average_transmit_power_budget 3,stored,payload_bit_boundary,timing.step.wall_time_s,0.10699979198398069
policy learned artifact - tx power artifact entrypoint...,20260722T124158Z_ofdm_subcarrier_resource_allocation__resource.average_transmit_power_budget_3,average_transmit_power_budget 3,stored,payload_bler,channel.payload.bler,0.12890625
policy learned artifact - tx power artifact entrypoint...,20260722T124158Z_ofdm_subcarrier_resource_allocation__resource.average_transmit_power_budget_3,average_transmit_power_budget 3,stored,payload_bler,channel.payload.block_count,1024
policy learned artifact - tx power artifact entrypoint...,20260722T124158Z_ofdm_subcarrier_resource_allocation__resource.average_transmit_power_budget_3,average_transmit_power_budget 3,stored,payload_bler,channel.payload.block_error_count,132
policy learned artifact - tx power artifact entrypoint...,20260722T124158Z_ofdm_subcarrier_resource_allocation__resource.average_transmit_power_budget_3,average_transmit_power_budget 3,stored,payload_bler,channel.payload.block_size,1024
policy learned artifact - tx power artifact entrypoint...,20260722T124158Z_ofdm_subcarrier_resource_allocation__resource.average_transmit_power_budget_3,average_transmit_power_budget 3,stored,payload_bler,timing.step.wall_time_s,0.01869028399232775
policy learned artifact - tx power artifact entrypoint...,20260722T124158Z_ofdm_subcarrier_resource_allocation__resource.average_transmit_power_budget_3,average_transmit_power_budget 3,stored,run,memory.run.end_rss_bytes,4714463232
policy learned artifact - tx power artifact entrypoint...,20260722T124158Z_ofdm_subcarrier_resource_allocation__resource.average_transmit_power_budget_3,average_transmit_power_budget 3,stored,run,memory.run.peak_rss_bytes,5440466944
policy learned artifact - tx power artifact entrypoint...,20260722T124158Z_ofdm_subcarrier_resource_allocation__resource.average_transmit_power_budget_3,average_transmit_power_budget 3,stored,run,memory.run.peak_rss_delta_bytes,4992241664
policy learned artifact - tx power artifact entrypoint...,20260722T124158Z_ofdm_subcarrier_resource_allocation__resource.average_transmit_power_budget_3,average_transmit_power_budget 3,stored,run,memory.run.sampler_interval_s,0.05
policy learned artifact - tx power artifact entrypoint...,20260722T124158Z_ofdm_subcarrier_resource_allocation__resource.average_transmit_power_budget_3,average_transmit_power_budget 3,stored,run,memory.run.start_rss_bytes,448225280
policy learned artifact - tx power artifact entrypoint...,20260722T124158Z_ofdm_subcarrier_resource_allocation__resource.average_transmit_power_budget_3,average_transmit_power_budget 3,stored,rx_bit_boundary,channel.fixed.bit_count,1048576
policy learned artifact - tx power artifact entrypoint...,20260722T124158Z_ofdm_subcarrier_resource_allocation__resource.average_transmit_power_budget_3,average_transmit_power_budget 3,stored,rx_bit_boundary,channel.fixed.byte_count,131072
policy learned artifact - tx power artifact entrypoint...,20260722T124158Z_ofdm_subcarrier_resource_allocation__resource.average_transmit_power_budget_3,average_transmit_power_budget 3,stored,rx_bit_boundary,channel.fixed.demodulator_output.bit_count,1048576
policy learned artifact - tx power artifact entrypoint...,20260722T124158Z_ofdm_subcarrier_resource_allocation__resource.average_transmit_power_budget_3,average_transmit_power_budget 3,stored,rx_bit_boundary,channel.fixed.demodulator_output.bits_per_element,1
policy learned artifact - tx power artifact entrypoint...,20260722T124158Z_ofdm_subcarrier_resource_allocation__resource.average_transmit_power_budget_3,average_transmit_power_budget 3,stored,rx_bit_boundary,channel.fixed.demodulator_output.byte_count,131072
policy learned artifact - tx power artifact entrypoint...,20260722T124158Z_ofdm_subcarrier_resource_allocation__resource.average_transmit_power_budget_3,average_transmit_power_budget 3,stored,rx_bit_boundary,channel.fixed.demodulator_output.dtype_uint8,1
policy learned artifact - tx power artifact entrypoint...,20260722T124158Z_ofdm_subcarrier_resource_allocation__resource.average_transmit_power_budget_3,average_transmit_power_budget 3,stored,rx_bit_boundary,timing.step.wall_time_s,0.15917047602124512
policy learned artifact - tx power artifact entrypoint...,20260722T124158Z_ofdm_subcarrier_resource_allocation__resource.average_transmit_power_budget_3,average_transmit_power_budget 3,stored,tx_bit_boundary,channel.fixed.bit_count,1048576
policy learned artifact - tx power artifact entrypoint...,20260722T124158Z_ofdm_subcarrier_resource_allocation__resource.average_transmit_power_budget_3,average_transmit_power_budget 3,stored,tx_bit_boundary,channel.fixed.byte_count,131072
policy learned artifact - tx power artifact entrypoint...,20260722T124158Z_ofdm_subcarrier_resource_allocation__resource.average_transmit_power_budget_3,average_transmit_power_budget 3,stored,tx_bit_boundary,channel.fixed.modulator_input.bit_count,1048576
policy learned artifact - tx power artifact entrypoint...,20260722T124158Z_ofdm_subcarrier_resource_allocation__resource.average_transmit_power_budget_3,average_transmit_power_budget 3,stored,tx_bit_boundary,channel.fixed.modulator_input.bits_per_element,1
policy learned artifact - tx power artifact entrypoint...,20260722T124158Z_ofdm_subcarrier_resource_allocation__resource.average_transmit_power_budget_3,average_transmit_power_budget 3,stored,tx_bit_boundary,channel.fixed.modulator_input.byte_count,131072
policy learned artifact - tx power artifact entrypoint...,20260722T124158Z_ofdm_subcarrier_resource_allocation__resource.average_transmit_power_budget_3,average_transmit_power_budget 3,stored,tx_bit_boundary,channel.fixed.modulator_input.dtype_uint8,1
policy learned artifact - tx power artifact entrypoint...,20260722T124158Z_ofdm_subcarrier_resource_allocation__resource.average_transmit_power_budget_3,average_transmit_power_budget 3,stored,tx_bit_boundary,timing.step.wall_time_s,0.11273538798559457
policy learned artifact - tx power artifact entrypoint...,20260722T124158Z_ofdm_subcarrier_resource_allocation__resource.average_transmit_power_budget_3,average_transmit_power_budget 3,stored,tx_power,channel.channel_use_count,662816
policy learned artifact - tx power artifact entrypoint...,20260722T124158Z_ofdm_subcarrier_resource_allocation__resource.average_transmit_power_budget_3,average_transmit_power_budget 3,stored,tx_power,channel.data_bearing_resource_element_count,586771
policy learned artifact - tx power artifact entrypoint...,20260722T124158Z_ofdm_subcarrier_resource_allocation__resource.average_transmit_power_budget_3,average_transmit_power_budget 3,stored,tx_power,channel.scheduled_resource_element_count,662816
policy learned artifact - tx power artifact entrypoint...,20260722T124158Z_ofdm_subcarrier_resource_allocation__resource.average_transmit_power_budget_3,average_transmit_power_budget 3,stored,tx_power,channel.symbol_count,662816
policy learned artifact - tx power artifact entrypoint...,20260722T124158Z_ofdm_subcarrier_resource_allocation__resource.average_transmit_power_budget_3,average_transmit_power_budget 3,stored,tx_power,channel.tx_power.after,2.7908035524553494
policy learned artifact - tx power artifact entrypoint...,20260722T124158Z_ofdm_subcarrier_resource_allocation__resource.average_transmit_power_budget_3,average_transmit_power_budget 3,stored,tx_power,channel.tx_power.average,2.7908035524553494
policy learned artifact - tx power artifact entrypoint...,20260722T124158Z_ofdm_subcarrier_resource_allocation__resource.average_transmit_power_budget_3,average_transmit_power_budget 3,stored,tx_power,channel.tx_power.before,0.9999999403953552
policy learned artifact - tx power artifact entrypoint...,20260722T124158Z_ofdm_subcarrier_resource_allocation__resource.average_transmit_power_budget_3,average_transmit_power_budget 3,stored,tx_power,channel.tx_power.group_count,32
policy learned artifact - tx power artifact entrypoint...,20260722T124158Z_ofdm_subcarrier_resource_allocation__resource.average_transmit_power_budget_3,average_transmit_power_budget 3,stored,tx_power,channel.tx_power.model_batch_count,256
policy learned artifact - tx power artifact entrypoint...,20260722T124158Z_ofdm_subcarrier_resource_allocation__resource.average_transmit_power_budget_3,average_transmit_power_budget 3,stored,tx_power,channel.tx_power.model_batch_size,1024
policy learned artifact - tx power artifact entrypoint...,20260722T124158Z_ofdm_subcarrier_resource_allocation__resource.average_transmit_power_budget_3,average_transmit_power_budget 3,stored,tx_power,channel.tx_power.model_input_example_count,262144
policy learned artifact - tx power artifact entrypoint...,20260722T124158Z_ofdm_subcarrier_resource_allocation__resource.average_transmit_power_budget_3,average_transmit_power_budget 3,stored,tx_power,channel.tx_power.selected,3
policy learned artifact - tx power artifact entrypoint...,20260722T124158Z_ofdm_subcarrier_resource_allocation__resource.average_transmit_power_budget_3,average_transmit_power_budget 3,stored,tx_power,channel.tx_power.snr_db,6.989700043360188
policy learned artifact - tx power artifact entrypoint...,20260722T124158Z_ofdm_subcarrier_resource_allocation__resource.average_transmit_power_budget_3,average_transmit_power_budget 3,stored,tx_power,channel.tx_power.total_energy,1849789.2474242449
policy learned artifact - tx power artifact entrypoint...,20260722T124158Z_ofdm_subcarrier_resource_allocation__resource.average_transmit_power_budget_3,average_transmit_power_budget 3,stored,tx_power,channel.tx_power.tx_power.after,2.7908035524553494
policy learned artifact - tx power artifact entrypoint...,20260722T124158Z_ofdm_subcarrier_resource_allocation__resource.average_transmit_power_budget_3,average_transmit_power_budget 3,stored,tx_power,channel.tx_power.tx_power.before,0.9999999403953552
policy learned artifact - tx power artifact entrypoint...,20260722T124158Z_ofdm_subcarrier_resource_allocation__resource.average_transmit_power_budget_3,average_transmit_power_budget 3,stored,tx_power,channel.tx_power.tx_power.selected,3
policy learned artifact - tx power artifact entrypoint...,20260722T124158Z_ofdm_subcarrier_resource_allocation__resource.average_transmit_power_budget_3,average_transmit_power_budget 3,stored,tx_power,channel.tx_power.tx_power.snr_db,6.989700043360188
policy learned artifact - tx power artifact entrypoint...,20260722T124158Z_ofdm_subcarrier_resource_allocation__resource.average_transmit_power_budget_3,average_transmit_power_budget 3,stored,tx_power,channel.tx_power.tx_power.total_energy,1849789.2474242449
policy learned artifact - tx power artifact entrypoint...,20260722T124158Z_ofdm_subcarrier_resource_allocation__resource.average_transmit_power_budget_3,average_transmit_power_budget 3,stored,tx_power,timing.step.wall_time_s,12.893448185990565
policy learned artifact - tx power artifact entrypoint...,20260722T124158Z_ofdm_subcarrier_resource_allocation__resource.average_transmit_power_budget_3,average_transmit_power_budget 3,stored,wireless_channel,channel.backend.sionna,1
policy learned artifact - tx power artifact entrypoint...,20260722T124158Z_ofdm_subcarrier_resource_allocation__resource.average_transmit_power_budget_3,average_transmit_power_budget 3,stored,wireless_channel,channel.carrier_frequency_ghz,3.5
policy learned artifact - tx power artifact entrypoint...,20260722T124158Z_ofdm_subcarrier_resource_allocation__resource.average_transmit_power_budget_3,average_transmit_power_budget 3,stored,wireless_channel,channel.channel_use_count,662816
policy learned artifact - tx power artifact entrypoint...,20260722T124158Z_ofdm_subcarrier_resource_allocation__resource.average_transmit_power_budget_3,average_transmit_power_budget 3,stored,wireless_channel,channel.effective_snr_db,12.000427668971543
policy learned artifact - tx power artifact entrypoint...,20260722T124158Z_ofdm_subcarrier_resource_allocation__resource.average_transmit_power_budget_3,average_transmit_power_budget 3,stored,wireless_channel,channel.gain.average,1
policy learned artifact - tx power artifact entrypoint...,20260722T124158Z_ofdm_subcarrier_resource_allocation__resource.average_transmit_power_budget_3,average_transmit_power_budget 3,stored,wireless_channel,channel.mobility_kmh,30
policy learned artifact - tx power artifact entrypoint...,20260722T124158Z_ofdm_subcarrier_resource_allocation__resource.average_transmit_power_budget_3,average_transmit_power_budget 3,stored,wireless_channel,channel.noise_variance,0.2
policy learned artifact - tx power artifact entrypoint...,20260722T124158Z_ofdm_subcarrier_resource_allocation__resource.average_transmit_power_budget_3,average_transmit_power_budget 3,stored,wireless_channel,channel.num_ofdm_symbols,4
policy learned artifact - tx power artifact entrypoint...,20260722T124158Z_ofdm_subcarrier_resource_allocation__resource.average_transmit_power_budget_3,average_transmit_power_budget 3,stored,wireless_channel,channel.ofdm_fft_size,32
policy learned artifact - tx power artifact entrypoint...,20260722T124158Z_ofdm_subcarrier_resource_allocation__resource.average_transmit_power_budget_3,average_transmit_power_budget 3,stored,wireless_channel,channel.post_equalizer_component_power.average,4.423280835151672
policy learned artifact - tx power artifact entrypoint...,20260722T124158Z_ofdm_subcarrier_resource_allocation__resource.average_transmit_power_budget_3,average_transmit_power_budget 3,stored,wireless_channel,channel.post_equalizer_noise_power.average,1.6324771642684937
policy learned artifact - tx power artifact entrypoint...,20260722T124158Z_ofdm_subcarrier_resource_allocation__resource.average_transmit_power_budget_3,average_transmit_power_budget 3,stored,wireless_channel,channel.post_equalizer_output_power.average,4.4247734587188905
policy learned artifact - tx power artifact entrypoint...,20260722T124158Z_ofdm_subcarrier_resource_allocation__resource.average_transmit_power_budget_3,average_transmit_power_budget 3,stored,wireless_channel,channel.post_equalizer_signal_noise_cross_power.average,0.001492623567218132
policy learned artifact - tx power artifact entrypoint...,20260722T124158Z_ofdm_subcarrier_resource_allocation__resource.average_transmit_power_budget_3,average_transmit_power_budget 3,stored,wireless_channel,channel.post_equalizer_signal_power.average,2.7908036708831787
policy learned artifact - tx power artifact entrypoint...,20260722T124158Z_ofdm_subcarrier_resource_allocation__resource.average_transmit_power_budget_3,average_transmit_power_budget 3,stored,wireless_channel,channel.received_signal_power.average,3.1700985431671143
policy learned artifact - tx power artifact entrypoint...,20260722T124158Z_ofdm_subcarrier_resource_allocation__resource.average_transmit_power_budget_3,average_transmit_power_budget 3,stored,wireless_channel,channel.reference_snr_db,6.9897000433601875
policy learned artifact - tx power artifact entrypoint...,20260722T124158Z_ofdm_subcarrier_resource_allocation__resource.average_transmit_power_budget_3,average_transmit_power_budget 3,stored,wireless_channel,channel.rx_antenna_component_power.average,3.370390087366104
policy learned artifact - tx power artifact entrypoint...,20260722T124158Z_ofdm_subcarrier_resource_allocation__resource.average_transmit_power_budget_3,average_transmit_power_budget 3,stored,wireless_channel,channel.rx_antenna_noise_power.average,0.20029154419898987
policy learned artifact - tx power artifact entrypoint...,20260722T124158Z_ofdm_subcarrier_resource_allocation__resource.average_transmit_power_budget_3,average_transmit_power_budget 3,stored,wireless_channel,channel.rx_antenna_power.average,3.3717399537067028
policy learned artifact - tx power artifact entrypoint...,20260722T124158Z_ofdm_subcarrier_resource_allocation__resource.average_transmit_power_budget_3,average_transmit_power_budget 3,stored,wireless_channel,channel.rx_antenna_power.total_energy,2234843.189156062
policy learned artifact - tx power artifact entrypoint...,20260722T124158Z_ofdm_subcarrier_resource_allocation__resource.average_transmit_power_budget_3,average_transmit_power_budget 3,stored,wireless_channel,channel.rx_antenna_signal_noise_cross_power.average,0.0013498663405986377
policy learned artifact - tx power artifact entrypoint...,20260722T124158Z_ofdm_subcarrier_resource_allocation__resource.average_transmit_power_budget_3,average_transmit_power_budget 3,stored,wireless_channel,channel.rx_antenna_signal_power.average,3.1700985431671143
policy learned artifact - tx power artifact entrypoint...,20260722T124158Z_ofdm_subcarrier_resource_allocation__resource.average_transmit_power_budget_3,average_transmit_power_budget 3,stored,wireless_channel,channel.rx_equalized_power.average,4.4247734587188905
policy learned artifact - tx power artifact entrypoint...,20260722T124158Z_ofdm_subcarrier_resource_allocation__resource.average_transmit_power_budget_3,average_transmit_power_budget 3,stored,wireless_channel,channel.rx_equalized_power.total_energy,2932810.6448142203
policy learned artifact - tx power artifact entrypoint...,20260722T124158Z_ofdm_subcarrier_resource_allocation__resource.average_transmit_power_budget_3,average_transmit_power_budget 3,stored,wireless_channel,channel.rx_output_power.average,4.4247734587188905
policy learned artifact - tx power artifact entrypoint...,20260722T124158Z_ofdm_subcarrier_resource_allocation__resource.average_transmit_power_budget_3,average_transmit_power_budget 3,stored,wireless_channel,channel.rx_output_power.total_energy,2932810.6448142203
policy learned artifact - tx power artifact entrypoint...,20260722T124158Z_ofdm_subcarrier_resource_allocation__resource.average_transmit_power_budget_3,average_transmit_power_budget 3,stored,wireless_channel,channel.rx_power.average,4.4247734587188905
policy learned artifact - tx power artifact entrypoint...,20260722T124158Z_ofdm_subcarrier_resource_allocation__resource.average_transmit_power_budget_3,average_transmit_power_budget 3,stored,wireless_channel,channel.rx_power.total_energy,2932810.6448142203
policy learned artifact - tx power artifact entrypoint...,20260722T124158Z_ofdm_subcarrier_resource_allocation__resource.average_transmit_power_budget_3,average_transmit_power_budget 3,stored,wireless_channel,channel.snr_db,6.9897000433601875
policy learned artifact - tx power artifact entrypoint...,20260722T124158Z_ofdm_subcarrier_resource_allocation__resource.average_transmit_power_budget_3,average_transmit_power_budget 3,stored,wireless_channel,channel.symbol_count,662816
policy learned artifact - tx power artifact entrypoint...,20260722T124158Z_ofdm_subcarrier_resource_allocation__resource.average_transmit_power_budget_3,average_transmit_power_budget 3,stored,wireless_channel,channel.tx_effective_snr_db,11.446992898926805
policy learned artifact - tx power artifact entrypoint...,20260722T124158Z_ofdm_subcarrier_resource_allocation__resource.average_transmit_power_budget_3,average_transmit_power_budget 3,stored,wireless_channel,channel.tx_power_at_channel.average,2.7908036708831787
policy learned artifact - tx power artifact entrypoint...,20260722T124158Z_ofdm_subcarrier_resource_allocation__resource.average_transmit_power_budget_3,average_transmit_power_budget 3,stored,wireless_channel,timing.step.wall_time_s,1.7121087139821611
policy learned artifact - tx power artifact entrypoint...,20260722T124310Z_ofdm_subcarrier_resource_allocation__resource.average_transmit_power_budget_4,average_transmit_power_budget 4,stored,allocation_evaluation,channel.achieved_payload_goodput_bits_per_resource_element,1.5962199312714778
policy learned artifact - tx power artifact entrypoint...,20260722T124310Z_ofdm_subcarrier_resource_allocation__resource.average_transmit_power_budget_4,average_transmit_power_budget 4,stored,allocation_evaluation,channel.data_bearing_resource_element_count,545913
policy learned artifact - tx power artifact entrypoint...,20260722T124310Z_ofdm_subcarrier_resource_allocation__resource.average_transmit_power_budget_4,average_transmit_power_budget 4,stored,allocation_evaluation,channel.delivered_payload_bit_count,951296
policy learned artifact - tx power artifact entrypoint...,20260722T124310Z_ofdm_subcarrier_resource_allocation__resource.average_transmit_power_budget_4,average_transmit_power_budget 4,stored,allocation_evaluation,channel.goodput_to_theoretical_shannon_efficiency_ratio,0.3895827341602944
policy learned artifact - tx power artifact entrypoint...,20260722T124310Z_ofdm_subcarrier_resource_allocation__resource.average_transmit_power_budget_4,average_transmit_power_budget 4,stored,allocation_evaluation,channel.noise_variance,0.2
policy learned artifact - tx power artifact entrypoint...,20260722T124310Z_ofdm_subcarrier_resource_allocation__resource.average_transmit_power_budget_4,average_transmit_power_budget 4,stored,allocation_evaluation,channel.offered_payload_bits_per_resource_element,1.7594501718213058
policy learned artifact - tx power artifact entrypoint...,20260722T124310Z_ofdm_subcarrier_resource_allocation__resource.average_transmit_power_budget_4,average_transmit_power_budget 4,stored,allocation_evaluation,channel.payload_delivery_block_count,1024
policy learned artifact - tx power artifact entrypoint...,20260722T124310Z_ofdm_subcarrier_resource_allocation__resource.average_transmit_power_budget_4,average_transmit_power_budget 4,stored,allocation_evaluation,channel.payload_delivery_block_error_count,95
policy learned artifact - tx power artifact entrypoint...,20260722T124310Z_ofdm_subcarrier_resource_allocation__resource.average_transmit_power_budget_4,average_transmit_power_budget 4,stored,allocation_evaluation,channel.payload_delivery_block_error_rate,0.0927734375
policy learned artifact - tx power artifact entrypoint...,20260722T124310Z_ofdm_subcarrier_resource_allocation__resource.average_transmit_power_budget_4,average_transmit_power_budget 4,stored,allocation_evaluation,channel.payload_delivery_success,0
policy learned artifact - tx power artifact entrypoint...,20260722T124310Z_ofdm_subcarrier_resource_allocation__resource.average_transmit_power_budget_4,average_transmit_power_budget 4,stored,allocation_evaluation,channel.payload_energy_efficiency_bits_per_normalized_energy,0.41971643100995215
policy learned artifact - tx power artifact entrypoint...,20260722T124310Z_ofdm_subcarrier_resource_allocation__resource.average_transmit_power_budget_4,average_transmit_power_budget 4,stored,allocation_evaluation,channel.reference_snr_db,6.989700043360188
policy learned artifact - tx power artifact entrypoint...,20260722T124310Z_ofdm_subcarrier_resource_allocation__resource.average_transmit_power_budget_4,average_transmit_power_budget 4,stored,allocation_evaluation,channel.resource_element_utilization,0.9160105911726805
policy learned artifact - tx power artifact entrypoint...,20260722T124310Z_ofdm_subcarrier_resource_allocation__resource.average_transmit_power_budget_4,average_transmit_power_budget 4,stored,allocation_evaluation,channel.scheduled_resource_element_count,595968
policy learned artifact - tx power artifact entrypoint...,20260722T124310Z_ofdm_subcarrier_resource_allocation__resource.average_transmit_power_budget_4,average_transmit_power_budget 4,stored,allocation_evaluation,channel.tx_energy_for_payload,2266520.75
policy learned artifact - tx power artifact entrypoint...,20260722T124310Z_ofdm_subcarrier_resource_allocation__resource.average_transmit_power_budget_4,average_transmit_power_budget 4,stored,allocation_evaluation,channel.tx_energy_per_delivered_payload_bit,2.3825610009923306
policy learned artifact - tx power artifact entrypoint...,20260722T124310Z_ofdm_subcarrier_resource_allocation__resource.average_transmit_power_budget_4,average_transmit_power_budget 4,stored,allocation_evaluation,resource.active_resource_element_fraction,0.9860547780990601
policy learned artifact - tx power artifact entrypoint...,20260722T124310Z_ofdm_subcarrier_resource_allocation__resource.average_transmit_power_budget_4,average_transmit_power_budget 4,stored,allocation_evaluation,resource.allocated_power_weighted_channel_gain_lift,0.057823425296935384
policy learned artifact - tx power artifact entrypoint...,20260722T124310Z_ofdm_subcarrier_resource_allocation__resource.average_transmit_power_budget_4,average_transmit_power_budget 4,stored,allocation_evaluation,resource.allocation_power_coefficient_of_variation,0.12480164433577798
policy learned artifact - tx power artifact entrypoint...,20260722T124310Z_ofdm_subcarrier_resource_allocation__resource.average_transmit_power_budget_4,average_transmit_power_budget 4,stored,allocation_evaluation,resource.average_transmit_power_budget,4
policy learned artifact - tx power artifact entrypoint...,20260722T124310Z_ofdm_subcarrier_resource_allocation__resource.average_transmit_power_budget_4,average_transmit_power_budget 4,stored,allocation_evaluation,resource.power_constraint.max_abs_error,0.0000069141387939453125
policy learned artifact - tx power artifact entrypoint...,20260722T124310Z_ofdm_subcarrier_resource_allocation__resource.average_transmit_power_budget_4,average_transmit_power_budget 4,stored,allocation_evaluation,resource.power_constraint.max_negative_violation,0
policy learned artifact - tx power artifact entrypoint...,20260722T124310Z_ofdm_subcarrier_resource_allocation__resource.average_transmit_power_budget_4,average_transmit_power_budget 4,stored,allocation_evaluation,resource.power_constraint.max_relative_error,5.4016709327697754e-8
policy learned artifact - tx power artifact entrypoint...,20260722T124310Z_ofdm_subcarrier_resource_allocation__resource.average_transmit_power_budget_4,average_transmit_power_budget 4,stored,allocation_evaluation,resource.theoretical_min_state_spectral_efficiency_bps_hz,2.548244690544768
policy learned artifact - tx power artifact entrypoint...,20260722T124310Z_ofdm_subcarrier_resource_allocation__resource.average_transmit_power_budget_4,average_transmit_power_budget 4,stored,allocation_evaluation,resource.theoretical_outage_probability,0
policy learned artifact - tx power artifact entrypoint...,20260722T124310Z_ofdm_subcarrier_resource_allocation__resource.average_transmit_power_budget_4,average_transmit_power_budget 4,stored,allocation_evaluation,resource.theoretical_outage_target_spectral_efficiency_bps_hz,2
policy learned artifact - tx power artifact entrypoint...,20260722T124310Z_ofdm_subcarrier_resource_allocation__resource.average_transmit_power_budget_4,average_transmit_power_budget 4,stored,allocation_evaluation,resource.theoretical_p05_state_spectral_efficiency_bps_hz,3.7174710053140303
policy learned artifact - tx power artifact entrypoint...,20260722T124310Z_ofdm_subcarrier_resource_allocation__resource.average_transmit_power_budget_4,average_transmit_power_budget 4,stored,allocation_evaluation,resource.theoretical_shannon_spectral_efficiency_bps_hz,4.097255322959746
policy learned artifact - tx power artifact entrypoint...,20260722T124310Z_ofdm_subcarrier_resource_allocation__resource.average_transmit_power_budget_4,average_transmit_power_budget 4,stored,allocation_evaluation,resource.theoretical_shannon_sum_bits_per_ofdm_symbol,131.11217033471186
policy learned artifact - tx power artifact entrypoint...,20260722T124310Z_ofdm_subcarrier_resource_allocation__resource.average_transmit_power_budget_4,average_transmit_power_budget 4,stored,allocation_evaluation,resource.water_filling_kkt_normalized_residual,0.0013693823866945966
policy learned artifact - tx power artifact entrypoint...,20260722T124310Z_ofdm_subcarrier_resource_allocation__resource.average_transmit_power_budget_4,average_transmit_power_budget 4,stored,allocation_evaluation,resource.water_filling_optimality_gap_bps_hz,4.31583484505893e-7
policy learned artifact - tx power artifact entrypoint...,20260722T124310Z_ofdm_subcarrier_resource_allocation__resource.average_transmit_power_budget_4,average_transmit_power_budget 4,stored,allocation_evaluation,resource.water_filling_oracle_spectral_efficiency_bps_hz,4.09725575454323
policy learned artifact - tx power artifact entrypoint...,20260722T124310Z_ofdm_subcarrier_resource_allocation__resource.average_transmit_power_budget_4,average_transmit_power_budget 4,stored,allocation_evaluation,resource.water_filling_power_normalized_rmse,0.0009423943145155335
policy learned artifact - tx power artifact entrypoint...,20260722T124310Z_ofdm_subcarrier_resource_allocation__resource.average_transmit_power_budget_4,average_transmit_power_budget 4,stored,allocation_evaluation,resource.water_filling_power_rmse,0.003769577258062134
policy learned artifact - tx power artifact entrypoint...,20260722T124310Z_ofdm_subcarrier_resource_allocation__resource.average_transmit_power_budget_4,average_transmit_power_budget 4,stored,allocation_evaluation,resource.water_filling_relative_optimality_gap,1.0533476804012855e-7
policy learned artifact - tx power artifact entrypoint...,20260722T124310Z_ofdm_subcarrier_resource_allocation__resource.average_transmit_power_budget_4,average_transmit_power_budget 4,stored,allocation_evaluation,task.score,1.5962199312714778
policy learned artifact - tx power artifact entrypoint...,20260722T124310Z_ofdm_subcarrier_resource_allocation__resource.average_transmit_power_budget_4,average_transmit_power_budget 4,stored,allocation_evaluation,timing.step.wall_time_s,34.54018247302156
policy learned artifact - tx power artifact entrypoint...,20260722T124310Z_ofdm_subcarrier_resource_allocation__resource.average_transmit_power_budget_4,average_transmit_power_budget 4,stored,channel_bit_count_match,channel.fixed.channel_io.bit_count_match,1
policy learned artifact - tx power artifact entrypoint...,20260722T124310Z_ofdm_subcarrier_resource_allocation__resource.average_transmit_power_budget_4,average_transmit_power_budget 4,stored,channel_bit_count_match,channel.fixed.channel_io.candidate_bit_count,1048576
policy learned artifact - tx power artifact entrypoint...,20260722T124310Z_ofdm_subcarrier_resource_allocation__resource.average_transmit_power_budget_4,average_transmit_power_budget 4,stored,channel_bit_count_match,channel.fixed.channel_io.length_delta,0
policy learned artifact - tx power artifact entrypoint...,20260722T124310Z_ofdm_subcarrier_resource_allocation__resource.average_transmit_power_budget_4,average_transmit_power_budget 4,stored,channel_bit_count_match,channel.fixed.channel_io.reference_bit_count,1048576
policy learned artifact - tx power artifact entrypoint...,20260722T124310Z_ofdm_subcarrier_resource_allocation__resource.average_transmit_power_budget_4,average_transmit_power_budget 4,stored,channel_bit_count_match,timing.step.wall_time_s,0.012534124020021409
policy learned artifact - tx power artifact entrypoint...,20260722T124310Z_ofdm_subcarrier_resource_allocation__resource.average_transmit_power_budget_4,average_transmit_power_budget 4,stored,channel_decoder,channel.decoded_bit_count,1048576
policy learned artifact - tx power artifact entrypoint...,20260722T124310Z_ofdm_subcarrier_resource_allocation__resource.average_transmit_power_budget_4,average_transmit_power_budget 4,stored,channel_decoder,timing.step.wall_time_s,0.15671954996651039
policy learned artifact - tx power artifact entrypoint...,20260722T124310Z_ofdm_subcarrier_resource_allocation__resource.average_transmit_power_budget_4,average_transmit_power_budget 4,stored,channel_encoder,channel.code_rate,1
policy learned artifact - tx power artifact entrypoint...,20260722T124310Z_ofdm_subcarrier_resource_allocation__resource.average_transmit_power_budget_4,average_transmit_power_budget 4,stored,channel_encoder,channel.coded_bit_count,1048576
policy learned artifact - tx power artifact entrypoint...,20260722T124310Z_ofdm_subcarrier_resource_allocation__resource.average_transmit_power_budget_4,average_transmit_power_budget 4,stored,channel_encoder,channel.payload_bit_count,1048576
policy learned artifact - tx power artifact entrypoint...,20260722T124310Z_ofdm_subcarrier_resource_allocation__resource.average_transmit_power_budget_4,average_transmit_power_budget 4,stored,channel_encoder,channel.transmitted_bit_count,1048576
policy learned artifact - tx power artifact entrypoint...,20260722T124310Z_ofdm_subcarrier_resource_allocation__resource.average_transmit_power_budget_4,average_transmit_power_budget 4,stored,channel_encoder,timing.step.wall_time_s,0.10929747699992731
policy learned artifact - tx power artifact entrypoint...,20260722T124310Z_ofdm_subcarrier_resource_allocation__resource.average_transmit_power_budget_4,average_transmit_power_budget 4,stored,channel_state,channel.gain.average,1
policy learned artifact - tx power artifact entrypoint...,20260722T124310Z_ofdm_subcarrier_resource_allocation__resource.average_transmit_power_budget_4,average_transmit_power_budget 4,stored,channel_state,channel.noise_variance,0.2
policy learned artifact - tx power artifact entrypoint...,20260722T124310Z_ofdm_subcarrier_resource_allocation__resource.average_transmit_power_budget_4,average_transmit_power_budget 4,stored,channel_state,channel.num_ofdm_symbols,4
policy learned artifact - tx power artifact entrypoint...,20260722T124310Z_ofdm_subcarrier_resource_allocation__resource.average_transmit_power_budget_4,average_transmit_power_budget 4,stored,channel_state,channel.ofdm_fft_size,32
policy learned artifact - tx power artifact entrypoint...,20260722T124310Z_ofdm_subcarrier_resource_allocation__resource.average_transmit_power_budget_4,average_transmit_power_budget 4,stored,channel_state,channel.ofdm_resource_element_capacity,8388608
policy learned artifact - tx power artifact entrypoint...,20260722T124310Z_ofdm_subcarrier_resource_allocation__resource.average_transmit_power_budget_4,average_transmit_power_budget 4,stored,channel_state,channel.ofdm_state_count,262144
policy learned artifact - tx power artifact entrypoint...,20260722T124310Z_ofdm_subcarrier_resource_allocation__resource.average_transmit_power_budget_4,average_transmit_power_budget 4,stored,channel_state,channel.reference_snr_db,6.989700043360188
policy learned artifact - tx power artifact entrypoint...,20260722T124310Z_ofdm_subcarrier_resource_allocation__resource.average_transmit_power_budget_4,average_transmit_power_budget 4,stored,channel_state,timing.step.wall_time_s,11.454718986991793
policy learned artifact - tx power artifact entrypoint...,20260722T124310Z_ofdm_subcarrier_resource_allocation__resource.average_transmit_power_budget_4,average_transmit_power_budget 4,stored,coded_ber,channel.coded.ber,0.00009918212890625
policy learned artifact - tx power artifact entrypoint...,20260722T124310Z_ofdm_subcarrier_resource_allocation__resource.average_transmit_power_budget_4,average_transmit_power_budget 4,stored,coded_ber,channel.coded.compare_bit_count,1048576
policy learned artifact - tx power artifact entrypoint...,20260722T124310Z_ofdm_subcarrier_resource_allocation__resource.average_transmit_power_budget_4,average_transmit_power_budget 4,stored,coded_ber,channel.coded.error_count,104
policy learned artifact - tx power artifact entrypoint...,20260722T124310Z_ofdm_subcarrier_resource_allocation__resource.average_transmit_power_budget_4,average_transmit_power_budget 4,stored,coded_ber,timing.step.wall_time_s,0.01689113595057279
policy learned artifact - tx power artifact entrypoint...,20260722T124310Z_ofdm_subcarrier_resource_allocation__resource.average_transmit_power_budget_4,average_transmit_power_budget 4,stored,coded_bler,channel.coded.bler,0.0927734375
policy learned artifact - tx power artifact entrypoint...,20260722T124310Z_ofdm_subcarrier_resource_allocation__resource.average_transmit_power_budget_4,average_transmit_power_budget 4,stored,coded_bler,channel.coded.block_count,1024
policy learned artifact - tx power artifact entrypoint...,20260722T124310Z_ofdm_subcarrier_resource_allocation__resource.average_transmit_power_budget_4,average_transmit_power_budget 4,stored,coded_bler,channel.coded.block_error_count,95
policy learned artifact - tx power artifact entrypoint...,20260722T124310Z_ofdm_subcarrier_resource_allocation__resource.average_transmit_power_budget_4,average_transmit_power_budget 4,stored,coded_bler,channel.coded.block_size,1024
policy learned artifact - tx power artifact entrypoint...,20260722T124310Z_ofdm_subcarrier_resource_allocation__resource.average_transmit_power_budget_4,average_transmit_power_budget 4,stored,coded_bler,timing.step.wall_time_s,0.018638387031387538
policy learned artifact - tx power artifact entrypoint...,20260722T124310Z_ofdm_subcarrier_resource_allocation__resource.average_transmit_power_budget_4,average_transmit_power_budget 4,stored,data,channel.payload_bit_count,1048576
policy learned artifact - tx power artifact entrypoint...,20260722T124310Z_ofdm_subcarrier_resource_allocation__resource.average_transmit_power_budget_4,average_transmit_power_budget 4,stored,data,source.bit_count,1048576
policy learned artifact - tx power artifact entrypoint...,20260722T124310Z_ofdm_subcarrier_resource_allocation__resource.average_transmit_power_budget_4,average_transmit_power_budget 4,stored,data,source.example_count,1024
policy learned artifact - tx power artifact entrypoint...,20260722T124310Z_ofdm_subcarrier_resource_allocation__resource.average_transmit_power_budget_4,average_transmit_power_budget 4,stored,data,source.transport_block_count,1024
policy learned artifact - tx power artifact entrypoint...,20260722T124310Z_ofdm_subcarrier_resource_allocation__resource.average_transmit_power_budget_4,average_transmit_power_budget 4,stored,data,source.transport_block_size_bits,1024
policy learned artifact - tx power artifact entrypoint...,20260722T124310Z_ofdm_subcarrier_resource_allocation__resource.average_transmit_power_budget_4,average_transmit_power_budget 4,stored,data,timing.step.wall_time_s,0.11467373097548261
policy learned artifact - tx power artifact entrypoint...,20260722T124310Z_ofdm_subcarrier_resource_allocation__resource.average_transmit_power_budget_4,average_transmit_power_budget 4,stored,demodulator,channel.allocation_aware_transport,1
policy learned artifact - tx power artifact entrypoint...,20260722T124310Z_ofdm_subcarrier_resource_allocation__resource.average_transmit_power_budget_4,average_transmit_power_budget 4,stored,demodulator,channel.demod_bit_count,1048576
policy learned artifact - tx power artifact entrypoint...,20260722T124310Z_ofdm_subcarrier_resource_allocation__resource.average_transmit_power_budget_4,average_transmit_power_budget 4,stored,demodulator,timing.step.wall_time_s,0.9010663889930584
policy learned artifact - tx power artifact entrypoint...,20260722T124310Z_ofdm_subcarrier_resource_allocation__resource.average_transmit_power_budget_4,average_transmit_power_budget 4,stored,modulator,channel.bits_per_symbol,2
policy learned artifact - tx power artifact entrypoint...,20260722T124310Z_ofdm_subcarrier_resource_allocation__resource.average_transmit_power_budget_4,average_transmit_power_budget 4,stored,modulator,channel.channel_use_count,524288
policy learned artifact - tx power artifact entrypoint...,20260722T124310Z_ofdm_subcarrier_resource_allocation__resource.average_transmit_power_budget_4,average_transmit_power_budget 4,stored,modulator,channel.coded_bit_count,1048576
policy learned artifact - tx power artifact entrypoint...,20260722T124310Z_ofdm_subcarrier_resource_allocation__resource.average_transmit_power_budget_4,average_transmit_power_budget 4,stored,modulator,channel.symbol_count,524288
policy learned artifact - tx power artifact entrypoint...,20260722T124310Z_ofdm_subcarrier_resource_allocation__resource.average_transmit_power_budget_4,average_transmit_power_budget 4,stored,modulator,channel.transmitted_bit_count,1048576
policy learned artifact - tx power artifact entrypoint...,20260722T124310Z_ofdm_subcarrier_resource_allocation__resource.average_transmit_power_budget_4,average_transmit_power_budget 4,stored,modulator,timing.step.wall_time_s,0.24020768696209416
policy learned artifact - tx power artifact entrypoint...,20260722T124310Z_ofdm_subcarrier_resource_allocation__resource.average_transmit_power_budget_4,average_transmit_power_budget 4,stored,payload_ber,channel.payload.ber,0.00009918212890625
policy learned artifact - tx power artifact entrypoint...,20260722T124310Z_ofdm_subcarrier_resource_allocation__resource.average_transmit_power_budget_4,average_transmit_power_budget 4,stored,payload_ber,channel.payload.compare_bit_count,1048576
policy learned artifact - tx power artifact entrypoint...,20260722T124310Z_ofdm_subcarrier_resource_allocation__resource.average_transmit_power_budget_4,average_transmit_power_budget 4,stored,payload_ber,channel.payload.error_count,104
policy learned artifact - tx power artifact entrypoint...,20260722T124310Z_ofdm_subcarrier_resource_allocation__resource.average_transmit_power_budget_4,average_transmit_power_budget 4,stored,payload_ber,timing.step.wall_time_s,0.010906665993388742
policy learned artifact - tx power artifact entrypoint...,20260722T124310Z_ofdm_subcarrier_resource_allocation__resource.average_transmit_power_budget_4,average_transmit_power_budget 4,stored,payload_bit_boundary,channel.fixed.bit_count,1048576
policy learned artifact - tx power artifact entrypoint...,20260722T124310Z_ofdm_subcarrier_resource_allocation__resource.average_transmit_power_budget_4,average_transmit_power_budget 4,stored,payload_bit_boundary,channel.fixed.byte_count,131072
policy learned artifact - tx power artifact entrypoint...,20260722T124310Z_ofdm_subcarrier_resource_allocation__resource.average_transmit_power_budget_4,average_transmit_power_budget 4,stored,payload_bit_boundary,channel.fixed.payload_input.bit_count,1048576
policy learned artifact - tx power artifact entrypoint...,20260722T124310Z_ofdm_subcarrier_resource_allocation__resource.average_transmit_power_budget_4,average_transmit_power_budget 4,stored,payload_bit_boundary,channel.fixed.payload_input.bits_per_element,1
policy learned artifact - tx power artifact entrypoint...,20260722T124310Z_ofdm_subcarrier_resource_allocation__resource.average_transmit_power_budget_4,average_transmit_power_budget 4,stored,payload_bit_boundary,channel.fixed.payload_input.byte_count,131072
policy learned artifact - tx power artifact entrypoint...,20260722T124310Z_ofdm_subcarrier_resource_allocation__resource.average_transmit_power_budget_4,average_transmit_power_budget 4,stored,payload_bit_boundary,channel.fixed.payload_input.dtype_uint8,1
policy learned artifact - tx power artifact entrypoint...,20260722T124310Z_ofdm_subcarrier_resource_allocation__resource.average_transmit_power_budget_4,average_transmit_power_budget 4,stored,payload_bit_boundary,timing.step.wall_time_s,0.10849912202684209
policy learned artifact - tx power artifact entrypoint...,20260722T124310Z_ofdm_subcarrier_resource_allocation__resource.average_transmit_power_budget_4,average_transmit_power_budget 4,stored,payload_bler,channel.payload.bler,0.0927734375
policy learned artifact - tx power artifact entrypoint...,20260722T124310Z_ofdm_subcarrier_resource_allocation__resource.average_transmit_power_budget_4,average_transmit_power_budget 4,stored,payload_bler,channel.payload.block_count,1024
policy learned artifact - tx power artifact entrypoint...,20260722T124310Z_ofdm_subcarrier_resource_allocation__resource.average_transmit_power_budget_4,average_transmit_power_budget 4,stored,payload_bler,channel.payload.block_error_count,95
policy learned artifact - tx power artifact entrypoint...,20260722T124310Z_ofdm_subcarrier_resource_allocation__resource.average_transmit_power_budget_4,average_transmit_power_budget 4,stored,payload_bler,channel.payload.block_size,1024
policy learned artifact - tx power artifact entrypoint...,20260722T124310Z_ofdm_subcarrier_resource_allocation__resource.average_transmit_power_budget_4,average_transmit_power_budget 4,stored,payload_bler,timing.step.wall_time_s,0.015404145000502467
policy learned artifact - tx power artifact entrypoint...,20260722T124310Z_ofdm_subcarrier_resource_allocation__resource.average_transmit_power_budget_4,average_transmit_power_budget 4,stored,run,memory.run.end_rss_bytes,4714369024
policy learned artifact - tx power artifact entrypoint...,20260722T124310Z_ofdm_subcarrier_resource_allocation__resource.average_transmit_power_budget_4,average_transmit_power_budget 4,stored,run,memory.run.peak_rss_bytes,5398437888
policy learned artifact - tx power artifact entrypoint...,20260722T124310Z_ofdm_subcarrier_resource_allocation__resource.average_transmit_power_budget_4,average_transmit_power_budget 4,stored,run,memory.run.peak_rss_delta_bytes,4950278144
policy learned artifact - tx power artifact entrypoint...,20260722T124310Z_ofdm_subcarrier_resource_allocation__resource.average_transmit_power_budget_4,average_transmit_power_budget 4,stored,run,memory.run.sampler_interval_s,0.05
policy learned artifact - tx power artifact entrypoint...,20260722T124310Z_ofdm_subcarrier_resource_allocation__resource.average_transmit_power_budget_4,average_transmit_power_budget 4,stored,run,memory.run.start_rss_bytes,448159744
policy learned artifact - tx power artifact entrypoint...,20260722T124310Z_ofdm_subcarrier_resource_allocation__resource.average_transmit_power_budget_4,average_transmit_power_budget 4,stored,rx_bit_boundary,channel.fixed.bit_count,1048576
policy learned artifact - tx power artifact entrypoint...,20260722T124310Z_ofdm_subcarrier_resource_allocation__resource.average_transmit_power_budget_4,average_transmit_power_budget 4,stored,rx_bit_boundary,channel.fixed.byte_count,131072
policy learned artifact - tx power artifact entrypoint...,20260722T124310Z_ofdm_subcarrier_resource_allocation__resource.average_transmit_power_budget_4,average_transmit_power_budget 4,stored,rx_bit_boundary,channel.fixed.demodulator_output.bit_count,1048576
policy learned artifact - tx power artifact entrypoint...,20260722T124310Z_ofdm_subcarrier_resource_allocation__resource.average_transmit_power_budget_4,average_transmit_power_budget 4,stored,rx_bit_boundary,channel.fixed.demodulator_output.bits_per_element,1
policy learned artifact - tx power artifact entrypoint...,20260722T124310Z_ofdm_subcarrier_resource_allocation__resource.average_transmit_power_budget_4,average_transmit_power_budget 4,stored,rx_bit_boundary,channel.fixed.demodulator_output.byte_count,131072
policy learned artifact - tx power artifact entrypoint...,20260722T124310Z_ofdm_subcarrier_resource_allocation__resource.average_transmit_power_budget_4,average_transmit_power_budget 4,stored,rx_bit_boundary,channel.fixed.demodulator_output.dtype_uint8,1
policy learned artifact - tx power artifact entrypoint...,20260722T124310Z_ofdm_subcarrier_resource_allocation__resource.average_transmit_power_budget_4,average_transmit_power_budget 4,stored,rx_bit_boundary,timing.step.wall_time_s,0.14913400501245633
policy learned artifact - tx power artifact entrypoint...,20260722T124310Z_ofdm_subcarrier_resource_allocation__resource.average_transmit_power_budget_4,average_transmit_power_budget 4,stored,tx_bit_boundary,channel.fixed.bit_count,1048576
policy learned artifact - tx power artifact entrypoint...,20260722T124310Z_ofdm_subcarrier_resource_allocation__resource.average_transmit_power_budget_4,average_transmit_power_budget 4,stored,tx_bit_boundary,channel.fixed.byte_count,131072
policy learned artifact - tx power artifact entrypoint...,20260722T124310Z_ofdm_subcarrier_resource_allocation__resource.average_transmit_power_budget_4,average_transmit_power_budget 4,stored,tx_bit_boundary,channel.fixed.modulator_input.bit_count,1048576
policy learned artifact - tx power artifact entrypoint...,20260722T124310Z_ofdm_subcarrier_resource_allocation__resource.average_transmit_power_budget_4,average_transmit_power_budget 4,stored,tx_bit_boundary,channel.fixed.modulator_input.bits_per_element,1
policy learned artifact - tx power artifact entrypoint...,20260722T124310Z_ofdm_subcarrier_resource_allocation__resource.average_transmit_power_budget_4,average_transmit_power_budget 4,stored,tx_bit_boundary,channel.fixed.modulator_input.byte_count,131072
policy learned artifact - tx power artifact entrypoint...,20260722T124310Z_ofdm_subcarrier_resource_allocation__resource.average_transmit_power_budget_4,average_transmit_power_budget 4,stored,tx_bit_boundary,channel.fixed.modulator_input.dtype_uint8,1
policy learned artifact - tx power artifact entrypoint...,20260722T124310Z_ofdm_subcarrier_resource_allocation__resource.average_transmit_power_budget_4,average_transmit_power_budget 4,stored,tx_bit_boundary,timing.step.wall_time_s,0.10866458300733939
policy learned artifact - tx power artifact entrypoint...,20260722T124310Z_ofdm_subcarrier_resource_allocation__resource.average_transmit_power_budget_4,average_transmit_power_budget 4,stored,tx_power,channel.channel_use_count,595968
policy learned artifact - tx power artifact entrypoint...,20260722T124310Z_ofdm_subcarrier_resource_allocation__resource.average_transmit_power_budget_4,average_transmit_power_budget 4,stored,tx_power,channel.data_bearing_resource_element_count,545913
policy learned artifact - tx power artifact entrypoint...,20260722T124310Z_ofdm_subcarrier_resource_allocation__resource.average_transmit_power_budget_4,average_transmit_power_budget 4,stored,tx_power,channel.scheduled_resource_element_count,595968
policy learned artifact - tx power artifact entrypoint...,20260722T124310Z_ofdm_subcarrier_resource_allocation__resource.average_transmit_power_budget_4,average_transmit_power_budget 4,stored,tx_power,channel.symbol_count,595968
policy learned artifact - tx power artifact entrypoint...,20260722T124310Z_ofdm_subcarrier_resource_allocation__resource.average_transmit_power_budget_4,average_transmit_power_budget 4,stored,tx_power,channel.tx_power.after,3.8030911894701482
policy learned artifact - tx power artifact entrypoint...,20260722T124310Z_ofdm_subcarrier_resource_allocation__resource.average_transmit_power_budget_4,average_transmit_power_budget 4,stored,tx_power,channel.tx_power.average,3.8030911894701482
policy learned artifact - tx power artifact entrypoint...,20260722T124310Z_ofdm_subcarrier_resource_allocation__resource.average_transmit_power_budget_4,average_transmit_power_budget 4,stored,tx_power,channel.tx_power.before,0.9999999403953552
policy learned artifact - tx power artifact entrypoint...,20260722T124310Z_ofdm_subcarrier_resource_allocation__resource.average_transmit_power_budget_4,average_transmit_power_budget 4,stored,tx_power,channel.tx_power.group_count,32
policy learned artifact - tx power artifact entrypoint...,20260722T124310Z_ofdm_subcarrier_resource_allocation__resource.average_transmit_power_budget_4,average_transmit_power_budget 4,stored,tx_power,channel.tx_power.model_batch_count,256
policy learned artifact - tx power artifact entrypoint...,20260722T124310Z_ofdm_subcarrier_resource_allocation__resource.average_transmit_power_budget_4,average_transmit_power_budget 4,stored,tx_power,channel.tx_power.model_batch_size,1024
policy learned artifact - tx power artifact entrypoint...,20260722T124310Z_ofdm_subcarrier_resource_allocation__resource.average_transmit_power_budget_4,average_transmit_power_budget 4,stored,tx_power,channel.tx_power.model_input_example_count,262144
policy learned artifact - tx power artifact entrypoint...,20260722T124310Z_ofdm_subcarrier_resource_allocation__resource.average_transmit_power_budget_4,average_transmit_power_budget 4,stored,tx_power,channel.tx_power.selected,4
policy learned artifact - tx power artifact entrypoint...,20260722T124310Z_ofdm_subcarrier_resource_allocation__resource.average_transmit_power_budget_4,average_transmit_power_budget 4,stored,tx_power,channel.tx_power.snr_db,6.989700043360188
policy learned artifact - tx power artifact entrypoint...,20260722T124310Z_ofdm_subcarrier_resource_allocation__resource.average_transmit_power_budget_4,average_transmit_power_budget 4,stored,tx_power,channel.tx_power.total_energy,2266520.6500061452
policy learned artifact - tx power artifact entrypoint...,20260722T124310Z_ofdm_subcarrier_resource_allocation__resource.average_transmit_power_budget_4,average_transmit_power_budget 4,stored,tx_power,channel.tx_power.tx_power.after,3.8030911894701482
policy learned artifact - tx power artifact entrypoint...,20260722T124310Z_ofdm_subcarrier_resource_allocation__resource.average_transmit_power_budget_4,average_transmit_power_budget 4,stored,tx_power,channel.tx_power.tx_power.before,0.9999999403953552
policy learned artifact - tx power artifact entrypoint...,20260722T124310Z_ofdm_subcarrier_resource_allocation__resource.average_transmit_power_budget_4,average_transmit_power_budget 4,stored,tx_power,channel.tx_power.tx_power.selected,4
policy learned artifact - tx power artifact entrypoint...,20260722T124310Z_ofdm_subcarrier_resource_allocation__resource.average_transmit_power_budget_4,average_transmit_power_budget 4,stored,tx_power,channel.tx_power.tx_power.snr_db,6.989700043360188
policy learned artifact - tx power artifact entrypoint...,20260722T124310Z_ofdm_subcarrier_resource_allocation__resource.average_transmit_power_budget_4,average_transmit_power_budget 4,stored,tx_power,channel.tx_power.tx_power.total_energy,2266520.6500061452
policy learned artifact - tx power artifact entrypoint...,20260722T124310Z_ofdm_subcarrier_resource_allocation__resource.average_transmit_power_budget_4,average_transmit_power_budget 4,stored,tx_power,timing.step.wall_time_s,12.88835070800269
policy learned artifact - tx power artifact entrypoint...,20260722T124310Z_ofdm_subcarrier_resource_allocation__resource.average_transmit_power_budget_4,average_transmit_power_budget 4,stored,wireless_channel,channel.backend.sionna,1
policy learned artifact - tx power artifact entrypoint...,20260722T124310Z_ofdm_subcarrier_resource_allocation__resource.average_transmit_power_budget_4,average_transmit_power_budget 4,stored,wireless_channel,channel.carrier_frequency_ghz,3.5
policy learned artifact - tx power artifact entrypoint...,20260722T124310Z_ofdm_subcarrier_resource_allocation__resource.average_transmit_power_budget_4,average_transmit_power_budget 4,stored,wireless_channel,channel.channel_use_count,595968
policy learned artifact - tx power artifact entrypoint...,20260722T124310Z_ofdm_subcarrier_resource_allocation__resource.average_transmit_power_budget_4,average_transmit_power_budget 4,stored,wireless_channel,channel.effective_snr_db,13.222977640391171
policy learned artifact - tx power artifact entrypoint...,20260722T124310Z_ofdm_subcarrier_resource_allocation__resource.average_transmit_power_budget_4,average_transmit_power_budget 4,stored,wireless_channel,channel.gain.average,1
policy learned artifact - tx power artifact entrypoint...,20260722T124310Z_ofdm_subcarrier_resource_allocation__resource.average_transmit_power_budget_4,average_transmit_power_budget 4,stored,wireless_channel,channel.mobility_kmh,30
policy learned artifact - tx power artifact entrypoint...,20260722T124310Z_ofdm_subcarrier_resource_allocation__resource.average_transmit_power_budget_4,average_transmit_power_budget 4,stored,wireless_channel,channel.noise_variance,0.2
policy learned artifact - tx power artifact entrypoint...,20260722T124310Z_ofdm_subcarrier_resource_allocation__resource.average_transmit_power_budget_4,average_transmit_power_budget 4,stored,wireless_channel,channel.num_ofdm_symbols,4
policy learned artifact - tx power artifact entrypoint...,20260722T124310Z_ofdm_subcarrier_resource_allocation__resource.average_transmit_power_budget_4,average_transmit_power_budget 4,stored,wireless_channel,channel.ofdm_fft_size,32
policy learned artifact - tx power artifact entrypoint...,20260722T124310Z_ofdm_subcarrier_resource_allocation__resource.average_transmit_power_budget_4,average_transmit_power_budget 4,stored,wireless_channel,channel.post_equalizer_component_power.average,5.5261430740356445
policy learned artifact - tx power artifact entrypoint...,20260722T124310Z_ofdm_subcarrier_resource_allocation__resource.average_transmit_power_budget_4,average_transmit_power_budget 4,stored,wireless_channel,channel.post_equalizer_noise_power.average,1.7230517864227295
policy learned artifact - tx power artifact entrypoint...,20260722T124310Z_ofdm_subcarrier_resource_allocation__resource.average_transmit_power_budget_4,average_transmit_power_budget 4,stored,wireless_channel,channel.post_equalizer_output_power.average,5.527373398226365
policy learned artifact - tx power artifact entrypoint...,20260722T124310Z_ofdm_subcarrier_resource_allocation__resource.average_transmit_power_budget_4,average_transmit_power_budget 4,stored,wireless_channel,channel.post_equalizer_signal_noise_cross_power.average,0.0012303241907201112
policy learned artifact - tx power artifact entrypoint...,20260722T124310Z_ofdm_subcarrier_resource_allocation__resource.average_transmit_power_budget_4,average_transmit_power_budget 4,stored,wireless_channel,channel.post_equalizer_signal_power.average,3.803091287612915
policy learned artifact - tx power artifact entrypoint...,20260722T124310Z_ofdm_subcarrier_resource_allocation__resource.average_transmit_power_budget_4,average_transmit_power_budget 4,stored,wireless_channel,channel.received_signal_power.average,4.200758934020996
policy learned artifact - tx power artifact entrypoint...,20260722T124310Z_ofdm_subcarrier_resource_allocation__resource.average_transmit_power_budget_4,average_transmit_power_budget 4,stored,wireless_channel,channel.reference_snr_db,6.9897000433601875
policy learned artifact - tx power artifact entrypoint...,20260722T124310Z_ofdm_subcarrier_resource_allocation__resource.average_transmit_power_budget_4,average_transmit_power_budget 4,stored,wireless_channel,channel.rx_antenna_component_power.average,4.400884106755257
policy learned artifact - tx power artifact entrypoint...,20260722T124310Z_ofdm_subcarrier_resource_allocation__resource.average_transmit_power_budget_4,average_transmit_power_budget 4,stored,wireless_channel,channel.rx_antenna_noise_power.average,0.20012517273426056
policy learned artifact - tx power artifact entrypoint...,20260722T124310Z_ofdm_subcarrier_resource_allocation__resource.average_transmit_power_budget_4,average_transmit_power_budget 4,stored,wireless_channel,channel.rx_antenna_power.average,4.402306096139432
policy learned artifact - tx power artifact entrypoint...,20260722T124310Z_ofdm_subcarrier_resource_allocation__resource.average_transmit_power_budget_4,average_transmit_power_budget 4,stored,wireless_channel,channel.rx_antenna_power.total_energy,2623633.5595040247
policy learned artifact - tx power artifact entrypoint...,20260722T124310Z_ofdm_subcarrier_resource_allocation__resource.average_transmit_power_budget_4,average_transmit_power_budget 4,stored,wireless_channel,channel.rx_antenna_signal_noise_cross_power.average,0.0014219893841751485
policy learned artifact - tx power artifact entrypoint...,20260722T124310Z_ofdm_subcarrier_resource_allocation__resource.average_transmit_power_budget_4,average_transmit_power_budget 4,stored,wireless_channel,channel.rx_antenna_signal_power.average,4.200758934020996
policy learned artifact - tx power artifact entrypoint...,20260722T124310Z_ofdm_subcarrier_resource_allocation__resource.average_transmit_power_budget_4,average_transmit_power_budget 4,stored,wireless_channel,channel.rx_equalized_power.average,5.527373398226365
policy learned artifact - tx power artifact entrypoint...,20260722T124310Z_ofdm_subcarrier_resource_allocation__resource.average_transmit_power_budget_4,average_transmit_power_budget 4,stored,wireless_channel,channel.rx_equalized_power.total_energy,3294137.66939417
policy learned artifact - tx power artifact entrypoint...,20260722T124310Z_ofdm_subcarrier_resource_allocation__resource.average_transmit_power_budget_4,average_transmit_power_budget 4,stored,wireless_channel,channel.rx_output_power.average,5.527373398226365
policy learned artifact - tx power artifact entrypoint...,20260722T124310Z_ofdm_subcarrier_resource_allocation__resource.average_transmit_power_budget_4,average_transmit_power_budget 4,stored,wireless_channel,channel.rx_output_power.total_energy,3294137.66939417
policy learned artifact - tx power artifact entrypoint...,20260722T124310Z_ofdm_subcarrier_resource_allocation__resource.average_transmit_power_budget_4,average_transmit_power_budget 4,stored,wireless_channel,channel.rx_power.average,5.527373398226365
policy learned artifact - tx power artifact entrypoint...,20260722T124310Z_ofdm_subcarrier_resource_allocation__resource.average_transmit_power_budget_4,average_transmit_power_budget 4,stored,wireless_channel,channel.rx_power.total_energy,3294137.66939417
policy learned artifact - tx power artifact entrypoint...,20260722T124310Z_ofdm_subcarrier_resource_allocation__resource.average_transmit_power_budget_4,average_transmit_power_budget 4,stored,wireless_channel,channel.snr_db,6.9897000433601875
policy learned artifact - tx power artifact entrypoint...,20260722T124310Z_ofdm_subcarrier_resource_allocation__resource.average_transmit_power_budget_4,average_transmit_power_budget 4,stored,wireless_channel,channel.symbol_count,595968
policy learned artifact - tx power artifact entrypoint...,20260722T124310Z_ofdm_subcarrier_resource_allocation__resource.average_transmit_power_budget_4,average_transmit_power_budget 4,stored,wireless_channel,channel.tx_effective_snr_db,12.791067544730108
policy learned artifact - tx power artifact entrypoint...,20260722T124310Z_ofdm_subcarrier_resource_allocation__resource.average_transmit_power_budget_4,average_transmit_power_budget 4,stored,wireless_channel,channel.tx_power_at_channel.average,3.803091287612915
policy learned artifact - tx power artifact entrypoint...,20260722T124310Z_ofdm_subcarrier_resource_allocation__resource.average_transmit_power_budget_4,average_transmit_power_budget 4,stored,wireless_channel,timing.step.wall_time_s,1.7332798250135966
water filling,20260722T124953Z_ofdm_subcarrier_resource_allocation_2__resource.average_transmit_power_budget_0.5,average_transmit_power_budget 0.5,stored,allocation_evaluation,channel.achieved_payload_goodput_bits_per_resource_element,0.1588905322602332
water filling,20260722T124953Z_ofdm_subcarrier_resource_allocation_2__resource.average_transmit_power_budget_0.5,average_transmit_power_budget 0.5,stored,allocation_evaluation,channel.data_bearing_resource_element_count,983428
water filling,20260722T124953Z_ofdm_subcarrier_resource_allocation_2__resource.average_transmit_power_budget_0.5,average_transmit_power_budget 0.5,stored,allocation_evaluation,channel.delivered_payload_bit_count,529408
water filling,20260722T124953Z_ofdm_subcarrier_resource_allocation_2__resource.average_transmit_power_budget_0.5,average_transmit_power_budget 0.5,stored,allocation_evaluation,channel.goodput_to_theoretical_shannon_efficiency_ratio,0.09157993019455013
water filling,20260722T124953Z_ofdm_subcarrier_resource_allocation_2__resource.average_transmit_power_budget_0.5,average_transmit_power_budget 0.5,stored,allocation_evaluation,channel.noise_variance,0.2
water filling,20260722T124953Z_ofdm_subcarrier_resource_allocation_2__resource.average_transmit_power_budget_0.5,average_transmit_power_budget 0.5,stored,allocation_evaluation,channel.offered_payload_bits_per_resource_element,0.31470774668177715
water filling,20260722T124953Z_ofdm_subcarrier_resource_allocation_2__resource.average_transmit_power_budget_0.5,average_transmit_power_budget 0.5,stored,allocation_evaluation,channel.payload_delivery_block_count,1024
water filling,20260722T124953Z_ofdm_subcarrier_resource_allocation_2__resource.average_transmit_power_budget_0.5,average_transmit_power_budget 0.5,stored,allocation_evaluation,channel.payload_delivery_block_error_count,507
water filling,20260722T124953Z_ofdm_subcarrier_resource_allocation_2__resource.average_transmit_power_budget_0.5,average_transmit_power_budget 0.5,stored,allocation_evaluation,channel.payload_delivery_block_error_rate,0.4951171875
water filling,20260722T124953Z_ofdm_subcarrier_resource_allocation_2__resource.average_transmit_power_budget_0.5,average_transmit_power_budget 0.5,stored,allocation_evaluation,channel.payload_delivery_success,0
water filling,20260722T124953Z_ofdm_subcarrier_resource_allocation_2__resource.average_transmit_power_budget_0.5,average_transmit_power_budget 0.5,stored,allocation_evaluation,channel.payload_energy_efficiency_bits_per_normalized_energy,0.7638571461550893
water filling,20260722T124953Z_ofdm_subcarrier_resource_allocation_2__resource.average_transmit_power_budget_0.5,average_transmit_power_budget 0.5,stored,allocation_evaluation,channel.reference_snr_db,6.989700043360188
water filling,20260722T124953Z_ofdm_subcarrier_resource_allocation_2__resource.average_transmit_power_budget_0.5,average_transmit_power_budget 0.5,stored,allocation_evaluation,channel.resource_element_utilization,0.2951549624478977
water filling,20260722T124953Z_ofdm_subcarrier_resource_allocation_2__resource.average_transmit_power_budget_0.5,average_transmit_power_budget 0.5,stored,allocation_evaluation,channel.scheduled_resource_element_count,3331904
water filling,20260722T124953Z_ofdm_subcarrier_resource_allocation_2__resource.average_transmit_power_budget_0.5,average_transmit_power_budget 0.5,stored,allocation_evaluation,channel.tx_energy_for_payload,693072
water filling,20260722T124953Z_ofdm_subcarrier_resource_allocation_2__resource.average_transmit_power_budget_0.5,average_transmit_power_budget 0.5,stored,allocation_evaluation,channel.tx_energy_per_delivered_payload_bit,1.3091453094777563
water filling,20260722T124953Z_ofdm_subcarrier_resource_allocation_2__resource.average_transmit_power_budget_0.5,average_transmit_power_budget 0.5,stored,allocation_evaluation,resource.active_resource_element_fraction,0.9097118377685547
water filling,20260722T124953Z_ofdm_subcarrier_resource_allocation_2__resource.average_transmit_power_budget_0.5,average_transmit_power_budget 0.5,stored,allocation_evaluation,resource.allocated_power_weighted_channel_gain_lift,0.23026078624289126
water filling,20260722T124953Z_ofdm_subcarrier_resource_allocation_2__resource.average_transmit_power_budget_0.5,average_transmit_power_budget 0.5,stored,allocation_evaluation,resource.allocation_power_coefficient_of_variation,0.4074507643591748
water filling,20260722T124953Z_ofdm_subcarrier_resource_allocation_2__resource.average_transmit_power_budget_0.5,average_transmit_power_budget 0.5,stored,allocation_evaluation,resource.average_transmit_power_budget,0.5
water filling,20260722T124953Z_ofdm_subcarrier_resource_allocation_2__resource.average_transmit_power_budget_0.5,average_transmit_power_budget 0.5,stored,allocation_evaluation,resource.power_constraint.max_abs_error,3.762543201446533e-7
water filling,20260722T124953Z_ofdm_subcarrier_resource_allocation_2__resource.average_transmit_power_budget_0.5,average_transmit_power_budget 0.5,stored,allocation_evaluation,resource.power_constraint.max_negative_violation,0
water filling,20260722T124953Z_ofdm_subcarrier_resource_allocation_2__resource.average_transmit_power_budget_0.5,average_transmit_power_budget 0.5,stored,allocation_evaluation,resource.power_constraint.max_relative_error,2.3515895009040833e-8
water filling,20260722T124953Z_ofdm_subcarrier_resource_allocation_2__resource.average_transmit_power_budget_0.5,average_transmit_power_budget 0.5,stored,allocation_evaluation,resource.theoretical_min_state_spectral_efficiency_bps_hz,1.2876198895015154
water filling,20260722T124953Z_ofdm_subcarrier_resource_allocation_2__resource.average_transmit_power_budget_0.5,average_transmit_power_budget 0.5,stored,allocation_evaluation,resource.theoretical_outage_probability,1
water filling,20260722T124953Z_ofdm_subcarrier_resource_allocation_2__resource.average_transmit_power_budget_0.5,average_transmit_power_budget 0.5,stored,allocation_evaluation,resource.theoretical_outage_target_spectral_efficiency_bps_hz,2
water filling,20260722T124953Z_ofdm_subcarrier_resource_allocation_2__resource.average_transmit_power_budget_0.5,average_transmit_power_budget 0.5,stored,allocation_evaluation,resource.theoretical_p05_state_spectral_efficiency_bps_hz,1.6450539560382658
water filling,20260722T124953Z_ofdm_subcarrier_resource_allocation_2__resource.average_transmit_power_budget_0.5,average_transmit_power_budget 0.5,stored,allocation_evaluation,resource.theoretical_shannon_spectral_efficiency_bps_hz,1.7349929392028374
water filling,20260722T124953Z_ofdm_subcarrier_resource_allocation_2__resource.average_transmit_power_budget_0.5,average_transmit_power_budget 0.5,stored,allocation_evaluation,resource.theoretical_shannon_sum_bits_per_ofdm_symbol,55.519774054490796
water filling,20260722T124953Z_ofdm_subcarrier_resource_allocation_2__resource.average_transmit_power_budget_0.5,average_transmit_power_budget 0.5,stored,allocation_evaluation,resource.water_filling_kkt_normalized_residual,3.630218226896721e-8
water filling,20260722T124953Z_ofdm_subcarrier_resource_allocation_2__resource.average_transmit_power_budget_0.5,average_transmit_power_budget 0.5,stored,allocation_evaluation,resource.water_filling_optimality_gap_bps_hz,0
water filling,20260722T124953Z_ofdm_subcarrier_resource_allocation_2__resource.average_transmit_power_budget_0.5,average_transmit_power_budget 0.5,stored,allocation_evaluation,resource.water_filling_oracle_spectral_efficiency_bps_hz,1.7349929391866485
water filling,20260722T124953Z_ofdm_subcarrier_resource_allocation_2__resource.average_transmit_power_budget_0.5,average_transmit_power_budget 0.5,stored,allocation_evaluation,resource.water_filling_power_normalized_rmse,2.858995255450932e-8
water filling,20260722T124953Z_ofdm_subcarrier_resource_allocation_2__resource.average_transmit_power_budget_0.5,average_transmit_power_budget 0.5,stored,allocation_evaluation,resource.water_filling_power_rmse,1.429497627725466e-8
water filling,20260722T124953Z_ofdm_subcarrier_resource_allocation_2__resource.average_transmit_power_budget_0.5,average_transmit_power_budget 0.5,stored,allocation_evaluation,resource.water_filling_relative_optimality_gap,0
water filling,20260722T124953Z_ofdm_subcarrier_resource_allocation_2__resource.average_transmit_power_budget_0.5,average_transmit_power_budget 0.5,stored,allocation_evaluation,task.score,0.1588905322602332
water filling,20260722T124953Z_ofdm_subcarrier_resource_allocation_2__resource.average_transmit_power_budget_0.5,average_transmit_power_budget 0.5,stored,allocation_evaluation,timing.step.wall_time_s,42.90633005800191
water filling,20260722T124953Z_ofdm_subcarrier_resource_allocation_2__resource.average_transmit_power_budget_0.5,average_transmit_power_budget 0.5,stored,channel_bit_count_match,channel.fixed.channel_io.bit_count_match,1
water filling,20260722T124953Z_ofdm_subcarrier_resource_allocation_2__resource.average_transmit_power_budget_0.5,average_transmit_power_budget 0.5,stored,channel_bit_count_match,channel.fixed.channel_io.candidate_bit_count,1048576
water filling,20260722T124953Z_ofdm_subcarrier_resource_allocation_2__resource.average_transmit_power_budget_0.5,average_transmit_power_budget 0.5,stored,channel_bit_count_match,channel.fixed.channel_io.length_delta,0
water filling,20260722T124953Z_ofdm_subcarrier_resource_allocation_2__resource.average_transmit_power_budget_0.5,average_transmit_power_budget 0.5,stored,channel_bit_count_match,channel.fixed.channel_io.reference_bit_count,1048576
water filling,20260722T124953Z_ofdm_subcarrier_resource_allocation_2__resource.average_transmit_power_budget_0.5,average_transmit_power_budget 0.5,stored,channel_bit_count_match,timing.step.wall_time_s,0.013899526034947485
water filling,20260722T124953Z_ofdm_subcarrier_resource_allocation_2__resource.average_transmit_power_budget_0.5,average_transmit_power_budget 0.5,stored,channel_decoder,channel.decoded_bit_count,1048576
water filling,20260722T124953Z_ofdm_subcarrier_resource_allocation_2__resource.average_transmit_power_budget_0.5,average_transmit_power_budget 0.5,stored,channel_decoder,timing.step.wall_time_s,0.18993083998793736
water filling,20260722T124953Z_ofdm_subcarrier_resource_allocation_2__resource.average_transmit_power_budget_0.5,average_transmit_power_budget 0.5,stored,channel_encoder,channel.code_rate,1
water filling,20260722T124953Z_ofdm_subcarrier_resource_allocation_2__resource.average_transmit_power_budget_0.5,average_transmit_power_budget 0.5,stored,channel_encoder,channel.coded_bit_count,1048576
water filling,20260722T124953Z_ofdm_subcarrier_resource_allocation_2__resource.average_transmit_power_budget_0.5,average_transmit_power_budget 0.5,stored,channel_encoder,channel.payload_bit_count,1048576
water filling,20260722T124953Z_ofdm_subcarrier_resource_allocation_2__resource.average_transmit_power_budget_0.5,average_transmit_power_budget 0.5,stored,channel_encoder,channel.transmitted_bit_count,1048576
water filling,20260722T124953Z_ofdm_subcarrier_resource_allocation_2__resource.average_transmit_power_budget_0.5,average_transmit_power_budget 0.5,stored,channel_encoder,timing.step.wall_time_s,0.11550731799798086
water filling,20260722T124953Z_ofdm_subcarrier_resource_allocation_2__resource.average_transmit_power_budget_0.5,average_transmit_power_budget 0.5,stored,channel_state,channel.gain.average,1
water filling,20260722T124953Z_ofdm_subcarrier_resource_allocation_2__resource.average_transmit_power_budget_0.5,average_transmit_power_budget 0.5,stored,channel_state,channel.noise_variance,0.2
water filling,20260722T124953Z_ofdm_subcarrier_resource_allocation_2__resource.average_transmit_power_budget_0.5,average_transmit_power_budget 0.5,stored,channel_state,channel.num_ofdm_symbols,4
water filling,20260722T124953Z_ofdm_subcarrier_resource_allocation_2__resource.average_transmit_power_budget_0.5,average_transmit_power_budget 0.5,stored,channel_state,channel.ofdm_fft_size,32
water filling,20260722T124953Z_ofdm_subcarrier_resource_allocation_2__resource.average_transmit_power_budget_0.5,average_transmit_power_budget 0.5,stored,channel_state,channel.ofdm_resource_element_capacity,8388608
water filling,20260722T124953Z_ofdm_subcarrier_resource_allocation_2__resource.average_transmit_power_budget_0.5,average_transmit_power_budget 0.5,stored,channel_state,channel.ofdm_state_count,262144
water filling,20260722T124953Z_ofdm_subcarrier_resource_allocation_2__resource.average_transmit_power_budget_0.5,average_transmit_power_budget 0.5,stored,channel_state,channel.reference_snr_db,6.989700043360188
water filling,20260722T124953Z_ofdm_subcarrier_resource_allocation_2__resource.average_transmit_power_budget_0.5,average_transmit_power_budget 0.5,stored,channel_state,timing.step.wall_time_s,12.142910066992044
water filling,20260722T124953Z_ofdm_subcarrier_resource_allocation_2__resource.average_transmit_power_budget_0.5,average_transmit_power_budget 0.5,stored,coded_ber,channel.coded.ber,0.0006885528564453125
water filling,20260722T124953Z_ofdm_subcarrier_resource_allocation_2__resource.average_transmit_power_budget_0.5,average_transmit_power_budget 0.5,stored,coded_ber,channel.coded.compare_bit_count,1048576
water filling,20260722T124953Z_ofdm_subcarrier_resource_allocation_2__resource.average_transmit_power_budget_0.5,average_transmit_power_budget 0.5,stored,coded_ber,channel.coded.error_count,722
water filling,20260722T124953Z_ofdm_subcarrier_resource_allocation_2__resource.average_transmit_power_budget_0.5,average_transmit_power_budget 0.5,stored,coded_ber,timing.step.wall_time_s,0.018242313992232084
water filling,20260722T124953Z_ofdm_subcarrier_resource_allocation_2__resource.average_transmit_power_budget_0.5,average_transmit_power_budget 0.5,stored,coded_bler,channel.coded.bler,0.4951171875
water filling,20260722T124953Z_ofdm_subcarrier_resource_allocation_2__resource.average_transmit_power_budget_0.5,average_transmit_power_budget 0.5,stored,coded_bler,channel.coded.block_count,1024
water filling,20260722T124953Z_ofdm_subcarrier_resource_allocation_2__resource.average_transmit_power_budget_0.5,average_transmit_power_budget 0.5,stored,coded_bler,channel.coded.block_error_count,507
water filling,20260722T124953Z_ofdm_subcarrier_resource_allocation_2__resource.average_transmit_power_budget_0.5,average_transmit_power_budget 0.5,stored,coded_bler,channel.coded.block_size,1024
water filling,20260722T124953Z_ofdm_subcarrier_resource_allocation_2__resource.average_transmit_power_budget_0.5,average_transmit_power_budget 0.5,stored,coded_bler,timing.step.wall_time_s,0.01846013800241053
water filling,20260722T124953Z_ofdm_subcarrier_resource_allocation_2__resource.average_transmit_power_budget_0.5,average_transmit_power_budget 0.5,stored,data,channel.payload_bit_count,1048576
water filling,20260722T124953Z_ofdm_subcarrier_resource_allocation_2__resource.average_transmit_power_budget_0.5,average_transmit_power_budget 0.5,stored,data,source.bit_count,1048576
water filling,20260722T124953Z_ofdm_subcarrier_resource_allocation_2__resource.average_transmit_power_budget_0.5,average_transmit_power_budget 0.5,stored,data,source.example_count,1024
water filling,20260722T124953Z_ofdm_subcarrier_resource_allocation_2__resource.average_transmit_power_budget_0.5,average_transmit_power_budget 0.5,stored,data,source.transport_block_count,1024
water filling,20260722T124953Z_ofdm_subcarrier_resource_allocation_2__resource.average_transmit_power_budget_0.5,average_transmit_power_budget 0.5,stored,data,source.transport_block_size_bits,1024
water filling,20260722T124953Z_ofdm_subcarrier_resource_allocation_2__resource.average_transmit_power_budget_0.5,average_transmit_power_budget 0.5,stored,data,timing.step.wall_time_s,0.1231670529814437
water filling,20260722T124953Z_ofdm_subcarrier_resource_allocation_2__resource.average_transmit_power_budget_0.5,average_transmit_power_budget 0.5,stored,demodulator,channel.allocation_aware_transport,1
water filling,20260722T124953Z_ofdm_subcarrier_resource_allocation_2__resource.average_transmit_power_budget_0.5,average_transmit_power_budget 0.5,stored,demodulator,channel.demod_bit_count,1048576
water filling,20260722T124953Z_ofdm_subcarrier_resource_allocation_2__resource.average_transmit_power_budget_0.5,average_transmit_power_budget 0.5,stored,demodulator,timing.step.wall_time_s,1.2192544389981776
water filling,20260722T124953Z_ofdm_subcarrier_resource_allocation_2__resource.average_transmit_power_budget_0.5,average_transmit_power_budget 0.5,stored,modulator,channel.bits_per_symbol,2
water filling,20260722T124953Z_ofdm_subcarrier_resource_allocation_2__resource.average_transmit_power_budget_0.5,average_transmit_power_budget 0.5,stored,modulator,channel.channel_use_count,524288
water filling,20260722T124953Z_ofdm_subcarrier_resource_allocation_2__resource.average_transmit_power_budget_0.5,average_transmit_power_budget 0.5,stored,modulator,channel.coded_bit_count,1048576
water filling,20260722T124953Z_ofdm_subcarrier_resource_allocation_2__resource.average_transmit_power_budget_0.5,average_transmit_power_budget 0.5,stored,modulator,channel.symbol_count,524288
water filling,20260722T124953Z_ofdm_subcarrier_resource_allocation_2__resource.average_transmit_power_budget_0.5,average_transmit_power_budget 0.5,stored,modulator,channel.transmitted_bit_count,1048576
water filling,20260722T124953Z_ofdm_subcarrier_resource_allocation_2__resource.average_transmit_power_budget_0.5,average_transmit_power_budget 0.5,stored,modulator,timing.step.wall_time_s,0.23258020397042856
water filling,20260722T124953Z_ofdm_subcarrier_resource_allocation_2__resource.average_transmit_power_budget_0.5,average_transmit_power_budget 0.5,stored,payload_ber,channel.payload.ber,0.0006885528564453125
water filling,20260722T124953Z_ofdm_subcarrier_resource_allocation_2__resource.average_transmit_power_budget_0.5,average_transmit_power_budget 0.5,stored,payload_ber,channel.payload.compare_bit_count,1048576
water filling,20260722T124953Z_ofdm_subcarrier_resource_allocation_2__resource.average_transmit_power_budget_0.5,average_transmit_power_budget 0.5,stored,payload_ber,channel.payload.error_count,722
water filling,20260722T124953Z_ofdm_subcarrier_resource_allocation_2__resource.average_transmit_power_budget_0.5,average_transmit_power_budget 0.5,stored,payload_ber,timing.step.wall_time_s,0.013481705042067915
water filling,20260722T124953Z_ofdm_subcarrier_resource_allocation_2__resource.average_transmit_power_budget_0.5,average_transmit_power_budget 0.5,stored,payload_bit_boundary,channel.fixed.bit_count,1048576
water filling,20260722T124953Z_ofdm_subcarrier_resource_allocation_2__resource.average_transmit_power_budget_0.5,average_transmit_power_budget 0.5,stored,payload_bit_boundary,channel.fixed.byte_count,131072
water filling,20260722T124953Z_ofdm_subcarrier_resource_allocation_2__resource.average_transmit_power_budget_0.5,average_transmit_power_budget 0.5,stored,payload_bit_boundary,channel.fixed.payload_input.bit_count,1048576
water filling,20260722T124953Z_ofdm_subcarrier_resource_allocation_2__resource.average_transmit_power_budget_0.5,average_transmit_power_budget 0.5,stored,payload_bit_boundary,channel.fixed.payload_input.bits_per_element,1
water filling,20260722T124953Z_ofdm_subcarrier_resource_allocation_2__resource.average_transmit_power_budget_0.5,average_transmit_power_budget 0.5,stored,payload_bit_boundary,channel.fixed.payload_input.byte_count,131072
water filling,20260722T124953Z_ofdm_subcarrier_resource_allocation_2__resource.average_transmit_power_budget_0.5,average_transmit_power_budget 0.5,stored,payload_bit_boundary,channel.fixed.payload_input.dtype_uint8,1
water filling,20260722T124953Z_ofdm_subcarrier_resource_allocation_2__resource.average_transmit_power_budget_0.5,average_transmit_power_budget 0.5,stored,payload_bit_boundary,timing.step.wall_time_s,0.11393959098495543
water filling,20260722T124953Z_ofdm_subcarrier_resource_allocation_2__resource.average_transmit_power_budget_0.5,average_transmit_power_budget 0.5,stored,payload_bler,channel.payload.bler,0.4951171875
water filling,20260722T124953Z_ofdm_subcarrier_resource_allocation_2__resource.average_transmit_power_budget_0.5,average_transmit_power_budget 0.5,stored,payload_bler,channel.payload.block_count,1024
water filling,20260722T124953Z_ofdm_subcarrier_resource_allocation_2__resource.average_transmit_power_budget_0.5,average_transmit_power_budget 0.5,stored,payload_bler,channel.payload.block_error_count,507
water filling,20260722T124953Z_ofdm_subcarrier_resource_allocation_2__resource.average_transmit_power_budget_0.5,average_transmit_power_budget 0.5,stored,payload_bler,channel.payload.block_size,1024
water filling,20260722T124953Z_ofdm_subcarrier_resource_allocation_2__resource.average_transmit_power_budget_0.5,average_transmit_power_budget 0.5,stored,payload_bler,timing.step.wall_time_s,0.02682340203318745
water filling,20260722T124953Z_ofdm_subcarrier_resource_allocation_2__resource.average_transmit_power_budget_0.5,average_transmit_power_budget 0.5,stored,run,memory.run.end_rss_bytes,4609540096
water filling,20260722T124953Z_ofdm_subcarrier_resource_allocation_2__resource.average_transmit_power_budget_0.5,average_transmit_power_budget 0.5,stored,run,memory.run.peak_rss_bytes,5320916992
water filling,20260722T124953Z_ofdm_subcarrier_resource_allocation_2__resource.average_transmit_power_budget_0.5,average_transmit_power_budget 0.5,stored,run,memory.run.peak_rss_delta_bytes,4872744960
water filling,20260722T124953Z_ofdm_subcarrier_resource_allocation_2__resource.average_transmit_power_budget_0.5,average_transmit_power_budget 0.5,stored,run,memory.run.sampler_interval_s,0.05
water filling,20260722T124953Z_ofdm_subcarrier_resource_allocation_2__resource.average_transmit_power_budget_0.5,average_transmit_power_budget 0.5,stored,run,memory.run.start_rss_bytes,448172032
water filling,20260722T124953Z_ofdm_subcarrier_resource_allocation_2__resource.average_transmit_power_budget_0.5,average_transmit_power_budget 0.5,stored,rx_bit_boundary,channel.fixed.bit_count,1048576
water filling,20260722T124953Z_ofdm_subcarrier_resource_allocation_2__resource.average_transmit_power_budget_0.5,average_transmit_power_budget 0.5,stored,rx_bit_boundary,channel.fixed.byte_count,131072
water filling,20260722T124953Z_ofdm_subcarrier_resource_allocation_2__resource.average_transmit_power_budget_0.5,average_transmit_power_budget 0.5,stored,rx_bit_boundary,channel.fixed.demodulator_output.bit_count,1048576
water filling,20260722T124953Z_ofdm_subcarrier_resource_allocation_2__resource.average_transmit_power_budget_0.5,average_transmit_power_budget 0.5,stored,rx_bit_boundary,channel.fixed.demodulator_output.bits_per_element,1
water filling,20260722T124953Z_ofdm_subcarrier_resource_allocation_2__resource.average_transmit_power_budget_0.5,average_transmit_power_budget 0.5,stored,rx_bit_boundary,channel.fixed.demodulator_output.byte_count,131072
water filling,20260722T124953Z_ofdm_subcarrier_resource_allocation_2__resource.average_transmit_power_budget_0.5,average_transmit_power_budget 0.5,stored,rx_bit_boundary,channel.fixed.demodulator_output.dtype_uint8,1
water filling,20260722T124953Z_ofdm_subcarrier_resource_allocation_2__resource.average_transmit_power_budget_0.5,average_transmit_power_budget 0.5,stored,rx_bit_boundary,timing.step.wall_time_s,0.1699527389719151
water filling,20260722T124953Z_ofdm_subcarrier_resource_allocation_2__resource.average_transmit_power_budget_0.5,average_transmit_power_budget 0.5,stored,tx_bit_boundary,channel.fixed.bit_count,1048576
water filling,20260722T124953Z_ofdm_subcarrier_resource_allocation_2__resource.average_transmit_power_budget_0.5,average_transmit_power_budget 0.5,stored,tx_bit_boundary,channel.fixed.byte_count,131072
water filling,20260722T124953Z_ofdm_subcarrier_resource_allocation_2__resource.average_transmit_power_budget_0.5,average_transmit_power_budget 0.5,stored,tx_bit_boundary,channel.fixed.modulator_input.bit_count,1048576
water filling,20260722T124953Z_ofdm_subcarrier_resource_allocation_2__resource.average_transmit_power_budget_0.5,average_transmit_power_budget 0.5,stored,tx_bit_boundary,channel.fixed.modulator_input.bits_per_element,1
water filling,20260722T124953Z_ofdm_subcarrier_resource_allocation_2__resource.average_transmit_power_budget_0.5,average_transmit_power_budget 0.5,stored,tx_bit_boundary,channel.fixed.modulator_input.byte_count,131072
water filling,20260722T124953Z_ofdm_subcarrier_resource_allocation_2__resource.average_transmit_power_budget_0.5,average_transmit_power_budget 0.5,stored,tx_bit_boundary,channel.fixed.modulator_input.dtype_uint8,1
water filling,20260722T124953Z_ofdm_subcarrier_resource_allocation_2__resource.average_transmit_power_budget_0.5,average_transmit_power_budget 0.5,stored,tx_bit_boundary,timing.step.wall_time_s,0.11034117301460356
water filling,20260722T124953Z_ofdm_subcarrier_resource_allocation_2__resource.average_transmit_power_budget_0.5,average_transmit_power_budget 0.5,stored,tx_power,channel.channel_use_count,3331904
water filling,20260722T124953Z_ofdm_subcarrier_resource_allocation_2__resource.average_transmit_power_budget_0.5,average_transmit_power_budget 0.5,stored,tx_power,channel.data_bearing_resource_element_count,983428
water filling,20260722T124953Z_ofdm_subcarrier_resource_allocation_2__resource.average_transmit_power_budget_0.5,average_transmit_power_budget 0.5,stored,tx_power,channel.scheduled_resource_element_count,3331904
water filling,20260722T124953Z_ofdm_subcarrier_resource_allocation_2__resource.average_transmit_power_budget_0.5,average_transmit_power_budget 0.5,stored,tx_power,channel.symbol_count,3331904
water filling,20260722T124953Z_ofdm_subcarrier_resource_allocation_2__resource.average_transmit_power_budget_0.5,average_transmit_power_budget 0.5,stored,tx_power,channel.tx_power.after,0.2080107978472947
water filling,20260722T124953Z_ofdm_subcarrier_resource_allocation_2__resource.average_transmit_power_budget_0.5,average_transmit_power_budget 0.5,stored,tx_power,channel.tx_power.average,0.2080107978472947
water filling,20260722T124953Z_ofdm_subcarrier_resource_allocation_2__resource.average_transmit_power_budget_0.5,average_transmit_power_budget 0.5,stored,tx_power,channel.tx_power.before,0.9999999403953552
water filling,20260722T124953Z_ofdm_subcarrier_resource_allocation_2__resource.average_transmit_power_budget_0.5,average_transmit_power_budget 0.5,stored,tx_power,channel.tx_power.group_count,32
water filling,20260722T124953Z_ofdm_subcarrier_resource_allocation_2__resource.average_transmit_power_budget_0.5,average_transmit_power_budget 0.5,stored,tx_power,channel.tx_power.selected,0.5
water filling,20260722T124953Z_ofdm_subcarrier_resource_allocation_2__resource.average_transmit_power_budget_0.5,average_transmit_power_budget 0.5,stored,tx_power,channel.tx_power.snr_db,6.989700043360188
water filling,20260722T124953Z_ofdm_subcarrier_resource_allocation_2__resource.average_transmit_power_budget_0.5,average_transmit_power_budget 0.5,stored,tx_power,channel.tx_power.total_energy,693072.0093905926
water filling,20260722T124953Z_ofdm_subcarrier_resource_allocation_2__resource.average_transmit_power_budget_0.5,average_transmit_power_budget 0.5,stored,tx_power,channel.tx_power.tx_power.after,0.2080107978472947
water filling,20260722T124953Z_ofdm_subcarrier_resource_allocation_2__resource.average_transmit_power_budget_0.5,average_transmit_power_budget 0.5,stored,tx_power,channel.tx_power.tx_power.before,0.9999999403953552
water filling,20260722T124953Z_ofdm_subcarrier_resource_allocation_2__resource.average_transmit_power_budget_0.5,average_transmit_power_budget 0.5,stored,tx_power,channel.tx_power.tx_power.selected,0.5
water filling,20260722T124953Z_ofdm_subcarrier_resource_allocation_2__resource.average_transmit_power_budget_0.5,average_transmit_power_budget 0.5,stored,tx_power,channel.tx_power.tx_power.snr_db,6.989700043360188
water filling,20260722T124953Z_ofdm_subcarrier_resource_allocation_2__resource.average_transmit_power_budget_0.5,average_transmit_power_budget 0.5,stored,tx_power,channel.tx_power.tx_power.total_energy,693072.0093905926
water filling,20260722T124953Z_ofdm_subcarrier_resource_allocation_2__resource.average_transmit_power_budget_0.5,average_transmit_power_budget 0.5,stored,tx_power,timing.step.wall_time_s,35.071545676968526
water filling,20260722T124953Z_ofdm_subcarrier_resource_allocation_2__resource.average_transmit_power_budget_0.5,average_transmit_power_budget 0.5,stored,wireless_channel,channel.backend.sionna,1
water filling,20260722T124953Z_ofdm_subcarrier_resource_allocation_2__resource.average_transmit_power_budget_0.5,average_transmit_power_budget 0.5,stored,wireless_channel,channel.carrier_frequency_ghz,3.5
water filling,20260722T124953Z_ofdm_subcarrier_resource_allocation_2__resource.average_transmit_power_budget_0.5,average_transmit_power_budget 0.5,stored,wireless_channel,channel.channel_use_count,3331904
water filling,20260722T124953Z_ofdm_subcarrier_resource_allocation_2__resource.average_transmit_power_budget_0.5,average_transmit_power_budget 0.5,stored,wireless_channel,channel.effective_snr_db,2.655326867718548
water filling,20260722T124953Z_ofdm_subcarrier_resource_allocation_2__resource.average_transmit_power_budget_0.5,average_transmit_power_budget 0.5,stored,wireless_channel,channel.gain.average,1
water filling,20260722T124953Z_ofdm_subcarrier_resource_allocation_2__resource.average_transmit_power_budget_0.5,average_transmit_power_budget 0.5,stored,wireless_channel,channel.mobility_kmh,30
water filling,20260722T124953Z_ofdm_subcarrier_resource_allocation_2__resource.average_transmit_power_budget_0.5,average_transmit_power_budget 0.5,stored,wireless_channel,channel.noise_variance,0.2
water filling,20260722T124953Z_ofdm_subcarrier_resource_allocation_2__resource.average_transmit_power_budget_0.5,average_transmit_power_budget 0.5,stored,wireless_channel,channel.num_ofdm_symbols,4
water filling,20260722T124953Z_ofdm_subcarrier_resource_allocation_2__resource.average_transmit_power_budget_0.5,average_transmit_power_budget 0.5,stored,wireless_channel,channel.ofdm_fft_size,32
water filling,20260722T124953Z_ofdm_subcarrier_resource_allocation_2__resource.average_transmit_power_budget_0.5,average_transmit_power_budget 0.5,stored,wireless_channel,channel.post_equalizer_component_power.average,1.3999990224838257
water filling,20260722T124953Z_ofdm_subcarrier_resource_allocation_2__resource.average_transmit_power_budget_0.5,average_transmit_power_budget 0.5,stored,wireless_channel,channel.post_equalizer_noise_power.average,1.191988229751587
water filling,20260722T124953Z_ofdm_subcarrier_resource_allocation_2__resource.average_transmit_power_budget_0.5,average_transmit_power_budget 0.5,stored,wireless_channel,channel.post_equalizer_output_power.average,1.4000846772750675
water filling,20260722T124953Z_ofdm_subcarrier_resource_allocation_2__resource.average_transmit_power_budget_0.5,average_transmit_power_budget 0.5,stored,wireless_channel,channel.post_equalizer_signal_noise_cross_power.average,0.00008565479124178488
water filling,20260722T124953Z_ofdm_subcarrier_resource_allocation_2__resource.average_transmit_power_budget_0.5,average_transmit_power_budget 0.5,stored,wireless_channel,channel.post_equalizer_signal_power.average,0.20801079273223877
water filling,20260722T124953Z_ofdm_subcarrier_resource_allocation_2__resource.average_transmit_power_budget_0.5,average_transmit_power_budget 0.5,stored,wireless_channel,channel.received_signal_power.average,0.36860623955726624
water filling,20260722T124953Z_ofdm_subcarrier_resource_allocation_2__resource.average_transmit_power_budget_0.5,average_transmit_power_budget 0.5,stored,wireless_channel,channel.reference_snr_db,6.9897000433601875
water filling,20260722T124953Z_ofdm_subcarrier_resource_allocation_2__resource.average_transmit_power_budget_0.5,average_transmit_power_budget 0.5,stored,wireless_channel,channel.rx_antenna_component_power.average,0.5686593055725098
water filling,20260722T124953Z_ofdm_subcarrier_resource_allocation_2__resource.average_transmit_power_budget_0.5,average_transmit_power_budget 0.5,stored,wireless_channel,channel.rx_antenna_noise_power.average,0.20005306601524353
water filling,20260722T124953Z_ofdm_subcarrier_resource_allocation_2__resource.average_transmit_power_budget_0.5,average_transmit_power_budget 0.5,stored,wireless_channel,channel.rx_antenna_power.average,0.5688164585509752
water filling,20260722T124953Z_ofdm_subcarrier_resource_allocation_2__resource.average_transmit_power_budget_0.5,average_transmit_power_budget 0.5,stored,wireless_channel,channel.rx_antenna_power.total_energy,1895241.8335118284
water filling,20260722T124953Z_ofdm_subcarrier_resource_allocation_2__resource.average_transmit_power_budget_0.5,average_transmit_power_budget 0.5,stored,wireless_channel,channel.rx_antenna_signal_noise_cross_power.average,0.00015715297846541354
water filling,20260722T124953Z_ofdm_subcarrier_resource_allocation_2__resource.average_transmit_power_budget_0.5,average_transmit_power_budget 0.5,stored,wireless_channel,channel.rx_antenna_signal_power.average,0.36860623955726624
water filling,20260722T124953Z_ofdm_subcarrier_resource_allocation_2__resource.average_transmit_power_budget_0.5,average_transmit_power_budget 0.5,stored,wireless_channel,channel.rx_equalized_power.average,1.4000846772750675
water filling,20260722T124953Z_ofdm_subcarrier_resource_allocation_2__resource.average_transmit_power_budget_0.5,average_transmit_power_budget 0.5,stored,wireless_channel,channel.rx_equalized_power.total_energy,4664947.736551506
water filling,20260722T124953Z_ofdm_subcarrier_resource_allocation_2__resource.average_transmit_power_budget_0.5,average_transmit_power_budget 0.5,stored,wireless_channel,channel.rx_output_power.average,1.4000846772750675
water filling,20260722T124953Z_ofdm_subcarrier_resource_allocation_2__resource.average_transmit_power_budget_0.5,average_transmit_power_budget 0.5,stored,wireless_channel,channel.rx_output_power.total_energy,4664947.736551506
water filling,20260722T124953Z_ofdm_subcarrier_resource_allocation_2__resource.average_transmit_power_budget_0.5,average_transmit_power_budget 0.5,stored,wireless_channel,channel.rx_power.average,1.4000846772750675
water filling,20260722T124953Z_ofdm_subcarrier_resource_allocation_2__resource.average_transmit_power_budget_0.5,average_transmit_power_budget 0.5,stored,wireless_channel,channel.rx_power.total_energy,4664947.736551506
water filling,20260722T124953Z_ofdm_subcarrier_resource_allocation_2__resource.average_transmit_power_budget_0.5,average_transmit_power_budget 0.5,stored,wireless_channel,channel.snr_db,6.9897000433601875
water filling,20260722T124953Z_ofdm_subcarrier_resource_allocation_2__resource.average_transmit_power_budget_0.5,average_transmit_power_budget 0.5,stored,wireless_channel,channel.symbol_count,3331904
water filling,20260722T124953Z_ofdm_subcarrier_resource_allocation_2__resource.average_transmit_power_budget_0.5,average_transmit_power_budget 0.5,stored,wireless_channel,channel.tx_effective_snr_db,0.1705587344519624
water filling,20260722T124953Z_ofdm_subcarrier_resource_allocation_2__resource.average_transmit_power_budget_0.5,average_transmit_power_budget 0.5,stored,wireless_channel,channel.tx_power_at_channel.average,0.20801079273223877
water filling,20260722T124953Z_ofdm_subcarrier_resource_allocation_2__resource.average_transmit_power_budget_0.5,average_transmit_power_budget 0.5,stored,wireless_channel,timing.step.wall_time_s,3.085029232024681
water filling,20260722T125140Z_ofdm_subcarrier_resource_allocation_2__resource.average_transmit_power_budget_1,average_transmit_power_budget 1,stored,allocation_evaluation,channel.achieved_payload_goodput_bits_per_resource_element,0.5064015317539043
water filling,20260722T125140Z_ofdm_subcarrier_resource_allocation_2__resource.average_transmit_power_budget_1,average_transmit_power_budget 1,stored,allocation_evaluation,channel.data_bearing_resource_element_count,844418
water filling,20260722T125140Z_ofdm_subcarrier_resource_allocation_2__resource.average_transmit_power_budget_1,average_transmit_power_budget 1,stored,allocation_evaluation,channel.delivered_payload_bit_count,702464
water filling,20260722T125140Z_ofdm_subcarrier_resource_allocation_2__resource.average_transmit_power_budget_1,average_transmit_power_budget 1,stored,allocation_evaluation,channel.goodput_to_theoretical_shannon_efficiency_ratio,0.208956767379061
water filling,20260722T125140Z_ofdm_subcarrier_resource_allocation_2__resource.average_transmit_power_budget_1,average_transmit_power_budget 1,stored,allocation_evaluation,channel.noise_variance,0.2
water filling,20260722T125140Z_ofdm_subcarrier_resource_allocation_2__resource.average_transmit_power_budget_1,average_transmit_power_budget 1,stored,allocation_evaluation,channel.offered_payload_bits_per_resource_element,0.7559113243673441
water filling,20260722T125140Z_ofdm_subcarrier_resource_allocation_2__resource.average_transmit_power_budget_1,average_transmit_power_budget 1,stored,allocation_evaluation,channel.payload_delivery_block_count,1024
water filling,20260722T125140Z_ofdm_subcarrier_resource_allocation_2__resource.average_transmit_power_budget_1,average_transmit_power_budget 1,stored,allocation_evaluation,channel.payload_delivery_block_error_count,338
water filling,20260722T125140Z_ofdm_subcarrier_resource_allocation_2__resource.average_transmit_power_budget_1,average_transmit_power_budget 1,stored,allocation_evaluation,channel.payload_delivery_block_error_rate,0.330078125
water filling,20260722T125140Z_ofdm_subcarrier_resource_allocation_2__resource.average_transmit_power_budget_1,average_transmit_power_budget 1,stored,allocation_evaluation,channel.payload_delivery_success,0
water filling,20260722T125140Z_ofdm_subcarrier_resource_allocation_2__resource.average_transmit_power_budget_1,average_transmit_power_budget 1,stored,allocation_evaluation,channel.payload_energy_efficiency_bits_per_normalized_energy,0.7086788477401129
water filling,20260722T125140Z_ofdm_subcarrier_resource_allocation_2__resource.average_transmit_power_budget_1,average_transmit_power_budget 1,stored,allocation_evaluation,channel.reference_snr_db,6.989700043360188
water filling,20260722T125140Z_ofdm_subcarrier_resource_allocation_2__resource.average_transmit_power_budget_1,average_transmit_power_budget 1,stored,allocation_evaluation,channel.resource_element_utilization,0.6087352072712173
water filling,20260722T125140Z_ofdm_subcarrier_resource_allocation_2__resource.average_transmit_power_budget_1,average_transmit_power_budget 1,stored,allocation_evaluation,channel.scheduled_resource_element_count,1387168
water filling,20260722T125140Z_ofdm_subcarrier_resource_allocation_2__resource.average_transmit_power_budget_1,average_transmit_power_budget 1,stored,allocation_evaluation,channel.tx_energy_for_payload,991230.375
water filling,20260722T125140Z_ofdm_subcarrier_resource_allocation_2__resource.average_transmit_power_budget_1,average_transmit_power_budget 1,stored,allocation_evaluation,channel.tx_energy_per_delivered_payload_bit,1.4110764039153607
water filling,20260722T125140Z_ofdm_subcarrier_resource_allocation_2__resource.average_transmit_power_budget_1,average_transmit_power_budget 1,stored,allocation_evaluation,resource.active_resource_element_fraction,0.9502811431884766
water filling,20260722T125140Z_ofdm_subcarrier_resource_allocation_2__resource.average_transmit_power_budget_1,average_transmit_power_budget 1,stored,allocation_evaluation,resource.allocated_power_weighted_channel_gain_lift,0.15088736827917204
water filling,20260722T125140Z_ofdm_subcarrier_resource_allocation_2__resource.average_transmit_power_budget_1,average_transmit_power_budget 1,stored,allocation_evaluation,resource.allocation_power_coefficient_of_variation,0.28190282831950475
water filling,20260722T125140Z_ofdm_subcarrier_resource_allocation_2__resource.average_transmit_power_budget_1,average_transmit_power_budget 1,stored,allocation_evaluation,resource.average_transmit_power_budget,1
water filling,20260722T125140Z_ofdm_subcarrier_resource_allocation_2__resource.average_transmit_power_budget_1,average_transmit_power_budget 1,stored,allocation_evaluation,resource.power_constraint.max_abs_error,7.748603820800781e-7
water filling,20260722T125140Z_ofdm_subcarrier_resource_allocation_2__resource.average_transmit_power_budget_1,average_transmit_power_budget 1,stored,allocation_evaluation,resource.power_constraint.max_negative_violation,0
water filling,20260722T125140Z_ofdm_subcarrier_resource_allocation_2__resource.average_transmit_power_budget_1,average_transmit_power_budget 1,stored,allocation_evaluation,resource.power_constraint.max_relative_error,2.421438694000244e-8
water filling,20260722T125140Z_ofdm_subcarrier_resource_allocation_2__resource.average_transmit_power_budget_1,average_transmit_power_budget 1,stored,allocation_evaluation,resource.theoretical_min_state_spectral_efficiency_bps_hz,1.6643480578581233
water filling,20260722T125140Z_ofdm_subcarrier_resource_allocation_2__resource.average_transmit_power_budget_1,average_transmit_power_budget 1,stored,allocation_evaluation,resource.theoretical_outage_probability,0.001678466796875
water filling,20260722T125140Z_ofdm_subcarrier_resource_allocation_2__resource.average_transmit_power_budget_1,average_transmit_power_budget 1,stored,allocation_evaluation,resource.theoretical_outage_target_spectral_efficiency_bps_hz,2
water filling,20260722T125140Z_ofdm_subcarrier_resource_allocation_2__resource.average_transmit_power_budget_1,average_transmit_power_budget 1,stored,allocation_evaluation,resource.theoretical_p05_state_spectral_efficiency_bps_hz,2.2395734042406246
water filling,20260722T125140Z_ofdm_subcarrier_resource_allocation_2__resource.average_transmit_power_budget_1,average_transmit_power_budget 1,stored,allocation_evaluation,resource.theoretical_shannon_spectral_efficiency_bps_hz,2.423475143235057
water filling,20260722T125140Z_ofdm_subcarrier_resource_allocation_2__resource.average_transmit_power_budget_1,average_transmit_power_budget 1,stored,allocation_evaluation,resource.theoretical_shannon_sum_bits_per_ofdm_symbol,77.55120458352182
water filling,20260722T125140Z_ofdm_subcarrier_resource_allocation_2__resource.average_transmit_power_budget_1,average_transmit_power_budget 1,stored,allocation_evaluation,resource.water_filling_kkt_normalized_residual,4.341998149057685e-8
water filling,20260722T125140Z_ofdm_subcarrier_resource_allocation_2__resource.average_transmit_power_budget_1,average_transmit_power_budget 1,stored,allocation_evaluation,resource.water_filling_optimality_gap_bps_hz,3.5709213364043535e-12
water filling,20260722T125140Z_ofdm_subcarrier_resource_allocation_2__resource.average_transmit_power_budget_1,average_transmit_power_budget 1,stored,allocation_evaluation,resource.water_filling_oracle_spectral_efficiency_bps_hz,2.423475143238628
water filling,20260722T125140Z_ofdm_subcarrier_resource_allocation_2__resource.average_transmit_power_budget_1,average_transmit_power_budget 1,stored,allocation_evaluation,resource.water_filling_power_normalized_rmse,2.9203222047327488e-8
water filling,20260722T125140Z_ofdm_subcarrier_resource_allocation_2__resource.average_transmit_power_budget_1,average_transmit_power_budget 1,stored,allocation_evaluation,resource.water_filling_power_rmse,2.9203222047327488e-8
water filling,20260722T125140Z_ofdm_subcarrier_resource_allocation_2__resource.average_transmit_power_budget_1,average_transmit_power_budget 1,stored,allocation_evaluation,resource.water_filling_relative_optimality_gap,1.473471409998589e-12
water filling,20260722T125140Z_ofdm_subcarrier_resource_allocation_2__resource.average_transmit_power_budget_1,average_transmit_power_budget 1,stored,allocation_evaluation,task.score,0.5064015317539043
water filling,20260722T125140Z_ofdm_subcarrier_resource_allocation_2__resource.average_transmit_power_budget_1,average_transmit_power_budget 1,stored,allocation_evaluation,timing.step.wall_time_s,37.79987046500901
water filling,20260722T125140Z_ofdm_subcarrier_resource_allocation_2__resource.average_transmit_power_budget_1,average_transmit_power_budget 1,stored,channel_bit_count_match,channel.fixed.channel_io.bit_count_match,1
water filling,20260722T125140Z_ofdm_subcarrier_resource_allocation_2__resource.average_transmit_power_budget_1,average_transmit_power_budget 1,stored,channel_bit_count_match,channel.fixed.channel_io.candidate_bit_count,1048576
water filling,20260722T125140Z_ofdm_subcarrier_resource_allocation_2__resource.average_transmit_power_budget_1,average_transmit_power_budget 1,stored,channel_bit_count_match,channel.fixed.channel_io.length_delta,0
water filling,20260722T125140Z_ofdm_subcarrier_resource_allocation_2__resource.average_transmit_power_budget_1,average_transmit_power_budget 1,stored,channel_bit_count_match,channel.fixed.channel_io.reference_bit_count,1048576
water filling,20260722T125140Z_ofdm_subcarrier_resource_allocation_2__resource.average_transmit_power_budget_1,average_transmit_power_budget 1,stored,channel_bit_count_match,timing.step.wall_time_s,0.013277832011226565
water filling,20260722T125140Z_ofdm_subcarrier_resource_allocation_2__resource.average_transmit_power_budget_1,average_transmit_power_budget 1,stored,channel_decoder,channel.decoded_bit_count,1048576
water filling,20260722T125140Z_ofdm_subcarrier_resource_allocation_2__resource.average_transmit_power_budget_1,average_transmit_power_budget 1,stored,channel_decoder,timing.step.wall_time_s,0.20274903299286962
water filling,20260722T125140Z_ofdm_subcarrier_resource_allocation_2__resource.average_transmit_power_budget_1,average_transmit_power_budget 1,stored,channel_encoder,channel.code_rate,1
water filling,20260722T125140Z_ofdm_subcarrier_resource_allocation_2__resource.average_transmit_power_budget_1,average_transmit_power_budget 1,stored,channel_encoder,channel.coded_bit_count,1048576
water filling,20260722T125140Z_ofdm_subcarrier_resource_allocation_2__resource.average_transmit_power_budget_1,average_transmit_power_budget 1,stored,channel_encoder,channel.payload_bit_count,1048576
water filling,20260722T125140Z_ofdm_subcarrier_resource_allocation_2__resource.average_transmit_power_budget_1,average_transmit_power_budget 1,stored,channel_encoder,channel.transmitted_bit_count,1048576
water filling,20260722T125140Z_ofdm_subcarrier_resource_allocation_2__resource.average_transmit_power_budget_1,average_transmit_power_budget 1,stored,channel_encoder,timing.step.wall_time_s,0.12384912400739267
water filling,20260722T125140Z_ofdm_subcarrier_resource_allocation_2__resource.average_transmit_power_budget_1,average_transmit_power_budget 1,stored,channel_state,channel.gain.average,1
water filling,20260722T125140Z_ofdm_subcarrier_resource_allocation_2__resource.average_transmit_power_budget_1,average_transmit_power_budget 1,stored,channel_state,channel.noise_variance,0.2
water filling,20260722T125140Z_ofdm_subcarrier_resource_allocation_2__resource.average_transmit_power_budget_1,average_transmit_power_budget 1,stored,channel_state,channel.num_ofdm_symbols,4
water filling,20260722T125140Z_ofdm_subcarrier_resource_allocation_2__resource.average_transmit_power_budget_1,average_transmit_power_budget 1,stored,channel_state,channel.ofdm_fft_size,32
water filling,20260722T125140Z_ofdm_subcarrier_resource_allocation_2__resource.average_transmit_power_budget_1,average_transmit_power_budget 1,stored,channel_state,channel.ofdm_resource_element_capacity,8388608
water filling,20260722T125140Z_ofdm_subcarrier_resource_allocation_2__resource.average_transmit_power_budget_1,average_transmit_power_budget 1,stored,channel_state,channel.ofdm_state_count,262144
water filling,20260722T125140Z_ofdm_subcarrier_resource_allocation_2__resource.average_transmit_power_budget_1,average_transmit_power_budget 1,stored,channel_state,channel.reference_snr_db,6.989700043360188
water filling,20260722T125140Z_ofdm_subcarrier_resource_allocation_2__resource.average_transmit_power_budget_1,average_transmit_power_budget 1,stored,channel_state,timing.step.wall_time_s,12.142931965994649
water filling,20260722T125140Z_ofdm_subcarrier_resource_allocation_2__resource.average_transmit_power_budget_1,average_transmit_power_budget 1,stored,coded_ber,channel.coded.ber,0.000392913818359375
water filling,20260722T125140Z_ofdm_subcarrier_resource_allocation_2__resource.average_transmit_power_budget_1,average_transmit_power_budget 1,stored,coded_ber,channel.coded.compare_bit_count,1048576
water filling,20260722T125140Z_ofdm_subcarrier_resource_allocation_2__resource.average_transmit_power_budget_1,average_transmit_power_budget 1,stored,coded_ber,channel.coded.error_count,412
water filling,20260722T125140Z_ofdm_subcarrier_resource_allocation_2__resource.average_transmit_power_budget_1,average_transmit_power_budget 1,stored,coded_ber,timing.step.wall_time_s,0.012534234032500535
water filling,20260722T125140Z_ofdm_subcarrier_resource_allocation_2__resource.average_transmit_power_budget_1,average_transmit_power_budget 1,stored,coded_bler,channel.coded.bler,0.330078125
water filling,20260722T125140Z_ofdm_subcarrier_resource_allocation_2__resource.average_transmit_power_budget_1,average_transmit_power_budget 1,stored,coded_bler,channel.coded.block_count,1024
water filling,20260722T125140Z_ofdm_subcarrier_resource_allocation_2__resource.average_transmit_power_budget_1,average_transmit_power_budget 1,stored,coded_bler,channel.coded.block_error_count,338
water filling,20260722T125140Z_ofdm_subcarrier_resource_allocation_2__resource.average_transmit_power_budget_1,average_transmit_power_budget 1,stored,coded_bler,channel.coded.block_size,1024
water filling,20260722T125140Z_ofdm_subcarrier_resource_allocation_2__resource.average_transmit_power_budget_1,average_transmit_power_budget 1,stored,coded_bler,timing.step.wall_time_s,0.017883730004541576
water filling,20260722T125140Z_ofdm_subcarrier_resource_allocation_2__resource.average_transmit_power_budget_1,average_transmit_power_budget 1,stored,data,channel.payload_bit_count,1048576
water filling,20260722T125140Z_ofdm_subcarrier_resource_allocation_2__resource.average_transmit_power_budget_1,average_transmit_power_budget 1,stored,data,source.bit_count,1048576
water filling,20260722T125140Z_ofdm_subcarrier_resource_allocation_2__resource.average_transmit_power_budget_1,average_transmit_power_budget 1,stored,data,source.example_count,1024
water filling,20260722T125140Z_ofdm_subcarrier_resource_allocation_2__resource.average_transmit_power_budget_1,average_transmit_power_budget 1,stored,data,source.transport_block_count,1024
water filling,20260722T125140Z_ofdm_subcarrier_resource_allocation_2__resource.average_transmit_power_budget_1,average_transmit_power_budget 1,stored,data,source.transport_block_size_bits,1024
water filling,20260722T125140Z_ofdm_subcarrier_resource_allocation_2__resource.average_transmit_power_budget_1,average_transmit_power_budget 1,stored,data,timing.step.wall_time_s,0.128642059979029
water filling,20260722T125140Z_ofdm_subcarrier_resource_allocation_2__resource.average_transmit_power_budget_1,average_transmit_power_budget 1,stored,demodulator,channel.allocation_aware_transport,1
water filling,20260722T125140Z_ofdm_subcarrier_resource_allocation_2__resource.average_transmit_power_budget_1,average_transmit_power_budget 1,stored,demodulator,channel.demod_bit_count,1048576
water filling,20260722T125140Z_ofdm_subcarrier_resource_allocation_2__resource.average_transmit_power_budget_1,average_transmit_power_budget 1,stored,demodulator,timing.step.wall_time_s,0.9605054210405797
water filling,20260722T125140Z_ofdm_subcarrier_resource_allocation_2__resource.average_transmit_power_budget_1,average_transmit_power_budget 1,stored,modulator,channel.bits_per_symbol,2
water filling,20260722T125140Z_ofdm_subcarrier_resource_allocation_2__resource.average_transmit_power_budget_1,average_transmit_power_budget 1,stored,modulator,channel.channel_use_count,524288
water filling,20260722T125140Z_ofdm_subcarrier_resource_allocation_2__resource.average_transmit_power_budget_1,average_transmit_power_budget 1,stored,modulator,channel.coded_bit_count,1048576
water filling,20260722T125140Z_ofdm_subcarrier_resource_allocation_2__resource.average_transmit_power_budget_1,average_transmit_power_budget 1,stored,modulator,channel.symbol_count,524288
water filling,20260722T125140Z_ofdm_subcarrier_resource_allocation_2__resource.average_transmit_power_budget_1,average_transmit_power_budget 1,stored,modulator,channel.transmitted_bit_count,1048576
water filling,20260722T125140Z_ofdm_subcarrier_resource_allocation_2__resource.average_transmit_power_budget_1,average_transmit_power_budget 1,stored,modulator,timing.step.wall_time_s,0.28551373700611293
water filling,20260722T125140Z_ofdm_subcarrier_resource_allocation_2__resource.average_transmit_power_budget_1,average_transmit_power_budget 1,stored,payload_ber,channel.payload.ber,0.000392913818359375
water filling,20260722T125140Z_ofdm_subcarrier_resource_allocation_2__resource.average_transmit_power_budget_1,average_transmit_power_budget 1,stored,payload_ber,channel.payload.compare_bit_count,1048576
water filling,20260722T125140Z_ofdm_subcarrier_resource_allocation_2__resource.average_transmit_power_budget_1,average_transmit_power_budget 1,stored,payload_ber,channel.payload.error_count,412
water filling,20260722T125140Z_ofdm_subcarrier_resource_allocation_2__resource.average_transmit_power_budget_1,average_transmit_power_budget 1,stored,payload_ber,timing.step.wall_time_s,0.017922173021361232
water filling,20260722T125140Z_ofdm_subcarrier_resource_allocation_2__resource.average_transmit_power_budget_1,average_transmit_power_budget 1,stored,payload_bit_boundary,channel.fixed.bit_count,1048576
water filling,20260722T125140Z_ofdm_subcarrier_resource_allocation_2__resource.average_transmit_power_budget_1,average_transmit_power_budget 1,stored,payload_bit_boundary,channel.fixed.byte_count,131072
water filling,20260722T125140Z_ofdm_subcarrier_resource_allocation_2__resource.average_transmit_power_budget_1,average_transmit_power_budget 1,stored,payload_bit_boundary,channel.fixed.payload_input.bit_count,1048576
water filling,20260722T125140Z_ofdm_subcarrier_resource_allocation_2__resource.average_transmit_power_budget_1,average_transmit_power_budget 1,stored,payload_bit_boundary,channel.fixed.payload_input.bits_per_element,1
water filling,20260722T125140Z_ofdm_subcarrier_resource_allocation_2__resource.average_transmit_power_budget_1,average_transmit_power_budget 1,stored,payload_bit_boundary,channel.fixed.payload_input.byte_count,131072
water filling,20260722T125140Z_ofdm_subcarrier_resource_allocation_2__resource.average_transmit_power_budget_1,average_transmit_power_budget 1,stored,payload_bit_boundary,channel.fixed.payload_input.dtype_uint8,1
water filling,20260722T125140Z_ofdm_subcarrier_resource_allocation_2__resource.average_transmit_power_budget_1,average_transmit_power_budget 1,stored,payload_bit_boundary,timing.step.wall_time_s,0.1233871559961699
water filling,20260722T125140Z_ofdm_subcarrier_resource_allocation_2__resource.average_transmit_power_budget_1,average_transmit_power_budget 1,stored,payload_bler,channel.payload.bler,0.330078125
water filling,20260722T125140Z_ofdm_subcarrier_resource_allocation_2__resource.average_transmit_power_budget_1,average_transmit_power_budget 1,stored,payload_bler,channel.payload.block_count,1024
water filling,20260722T125140Z_ofdm_subcarrier_resource_allocation_2__resource.average_transmit_power_budget_1,average_transmit_power_budget 1,stored,payload_bler,channel.payload.block_error_count,338
water filling,20260722T125140Z_ofdm_subcarrier_resource_allocation_2__resource.average_transmit_power_budget_1,average_transmit_power_budget 1,stored,payload_bler,channel.payload.block_size,1024
water filling,20260722T125140Z_ofdm_subcarrier_resource_allocation_2__resource.average_transmit_power_budget_1,average_transmit_power_budget 1,stored,payload_bler,timing.step.wall_time_s,0.018648706027306616
water filling,20260722T125140Z_ofdm_subcarrier_resource_allocation_2__resource.average_transmit_power_budget_1,average_transmit_power_budget 1,stored,run,memory.run.end_rss_bytes,4610162688
water filling,20260722T125140Z_ofdm_subcarrier_resource_allocation_2__resource.average_transmit_power_budget_1,average_transmit_power_budget 1,stored,run,memory.run.peak_rss_bytes,5348753408
water filling,20260722T125140Z_ofdm_subcarrier_resource_allocation_2__resource.average_transmit_power_budget_1,average_transmit_power_budget 1,stored,run,memory.run.peak_rss_delta_bytes,4900581376
water filling,20260722T125140Z_ofdm_subcarrier_resource_allocation_2__resource.average_transmit_power_budget_1,average_transmit_power_budget 1,stored,run,memory.run.sampler_interval_s,0.05
water filling,20260722T125140Z_ofdm_subcarrier_resource_allocation_2__resource.average_transmit_power_budget_1,average_transmit_power_budget 1,stored,run,memory.run.start_rss_bytes,448172032
water filling,20260722T125140Z_ofdm_subcarrier_resource_allocation_2__resource.average_transmit_power_budget_1,average_transmit_power_budget 1,stored,rx_bit_boundary,channel.fixed.bit_count,1048576
water filling,20260722T125140Z_ofdm_subcarrier_resource_allocation_2__resource.average_transmit_power_budget_1,average_transmit_power_budget 1,stored,rx_bit_boundary,channel.fixed.byte_count,131072
water filling,20260722T125140Z_ofdm_subcarrier_resource_allocation_2__resource.average_transmit_power_budget_1,average_transmit_power_budget 1,stored,rx_bit_boundary,channel.fixed.demodulator_output.bit_count,1048576
water filling,20260722T125140Z_ofdm_subcarrier_resource_allocation_2__resource.average_transmit_power_budget_1,average_transmit_power_budget 1,stored,rx_bit_boundary,channel.fixed.demodulator_output.bits_per_element,1
water filling,20260722T125140Z_ofdm_subcarrier_resource_allocation_2__resource.average_transmit_power_budget_1,average_transmit_power_budget 1,stored,rx_bit_boundary,channel.fixed.demodulator_output.byte_count,131072
water filling,20260722T125140Z_ofdm_subcarrier_resource_allocation_2__resource.average_transmit_power_budget_1,average_transmit_power_budget 1,stored,rx_bit_boundary,channel.fixed.demodulator_output.dtype_uint8,1
water filling,20260722T125140Z_ofdm_subcarrier_resource_allocation_2__resource.average_transmit_power_budget_1,average_transmit_power_budget 1,stored,rx_bit_boundary,timing.step.wall_time_s,0.16142507595941424
water filling,20260722T125140Z_ofdm_subcarrier_resource_allocation_2__resource.average_transmit_power_budget_1,average_transmit_power_budget 1,stored,tx_bit_boundary,channel.fixed.bit_count,1048576
water filling,20260722T125140Z_ofdm_subcarrier_resource_allocation_2__resource.average_transmit_power_budget_1,average_transmit_power_budget 1,stored,tx_bit_boundary,channel.fixed.byte_count,131072
water filling,20260722T125140Z_ofdm_subcarrier_resource_allocation_2__resource.average_transmit_power_budget_1,average_transmit_power_budget 1,stored,tx_bit_boundary,channel.fixed.modulator_input.bit_count,1048576
water filling,20260722T125140Z_ofdm_subcarrier_resource_allocation_2__resource.average_transmit_power_budget_1,average_transmit_power_budget 1,stored,tx_bit_boundary,channel.fixed.modulator_input.bits_per_element,1
water filling,20260722T125140Z_ofdm_subcarrier_resource_allocation_2__resource.average_transmit_power_budget_1,average_transmit_power_budget 1,stored,tx_bit_boundary,channel.fixed.modulator_input.byte_count,131072
water filling,20260722T125140Z_ofdm_subcarrier_resource_allocation_2__resource.average_transmit_power_budget_1,average_transmit_power_budget 1,stored,tx_bit_boundary,channel.fixed.modulator_input.dtype_uint8,1
water filling,20260722T125140Z_ofdm_subcarrier_resource_allocation_2__resource.average_transmit_power_budget_1,average_transmit_power_budget 1,stored,tx_bit_boundary,timing.step.wall_time_s,0.11598363897064701
water filling,20260722T125140Z_ofdm_subcarrier_resource_allocation_2__resource.average_transmit_power_budget_1,average_transmit_power_budget 1,stored,tx_power,channel.channel_use_count,1387168
water filling,20260722T125140Z_ofdm_subcarrier_resource_allocation_2__resource.average_transmit_power_budget_1,average_transmit_power_budget 1,stored,tx_power,channel.data_bearing_resource_element_count,844418
water filling,20260722T125140Z_ofdm_subcarrier_resource_allocation_2__resource.average_transmit_power_budget_1,average_transmit_power_budget 1,stored,tx_power,channel.scheduled_resource_element_count,1387168
water filling,20260722T125140Z_ofdm_subcarrier_resource_allocation_2__resource.average_transmit_power_budget_1,average_transmit_power_budget 1,stored,tx_power,channel.symbol_count,1387168
water filling,20260722T125140Z_ofdm_subcarrier_resource_allocation_2__resource.average_transmit_power_budget_1,average_transmit_power_budget 1,stored,tx_power,channel.tx_power.after,0.7145712643934344
water filling,20260722T125140Z_ofdm_subcarrier_resource_allocation_2__resource.average_transmit_power_budget_1,average_transmit_power_budget 1,stored,tx_power,channel.tx_power.average,0.7145712643934344
water filling,20260722T125140Z_ofdm_subcarrier_resource_allocation_2__resource.average_transmit_power_budget_1,average_transmit_power_budget 1,stored,tx_power,channel.tx_power.before,0.9999999403953552
water filling,20260722T125140Z_ofdm_subcarrier_resource_allocation_2__resource.average_transmit_power_budget_1,average_transmit_power_budget 1,stored,tx_power,channel.tx_power.group_count,32
water filling,20260722T125140Z_ofdm_subcarrier_resource_allocation_2__resource.average_transmit_power_budget_1,average_transmit_power_budget 1,stored,tx_power,channel.tx_power.selected,1
water filling,20260722T125140Z_ofdm_subcarrier_resource_allocation_2__resource.average_transmit_power_budget_1,average_transmit_power_budget 1,stored,tx_power,channel.tx_power.snr_db,6.989700043360188
water filling,20260722T125140Z_ofdm_subcarrier_resource_allocation_2__resource.average_transmit_power_budget_1,average_transmit_power_budget 1,stored,tx_power,channel.tx_power.total_energy,991230.3916861117
water filling,20260722T125140Z_ofdm_subcarrier_resource_allocation_2__resource.average_transmit_power_budget_1,average_transmit_power_budget 1,stored,tx_power,channel.tx_power.tx_power.after,0.7145712643934344
water filling,20260722T125140Z_ofdm_subcarrier_resource_allocation_2__resource.average_transmit_power_budget_1,average_transmit_power_budget 1,stored,tx_power,channel.tx_power.tx_power.before,0.9999999403953552
water filling,20260722T125140Z_ofdm_subcarrier_resource_allocation_2__resource.average_transmit_power_budget_1,average_transmit_power_budget 1,stored,tx_power,channel.tx_power.tx_power.selected,1
water filling,20260722T125140Z_ofdm_subcarrier_resource_allocation_2__resource.average_transmit_power_budget_1,average_transmit_power_budget 1,stored,tx_power,channel.tx_power.tx_power.snr_db,6.989700043360188
water filling,20260722T125140Z_ofdm_subcarrier_resource_allocation_2__resource.average_transmit_power_budget_1,average_transmit_power_budget 1,stored,tx_power,channel.tx_power.tx_power.total_energy,991230.3916861117
water filling,20260722T125140Z_ofdm_subcarrier_resource_allocation_2__resource.average_transmit_power_budget_1,average_transmit_power_budget 1,stored,tx_power,timing.step.wall_time_s,33.643872745975386
water filling,20260722T125140Z_ofdm_subcarrier_resource_allocation_2__resource.average_transmit_power_budget_1,average_transmit_power_budget 1,stored,wireless_channel,channel.backend.sionna,1
water filling,20260722T125140Z_ofdm_subcarrier_resource_allocation_2__resource.average_transmit_power_budget_1,average_transmit_power_budget 1,stored,wireless_channel,channel.carrier_frequency_ghz,3.5
water filling,20260722T125140Z_ofdm_subcarrier_resource_allocation_2__resource.average_transmit_power_budget_1,average_transmit_power_budget 1,stored,wireless_channel,channel.channel_use_count,1387168
water filling,20260722T125140Z_ofdm_subcarrier_resource_allocation_2__resource.average_transmit_power_budget_1,average_transmit_power_budget 1,stored,wireless_channel,channel.effective_snr_db,6.998411248210907
water filling,20260722T125140Z_ofdm_subcarrier_resource_allocation_2__resource.average_transmit_power_budget_1,average_transmit_power_budget 1,stored,wireless_channel,channel.gain.average,1
water filling,20260722T125140Z_ofdm_subcarrier_resource_allocation_2__resource.average_transmit_power_budget_1,average_transmit_power_budget 1,stored,wireless_channel,channel.mobility_kmh,30
water filling,20260722T125140Z_ofdm_subcarrier_resource_allocation_2__resource.average_transmit_power_budget_1,average_transmit_power_budget 1,stored,wireless_channel,channel.noise_variance,0.2
water filling,20260722T125140Z_ofdm_subcarrier_resource_allocation_2__resource.average_transmit_power_budget_1,average_transmit_power_budget 1,stored,wireless_channel,channel.num_ofdm_symbols,4
water filling,20260722T125140Z_ofdm_subcarrier_resource_allocation_2__resource.average_transmit_power_budget_1,average_transmit_power_budget 1,stored,wireless_channel,channel.ofdm_fft_size,32
water filling,20260722T125140Z_ofdm_subcarrier_resource_allocation_2__resource.average_transmit_power_budget_1,average_transmit_power_budget 1,stored,wireless_channel,channel.post_equalizer_component_power.average,1.976737380027771
water filling,20260722T125140Z_ofdm_subcarrier_resource_allocation_2__resource.average_transmit_power_budget_1,average_transmit_power_budget 1,stored,wireless_channel,channel.post_equalizer_noise_power.average,1.262166142463684
water filling,20260722T125140Z_ofdm_subcarrier_resource_allocation_2__resource.average_transmit_power_budget_1,average_transmit_power_budget 1,stored,wireless_channel,channel.post_equalizer_output_power.average,1.9768824403723317
water filling,20260722T125140Z_ofdm_subcarrier_resource_allocation_2__resource.average_transmit_power_budget_1,average_transmit_power_budget 1,stored,wireless_channel,channel.post_equalizer_signal_noise_cross_power.average,0.00014506034456074346
water filling,20260722T125140Z_ofdm_subcarrier_resource_allocation_2__resource.average_transmit_power_budget_1,average_transmit_power_budget 1,stored,wireless_channel,channel.post_equalizer_signal_power.average,0.7145712375640869
water filling,20260722T125140Z_ofdm_subcarrier_resource_allocation_2__resource.average_transmit_power_budget_1,average_transmit_power_budget 1,stored,wireless_channel,channel.received_signal_power.average,1.0020078420639038
water filling,20260722T125140Z_ofdm_subcarrier_resource_allocation_2__resource.average_transmit_power_budget_1,average_transmit_power_budget 1,stored,wireless_channel,channel.reference_snr_db,6.9897000433601875
water filling,20260722T125140Z_ofdm_subcarrier_resource_allocation_2__resource.average_transmit_power_budget_1,average_transmit_power_budget 1,stored,wireless_channel,channel.rx_antenna_component_power.average,1.2022134959697723
water filling,20260722T125140Z_ofdm_subcarrier_resource_allocation_2__resource.average_transmit_power_budget_1,average_transmit_power_budget 1,stored,wireless_channel,channel.rx_antenna_noise_power.average,0.20020565390586853
water filling,20260722T125140Z_ofdm_subcarrier_resource_allocation_2__resource.average_transmit_power_budget_1,average_transmit_power_budget 1,stored,wireless_channel,channel.rx_antenna_power.average,1.2024009938353049
water filling,20260722T125140Z_ofdm_subcarrier_resource_allocation_2__resource.average_transmit_power_budget_1,average_transmit_power_budget 1,stored,wireless_channel,channel.rx_antenna_power.total_energy,1667932.1818165323
water filling,20260722T125140Z_ofdm_subcarrier_resource_allocation_2__resource.average_transmit_power_budget_1,average_transmit_power_budget 1,stored,wireless_channel,channel.rx_antenna_signal_noise_cross_power.average,0.00018749786553251546
water filling,20260722T125140Z_ofdm_subcarrier_resource_allocation_2__resource.average_transmit_power_budget_1,average_transmit_power_budget 1,stored,wireless_channel,channel.rx_antenna_signal_power.average,1.0020078420639038
water filling,20260722T125140Z_ofdm_subcarrier_resource_allocation_2__resource.average_transmit_power_budget_1,average_transmit_power_budget 1,stored,wireless_channel,channel.rx_equalized_power.average,1.9768824403723317
water filling,20260722T125140Z_ofdm_subcarrier_resource_allocation_2__resource.average_transmit_power_budget_1,average_transmit_power_budget 1,stored,wireless_channel,channel.rx_equalized_power.total_energy,2742268.0610464066
water filling,20260722T125140Z_ofdm_subcarrier_resource_allocation_2__resource.average_transmit_power_budget_1,average_transmit_power_budget 1,stored,wireless_channel,channel.rx_output_power.average,1.9768824403723317
water filling,20260722T125140Z_ofdm_subcarrier_resource_allocation_2__resource.average_transmit_power_budget_1,average_transmit_power_budget 1,stored,wireless_channel,channel.rx_output_power.total_energy,2742268.0610464066
water filling,20260722T125140Z_ofdm_subcarrier_resource_allocation_2__resource.average_transmit_power_budget_1,average_transmit_power_budget 1,stored,wireless_channel,channel.rx_power.average,1.9768824403723317
water filling,20260722T125140Z_ofdm_subcarrier_resource_allocation_2__resource.average_transmit_power_budget_1,average_transmit_power_budget 1,stored,wireless_channel,channel.rx_power.total_energy,2742268.0610464066
water filling,20260722T125140Z_ofdm_subcarrier_resource_allocation_2__resource.average_transmit_power_budget_1,average_transmit_power_budget 1,stored,wireless_channel,channel.snr_db,6.9897000433601875
water filling,20260722T125140Z_ofdm_subcarrier_resource_allocation_2__resource.average_transmit_power_budget_1,average_transmit_power_budget 1,stored,wireless_channel,channel.symbol_count,1387168
water filling,20260722T125140Z_ofdm_subcarrier_resource_allocation_2__resource.average_transmit_power_budget_1,average_transmit_power_budget 1,stored,wireless_channel,channel.tx_effective_snr_db,5.530155356278572
water filling,20260722T125140Z_ofdm_subcarrier_resource_allocation_2__resource.average_transmit_power_budget_1,average_transmit_power_budget 1,stored,wireless_channel,channel.tx_power_at_channel.average,0.7145712375640869
water filling,20260722T125140Z_ofdm_subcarrier_resource_allocation_2__resource.average_transmit_power_budget_1,average_transmit_power_budget 1,stored,wireless_channel,timing.step.wall_time_s,2.2268209980102256
water filling,20260722T125320Z_ofdm_subcarrier_resource_allocation_2__resource.average_transmit_power_budget_2,average_transmit_power_budget 2,stored,allocation_evaluation,channel.achieved_payload_goodput_bits_per_resource_element,1.1016351394677781
water filling,20260722T125320Z_ofdm_subcarrier_resource_allocation_2__resource.average_transmit_power_budget_2,average_transmit_power_budget 2,stored,allocation_evaluation,channel.data_bearing_resource_element_count,655339
water filling,20260722T125320Z_ofdm_subcarrier_resource_allocation_2__resource.average_transmit_power_budget_2,average_transmit_power_budget 2,stored,allocation_evaluation,channel.delivered_payload_bit_count,879616
water filling,20260722T125320Z_ofdm_subcarrier_resource_allocation_2__resource.average_transmit_power_budget_2,average_transmit_power_budget 2,stored,allocation_evaluation,channel.goodput_to_theoretical_shannon_efficiency_ratio,0.3420023538644314
water filling,20260722T125320Z_ofdm_subcarrier_resource_allocation_2__resource.average_transmit_power_budget_2,average_transmit_power_budget 2,stored,allocation_evaluation,channel.noise_variance,0.2
water filling,20260722T125320Z_ofdm_subcarrier_resource_allocation_2__resource.average_transmit_power_budget_2,average_transmit_power_budget 2,stored,allocation_evaluation,channel.offered_payload_bits_per_resource_element,1.3132414235331837
water filling,20260722T125320Z_ofdm_subcarrier_resource_allocation_2__resource.average_transmit_power_budget_2,average_transmit_power_budget 2,stored,allocation_evaluation,channel.payload_delivery_block_count,1024
water filling,20260722T125320Z_ofdm_subcarrier_resource_allocation_2__resource.average_transmit_power_budget_2,average_transmit_power_budget 2,stored,allocation_evaluation,channel.payload_delivery_block_error_count,165
water filling,20260722T125320Z_ofdm_subcarrier_resource_allocation_2__resource.average_transmit_power_budget_2,average_transmit_power_budget 2,stored,allocation_evaluation,channel.payload_delivery_block_error_rate,0.1611328125
water filling,20260722T125320Z_ofdm_subcarrier_resource_allocation_2__resource.average_transmit_power_budget_2,average_transmit_power_budget 2,stored,allocation_evaluation,channel.payload_delivery_success,0
water filling,20260722T125320Z_ofdm_subcarrier_resource_allocation_2__resource.average_transmit_power_budget_2,average_transmit_power_budget 2,stored,allocation_evaluation,channel.payload_energy_efficiency_bits_per_normalized_energy,0.6226281138802631
water filling,20260722T125320Z_ofdm_subcarrier_resource_allocation_2__resource.average_transmit_power_budget_2,average_transmit_power_budget 2,stored,allocation_evaluation,channel.reference_snr_db,6.989700043360188
water filling,20260722T125320Z_ofdm_subcarrier_resource_allocation_2__resource.average_transmit_power_budget_2,average_transmit_power_budget 2,stored,allocation_evaluation,channel.resource_element_utilization,0.8207495892112857
water filling,20260722T125320Z_ofdm_subcarrier_resource_allocation_2__resource.average_transmit_power_budget_2,average_transmit_power_budget 2,stored,allocation_evaluation,channel.scheduled_resource_element_count,798464
water filling,20260722T125320Z_ofdm_subcarrier_resource_allocation_2__resource.average_transmit_power_budget_2,average_transmit_power_budget 2,stored,allocation_evaluation,channel.tx_energy_for_payload,1412747
water filling,20260722T125320Z_ofdm_subcarrier_resource_allocation_2__resource.average_transmit_power_budget_2,average_transmit_power_budget 2,stored,allocation_evaluation,channel.tx_energy_per_delivered_payload_bit,1.6060951597060535
water filling,20260722T125320Z_ofdm_subcarrier_resource_allocation_2__resource.average_transmit_power_budget_2,average_transmit_power_budget 2,stored,allocation_evaluation,resource.active_resource_element_fraction,0.973315954208374
water filling,20260722T125320Z_ofdm_subcarrier_resource_allocation_2__resource.average_transmit_power_budget_2,average_transmit_power_budget 2,stored,allocation_evaluation,resource.allocated_power_weighted_channel_gain_lift,0.09478633598275532
water filling,20260722T125320Z_ofdm_subcarrier_resource_allocation_2__resource.average_transmit_power_budget_2,average_transmit_power_budget 2,stored,allocation_evaluation,resource.allocation_power_coefficient_of_variation,0.1896517244049687
water filling,20260722T125320Z_ofdm_subcarrier_resource_allocation_2__resource.average_transmit_power_budget_2,average_transmit_power_budget 2,stored,allocation_evaluation,resource.average_transmit_power_budget,2
water filling,20260722T125320Z_ofdm_subcarrier_resource_allocation_2__resource.average_transmit_power_budget_2,average_transmit_power_budget 2,stored,allocation_evaluation,resource.power_constraint.max_abs_error,0.0000017881393432617188
water filling,20260722T125320Z_ofdm_subcarrier_resource_allocation_2__resource.average_transmit_power_budget_2,average_transmit_power_budget 2,stored,allocation_evaluation,resource.power_constraint.max_negative_violation,0
water filling,20260722T125320Z_ofdm_subcarrier_resource_allocation_2__resource.average_transmit_power_budget_2,average_transmit_power_budget 2,stored,allocation_evaluation,resource.power_constraint.max_relative_error,2.7939677238464355e-8
water filling,20260722T125320Z_ofdm_subcarrier_resource_allocation_2__resource.average_transmit_power_budget_2,average_transmit_power_budget 2,stored,allocation_evaluation,resource.theoretical_min_state_spectral_efficiency_bps_hz,2.0627554200462845
water filling,20260722T125320Z_ofdm_subcarrier_resource_allocation_2__resource.average_transmit_power_budget_2,average_transmit_power_budget 2,stored,allocation_evaluation,resource.theoretical_outage_probability,0
water filling,20260722T125320Z_ofdm_subcarrier_resource_allocation_2__resource.average_transmit_power_budget_2,average_transmit_power_budget 2,stored,allocation_evaluation,resource.theoretical_outage_target_spectral_efficiency_bps_hz,2
water filling,20260722T125320Z_ofdm_subcarrier_resource_allocation_2__resource.average_transmit_power_budget_2,average_transmit_power_budget 2,stored,allocation_evaluation,resource.theoretical_p05_state_spectral_efficiency_bps_hz,2.9342044505751455
water filling,20260722T125320Z_ofdm_subcarrier_resource_allocation_2__resource.average_transmit_power_budget_2,average_transmit_power_budget 2,stored,allocation_evaluation,resource.theoretical_shannon_spectral_efficiency_bps_hz,3.2211332086458757
water filling,20260722T125320Z_ofdm_subcarrier_resource_allocation_2__resource.average_transmit_power_budget_2,average_transmit_power_budget 2,stored,allocation_evaluation,resource.theoretical_shannon_sum_bits_per_ofdm_symbol,103.07626267666802
water filling,20260722T125320Z_ofdm_subcarrier_resource_allocation_2__resource.average_transmit_power_budget_2,average_transmit_power_budget 2,stored,allocation_evaluation,resource.water_filling_kkt_normalized_residual,4.892976482374419e-8
water filling,20260722T125320Z_ofdm_subcarrier_resource_allocation_2__resource.average_transmit_power_budget_2,average_transmit_power_budget 2,stored,allocation_evaluation,resource.water_filling_optimality_gap_bps_hz,5.830003146911622e-12
water filling,20260722T125320Z_ofdm_subcarrier_resource_allocation_2__resource.average_transmit_power_budget_2,average_transmit_power_budget 2,stored,allocation_evaluation,resource.water_filling_oracle_spectral_efficiency_bps_hz,3.2211332086517057
water filling,20260722T125320Z_ofdm_subcarrier_resource_allocation_2__resource.average_transmit_power_budget_2,average_transmit_power_budget 2,stored,allocation_evaluation,resource.water_filling_power_normalized_rmse,2.9632046306046406e-8
water filling,20260722T125320Z_ofdm_subcarrier_resource_allocation_2__resource.average_transmit_power_budget_2,average_transmit_power_budget 2,stored,allocation_evaluation,resource.water_filling_power_rmse,5.926409261209281e-8
water filling,20260722T125320Z_ofdm_subcarrier_resource_allocation_2__resource.average_transmit_power_budget_2,average_transmit_power_budget 2,stored,allocation_evaluation,resource.water_filling_relative_optimality_gap,1.8099230206477338e-12
water filling,20260722T125320Z_ofdm_subcarrier_resource_allocation_2__resource.average_transmit_power_budget_2,average_transmit_power_budget 2,stored,allocation_evaluation,task.score,1.1016351394677781
water filling,20260722T125320Z_ofdm_subcarrier_resource_allocation_2__resource.average_transmit_power_budget_2,average_transmit_power_budget 2,stored,allocation_evaluation,timing.step.wall_time_s,43.43703704001382
water filling,20260722T125320Z_ofdm_subcarrier_resource_allocation_2__resource.average_transmit_power_budget_2,average_transmit_power_budget 2,stored,channel_bit_count_match,channel.fixed.channel_io.bit_count_match,1
water filling,20260722T125320Z_ofdm_subcarrier_resource_allocation_2__resource.average_transmit_power_budget_2,average_transmit_power_budget 2,stored,channel_bit_count_match,channel.fixed.channel_io.candidate_bit_count,1048576
water filling,20260722T125320Z_ofdm_subcarrier_resource_allocation_2__resource.average_transmit_power_budget_2,average_transmit_power_budget 2,stored,channel_bit_count_match,channel.fixed.channel_io.length_delta,0
water filling,20260722T125320Z_ofdm_subcarrier_resource_allocation_2__resource.average_transmit_power_budget_2,average_transmit_power_budget 2,stored,channel_bit_count_match,channel.fixed.channel_io.reference_bit_count,1048576
water filling,20260722T125320Z_ofdm_subcarrier_resource_allocation_2__resource.average_transmit_power_budget_2,average_transmit_power_budget 2,stored,channel_bit_count_match,timing.step.wall_time_s,0.014041116985026747
water filling,20260722T125320Z_ofdm_subcarrier_resource_allocation_2__resource.average_transmit_power_budget_2,average_transmit_power_budget 2,stored,channel_decoder,channel.decoded_bit_count,1048576
water filling,20260722T125320Z_ofdm_subcarrier_resource_allocation_2__resource.average_transmit_power_budget_2,average_transmit_power_budget 2,stored,channel_decoder,timing.step.wall_time_s,0.1594806530047208
water filling,20260722T125320Z_ofdm_subcarrier_resource_allocation_2__resource.average_transmit_power_budget_2,average_transmit_power_budget 2,stored,channel_encoder,channel.code_rate,1
water filling,20260722T125320Z_ofdm_subcarrier_resource_allocation_2__resource.average_transmit_power_budget_2,average_transmit_power_budget 2,stored,channel_encoder,channel.coded_bit_count,1048576
water filling,20260722T125320Z_ofdm_subcarrier_resource_allocation_2__resource.average_transmit_power_budget_2,average_transmit_power_budget 2,stored,channel_encoder,channel.payload_bit_count,1048576
water filling,20260722T125320Z_ofdm_subcarrier_resource_allocation_2__resource.average_transmit_power_budget_2,average_transmit_power_budget 2,stored,channel_encoder,channel.transmitted_bit_count,1048576
water filling,20260722T125320Z_ofdm_subcarrier_resource_allocation_2__resource.average_transmit_power_budget_2,average_transmit_power_budget 2,stored,channel_encoder,timing.step.wall_time_s,0.12411478802096099
water filling,20260722T125320Z_ofdm_subcarrier_resource_allocation_2__resource.average_transmit_power_budget_2,average_transmit_power_budget 2,stored,channel_state,channel.gain.average,1
water filling,20260722T125320Z_ofdm_subcarrier_resource_allocation_2__resource.average_transmit_power_budget_2,average_transmit_power_budget 2,stored,channel_state,channel.noise_variance,0.2
water filling,20260722T125320Z_ofdm_subcarrier_resource_allocation_2__resource.average_transmit_power_budget_2,average_transmit_power_budget 2,stored,channel_state,channel.num_ofdm_symbols,4
water filling,20260722T125320Z_ofdm_subcarrier_resource_allocation_2__resource.average_transmit_power_budget_2,average_transmit_power_budget 2,stored,channel_state,channel.ofdm_fft_size,32
water filling,20260722T125320Z_ofdm_subcarrier_resource_allocation_2__resource.average_transmit_power_budget_2,average_transmit_power_budget 2,stored,channel_state,channel.ofdm_resource_element_capacity,8388608
water filling,20260722T125320Z_ofdm_subcarrier_resource_allocation_2__resource.average_transmit_power_budget_2,average_transmit_power_budget 2,stored,channel_state,channel.ofdm_state_count,262144
water filling,20260722T125320Z_ofdm_subcarrier_resource_allocation_2__resource.average_transmit_power_budget_2,average_transmit_power_budget 2,stored,channel_state,channel.reference_snr_db,6.989700043360188
water filling,20260722T125320Z_ofdm_subcarrier_resource_allocation_2__resource.average_transmit_power_budget_2,average_transmit_power_budget 2,stored,channel_state,timing.step.wall_time_s,14.882655737979803
water filling,20260722T125320Z_ofdm_subcarrier_resource_allocation_2__resource.average_transmit_power_budget_2,average_transmit_power_budget 2,stored,coded_ber,channel.coded.ber,0.0001811981201171875
water filling,20260722T125320Z_ofdm_subcarrier_resource_allocation_2__resource.average_transmit_power_budget_2,average_transmit_power_budget 2,stored,coded_ber,channel.coded.compare_bit_count,1048576
water filling,20260722T125320Z_ofdm_subcarrier_resource_allocation_2__resource.average_transmit_power_budget_2,average_transmit_power_budget 2,stored,coded_ber,channel.coded.error_count,190
water filling,20260722T125320Z_ofdm_subcarrier_resource_allocation_2__resource.average_transmit_power_budget_2,average_transmit_power_budget 2,stored,coded_ber,timing.step.wall_time_s,0.01946785399923101
water filling,20260722T125320Z_ofdm_subcarrier_resource_allocation_2__resource.average_transmit_power_budget_2,average_transmit_power_budget 2,stored,coded_bler,channel.coded.bler,0.1611328125
water filling,20260722T125320Z_ofdm_subcarrier_resource_allocation_2__resource.average_transmit_power_budget_2,average_transmit_power_budget 2,stored,coded_bler,channel.coded.block_count,1024
water filling,20260722T125320Z_ofdm_subcarrier_resource_allocation_2__resource.average_transmit_power_budget_2,average_transmit_power_budget 2,stored,coded_bler,channel.coded.block_error_count,165
water filling,20260722T125320Z_ofdm_subcarrier_resource_allocation_2__resource.average_transmit_power_budget_2,average_transmit_power_budget 2,stored,coded_bler,channel.coded.block_size,1024
water filling,20260722T125320Z_ofdm_subcarrier_resource_allocation_2__resource.average_transmit_power_budget_2,average_transmit_power_budget 2,stored,coded_bler,timing.step.wall_time_s,0.019919116981327534
water filling,20260722T125320Z_ofdm_subcarrier_resource_allocation_2__resource.average_transmit_power_budget_2,average_transmit_power_budget 2,stored,data,channel.payload_bit_count,1048576
water filling,20260722T125320Z_ofdm_subcarrier_resource_allocation_2__resource.average_transmit_power_budget_2,average_transmit_power_budget 2,stored,data,source.bit_count,1048576
water filling,20260722T125320Z_ofdm_subcarrier_resource_allocation_2__resource.average_transmit_power_budget_2,average_transmit_power_budget 2,stored,data,source.example_count,1024
water filling,20260722T125320Z_ofdm_subcarrier_resource_allocation_2__resource.average_transmit_power_budget_2,average_transmit_power_budget 2,stored,data,source.transport_block_count,1024
water filling,20260722T125320Z_ofdm_subcarrier_resource_allocation_2__resource.average_transmit_power_budget_2,average_transmit_power_budget 2,stored,data,source.transport_block_size_bits,1024
water filling,20260722T125320Z_ofdm_subcarrier_resource_allocation_2__resource.average_transmit_power_budget_2,average_transmit_power_budget 2,stored,data,timing.step.wall_time_s,0.1491708800313063
water filling,20260722T125320Z_ofdm_subcarrier_resource_allocation_2__resource.average_transmit_power_budget_2,average_transmit_power_budget 2,stored,demodulator,channel.allocation_aware_transport,1
water filling,20260722T125320Z_ofdm_subcarrier_resource_allocation_2__resource.average_transmit_power_budget_2,average_transmit_power_budget 2,stored,demodulator,channel.demod_bit_count,1048576
water filling,20260722T125320Z_ofdm_subcarrier_resource_allocation_2__resource.average_transmit_power_budget_2,average_transmit_power_budget 2,stored,demodulator,timing.step.wall_time_s,1.0115817119949497
water filling,20260722T125320Z_ofdm_subcarrier_resource_allocation_2__resource.average_transmit_power_budget_2,average_transmit_power_budget 2,stored,modulator,channel.bits_per_symbol,2
water filling,20260722T125320Z_ofdm_subcarrier_resource_allocation_2__resource.average_transmit_power_budget_2,average_transmit_power_budget 2,stored,modulator,channel.channel_use_count,524288
water filling,20260722T125320Z_ofdm_subcarrier_resource_allocation_2__resource.average_transmit_power_budget_2,average_transmit_power_budget 2,stored,modulator,channel.coded_bit_count,1048576
water filling,20260722T125320Z_ofdm_subcarrier_resource_allocation_2__resource.average_transmit_power_budget_2,average_transmit_power_budget 2,stored,modulator,channel.symbol_count,524288
water filling,20260722T125320Z_ofdm_subcarrier_resource_allocation_2__resource.average_transmit_power_budget_2,average_transmit_power_budget 2,stored,modulator,channel.transmitted_bit_count,1048576
water filling,20260722T125320Z_ofdm_subcarrier_resource_allocation_2__resource.average_transmit_power_budget_2,average_transmit_power_budget 2,stored,modulator,timing.step.wall_time_s,0.29423456598306075
water filling,20260722T125320Z_ofdm_subcarrier_resource_allocation_2__resource.average_transmit_power_budget_2,average_transmit_power_budget 2,stored,payload_ber,channel.payload.ber,0.0001811981201171875
water filling,20260722T125320Z_ofdm_subcarrier_resource_allocation_2__resource.average_transmit_power_budget_2,average_transmit_power_budget 2,stored,payload_ber,channel.payload.compare_bit_count,1048576
water filling,20260722T125320Z_ofdm_subcarrier_resource_allocation_2__resource.average_transmit_power_budget_2,average_transmit_power_budget 2,stored,payload_ber,channel.payload.error_count,190
water filling,20260722T125320Z_ofdm_subcarrier_resource_allocation_2__resource.average_transmit_power_budget_2,average_transmit_power_budget 2,stored,payload_ber,timing.step.wall_time_s,0.012575206987094134
water filling,20260722T125320Z_ofdm_subcarrier_resource_allocation_2__resource.average_transmit_power_budget_2,average_transmit_power_budget 2,stored,payload_bit_boundary,channel.fixed.bit_count,1048576
water filling,20260722T125320Z_ofdm_subcarrier_resource_allocation_2__resource.average_transmit_power_budget_2,average_transmit_power_budget 2,stored,payload_bit_boundary,channel.fixed.byte_count,131072
water filling,20260722T125320Z_ofdm_subcarrier_resource_allocation_2__resource.average_transmit_power_budget_2,average_transmit_power_budget 2,stored,payload_bit_boundary,channel.fixed.payload_input.bit_count,1048576
water filling,20260722T125320Z_ofdm_subcarrier_resource_allocation_2__resource.average_transmit_power_budget_2,average_transmit_power_budget 2,stored,payload_bit_boundary,channel.fixed.payload_input.bits_per_element,1
water filling,20260722T125320Z_ofdm_subcarrier_resource_allocation_2__resource.average_transmit_power_budget_2,average_transmit_power_budget 2,stored,payload_bit_boundary,channel.fixed.payload_input.byte_count,131072
water filling,20260722T125320Z_ofdm_subcarrier_resource_allocation_2__resource.average_transmit_power_budget_2,average_transmit_power_budget 2,stored,payload_bit_boundary,channel.fixed.payload_input.dtype_uint8,1
water filling,20260722T125320Z_ofdm_subcarrier_resource_allocation_2__resource.average_transmit_power_budget_2,average_transmit_power_budget 2,stored,payload_bit_boundary,timing.step.wall_time_s,0.12304249603766948
water filling,20260722T125320Z_ofdm_subcarrier_resource_allocation_2__resource.average_transmit_power_budget_2,average_transmit_power_budget 2,stored,payload_bler,channel.payload.bler,0.1611328125
water filling,20260722T125320Z_ofdm_subcarrier_resource_allocation_2__resource.average_transmit_power_budget_2,average_transmit_power_budget 2,stored,payload_bler,channel.payload.block_count,1024
water filling,20260722T125320Z_ofdm_subcarrier_resource_allocation_2__resource.average_transmit_power_budget_2,average_transmit_power_budget 2,stored,payload_bler,channel.payload.block_error_count,165
water filling,20260722T125320Z_ofdm_subcarrier_resource_allocation_2__resource.average_transmit_power_budget_2,average_transmit_power_budget 2,stored,payload_bler,channel.payload.block_size,1024
water filling,20260722T125320Z_ofdm_subcarrier_resource_allocation_2__resource.average_transmit_power_budget_2,average_transmit_power_budget 2,stored,payload_bler,timing.step.wall_time_s,0.01668671699007973
water filling,20260722T125320Z_ofdm_subcarrier_resource_allocation_2__resource.average_transmit_power_budget_2,average_transmit_power_budget 2,stored,run,memory.run.end_rss_bytes,4610891776
water filling,20260722T125320Z_ofdm_subcarrier_resource_allocation_2__resource.average_transmit_power_budget_2,average_transmit_power_budget 2,stored,run,memory.run.peak_rss_bytes,5345284096
water filling,20260722T125320Z_ofdm_subcarrier_resource_allocation_2__resource.average_transmit_power_budget_2,average_transmit_power_budget 2,stored,run,memory.run.peak_rss_delta_bytes,4896960512
water filling,20260722T125320Z_ofdm_subcarrier_resource_allocation_2__resource.average_transmit_power_budget_2,average_transmit_power_budget 2,stored,run,memory.run.sampler_interval_s,0.05
water filling,20260722T125320Z_ofdm_subcarrier_resource_allocation_2__resource.average_transmit_power_budget_2,average_transmit_power_budget 2,stored,run,memory.run.start_rss_bytes,448323584
water filling,20260722T125320Z_ofdm_subcarrier_resource_allocation_2__resource.average_transmit_power_budget_2,average_transmit_power_budget 2,stored,rx_bit_boundary,channel.fixed.bit_count,1048576
water filling,20260722T125320Z_ofdm_subcarrier_resource_allocation_2__resource.average_transmit_power_budget_2,average_transmit_power_budget 2,stored,rx_bit_boundary,channel.fixed.byte_count,131072
water filling,20260722T125320Z_ofdm_subcarrier_resource_allocation_2__resource.average_transmit_power_budget_2,average_transmit_power_budget 2,stored,rx_bit_boundary,channel.fixed.demodulator_output.bit_count,1048576
water filling,20260722T125320Z_ofdm_subcarrier_resource_allocation_2__resource.average_transmit_power_budget_2,average_transmit_power_budget 2,stored,rx_bit_boundary,channel.fixed.demodulator_output.bits_per_element,1
water filling,20260722T125320Z_ofdm_subcarrier_resource_allocation_2__resource.average_transmit_power_budget_2,average_transmit_power_budget 2,stored,rx_bit_boundary,channel.fixed.demodulator_output.byte_count,131072
water filling,20260722T125320Z_ofdm_subcarrier_resource_allocation_2__resource.average_transmit_power_budget_2,average_transmit_power_budget 2,stored,rx_bit_boundary,channel.fixed.demodulator_output.dtype_uint8,1
water filling,20260722T125320Z_ofdm_subcarrier_resource_allocation_2__resource.average_transmit_power_budget_2,average_transmit_power_budget 2,stored,rx_bit_boundary,timing.step.wall_time_s,0.1697439220151864
water filling,20260722T125320Z_ofdm_subcarrier_resource_allocation_2__resource.average_transmit_power_budget_2,average_transmit_power_budget 2,stored,tx_bit_boundary,channel.fixed.bit_count,1048576
water filling,20260722T125320Z_ofdm_subcarrier_resource_allocation_2__resource.average_transmit_power_budget_2,average_transmit_power_budget 2,stored,tx_bit_boundary,channel.fixed.byte_count,131072
water filling,20260722T125320Z_ofdm_subcarrier_resource_allocation_2__resource.average_transmit_power_budget_2,average_transmit_power_budget 2,stored,tx_bit_boundary,channel.fixed.modulator_input.bit_count,1048576
water filling,20260722T125320Z_ofdm_subcarrier_resource_allocation_2__resource.average_transmit_power_budget_2,average_transmit_power_budget 2,stored,tx_bit_boundary,channel.fixed.modulator_input.bits_per_element,1
water filling,20260722T125320Z_ofdm_subcarrier_resource_allocation_2__resource.average_transmit_power_budget_2,average_transmit_power_budget 2,stored,tx_bit_boundary,channel.fixed.modulator_input.byte_count,131072
water filling,20260722T125320Z_ofdm_subcarrier_resource_allocation_2__resource.average_transmit_power_budget_2,average_transmit_power_budget 2,stored,tx_bit_boundary,channel.fixed.modulator_input.dtype_uint8,1
water filling,20260722T125320Z_ofdm_subcarrier_resource_allocation_2__resource.average_transmit_power_budget_2,average_transmit_power_budget 2,stored,tx_bit_boundary,timing.step.wall_time_s,0.13252763502532616
water filling,20260722T125320Z_ofdm_subcarrier_resource_allocation_2__resource.average_transmit_power_budget_2,average_transmit_power_budget 2,stored,tx_power,channel.channel_use_count,798464
water filling,20260722T125320Z_ofdm_subcarrier_resource_allocation_2__resource.average_transmit_power_budget_2,average_transmit_power_budget 2,stored,tx_power,channel.data_bearing_resource_element_count,655339
water filling,20260722T125320Z_ofdm_subcarrier_resource_allocation_2__resource.average_transmit_power_budget_2,average_transmit_power_budget 2,stored,tx_power,channel.scheduled_resource_element_count,798464
water filling,20260722T125320Z_ofdm_subcarrier_resource_allocation_2__resource.average_transmit_power_budget_2,average_transmit_power_budget 2,stored,tx_power,channel.symbol_count,798464
water filling,20260722T125320Z_ofdm_subcarrier_resource_allocation_2__resource.average_transmit_power_budget_2,average_transmit_power_budget 2,stored,tx_power,channel.tx_power.after,1.769330951376914
water filling,20260722T125320Z_ofdm_subcarrier_resource_allocation_2__resource.average_transmit_power_budget_2,average_transmit_power_budget 2,stored,tx_power,channel.tx_power.average,1.769330951376914
water filling,20260722T125320Z_ofdm_subcarrier_resource_allocation_2__resource.average_transmit_power_budget_2,average_transmit_power_budget 2,stored,tx_power,channel.tx_power.before,0.9999999403953552
water filling,20260722T125320Z_ofdm_subcarrier_resource_allocation_2__resource.average_transmit_power_budget_2,average_transmit_power_budget 2,stored,tx_power,channel.tx_power.group_count,32
water filling,20260722T125320Z_ofdm_subcarrier_resource_allocation_2__resource.average_transmit_power_budget_2,average_transmit_power_budget 2,stored,tx_power,channel.tx_power.selected,2
water filling,20260722T125320Z_ofdm_subcarrier_resource_allocation_2__resource.average_transmit_power_budget_2,average_transmit_power_budget 2,stored,tx_power,channel.tx_power.snr_db,6.989700043360188
water filling,20260722T125320Z_ofdm_subcarrier_resource_allocation_2__resource.average_transmit_power_budget_2,average_transmit_power_budget 2,stored,tx_power,channel.tx_power.total_energy,1412747.0687602162
water filling,20260722T125320Z_ofdm_subcarrier_resource_allocation_2__resource.average_transmit_power_budget_2,average_transmit_power_budget 2,stored,tx_power,channel.tx_power.tx_power.after,1.769330951376914
water filling,20260722T125320Z_ofdm_subcarrier_resource_allocation_2__resource.average_transmit_power_budget_2,average_transmit_power_budget 2,stored,tx_power,channel.tx_power.tx_power.before,0.9999999403953552
water filling,20260722T125320Z_ofdm_subcarrier_resource_allocation_2__resource.average_transmit_power_budget_2,average_transmit_power_budget 2,stored,tx_power,channel.tx_power.tx_power.selected,2
water filling,20260722T125320Z_ofdm_subcarrier_resource_allocation_2__resource.average_transmit_power_budget_2,average_transmit_power_budget 2,stored,tx_power,channel.tx_power.tx_power.snr_db,6.989700043360188
water filling,20260722T125320Z_ofdm_subcarrier_resource_allocation_2__resource.average_transmit_power_budget_2,average_transmit_power_budget 2,stored,tx_power,channel.tx_power.tx_power.total_energy,1412747.0687602162
water filling,20260722T125320Z_ofdm_subcarrier_resource_allocation_2__resource.average_transmit_power_budget_2,average_transmit_power_budget 2,stored,tx_power,timing.step.wall_time_s,39.08652781601995
water filling,20260722T125320Z_ofdm_subcarrier_resource_allocation_2__resource.average_transmit_power_budget_2,average_transmit_power_budget 2,stored,wireless_channel,channel.backend.sionna,1
water filling,20260722T125320Z_ofdm_subcarrier_resource_allocation_2__resource.average_transmit_power_budget_2,average_transmit_power_budget 2,stored,wireless_channel,channel.carrier_frequency_ghz,3.5
water filling,20260722T125320Z_ofdm_subcarrier_resource_allocation_2__resource.average_transmit_power_budget_2,average_transmit_power_budget 2,stored,wireless_channel,channel.channel_use_count,798464
water filling,20260722T125320Z_ofdm_subcarrier_resource_allocation_2__resource.average_transmit_power_budget_2,average_transmit_power_budget 2,stored,wireless_channel,channel.effective_snr_db,10.258890565590654
water filling,20260722T125320Z_ofdm_subcarrier_resource_allocation_2__resource.average_transmit_power_budget_2,average_transmit_power_budget 2,stored,wireless_channel,channel.gain.average,1
water filling,20260722T125320Z_ofdm_subcarrier_resource_allocation_2__resource.average_transmit_power_budget_2,average_transmit_power_budget 2,stored,wireless_channel,channel.mobility_kmh,30
water filling,20260722T125320Z_ofdm_subcarrier_resource_allocation_2__resource.average_transmit_power_budget_2,average_transmit_power_budget 2,stored,wireless_channel,channel.noise_variance,0.2
water filling,20260722T125320Z_ofdm_subcarrier_resource_allocation_2__resource.average_transmit_power_budget_2,average_transmit_power_budget 2,stored,wireless_channel,channel.num_ofdm_symbols,4
water filling,20260722T125320Z_ofdm_subcarrier_resource_allocation_2__resource.average_transmit_power_budget_2,average_transmit_power_budget 2,stored,wireless_channel,channel.ofdm_fft_size,32
water filling,20260722T125320Z_ofdm_subcarrier_resource_allocation_2__resource.average_transmit_power_budget_2,average_transmit_power_budget 2,stored,wireless_channel,channel.post_equalizer_component_power.average,3.298159599304199
water filling,20260722T125320Z_ofdm_subcarrier_resource_allocation_2__resource.average_transmit_power_budget_2,average_transmit_power_budget 2,stored,wireless_channel,channel.post_equalizer_noise_power.average,1.5288286209106445
water filling,20260722T125320Z_ofdm_subcarrier_resource_allocation_2__resource.average_transmit_power_budget_2,average_transmit_power_budget 2,stored,wireless_channel,channel.post_equalizer_output_power.average,3.298162774057783
water filling,20260722T125320Z_ofdm_subcarrier_resource_allocation_2__resource.average_transmit_power_budget_2,average_transmit_power_budget 2,stored,wireless_channel,channel.post_equalizer_signal_noise_cross_power.average,0.000003174753583579104
water filling,20260722T125320Z_ofdm_subcarrier_resource_allocation_2__resource.average_transmit_power_budget_2,average_transmit_power_budget 2,stored,wireless_channel,channel.post_equalizer_signal_power.average,1.7693309783935547
water filling,20260722T125320Z_ofdm_subcarrier_resource_allocation_2__resource.average_transmit_power_budget_2,average_transmit_power_budget 2,stored,wireless_channel,channel.received_signal_power.average,2.1228487491607666
water filling,20260722T125320Z_ofdm_subcarrier_resource_allocation_2__resource.average_transmit_power_budget_2,average_transmit_power_budget 2,stored,wireless_channel,channel.reference_snr_db,6.9897000433601875
water filling,20260722T125320Z_ofdm_subcarrier_resource_allocation_2__resource.average_transmit_power_budget_2,average_transmit_power_budget 2,stored,wireless_channel,channel.rx_antenna_component_power.average,2.3230838775634766
water filling,20260722T125320Z_ofdm_subcarrier_resource_allocation_2__resource.average_transmit_power_budget_2,average_transmit_power_budget 2,stored,wireless_channel,channel.rx_antenna_noise_power.average,0.20023512840270996
water filling,20260722T125320Z_ofdm_subcarrier_resource_allocation_2__resource.average_transmit_power_budget_2,average_transmit_power_budget 2,stored,wireless_channel,channel.rx_antenna_power.average,2.3227433495469842
water filling,20260722T125320Z_ofdm_subcarrier_resource_allocation_2__resource.average_transmit_power_budget_2,average_transmit_power_budget 2,stored,wireless_channel,channel.rx_antenna_power.total_energy,1854626.9458526832
water filling,20260722T125320Z_ofdm_subcarrier_resource_allocation_2__resource.average_transmit_power_budget_2,average_transmit_power_budget 2,stored,wireless_channel,channel.rx_antenna_signal_noise_cross_power.average,-0.0003405280164923141
water filling,20260722T125320Z_ofdm_subcarrier_resource_allocation_2__resource.average_transmit_power_budget_2,average_transmit_power_budget 2,stored,wireless_channel,channel.rx_antenna_signal_power.average,2.1228487491607666
water filling,20260722T125320Z_ofdm_subcarrier_resource_allocation_2__resource.average_transmit_power_budget_2,average_transmit_power_budget 2,stored,wireless_channel,channel.rx_equalized_power.average,3.298162774057783
water filling,20260722T125320Z_ofdm_subcarrier_resource_allocation_2__resource.average_transmit_power_budget_2,average_transmit_power_budget 2,stored,wireless_channel,channel.rx_equalized_power.total_energy,2633464.2412252733
water filling,20260722T125320Z_ofdm_subcarrier_resource_allocation_2__resource.average_transmit_power_budget_2,average_transmit_power_budget 2,stored,wireless_channel,channel.rx_output_power.average,3.298162774057783
water filling,20260722T125320Z_ofdm_subcarrier_resource_allocation_2__resource.average_transmit_power_budget_2,average_transmit_power_budget 2,stored,wireless_channel,channel.rx_output_power.total_energy,2633464.2412252733
water filling,20260722T125320Z_ofdm_subcarrier_resource_allocation_2__resource.average_transmit_power_budget_2,average_transmit_power_budget 2,stored,wireless_channel,channel.rx_power.average,3.298162774057783
water filling,20260722T125320Z_ofdm_subcarrier_resource_allocation_2__resource.average_transmit_power_budget_2,average_transmit_power_budget 2,stored,wireless_channel,channel.rx_power.total_energy,2633464.2412252733
water filling,20260722T125320Z_ofdm_subcarrier_resource_allocation_2__resource.average_transmit_power_budget_2,average_transmit_power_budget 2,stored,wireless_channel,channel.snr_db,6.9897000433601875
water filling,20260722T125320Z_ofdm_subcarrier_resource_allocation_2__resource.average_transmit_power_budget_2,average_transmit_power_budget 2,stored,wireless_channel,channel.symbol_count,798464
water filling,20260722T125320Z_ofdm_subcarrier_resource_allocation_2__resource.average_transmit_power_budget_2,average_transmit_power_budget 2,stored,wireless_channel,channel.tx_effective_snr_db,9.467790565121987
water filling,20260722T125320Z_ofdm_subcarrier_resource_allocation_2__resource.average_transmit_power_budget_2,average_transmit_power_budget 2,stored,wireless_channel,channel.tx_power_at_channel.average,1.7693308591842651
water filling,20260722T125320Z_ofdm_subcarrier_resource_allocation_2__resource.average_transmit_power_budget_2,average_transmit_power_budget 2,stored,wireless_channel,timing.step.wall_time_s,2.124983526999131
water filling,20260722T125512Z_ofdm_subcarrier_resource_allocation_2__resource.average_transmit_power_budget_3,average_transmit_power_budget 3,stored,allocation_evaluation,channel.achieved_payload_goodput_bits_per_resource_element,1.3903640050207589
water filling,20260722T125512Z_ofdm_subcarrier_resource_allocation_2__resource.average_transmit_power_budget_3,average_transmit_power_budget 3,stored,allocation_evaluation,channel.data_bearing_resource_element_count,586800
water filling,20260722T125512Z_ofdm_subcarrier_resource_allocation_2__resource.average_transmit_power_budget_3,average_transmit_power_budget 3,stored,allocation_evaluation,channel.delivered_payload_bit_count,921600
water filling,20260722T125512Z_ofdm_subcarrier_resource_allocation_2__resource.average_transmit_power_budget_3,average_transmit_power_budget 3,stored,allocation_evaluation,channel.goodput_to_theoretical_shannon_efficiency_ratio,0.37315137171395873
water filling,20260722T125512Z_ofdm_subcarrier_resource_allocation_2__resource.average_transmit_power_budget_3,average_transmit_power_budget 3,stored,allocation_evaluation,channel.noise_variance,0.2
water filling,20260722T125512Z_ofdm_subcarrier_resource_allocation_2__resource.average_transmit_power_budget_3,average_transmit_power_budget 3,stored,allocation_evaluation,channel.offered_payload_bits_per_resource_element,1.5819252679347302
water filling,20260722T125512Z_ofdm_subcarrier_resource_allocation_2__resource.average_transmit_power_budget_3,average_transmit_power_budget 3,stored,allocation_evaluation,channel.payload_delivery_block_count,1024
water filling,20260722T125512Z_ofdm_subcarrier_resource_allocation_2__resource.average_transmit_power_budget_3,average_transmit_power_budget 3,stored,allocation_evaluation,channel.payload_delivery_block_error_count,124
water filling,20260722T125512Z_ofdm_subcarrier_resource_allocation_2__resource.average_transmit_power_budget_3,average_transmit_power_budget 3,stored,allocation_evaluation,channel.payload_delivery_block_error_rate,0.12109375
water filling,20260722T125512Z_ofdm_subcarrier_resource_allocation_2__resource.average_transmit_power_budget_3,average_transmit_power_budget 3,stored,allocation_evaluation,channel.payload_delivery_success,0
water filling,20260722T125512Z_ofdm_subcarrier_resource_allocation_2__resource.average_transmit_power_budget_3,average_transmit_power_budget 3,stored,allocation_evaluation,channel.payload_energy_efficiency_bits_per_normalized_energy,0.49816630232805315
water filling,20260722T125512Z_ofdm_subcarrier_resource_allocation_2__resource.average_transmit_power_budget_3,average_transmit_power_budget 3,stored,allocation_evaluation,channel.reference_snr_db,6.989700043360188
water filling,20260722T125512Z_ofdm_subcarrier_resource_allocation_2__resource.average_transmit_power_budget_3,average_transmit_power_budget 3,stored,allocation_evaluation,channel.resource_element_utilization,0.8852708313218113
water filling,20260722T125512Z_ofdm_subcarrier_resource_allocation_2__resource.average_transmit_power_budget_3,average_transmit_power_budget 3,stored,allocation_evaluation,channel.scheduled_resource_element_count,662848
water filling,20260722T125512Z_ofdm_subcarrier_resource_allocation_2__resource.average_transmit_power_budget_3,average_transmit_power_budget 3,stored,allocation_evaluation,channel.tx_energy_for_payload,1849984.625
water filling,20260722T125512Z_ofdm_subcarrier_resource_allocation_2__resource.average_transmit_power_budget_3,average_transmit_power_budget 3,stored,allocation_evaluation,channel.tx_energy_per_delivered_payload_bit,2.0073617892795137
water filling,20260722T125512Z_ofdm_subcarrier_resource_allocation_2__resource.average_transmit_power_budget_3,average_transmit_power_budget 3,stored,allocation_evaluation,resource.active_resource_element_fraction,0.981661319732666
water filling,20260722T125512Z_ofdm_subcarrier_resource_allocation_2__resource.average_transmit_power_budget_3,average_transmit_power_budget 3,stored,allocation_evaluation,resource.allocated_power_weighted_channel_gain_lift,0.0710589579012577
water filling,20260722T125512Z_ofdm_subcarrier_resource_allocation_2__resource.average_transmit_power_budget_3,average_transmit_power_budget 3,stored,allocation_evaluation,resource.allocation_power_coefficient_of_variation,0.14879531218115477
water filling,20260722T125512Z_ofdm_subcarrier_resource_allocation_2__resource.average_transmit_power_budget_3,average_transmit_power_budget 3,stored,allocation_evaluation,resource.average_transmit_power_budget,3
water filling,20260722T125512Z_ofdm_subcarrier_resource_allocation_2__resource.average_transmit_power_budget_3,average_transmit_power_budget 3,stored,allocation_evaluation,resource.power_constraint.max_abs_error,0.0000019669532775878906
water filling,20260722T125512Z_ofdm_subcarrier_resource_allocation_2__resource.average_transmit_power_budget_3,average_transmit_power_budget 3,stored,allocation_evaluation,resource.power_constraint.max_negative_violation,0
water filling,20260722T125512Z_ofdm_subcarrier_resource_allocation_2__resource.average_transmit_power_budget_3,average_transmit_power_budget 3,stored,allocation_evaluation,resource.power_constraint.max_relative_error,2.0489096641540527e-8
water filling,20260722T125512Z_ofdm_subcarrier_resource_allocation_2__resource.average_transmit_power_budget_3,average_transmit_power_budget 3,stored,allocation_evaluation,resource.theoretical_min_state_spectral_efficiency_bps_hz,2.3338411993072894
water filling,20260722T125512Z_ofdm_subcarrier_resource_allocation_2__resource.average_transmit_power_budget_3,average_transmit_power_budget 3,stored,allocation_evaluation,resource.theoretical_outage_probability,0
water filling,20260722T125512Z_ofdm_subcarrier_resource_allocation_2__resource.average_transmit_power_budget_3,average_transmit_power_budget 3,stored,allocation_evaluation,resource.theoretical_outage_target_spectral_efficiency_bps_hz,2
water filling,20260722T125512Z_ofdm_subcarrier_resource_allocation_2__resource.average_transmit_power_budget_3,average_transmit_power_budget 3,stored,allocation_evaluation,resource.theoretical_p05_state_spectral_efficiency_bps_hz,3.382201695933953
water filling,20260722T125512Z_ofdm_subcarrier_resource_allocation_2__resource.average_transmit_power_budget_3,average_transmit_power_budget 3,stored,allocation_evaluation,resource.theoretical_shannon_spectral_efficiency_bps_hz,3.7260053437149097
water filling,20260722T125512Z_ofdm_subcarrier_resource_allocation_2__resource.average_transmit_power_budget_3,average_transmit_power_budget 3,stored,allocation_evaluation,resource.theoretical_shannon_sum_bits_per_ofdm_symbol,119.23217099887711
water filling,20260722T125512Z_ofdm_subcarrier_resource_allocation_2__resource.average_transmit_power_budget_3,average_transmit_power_budget 3,stored,allocation_evaluation,resource.water_filling_kkt_normalized_residual,3.579022024626049e-8
water filling,20260722T125512Z_ofdm_subcarrier_resource_allocation_2__resource.average_transmit_power_budget_3,average_transmit_power_budget 3,stored,allocation_evaluation,resource.water_filling_optimality_gap_bps_hz,0
water filling,20260722T125512Z_ofdm_subcarrier_resource_allocation_2__resource.average_transmit_power_budget_3,average_transmit_power_budget 3,stored,allocation_evaluation,resource.water_filling_oracle_spectral_efficiency_bps_hz,3.7260053437080742
water filling,20260722T125512Z_ofdm_subcarrier_resource_allocation_2__resource.average_transmit_power_budget_3,average_transmit_power_budget 3,stored,allocation_evaluation,resource.water_filling_power_normalized_rmse,2.2683155933901836e-8
water filling,20260722T125512Z_ofdm_subcarrier_resource_allocation_2__resource.average_transmit_power_budget_3,average_transmit_power_budget 3,stored,allocation_evaluation,resource.water_filling_power_rmse,6.80494678017055e-8
water filling,20260722T125512Z_ofdm_subcarrier_resource_allocation_2__resource.average_transmit_power_budget_3,average_transmit_power_budget 3,stored,allocation_evaluation,resource.water_filling_relative_optimality_gap,0
water filling,20260722T125512Z_ofdm_subcarrier_resource_allocation_2__resource.average_transmit_power_budget_3,average_transmit_power_budget 3,stored,allocation_evaluation,task.score,1.3903640050207589
water filling,20260722T125512Z_ofdm_subcarrier_resource_allocation_2__resource.average_transmit_power_budget_3,average_transmit_power_budget 3,stored,allocation_evaluation,timing.step.wall_time_s,40.640904453000985
water filling,20260722T125512Z_ofdm_subcarrier_resource_allocation_2__resource.average_transmit_power_budget_3,average_transmit_power_budget 3,stored,channel_bit_count_match,channel.fixed.channel_io.bit_count_match,1
water filling,20260722T125512Z_ofdm_subcarrier_resource_allocation_2__resource.average_transmit_power_budget_3,average_transmit_power_budget 3,stored,channel_bit_count_match,channel.fixed.channel_io.candidate_bit_count,1048576
water filling,20260722T125512Z_ofdm_subcarrier_resource_allocation_2__resource.average_transmit_power_budget_3,average_transmit_power_budget 3,stored,channel_bit_count_match,channel.fixed.channel_io.length_delta,0
water filling,20260722T125512Z_ofdm_subcarrier_resource_allocation_2__resource.average_transmit_power_budget_3,average_transmit_power_budget 3,stored,channel_bit_count_match,channel.fixed.channel_io.reference_bit_count,1048576
water filling,20260722T125512Z_ofdm_subcarrier_resource_allocation_2__resource.average_transmit_power_budget_3,average_transmit_power_budget 3,stored,channel_bit_count_match,timing.step.wall_time_s,0.01338167698122561
water filling,20260722T125512Z_ofdm_subcarrier_resource_allocation_2__resource.average_transmit_power_budget_3,average_transmit_power_budget 3,stored,channel_decoder,channel.decoded_bit_count,1048576
water filling,20260722T125512Z_ofdm_subcarrier_resource_allocation_2__resource.average_transmit_power_budget_3,average_transmit_power_budget 3,stored,channel_decoder,timing.step.wall_time_s,0.16070169099839404
water filling,20260722T125512Z_ofdm_subcarrier_resource_allocation_2__resource.average_transmit_power_budget_3,average_transmit_power_budget 3,stored,channel_encoder,channel.code_rate,1
water filling,20260722T125512Z_ofdm_subcarrier_resource_allocation_2__resource.average_transmit_power_budget_3,average_transmit_power_budget 3,stored,channel_encoder,channel.coded_bit_count,1048576
water filling,20260722T125512Z_ofdm_subcarrier_resource_allocation_2__resource.average_transmit_power_budget_3,average_transmit_power_budget 3,stored,channel_encoder,channel.payload_bit_count,1048576
water filling,20260722T125512Z_ofdm_subcarrier_resource_allocation_2__resource.average_transmit_power_budget_3,average_transmit_power_budget 3,stored,channel_encoder,channel.transmitted_bit_count,1048576
water filling,20260722T125512Z_ofdm_subcarrier_resource_allocation_2__resource.average_transmit_power_budget_3,average_transmit_power_budget 3,stored,channel_encoder,timing.step.wall_time_s,0.11328466102713719
water filling,20260722T125512Z_ofdm_subcarrier_resource_allocation_2__resource.average_transmit_power_budget_3,average_transmit_power_budget 3,stored,channel_state,channel.gain.average,1
water filling,20260722T125512Z_ofdm_subcarrier_resource_allocation_2__resource.average_transmit_power_budget_3,average_transmit_power_budget 3,stored,channel_state,channel.noise_variance,0.2
water filling,20260722T125512Z_ofdm_subcarrier_resource_allocation_2__resource.average_transmit_power_budget_3,average_transmit_power_budget 3,stored,channel_state,channel.num_ofdm_symbols,4
water filling,20260722T125512Z_ofdm_subcarrier_resource_allocation_2__resource.average_transmit_power_budget_3,average_transmit_power_budget 3,stored,channel_state,channel.ofdm_fft_size,32
water filling,20260722T125512Z_ofdm_subcarrier_resource_allocation_2__resource.average_transmit_power_budget_3,average_transmit_power_budget 3,stored,channel_state,channel.ofdm_resource_element_capacity,8388608
water filling,20260722T125512Z_ofdm_subcarrier_resource_allocation_2__resource.average_transmit_power_budget_3,average_transmit_power_budget 3,stored,channel_state,channel.ofdm_state_count,262144
water filling,20260722T125512Z_ofdm_subcarrier_resource_allocation_2__resource.average_transmit_power_budget_3,average_transmit_power_budget 3,stored,channel_state,channel.reference_snr_db,6.989700043360188
water filling,20260722T125512Z_ofdm_subcarrier_resource_allocation_2__resource.average_transmit_power_budget_3,average_transmit_power_budget 3,stored,channel_state,timing.step.wall_time_s,12.591728925006464
water filling,20260722T125512Z_ofdm_subcarrier_resource_allocation_2__resource.average_transmit_power_budget_3,average_transmit_power_budget 3,stored,coded_ber,channel.coded.ber,0.00012874603271484375
water filling,20260722T125512Z_ofdm_subcarrier_resource_allocation_2__resource.average_transmit_power_budget_3,average_transmit_power_budget 3,stored,coded_ber,channel.coded.compare_bit_count,1048576
water filling,20260722T125512Z_ofdm_subcarrier_resource_allocation_2__resource.average_transmit_power_budget_3,average_transmit_power_budget 3,stored,coded_ber,channel.coded.error_count,135
water filling,20260722T125512Z_ofdm_subcarrier_resource_allocation_2__resource.average_transmit_power_budget_3,average_transmit_power_budget 3,stored,coded_ber,timing.step.wall_time_s,0.01611769403098151
water filling,20260722T125512Z_ofdm_subcarrier_resource_allocation_2__resource.average_transmit_power_budget_3,average_transmit_power_budget 3,stored,coded_bler,channel.coded.bler,0.12109375
water filling,20260722T125512Z_ofdm_subcarrier_resource_allocation_2__resource.average_transmit_power_budget_3,average_transmit_power_budget 3,stored,coded_bler,channel.coded.block_count,1024
water filling,20260722T125512Z_ofdm_subcarrier_resource_allocation_2__resource.average_transmit_power_budget_3,average_transmit_power_budget 3,stored,coded_bler,channel.coded.block_error_count,124
water filling,20260722T125512Z_ofdm_subcarrier_resource_allocation_2__resource.average_transmit_power_budget_3,average_transmit_power_budget 3,stored,coded_bler,channel.coded.block_size,1024
water filling,20260722T125512Z_ofdm_subcarrier_resource_allocation_2__resource.average_transmit_power_budget_3,average_transmit_power_budget 3,stored,coded_bler,timing.step.wall_time_s,0.017291068972554058
water filling,20260722T125512Z_ofdm_subcarrier_resource_allocation_2__resource.average_transmit_power_budget_3,average_transmit_power_budget 3,stored,data,channel.payload_bit_count,1048576
water filling,20260722T125512Z_ofdm_subcarrier_resource_allocation_2__resource.average_transmit_power_budget_3,average_transmit_power_budget 3,stored,data,source.bit_count,1048576
water filling,20260722T125512Z_ofdm_subcarrier_resource_allocation_2__resource.average_transmit_power_budget_3,average_transmit_power_budget 3,stored,data,source.example_count,1024
water filling,20260722T125512Z_ofdm_subcarrier_resource_allocation_2__resource.average_transmit_power_budget_3,average_transmit_power_budget 3,stored,data,source.transport_block_count,1024
water filling,20260722T125512Z_ofdm_subcarrier_resource_allocation_2__resource.average_transmit_power_budget_3,average_transmit_power_budget 3,stored,data,source.transport_block_size_bits,1024
water filling,20260722T125512Z_ofdm_subcarrier_resource_allocation_2__resource.average_transmit_power_budget_3,average_transmit_power_budget 3,stored,data,timing.step.wall_time_s,0.12313510000240058
water filling,20260722T125512Z_ofdm_subcarrier_resource_allocation_2__resource.average_transmit_power_budget_3,average_transmit_power_budget 3,stored,demodulator,channel.allocation_aware_transport,1
water filling,20260722T125512Z_ofdm_subcarrier_resource_allocation_2__resource.average_transmit_power_budget_3,average_transmit_power_budget 3,stored,demodulator,channel.demod_bit_count,1048576
water filling,20260722T125512Z_ofdm_subcarrier_resource_allocation_2__resource.average_transmit_power_budget_3,average_transmit_power_budget 3,stored,demodulator,timing.step.wall_time_s,0.9768383040209301
water filling,20260722T125512Z_ofdm_subcarrier_resource_allocation_2__resource.average_transmit_power_budget_3,average_transmit_power_budget 3,stored,modulator,channel.bits_per_symbol,2
water filling,20260722T125512Z_ofdm_subcarrier_resource_allocation_2__resource.average_transmit_power_budget_3,average_transmit_power_budget 3,stored,modulator,channel.channel_use_count,524288
water filling,20260722T125512Z_ofdm_subcarrier_resource_allocation_2__resource.average_transmit_power_budget_3,average_transmit_power_budget 3,stored,modulator,channel.coded_bit_count,1048576
water filling,20260722T125512Z_ofdm_subcarrier_resource_allocation_2__resource.average_transmit_power_budget_3,average_transmit_power_budget 3,stored,modulator,channel.symbol_count,524288
water filling,20260722T125512Z_ofdm_subcarrier_resource_allocation_2__resource.average_transmit_power_budget_3,average_transmit_power_budget 3,stored,modulator,channel.transmitted_bit_count,1048576
water filling,20260722T125512Z_ofdm_subcarrier_resource_allocation_2__resource.average_transmit_power_budget_3,average_transmit_power_budget 3,stored,modulator,timing.step.wall_time_s,0.2450688510434702
water filling,20260722T125512Z_ofdm_subcarrier_resource_allocation_2__resource.average_transmit_power_budget_3,average_transmit_power_budget 3,stored,payload_ber,channel.payload.ber,0.00012874603271484375
water filling,20260722T125512Z_ofdm_subcarrier_resource_allocation_2__resource.average_transmit_power_budget_3,average_transmit_power_budget 3,stored,payload_ber,channel.payload.compare_bit_count,1048576
water filling,20260722T125512Z_ofdm_subcarrier_resource_allocation_2__resource.average_transmit_power_budget_3,average_transmit_power_budget 3,stored,payload_ber,channel.payload.error_count,135
water filling,20260722T125512Z_ofdm_subcarrier_resource_allocation_2__resource.average_transmit_power_budget_3,average_transmit_power_budget 3,stored,payload_ber,timing.step.wall_time_s,0.014244898979086429
water filling,20260722T125512Z_ofdm_subcarrier_resource_allocation_2__resource.average_transmit_power_budget_3,average_transmit_power_budget 3,stored,payload_bit_boundary,channel.fixed.bit_count,1048576
water filling,20260722T125512Z_ofdm_subcarrier_resource_allocation_2__resource.average_transmit_power_budget_3,average_transmit_power_budget 3,stored,payload_bit_boundary,channel.fixed.byte_count,131072
water filling,20260722T125512Z_ofdm_subcarrier_resource_allocation_2__resource.average_transmit_power_budget_3,average_transmit_power_budget 3,stored,payload_bit_boundary,channel.fixed.payload_input.bit_count,1048576
water filling,20260722T125512Z_ofdm_subcarrier_resource_allocation_2__resource.average_transmit_power_budget_3,average_transmit_power_budget 3,stored,payload_bit_boundary,channel.fixed.payload_input.bits_per_element,1
water filling,20260722T125512Z_ofdm_subcarrier_resource_allocation_2__resource.average_transmit_power_budget_3,average_transmit_power_budget 3,stored,payload_bit_boundary,channel.fixed.payload_input.byte_count,131072
water filling,20260722T125512Z_ofdm_subcarrier_resource_allocation_2__resource.average_transmit_power_budget_3,average_transmit_power_budget 3,stored,payload_bit_boundary,channel.fixed.payload_input.dtype_uint8,1
water filling,20260722T125512Z_ofdm_subcarrier_resource_allocation_2__resource.average_transmit_power_budget_3,average_transmit_power_budget 3,stored,payload_bit_boundary,timing.step.wall_time_s,0.1141546469880268
water filling,20260722T125512Z_ofdm_subcarrier_resource_allocation_2__resource.average_transmit_power_budget_3,average_transmit_power_budget 3,stored,payload_bler,channel.payload.bler,0.12109375
water filling,20260722T125512Z_ofdm_subcarrier_resource_allocation_2__resource.average_transmit_power_budget_3,average_transmit_power_budget 3,stored,payload_bler,channel.payload.block_count,1024
water filling,20260722T125512Z_ofdm_subcarrier_resource_allocation_2__resource.average_transmit_power_budget_3,average_transmit_power_budget 3,stored,payload_bler,channel.payload.block_error_count,124
water filling,20260722T125512Z_ofdm_subcarrier_resource_allocation_2__resource.average_transmit_power_budget_3,average_transmit_power_budget 3,stored,payload_bler,channel.payload.block_size,1024
water filling,20260722T125512Z_ofdm_subcarrier_resource_allocation_2__resource.average_transmit_power_budget_3,average_transmit_power_budget 3,stored,payload_bler,timing.step.wall_time_s,0.020424537011422217
water filling,20260722T125512Z_ofdm_subcarrier_resource_allocation_2__resource.average_transmit_power_budget_3,average_transmit_power_budget 3,stored,run,memory.run.end_rss_bytes,4611260416
water filling,20260722T125512Z_ofdm_subcarrier_resource_allocation_2__resource.average_transmit_power_budget_3,average_transmit_power_budget 3,stored,run,memory.run.peak_rss_bytes,5347749888
water filling,20260722T125512Z_ofdm_subcarrier_resource_allocation_2__resource.average_transmit_power_budget_3,average_transmit_power_budget 3,stored,run,memory.run.peak_rss_delta_bytes,4899627008
water filling,20260722T125512Z_ofdm_subcarrier_resource_allocation_2__resource.average_transmit_power_budget_3,average_transmit_power_budget 3,stored,run,memory.run.sampler_interval_s,0.05
water filling,20260722T125512Z_ofdm_subcarrier_resource_allocation_2__resource.average_transmit_power_budget_3,average_transmit_power_budget 3,stored,run,memory.run.start_rss_bytes,448122880
water filling,20260722T125512Z_ofdm_subcarrier_resource_allocation_2__resource.average_transmit_power_budget_3,average_transmit_power_budget 3,stored,rx_bit_boundary,channel.fixed.bit_count,1048576
water filling,20260722T125512Z_ofdm_subcarrier_resource_allocation_2__resource.average_transmit_power_budget_3,average_transmit_power_budget 3,stored,rx_bit_boundary,channel.fixed.byte_count,131072
water filling,20260722T125512Z_ofdm_subcarrier_resource_allocation_2__resource.average_transmit_power_budget_3,average_transmit_power_budget 3,stored,rx_bit_boundary,channel.fixed.demodulator_output.bit_count,1048576
water filling,20260722T125512Z_ofdm_subcarrier_resource_allocation_2__resource.average_transmit_power_budget_3,average_transmit_power_budget 3,stored,rx_bit_boundary,channel.fixed.demodulator_output.bits_per_element,1
water filling,20260722T125512Z_ofdm_subcarrier_resource_allocation_2__resource.average_transmit_power_budget_3,average_transmit_power_budget 3,stored,rx_bit_boundary,channel.fixed.demodulator_output.byte_count,131072
water filling,20260722T125512Z_ofdm_subcarrier_resource_allocation_2__resource.average_transmit_power_budget_3,average_transmit_power_budget 3,stored,rx_bit_boundary,channel.fixed.demodulator_output.dtype_uint8,1
water filling,20260722T125512Z_ofdm_subcarrier_resource_allocation_2__resource.average_transmit_power_budget_3,average_transmit_power_budget 3,stored,rx_bit_boundary,timing.step.wall_time_s,0.18039336102083325
water filling,20260722T125512Z_ofdm_subcarrier_resource_allocation_2__resource.average_transmit_power_budget_3,average_transmit_power_budget 3,stored,tx_bit_boundary,channel.fixed.bit_count,1048576
water filling,20260722T125512Z_ofdm_subcarrier_resource_allocation_2__resource.average_transmit_power_budget_3,average_transmit_power_budget 3,stored,tx_bit_boundary,channel.fixed.byte_count,131072
water filling,20260722T125512Z_ofdm_subcarrier_resource_allocation_2__resource.average_transmit_power_budget_3,average_transmit_power_budget 3,stored,tx_bit_boundary,channel.fixed.modulator_input.bit_count,1048576
water filling,20260722T125512Z_ofdm_subcarrier_resource_allocation_2__resource.average_transmit_power_budget_3,average_transmit_power_budget 3,stored,tx_bit_boundary,channel.fixed.modulator_input.bits_per_element,1
water filling,20260722T125512Z_ofdm_subcarrier_resource_allocation_2__resource.average_transmit_power_budget_3,average_transmit_power_budget 3,stored,tx_bit_boundary,channel.fixed.modulator_input.byte_count,131072
water filling,20260722T125512Z_ofdm_subcarrier_resource_allocation_2__resource.average_transmit_power_budget_3,average_transmit_power_budget 3,stored,tx_bit_boundary,channel.fixed.modulator_input.dtype_uint8,1
water filling,20260722T125512Z_ofdm_subcarrier_resource_allocation_2__resource.average_transmit_power_budget_3,average_transmit_power_budget 3,stored,tx_bit_boundary,timing.step.wall_time_s,0.11431236600037664
water filling,20260722T125512Z_ofdm_subcarrier_resource_allocation_2__resource.average_transmit_power_budget_3,average_transmit_power_budget 3,stored,tx_power,channel.channel_use_count,662848
water filling,20260722T125512Z_ofdm_subcarrier_resource_allocation_2__resource.average_transmit_power_budget_3,average_transmit_power_budget 3,stored,tx_power,channel.data_bearing_resource_element_count,586800
water filling,20260722T125512Z_ofdm_subcarrier_resource_allocation_2__resource.average_transmit_power_budget_3,average_transmit_power_budget 3,stored,tx_power,channel.scheduled_resource_element_count,662848
water filling,20260722T125512Z_ofdm_subcarrier_resource_allocation_2__resource.average_transmit_power_budget_3,average_transmit_power_budget 3,stored,tx_power,channel.symbol_count,662848
water filling,20260722T125512Z_ofdm_subcarrier_resource_allocation_2__resource.average_transmit_power_budget_3,average_transmit_power_budget 3,stored,tx_power,channel.tx_power.after,2.7909636251032035
water filling,20260722T125512Z_ofdm_subcarrier_resource_allocation_2__resource.average_transmit_power_budget_3,average_transmit_power_budget 3,stored,tx_power,channel.tx_power.average,2.7909636251032035
water filling,20260722T125512Z_ofdm_subcarrier_resource_allocation_2__resource.average_transmit_power_budget_3,average_transmit_power_budget 3,stored,tx_power,channel.tx_power.before,0.9999999403953552
water filling,20260722T125512Z_ofdm_subcarrier_resource_allocation_2__resource.average_transmit_power_budget_3,average_transmit_power_budget 3,stored,tx_power,channel.tx_power.group_count,32
water filling,20260722T125512Z_ofdm_subcarrier_resource_allocation_2__resource.average_transmit_power_budget_3,average_transmit_power_budget 3,stored,tx_power,channel.tx_power.selected,3
water filling,20260722T125512Z_ofdm_subcarrier_resource_allocation_2__resource.average_transmit_power_budget_3,average_transmit_power_budget 3,stored,tx_power,channel.tx_power.snr_db,6.989700043360188
water filling,20260722T125512Z_ofdm_subcarrier_resource_allocation_2__resource.average_transmit_power_budget_3,average_transmit_power_budget 3,stored,tx_power,channel.tx_power.total_energy,1849984.6569724083
water filling,20260722T125512Z_ofdm_subcarrier_resource_allocation_2__resource.average_transmit_power_budget_3,average_transmit_power_budget 3,stored,tx_power,channel.tx_power.tx_power.after,2.7909636251032035
water filling,20260722T125512Z_ofdm_subcarrier_resource_allocation_2__resource.average_transmit_power_budget_3,average_transmit_power_budget 3,stored,tx_power,channel.tx_power.tx_power.before,0.9999999403953552
water filling,20260722T125512Z_ofdm_subcarrier_resource_allocation_2__resource.average_transmit_power_budget_3,average_transmit_power_budget 3,stored,tx_power,channel.tx_power.tx_power.selected,3
water filling,20260722T125512Z_ofdm_subcarrier_resource_allocation_2__resource.average_transmit_power_budget_3,average_transmit_power_budget 3,stored,tx_power,channel.tx_power.tx_power.snr_db,6.989700043360188
water filling,20260722T125512Z_ofdm_subcarrier_resource_allocation_2__resource.average_transmit_power_budget_3,average_transmit_power_budget 3,stored,tx_power,channel.tx_power.tx_power.total_energy,1849984.6569724083
water filling,20260722T125512Z_ofdm_subcarrier_resource_allocation_2__resource.average_transmit_power_budget_3,average_transmit_power_budget 3,stored,tx_power,timing.step.wall_time_s,35.63663407805143
water filling,20260722T125512Z_ofdm_subcarrier_resource_allocation_2__resource.average_transmit_power_budget_3,average_transmit_power_budget 3,stored,wireless_channel,channel.backend.sionna,1
water filling,20260722T125512Z_ofdm_subcarrier_resource_allocation_2__resource.average_transmit_power_budget_3,average_transmit_power_budget 3,stored,wireless_channel,channel.carrier_frequency_ghz,3.5
water filling,20260722T125512Z_ofdm_subcarrier_resource_allocation_2__resource.average_transmit_power_budget_3,average_transmit_power_budget 3,stored,wireless_channel,channel.channel_use_count,662848
water filling,20260722T125512Z_ofdm_subcarrier_resource_allocation_2__resource.average_transmit_power_budget_3,average_transmit_power_budget 3,stored,wireless_channel,channel.effective_snr_db,12.000895699770327
water filling,20260722T125512Z_ofdm_subcarrier_resource_allocation_2__resource.average_transmit_power_budget_3,average_transmit_power_budget 3,stored,wireless_channel,channel.gain.average,1
water filling,20260722T125512Z_ofdm_subcarrier_resource_allocation_2__resource.average_transmit_power_budget_3,average_transmit_power_budget 3,stored,wireless_channel,channel.mobility_kmh,30
water filling,20260722T125512Z_ofdm_subcarrier_resource_allocation_2__resource.average_transmit_power_budget_3,average_transmit_power_budget 3,stored,wireless_channel,channel.noise_variance,0.2
water filling,20260722T125512Z_ofdm_subcarrier_resource_allocation_2__resource.average_transmit_power_budget_3,average_transmit_power_budget 3,stored,wireless_channel,channel.num_ofdm_symbols,4
water filling,20260722T125512Z_ofdm_subcarrier_resource_allocation_2__resource.average_transmit_power_budget_3,average_transmit_power_budget 3,stored,wireless_channel,channel.ofdm_fft_size,32
water filling,20260722T125512Z_ofdm_subcarrier_resource_allocation_2__resource.average_transmit_power_budget_3,average_transmit_power_budget 3,stored,wireless_channel,channel.post_equalizer_component_power.average,4.423377871513367
water filling,20260722T125512Z_ofdm_subcarrier_resource_allocation_2__resource.average_transmit_power_budget_3,average_transmit_power_budget 3,stored,wireless_channel,channel.post_equalizer_noise_power.average,1.6324142217636108
water filling,20260722T125512Z_ofdm_subcarrier_resource_allocation_2__resource.average_transmit_power_budget_3,average_transmit_power_budget 3,stored,wireless_channel,channel.post_equalizer_output_power.average,4.4250017944434985
water filling,20260722T125512Z_ofdm_subcarrier_resource_allocation_2__resource.average_transmit_power_budget_3,average_transmit_power_budget 3,stored,wireless_channel,channel.post_equalizer_signal_noise_cross_power.average,0.0016239229301318048
water filling,20260722T125512Z_ofdm_subcarrier_resource_allocation_2__resource.average_transmit_power_budget_3,average_transmit_power_budget 3,stored,wireless_channel,channel.post_equalizer_signal_power.average,2.790963649749756
water filling,20260722T125512Z_ofdm_subcarrier_resource_allocation_2__resource.average_transmit_power_budget_3,average_transmit_power_budget 3,stored,wireless_channel,channel.received_signal_power.average,3.170440196990967
water filling,20260722T125512Z_ofdm_subcarrier_resource_allocation_2__resource.average_transmit_power_budget_3,average_transmit_power_budget 3,stored,wireless_channel,channel.reference_snr_db,6.9897000433601875
water filling,20260722T125512Z_ofdm_subcarrier_resource_allocation_2__resource.average_transmit_power_budget_3,average_transmit_power_budget 3,stored,wireless_channel,channel.rx_antenna_component_power.average,3.370730370283127
water filling,20260722T125512Z_ofdm_subcarrier_resource_allocation_2__resource.average_transmit_power_budget_3,average_transmit_power_budget 3,stored,wireless_channel,channel.rx_antenna_noise_power.average,0.20029017329216003
water filling,20260722T125512Z_ofdm_subcarrier_resource_allocation_2__resource.average_transmit_power_budget_3,average_transmit_power_budget 3,stored,wireless_channel,channel.rx_antenna_power.average,3.372526727358449
water filling,20260722T125512Z_ofdm_subcarrier_resource_allocation_2__resource.average_transmit_power_budget_3,average_transmit_power_budget 3,stored,wireless_channel,channel.rx_antenna_power.total_energy,2235472.5961760934
water filling,20260722T125512Z_ofdm_subcarrier_resource_allocation_2__resource.average_transmit_power_budget_3,average_transmit_power_budget 3,stored,wireless_channel,channel.rx_antenna_signal_noise_cross_power.average,0.0017963570753223301
water filling,20260722T125512Z_ofdm_subcarrier_resource_allocation_2__resource.average_transmit_power_budget_3,average_transmit_power_budget 3,stored,wireless_channel,channel.rx_antenna_signal_power.average,3.170440196990967
water filling,20260722T125512Z_ofdm_subcarrier_resource_allocation_2__resource.average_transmit_power_budget_3,average_transmit_power_budget 3,stored,wireless_channel,channel.rx_equalized_power.average,4.4250017944434985
water filling,20260722T125512Z_ofdm_subcarrier_resource_allocation_2__resource.average_transmit_power_budget_3,average_transmit_power_budget 3,stored,wireless_channel,channel.rx_equalized_power.total_energy,2933103.589443284
water filling,20260722T125512Z_ofdm_subcarrier_resource_allocation_2__resource.average_transmit_power_budget_3,average_transmit_power_budget 3,stored,wireless_channel,channel.rx_output_power.average,4.4250017944434985
water filling,20260722T125512Z_ofdm_subcarrier_resource_allocation_2__resource.average_transmit_power_budget_3,average_transmit_power_budget 3,stored,wireless_channel,channel.rx_output_power.total_energy,2933103.589443284
water filling,20260722T125512Z_ofdm_subcarrier_resource_allocation_2__resource.average_transmit_power_budget_3,average_transmit_power_budget 3,stored,wireless_channel,channel.rx_power.average,4.4250017944434985
water filling,20260722T125512Z_ofdm_subcarrier_resource_allocation_2__resource.average_transmit_power_budget_3,average_transmit_power_budget 3,stored,wireless_channel,channel.rx_power.total_energy,2933103.589443284
water filling,20260722T125512Z_ofdm_subcarrier_resource_allocation_2__resource.average_transmit_power_budget_3,average_transmit_power_budget 3,stored,wireless_channel,channel.snr_db,6.9897000433601875
water filling,20260722T125512Z_ofdm_subcarrier_resource_allocation_2__resource.average_transmit_power_budget_3,average_transmit_power_budget 3,stored,wireless_channel,channel.symbol_count,662848
water filling,20260722T125512Z_ofdm_subcarrier_resource_allocation_2__resource.average_transmit_power_budget_3,average_transmit_power_budget 3,stored,wireless_channel,channel.tx_effective_snr_db,11.447241844950542
water filling,20260722T125512Z_ofdm_subcarrier_resource_allocation_2__resource.average_transmit_power_budget_3,average_transmit_power_budget 3,stored,wireless_channel,channel.tx_power_at_channel.average,2.790963649749756
water filling,20260722T125512Z_ofdm_subcarrier_resource_allocation_2__resource.average_transmit_power_budget_3,average_transmit_power_budget 3,stored,wireless_channel,timing.step.wall_time_s,1.9874098380096257
water filling,20260722T125657Z_ofdm_subcarrier_resource_allocation_2__resource.average_transmit_power_budget_4,average_transmit_power_budget 4,stored,allocation_evaluation,channel.achieved_payload_goodput_bits_per_resource_element,1.5872879536182092
water filling,20260722T125657Z_ofdm_subcarrier_resource_allocation_2__resource.average_transmit_power_budget_4,average_transmit_power_budget 4,stored,allocation_evaluation,channel.data_bearing_resource_element_count,546063
water filling,20260722T125657Z_ofdm_subcarrier_resource_allocation_2__resource.average_transmit_power_budget_4,average_transmit_power_budget 4,stored,allocation_evaluation,channel.delivered_payload_bit_count,946176
water filling,20260722T125657Z_ofdm_subcarrier_resource_allocation_2__resource.average_transmit_power_budget_4,average_transmit_power_budget 4,stored,allocation_evaluation,channel.goodput_to_theoretical_shannon_efficiency_ratio,0.38740270286271894
water filling,20260722T125657Z_ofdm_subcarrier_resource_allocation_2__resource.average_transmit_power_budget_4,average_transmit_power_budget 4,stored,allocation_evaluation,channel.noise_variance,0.2
water filling,20260722T125657Z_ofdm_subcarrier_resource_allocation_2__resource.average_transmit_power_budget_4,average_transmit_power_budget 4,stored,allocation_evaluation,channel.offered_payload_bits_per_resource_element,1.7590723641829504
water filling,20260722T125657Z_ofdm_subcarrier_resource_allocation_2__resource.average_transmit_power_budget_4,average_transmit_power_budget 4,stored,allocation_evaluation,channel.payload_delivery_block_count,1024
water filling,20260722T125657Z_ofdm_subcarrier_resource_allocation_2__resource.average_transmit_power_budget_4,average_transmit_power_budget 4,stored,allocation_evaluation,channel.payload_delivery_block_error_count,100
water filling,20260722T125657Z_ofdm_subcarrier_resource_allocation_2__resource.average_transmit_power_budget_4,average_transmit_power_budget 4,stored,allocation_evaluation,channel.payload_delivery_block_error_rate,0.09765625
water filling,20260722T125657Z_ofdm_subcarrier_resource_allocation_2__resource.average_transmit_power_budget_4,average_transmit_power_budget 4,stored,allocation_evaluation,channel.payload_delivery_success,0
water filling,20260722T125657Z_ofdm_subcarrier_resource_allocation_2__resource.average_transmit_power_budget_4,average_transmit_power_budget 4,stored,allocation_evaluation,channel.payload_energy_efficiency_bits_per_normalized_energy,0.41734707278980904
water filling,20260722T125657Z_ofdm_subcarrier_resource_allocation_2__resource.average_transmit_power_budget_4,average_transmit_power_budget 4,stored,allocation_evaluation,channel.reference_snr_db,6.989700043360188
water filling,20260722T125657Z_ofdm_subcarrier_resource_allocation_2__resource.average_transmit_power_budget_4,average_transmit_power_budget 4,stored,allocation_evaluation,channel.resource_element_utilization,0.916065533068499
water filling,20260722T125657Z_ofdm_subcarrier_resource_allocation_2__resource.average_transmit_power_budget_4,average_transmit_power_budget 4,stored,allocation_evaluation,channel.scheduled_resource_element_count,596096
water filling,20260722T125657Z_ofdm_subcarrier_resource_allocation_2__resource.average_transmit_power_budget_4,average_transmit_power_budget 4,stored,allocation_evaluation,channel.tx_energy_for_payload,2267120.25
water filling,20260722T125657Z_ofdm_subcarrier_resource_allocation_2__resource.average_transmit_power_budget_4,average_transmit_power_budget 4,stored,allocation_evaluation,channel.tx_energy_per_delivered_payload_bit,2.3960872501521915
water filling,20260722T125657Z_ofdm_subcarrier_resource_allocation_2__resource.average_transmit_power_budget_4,average_transmit_power_budget 4,stored,allocation_evaluation,resource.active_resource_element_fraction,0.9860615730285645
water filling,20260722T125657Z_ofdm_subcarrier_resource_allocation_2__resource.average_transmit_power_budget_4,average_transmit_power_budget 4,stored,allocation_evaluation,resource.allocated_power_weighted_channel_gain_lift,0.05754678765045132
water filling,20260722T125657Z_ofdm_subcarrier_resource_allocation_2__resource.average_transmit_power_budget_4,average_transmit_power_budget 4,stored,allocation_evaluation,resource.allocation_power_coefficient_of_variation,0.12468932819813512
water filling,20260722T125657Z_ofdm_subcarrier_resource_allocation_2__resource.average_transmit_power_budget_4,average_transmit_power_budget 4,stored,allocation_evaluation,resource.average_transmit_power_budget,4
water filling,20260722T125657Z_ofdm_subcarrier_resource_allocation_2__resource.average_transmit_power_budget_4,average_transmit_power_budget 4,stored,allocation_evaluation,resource.power_constraint.max_abs_error,0.0000030994415283203125
water filling,20260722T125657Z_ofdm_subcarrier_resource_allocation_2__resource.average_transmit_power_budget_4,average_transmit_power_budget 4,stored,allocation_evaluation,resource.power_constraint.max_negative_violation,0
water filling,20260722T125657Z_ofdm_subcarrier_resource_allocation_2__resource.average_transmit_power_budget_4,average_transmit_power_budget 4,stored,allocation_evaluation,resource.power_constraint.max_relative_error,2.421438694000244e-8
water filling,20260722T125657Z_ofdm_subcarrier_resource_allocation_2__resource.average_transmit_power_budget_4,average_transmit_power_budget 4,stored,allocation_evaluation,resource.theoretical_min_state_spectral_efficiency_bps_hz,2.548298651974032
water filling,20260722T125657Z_ofdm_subcarrier_resource_allocation_2__resource.average_transmit_power_budget_4,average_transmit_power_budget 4,stored,allocation_evaluation,resource.theoretical_outage_probability,0
water filling,20260722T125657Z_ofdm_subcarrier_resource_allocation_2__resource.average_transmit_power_budget_4,average_transmit_power_budget 4,stored,allocation_evaluation,resource.theoretical_outage_target_spectral_efficiency_bps_hz,2
water filling,20260722T125657Z_ofdm_subcarrier_resource_allocation_2__resource.average_transmit_power_budget_4,average_transmit_power_budget 4,stored,allocation_evaluation,resource.theoretical_p05_state_spectral_efficiency_bps_hz,3.717471271353943
water filling,20260722T125657Z_ofdm_subcarrier_resource_allocation_2__resource.average_transmit_power_budget_4,average_transmit_power_budget 4,stored,allocation_evaluation,resource.theoretical_shannon_spectral_efficiency_bps_hz,4.097255754513114
water filling,20260722T125657Z_ofdm_subcarrier_resource_allocation_2__resource.average_transmit_power_budget_4,average_transmit_power_budget 4,stored,allocation_evaluation,resource.theoretical_shannon_sum_bits_per_ofdm_symbol,131.11218414441964
water filling,20260722T125657Z_ofdm_subcarrier_resource_allocation_2__resource.average_transmit_power_budget_4,average_transmit_power_budget 4,stored,allocation_evaluation,resource.water_filling_kkt_normalized_residual,5.2693542979121874e-8
water filling,20260722T125657Z_ofdm_subcarrier_resource_allocation_2__resource.average_transmit_power_budget_4,average_transmit_power_budget 4,stored,allocation_evaluation,resource.water_filling_optimality_gap_bps_hz,3.0116353855191846e-11
water filling,20260722T125657Z_ofdm_subcarrier_resource_allocation_2__resource.average_transmit_power_budget_4,average_transmit_power_budget 4,stored,allocation_evaluation,resource.water_filling_oracle_spectral_efficiency_bps_hz,4.09725575454323
water filling,20260722T125657Z_ofdm_subcarrier_resource_allocation_2__resource.average_transmit_power_budget_4,average_transmit_power_budget 4,stored,allocation_evaluation,resource.water_filling_power_normalized_rmse,2.989378505951898e-8
water filling,20260722T125657Z_ofdm_subcarrier_resource_allocation_2__resource.average_transmit_power_budget_4,average_transmit_power_budget 4,stored,allocation_evaluation,resource.water_filling_power_rmse,1.195751402380759e-7
water filling,20260722T125657Z_ofdm_subcarrier_resource_allocation_2__resource.average_transmit_power_budget_4,average_transmit_power_budget 4,stored,allocation_evaluation,resource.water_filling_relative_optimality_gap,7.350371970750768e-12
water filling,20260722T125657Z_ofdm_subcarrier_resource_allocation_2__resource.average_transmit_power_budget_4,average_transmit_power_budget 4,stored,allocation_evaluation,task.score,1.5872879536182092
water filling,20260722T125657Z_ofdm_subcarrier_resource_allocation_2__resource.average_transmit_power_budget_4,average_transmit_power_budget 4,stored,allocation_evaluation,timing.step.wall_time_s,45.48020288400585
water filling,20260722T125657Z_ofdm_subcarrier_resource_allocation_2__resource.average_transmit_power_budget_4,average_transmit_power_budget 4,stored,channel_bit_count_match,channel.fixed.channel_io.bit_count_match,1
water filling,20260722T125657Z_ofdm_subcarrier_resource_allocation_2__resource.average_transmit_power_budget_4,average_transmit_power_budget 4,stored,channel_bit_count_match,channel.fixed.channel_io.candidate_bit_count,1048576
water filling,20260722T125657Z_ofdm_subcarrier_resource_allocation_2__resource.average_transmit_power_budget_4,average_transmit_power_budget 4,stored,channel_bit_count_match,channel.fixed.channel_io.length_delta,0
water filling,20260722T125657Z_ofdm_subcarrier_resource_allocation_2__resource.average_transmit_power_budget_4,average_transmit_power_budget 4,stored,channel_bit_count_match,channel.fixed.channel_io.reference_bit_count,1048576
water filling,20260722T125657Z_ofdm_subcarrier_resource_allocation_2__resource.average_transmit_power_budget_4,average_transmit_power_budget 4,stored,channel_bit_count_match,timing.step.wall_time_s,0.01695354701951146
water filling,20260722T125657Z_ofdm_subcarrier_resource_allocation_2__resource.average_transmit_power_budget_4,average_transmit_power_budget 4,stored,channel_decoder,channel.decoded_bit_count,1048576
water filling,20260722T125657Z_ofdm_subcarrier_resource_allocation_2__resource.average_transmit_power_budget_4,average_transmit_power_budget 4,stored,channel_decoder,timing.step.wall_time_s,0.17428453505272046
water filling,20260722T125657Z_ofdm_subcarrier_resource_allocation_2__resource.average_transmit_power_budget_4,average_transmit_power_budget 4,stored,channel_encoder,channel.code_rate,1
water filling,20260722T125657Z_ofdm_subcarrier_resource_allocation_2__resource.average_transmit_power_budget_4,average_transmit_power_budget 4,stored,channel_encoder,channel.coded_bit_count,1048576
water filling,20260722T125657Z_ofdm_subcarrier_resource_allocation_2__resource.average_transmit_power_budget_4,average_transmit_power_budget 4,stored,channel_encoder,channel.payload_bit_count,1048576
water filling,20260722T125657Z_ofdm_subcarrier_resource_allocation_2__resource.average_transmit_power_budget_4,average_transmit_power_budget 4,stored,channel_encoder,channel.transmitted_bit_count,1048576
water filling,20260722T125657Z_ofdm_subcarrier_resource_allocation_2__resource.average_transmit_power_budget_4,average_transmit_power_budget 4,stored,channel_encoder,timing.step.wall_time_s,0.11983286502072588
water filling,20260722T125657Z_ofdm_subcarrier_resource_allocation_2__resource.average_transmit_power_budget_4,average_transmit_power_budget 4,stored,channel_state,channel.gain.average,1
water filling,20260722T125657Z_ofdm_subcarrier_resource_allocation_2__resource.average_transmit_power_budget_4,average_transmit_power_budget 4,stored,channel_state,channel.noise_variance,0.2
water filling,20260722T125657Z_ofdm_subcarrier_resource_allocation_2__resource.average_transmit_power_budget_4,average_transmit_power_budget 4,stored,channel_state,channel.num_ofdm_symbols,4
water filling,20260722T125657Z_ofdm_subcarrier_resource_allocation_2__resource.average_transmit_power_budget_4,average_transmit_power_budget 4,stored,channel_state,channel.ofdm_fft_size,32
water filling,20260722T125657Z_ofdm_subcarrier_resource_allocation_2__resource.average_transmit_power_budget_4,average_transmit_power_budget 4,stored,channel_state,channel.ofdm_resource_element_capacity,8388608
water filling,20260722T125657Z_ofdm_subcarrier_resource_allocation_2__resource.average_transmit_power_budget_4,average_transmit_power_budget 4,stored,channel_state,channel.ofdm_state_count,262144
water filling,20260722T125657Z_ofdm_subcarrier_resource_allocation_2__resource.average_transmit_power_budget_4,average_transmit_power_budget 4,stored,channel_state,channel.reference_snr_db,6.989700043360188
water filling,20260722T125657Z_ofdm_subcarrier_resource_allocation_2__resource.average_transmit_power_budget_4,average_transmit_power_budget 4,stored,channel_state,timing.step.wall_time_s,12.388021630002186
water filling,20260722T125657Z_ofdm_subcarrier_resource_allocation_2__resource.average_transmit_power_budget_4,average_transmit_power_budget 4,stored,coded_ber,channel.coded.ber,0.00010776519775390625
water filling,20260722T125657Z_ofdm_subcarrier_resource_allocation_2__resource.average_transmit_power_budget_4,average_transmit_power_budget 4,stored,coded_ber,channel.coded.compare_bit_count,1048576
water filling,20260722T125657Z_ofdm_subcarrier_resource_allocation_2__resource.average_transmit_power_budget_4,average_transmit_power_budget 4,stored,coded_ber,channel.coded.error_count,113
water filling,20260722T125657Z_ofdm_subcarrier_resource_allocation_2__resource.average_transmit_power_budget_4,average_transmit_power_budget 4,stored,coded_ber,timing.step.wall_time_s,0.013543433975428343
water filling,20260722T125657Z_ofdm_subcarrier_resource_allocation_2__resource.average_transmit_power_budget_4,average_transmit_power_budget 4,stored,coded_bler,channel.coded.bler,0.09765625
water filling,20260722T125657Z_ofdm_subcarrier_resource_allocation_2__resource.average_transmit_power_budget_4,average_transmit_power_budget 4,stored,coded_bler,channel.coded.block_count,1024
water filling,20260722T125657Z_ofdm_subcarrier_resource_allocation_2__resource.average_transmit_power_budget_4,average_transmit_power_budget 4,stored,coded_bler,channel.coded.block_error_count,100
water filling,20260722T125657Z_ofdm_subcarrier_resource_allocation_2__resource.average_transmit_power_budget_4,average_transmit_power_budget 4,stored,coded_bler,channel.coded.block_size,1024
water filling,20260722T125657Z_ofdm_subcarrier_resource_allocation_2__resource.average_transmit_power_budget_4,average_transmit_power_budget 4,stored,coded_bler,timing.step.wall_time_s,0.021087012020871043
water filling,20260722T125657Z_ofdm_subcarrier_resource_allocation_2__resource.average_transmit_power_budget_4,average_transmit_power_budget 4,stored,data,channel.payload_bit_count,1048576
water filling,20260722T125657Z_ofdm_subcarrier_resource_allocation_2__resource.average_transmit_power_budget_4,average_transmit_power_budget 4,stored,data,source.bit_count,1048576
water filling,20260722T125657Z_ofdm_subcarrier_resource_allocation_2__resource.average_transmit_power_budget_4,average_transmit_power_budget 4,stored,data,source.example_count,1024
water filling,20260722T125657Z_ofdm_subcarrier_resource_allocation_2__resource.average_transmit_power_budget_4,average_transmit_power_budget 4,stored,data,source.transport_block_count,1024
water filling,20260722T125657Z_ofdm_subcarrier_resource_allocation_2__resource.average_transmit_power_budget_4,average_transmit_power_budget 4,stored,data,source.transport_block_size_bits,1024
water filling,20260722T125657Z_ofdm_subcarrier_resource_allocation_2__resource.average_transmit_power_budget_4,average_transmit_power_budget 4,stored,data,timing.step.wall_time_s,0.13679507304914296
water filling,20260722T125657Z_ofdm_subcarrier_resource_allocation_2__resource.average_transmit_power_budget_4,average_transmit_power_budget 4,stored,demodulator,channel.allocation_aware_transport,1
water filling,20260722T125657Z_ofdm_subcarrier_resource_allocation_2__resource.average_transmit_power_budget_4,average_transmit_power_budget 4,stored,demodulator,channel.demod_bit_count,1048576
water filling,20260722T125657Z_ofdm_subcarrier_resource_allocation_2__resource.average_transmit_power_budget_4,average_transmit_power_budget 4,stored,demodulator,timing.step.wall_time_s,0.9975505649927072
water filling,20260722T125657Z_ofdm_subcarrier_resource_allocation_2__resource.average_transmit_power_budget_4,average_transmit_power_budget 4,stored,modulator,channel.bits_per_symbol,2
water filling,20260722T125657Z_ofdm_subcarrier_resource_allocation_2__resource.average_transmit_power_budget_4,average_transmit_power_budget 4,stored,modulator,channel.channel_use_count,524288
water filling,20260722T125657Z_ofdm_subcarrier_resource_allocation_2__resource.average_transmit_power_budget_4,average_transmit_power_budget 4,stored,modulator,channel.coded_bit_count,1048576
water filling,20260722T125657Z_ofdm_subcarrier_resource_allocation_2__resource.average_transmit_power_budget_4,average_transmit_power_budget 4,stored,modulator,channel.symbol_count,524288
water filling,20260722T125657Z_ofdm_subcarrier_resource_allocation_2__resource.average_transmit_power_budget_4,average_transmit_power_budget 4,stored,modulator,channel.transmitted_bit_count,1048576
water filling,20260722T125657Z_ofdm_subcarrier_resource_allocation_2__resource.average_transmit_power_budget_4,average_transmit_power_budget 4,stored,modulator,timing.step.wall_time_s,0.26312464801594615
water filling,20260722T125657Z_ofdm_subcarrier_resource_allocation_2__resource.average_transmit_power_budget_4,average_transmit_power_budget 4,stored,payload_ber,channel.payload.ber,0.00010776519775390625
water filling,20260722T125657Z_ofdm_subcarrier_resource_allocation_2__resource.average_transmit_power_budget_4,average_transmit_power_budget 4,stored,payload_ber,channel.payload.compare_bit_count,1048576
water filling,20260722T125657Z_ofdm_subcarrier_resource_allocation_2__resource.average_transmit_power_budget_4,average_transmit_power_budget 4,stored,payload_ber,channel.payload.error_count,113
water filling,20260722T125657Z_ofdm_subcarrier_resource_allocation_2__resource.average_transmit_power_budget_4,average_transmit_power_budget 4,stored,payload_ber,timing.step.wall_time_s,0.02001566597027704
water filling,20260722T125657Z_ofdm_subcarrier_resource_allocation_2__resource.average_transmit_power_budget_4,average_transmit_power_budget 4,stored,payload_bit_boundary,channel.fixed.bit_count,1048576
water filling,20260722T125657Z_ofdm_subcarrier_resource_allocation_2__resource.average_transmit_power_budget_4,average_transmit_power_budget 4,stored,payload_bit_boundary,channel.fixed.byte_count,131072
water filling,20260722T125657Z_ofdm_subcarrier_resource_allocation_2__resource.average_transmit_power_budget_4,average_transmit_power_budget 4,stored,payload_bit_boundary,channel.fixed.payload_input.bit_count,1048576
water filling,20260722T125657Z_ofdm_subcarrier_resource_allocation_2__resource.average_transmit_power_budget_4,average_transmit_power_budget 4,stored,payload_bit_boundary,channel.fixed.payload_input.bits_per_element,1
water filling,20260722T125657Z_ofdm_subcarrier_resource_allocation_2__resource.average_transmit_power_budget_4,average_transmit_power_budget 4,stored,payload_bit_boundary,channel.fixed.payload_input.byte_count,131072
water filling,20260722T125657Z_ofdm_subcarrier_resource_allocation_2__resource.average_transmit_power_budget_4,average_transmit_power_budget 4,stored,payload_bit_boundary,channel.fixed.payload_input.dtype_uint8,1
water filling,20260722T125657Z_ofdm_subcarrier_resource_allocation_2__resource.average_transmit_power_budget_4,average_transmit_power_budget 4,stored,payload_bit_boundary,timing.step.wall_time_s,0.1228103949688375
water filling,20260722T125657Z_ofdm_subcarrier_resource_allocation_2__resource.average_transmit_power_budget_4,average_transmit_power_budget 4,stored,payload_bler,channel.payload.bler,0.09765625
water filling,20260722T125657Z_ofdm_subcarrier_resource_allocation_2__resource.average_transmit_power_budget_4,average_transmit_power_budget 4,stored,payload_bler,channel.payload.block_count,1024
water filling,20260722T125657Z_ofdm_subcarrier_resource_allocation_2__resource.average_transmit_power_budget_4,average_transmit_power_budget 4,stored,payload_bler,channel.payload.block_error_count,100
water filling,20260722T125657Z_ofdm_subcarrier_resource_allocation_2__resource.average_transmit_power_budget_4,average_transmit_power_budget 4,stored,payload_bler,channel.payload.block_size,1024
water filling,20260722T125657Z_ofdm_subcarrier_resource_allocation_2__resource.average_transmit_power_budget_4,average_transmit_power_budget 4,stored,payload_bler,timing.step.wall_time_s,0.025050516007468104
water filling,20260722T125657Z_ofdm_subcarrier_resource_allocation_2__resource.average_transmit_power_budget_4,average_transmit_power_budget 4,stored,run,memory.run.end_rss_bytes,4611289088
water filling,20260722T125657Z_ofdm_subcarrier_resource_allocation_2__resource.average_transmit_power_budget_4,average_transmit_power_budget 4,stored,run,memory.run.peak_rss_bytes,5325008896
water filling,20260722T125657Z_ofdm_subcarrier_resource_allocation_2__resource.average_transmit_power_budget_4,average_transmit_power_budget 4,stored,run,memory.run.peak_rss_delta_bytes,4876689408
water filling,20260722T125657Z_ofdm_subcarrier_resource_allocation_2__resource.average_transmit_power_budget_4,average_transmit_power_budget 4,stored,run,memory.run.sampler_interval_s,0.05
water filling,20260722T125657Z_ofdm_subcarrier_resource_allocation_2__resource.average_transmit_power_budget_4,average_transmit_power_budget 4,stored,run,memory.run.start_rss_bytes,448319488
water filling,20260722T125657Z_ofdm_subcarrier_resource_allocation_2__resource.average_transmit_power_budget_4,average_transmit_power_budget 4,stored,rx_bit_boundary,channel.fixed.bit_count,1048576
water filling,20260722T125657Z_ofdm_subcarrier_resource_allocation_2__resource.average_transmit_power_budget_4,average_transmit_power_budget 4,stored,rx_bit_boundary,channel.fixed.byte_count,131072
water filling,20260722T125657Z_ofdm_subcarrier_resource_allocation_2__resource.average_transmit_power_budget_4,average_transmit_power_budget 4,stored,rx_bit_boundary,channel.fixed.demodulator_output.bit_count,1048576
water filling,20260722T125657Z_ofdm_subcarrier_resource_allocation_2__resource.average_transmit_power_budget_4,average_transmit_power_budget 4,stored,rx_bit_boundary,channel.fixed.demodulator_output.bits_per_element,1
water filling,20260722T125657Z_ofdm_subcarrier_resource_allocation_2__resource.average_transmit_power_budget_4,average_transmit_power_budget 4,stored,rx_bit_boundary,channel.fixed.demodulator_output.byte_count,131072
water filling,20260722T125657Z_ofdm_subcarrier_resource_allocation_2__resource.average_transmit_power_budget_4,average_transmit_power_budget 4,stored,rx_bit_boundary,channel.fixed.demodulator_output.dtype_uint8,1
water filling,20260722T125657Z_ofdm_subcarrier_resource_allocation_2__resource.average_transmit_power_budget_4,average_transmit_power_budget 4,stored,rx_bit_boundary,timing.step.wall_time_s,0.19131809700047597
water filling,20260722T125657Z_ofdm_subcarrier_resource_allocation_2__resource.average_transmit_power_budget_4,average_transmit_power_budget 4,stored,tx_bit_boundary,channel.fixed.bit_count,1048576
water filling,20260722T125657Z_ofdm_subcarrier_resource_allocation_2__resource.average_transmit_power_budget_4,average_transmit_power_budget 4,stored,tx_bit_boundary,channel.fixed.byte_count,131072
water filling,20260722T125657Z_ofdm_subcarrier_resource_allocation_2__resource.average_transmit_power_budget_4,average_transmit_power_budget 4,stored,tx_bit_boundary,channel.fixed.modulator_input.bit_count,1048576
water filling,20260722T125657Z_ofdm_subcarrier_resource_allocation_2__resource.average_transmit_power_budget_4,average_transmit_power_budget 4,stored,tx_bit_boundary,channel.fixed.modulator_input.bits_per_element,1
water filling,20260722T125657Z_ofdm_subcarrier_resource_allocation_2__resource.average_transmit_power_budget_4,average_transmit_power_budget 4,stored,tx_bit_boundary,channel.fixed.modulator_input.byte_count,131072
water filling,20260722T125657Z_ofdm_subcarrier_resource_allocation_2__resource.average_transmit_power_budget_4,average_transmit_power_budget 4,stored,tx_bit_boundary,channel.fixed.modulator_input.dtype_uint8,1
water filling,20260722T125657Z_ofdm_subcarrier_resource_allocation_2__resource.average_transmit_power_budget_4,average_transmit_power_budget 4,stored,tx_bit_boundary,timing.step.wall_time_s,0.11934713600203395
water filling,20260722T125657Z_ofdm_subcarrier_resource_allocation_2__resource.average_transmit_power_budget_4,average_transmit_power_budget 4,stored,tx_power,channel.channel_use_count,596096
water filling,20260722T125657Z_ofdm_subcarrier_resource_allocation_2__resource.average_transmit_power_budget_4,average_transmit_power_budget 4,stored,tx_power,channel.data_bearing_resource_element_count,546063
water filling,20260722T125657Z_ofdm_subcarrier_resource_allocation_2__resource.average_transmit_power_budget_4,average_transmit_power_budget 4,stored,tx_power,channel.scheduled_resource_element_count,596096
water filling,20260722T125657Z_ofdm_subcarrier_resource_allocation_2__resource.average_transmit_power_budget_4,average_transmit_power_budget 4,stored,tx_power,channel.symbol_count,596096
water filling,20260722T125657Z_ofdm_subcarrier_resource_allocation_2__resource.average_transmit_power_budget_4,average_transmit_power_budget 4,stored,tx_power,channel.tx_power.after,3.8032804741706143
water filling,20260722T125657Z_ofdm_subcarrier_resource_allocation_2__resource.average_transmit_power_budget_4,average_transmit_power_budget 4,stored,tx_power,channel.tx_power.average,3.8032804741706143
water filling,20260722T125657Z_ofdm_subcarrier_resource_allocation_2__resource.average_transmit_power_budget_4,average_transmit_power_budget 4,stored,tx_power,channel.tx_power.before,0.9999999403953552
water filling,20260722T125657Z_ofdm_subcarrier_resource_allocation_2__resource.average_transmit_power_budget_4,average_transmit_power_budget 4,stored,tx_power,channel.tx_power.group_count,32
water filling,20260722T125657Z_ofdm_subcarrier_resource_allocation_2__resource.average_transmit_power_budget_4,average_transmit_power_budget 4,stored,tx_power,channel.tx_power.selected,4
water filling,20260722T125657Z_ofdm_subcarrier_resource_allocation_2__resource.average_transmit_power_budget_4,average_transmit_power_budget 4,stored,tx_power,channel.tx_power.snr_db,6.989700043360188
water filling,20260722T125657Z_ofdm_subcarrier_resource_allocation_2__resource.average_transmit_power_budget_4,average_transmit_power_budget 4,stored,tx_power,channel.tx_power.total_energy,2267120.2775312066
water filling,20260722T125657Z_ofdm_subcarrier_resource_allocation_2__resource.average_transmit_power_budget_4,average_transmit_power_budget 4,stored,tx_power,channel.tx_power.tx_power.after,3.8032804741706143
water filling,20260722T125657Z_ofdm_subcarrier_resource_allocation_2__resource.average_transmit_power_budget_4,average_transmit_power_budget 4,stored,tx_power,channel.tx_power.tx_power.before,0.9999999403953552
water filling,20260722T125657Z_ofdm_subcarrier_resource_allocation_2__resource.average_transmit_power_budget_4,average_transmit_power_budget 4,stored,tx_power,channel.tx_power.tx_power.selected,4
water filling,20260722T125657Z_ofdm_subcarrier_resource_allocation_2__resource.average_transmit_power_budget_4,average_transmit_power_budget 4,stored,tx_power,channel.tx_power.tx_power.snr_db,6.989700043360188
water filling,20260722T125657Z_ofdm_subcarrier_resource_allocation_2__resource.average_transmit_power_budget_4,average_transmit_power_budget 4,stored,tx_power,channel.tx_power.tx_power.total_energy,2267120.2775312066
water filling,20260722T125657Z_ofdm_subcarrier_resource_allocation_2__resource.average_transmit_power_budget_4,average_transmit_power_budget 4,stored,tx_power,timing.step.wall_time_s,40.65808758698404
water filling,20260722T125657Z_ofdm_subcarrier_resource_allocation_2__resource.average_transmit_power_budget_4,average_transmit_power_budget 4,stored,wireless_channel,channel.backend.sionna,1
water filling,20260722T125657Z_ofdm_subcarrier_resource_allocation_2__resource.average_transmit_power_budget_4,average_transmit_power_budget 4,stored,wireless_channel,channel.carrier_frequency_ghz,3.5
water filling,20260722T125657Z_ofdm_subcarrier_resource_allocation_2__resource.average_transmit_power_budget_4,average_transmit_power_budget 4,stored,wireless_channel,channel.channel_use_count,596096
water filling,20260722T125657Z_ofdm_subcarrier_resource_allocation_2__resource.average_transmit_power_budget_4,average_transmit_power_budget 4,stored,wireless_channel,channel.effective_snr_db,13.221700642279458
water filling,20260722T125657Z_ofdm_subcarrier_resource_allocation_2__resource.average_transmit_power_budget_4,average_transmit_power_budget 4,stored,wireless_channel,channel.gain.average,1
water filling,20260722T125657Z_ofdm_subcarrier_resource_allocation_2__resource.average_transmit_power_budget_4,average_transmit_power_budget 4,stored,wireless_channel,channel.mobility_kmh,30
water filling,20260722T125657Z_ofdm_subcarrier_resource_allocation_2__resource.average_transmit_power_budget_4,average_transmit_power_budget 4,stored,wireless_channel,channel.noise_variance,0.2
water filling,20260722T125657Z_ofdm_subcarrier_resource_allocation_2__resource.average_transmit_power_budget_4,average_transmit_power_budget 4,stored,wireless_channel,channel.num_ofdm_symbols,4
water filling,20260722T125657Z_ofdm_subcarrier_resource_allocation_2__resource.average_transmit_power_budget_4,average_transmit_power_budget 4,stored,wireless_channel,channel.ofdm_fft_size,32
water filling,20260722T125657Z_ofdm_subcarrier_resource_allocation_2__resource.average_transmit_power_budget_4,average_transmit_power_budget 4,stored,wireless_channel,channel.post_equalizer_component_power.average,5.526011347770691
water filling,20260722T125657Z_ofdm_subcarrier_resource_allocation_2__resource.average_transmit_power_budget_4,average_transmit_power_budget 4,stored,wireless_channel,channel.post_equalizer_noise_power.average,1.7227305173873901
water filling,20260722T125657Z_ofdm_subcarrier_resource_allocation_2__resource.average_transmit_power_budget_4,average_transmit_power_budget 4,stored,wireless_channel,channel.post_equalizer_output_power.average,5.525617194401675
water filling,20260722T125657Z_ofdm_subcarrier_resource_allocation_2__resource.average_transmit_power_budget_4,average_transmit_power_budget 4,stored,wireless_channel,channel.post_equalizer_signal_noise_cross_power.average,-0.00039415336901615916
water filling,20260722T125657Z_ofdm_subcarrier_resource_allocation_2__resource.average_transmit_power_budget_4,average_transmit_power_budget 4,stored,wireless_channel,channel.post_equalizer_signal_power.average,3.803280830383301
water filling,20260722T125657Z_ofdm_subcarrier_resource_allocation_2__resource.average_transmit_power_budget_4,average_transmit_power_budget 4,stored,wireless_channel,channel.received_signal_power.average,4.19952392578125
water filling,20260722T125657Z_ofdm_subcarrier_resource_allocation_2__resource.average_transmit_power_budget_4,average_transmit_power_budget 4,stored,wireless_channel,channel.reference_snr_db,6.9897000433601875
water filling,20260722T125657Z_ofdm_subcarrier_resource_allocation_2__resource.average_transmit_power_budget_4,average_transmit_power_budget 4,stored,wireless_channel,channel.rx_antenna_component_power.average,4.399647668004036
water filling,20260722T125657Z_ofdm_subcarrier_resource_allocation_2__resource.average_transmit_power_budget_4,average_transmit_power_budget 4,stored,wireless_channel,channel.rx_antenna_noise_power.average,0.20012374222278595
water filling,20260722T125657Z_ofdm_subcarrier_resource_allocation_2__resource.average_transmit_power_budget_4,average_transmit_power_budget 4,stored,wireless_channel,channel.rx_antenna_power.average,4.397745632925633
water filling,20260722T125657Z_ofdm_subcarrier_resource_allocation_2__resource.average_transmit_power_budget_4,average_transmit_power_budget 4,stored,wireless_channel,channel.rx_antenna_power.total_energy,2621478.5808044383
water filling,20260722T125657Z_ofdm_subcarrier_resource_allocation_2__resource.average_transmit_power_budget_4,average_transmit_power_budget 4,stored,wireless_channel,channel.rx_antenna_signal_noise_cross_power.average,-0.0019020350784026974
water filling,20260722T125657Z_ofdm_subcarrier_resource_allocation_2__resource.average_transmit_power_budget_4,average_transmit_power_budget 4,stored,wireless_channel,channel.rx_antenna_signal_power.average,4.19952392578125
water filling,20260722T125657Z_ofdm_subcarrier_resource_allocation_2__resource.average_transmit_power_budget_4,average_transmit_power_budget 4,stored,wireless_channel,channel.rx_equalized_power.average,5.525617194401675
water filling,20260722T125657Z_ofdm_subcarrier_resource_allocation_2__resource.average_transmit_power_budget_4,average_transmit_power_budget 4,stored,wireless_channel,channel.rx_equalized_power.total_energy,3293798.307114061
water filling,20260722T125657Z_ofdm_subcarrier_resource_allocation_2__resource.average_transmit_power_budget_4,average_transmit_power_budget 4,stored,wireless_channel,channel.rx_output_power.average,5.525617194401675
water filling,20260722T125657Z_ofdm_subcarrier_resource_allocation_2__resource.average_transmit_power_budget_4,average_transmit_power_budget 4,stored,wireless_channel,channel.rx_output_power.total_energy,3293798.307114061
water filling,20260722T125657Z_ofdm_subcarrier_resource_allocation_2__resource.average_transmit_power_budget_4,average_transmit_power_budget 4,stored,wireless_channel,channel.rx_power.average,5.525617194401675
water filling,20260722T125657Z_ofdm_subcarrier_resource_allocation_2__resource.average_transmit_power_budget_4,average_transmit_power_budget 4,stored,wireless_channel,channel.rx_power.total_energy,3293798.307114061
water filling,20260722T125657Z_ofdm_subcarrier_resource_allocation_2__resource.average_transmit_power_budget_4,average_transmit_power_budget 4,stored,wireless_channel,channel.snr_db,6.9897000433601875
water filling,20260722T125657Z_ofdm_subcarrier_resource_allocation_2__resource.average_transmit_power_budget_4,average_transmit_power_budget 4,stored,wireless_channel,channel.symbol_count,596096
water filling,20260722T125657Z_ofdm_subcarrier_resource_allocation_2__resource.average_transmit_power_budget_4,average_transmit_power_budget 4,stored,wireless_channel,channel.tx_effective_snr_db,12.79128344344084
water filling,20260722T125657Z_ofdm_subcarrier_resource_allocation_2__resource.average_transmit_power_budget_4,average_transmit_power_budget 4,stored,wireless_channel,channel.tx_power_at_channel.average,3.8032803535461426
water filling,20260722T125657Z_ofdm_subcarrier_resource_allocation_2__resource.average_transmit_power_budget_4,average_transmit_power_budget 4,stored,wireless_channel,timing.step.wall_time_s,2.189085152989719