method_id,entry_id,label,series,series_label,benchmark_method,paired_seed,aggregation_cell_id,statistical_unit,role,run_id,metric_id,value
blind_cumulant_snrm2_seed71001,blind_cumulant_snrm2_seed71001,Blind differential-cumulant classifier · -2 dB · seed 71001,blind_cumulant,Blind differential cumulant,blind_cumulant,71001,snr_db=m2,paired held-out symbol/carrier/noise seed,baseline,20260727T150345Z_modulation_recognition_blind_carrier__blind_cumulant_snrm2_seed71001,channel.carrier.cfo_abs_mean_cycles_per_symbol,0.002954
blind_cumulant_snrm2_seed71001,blind_cumulant_snrm2_seed71001,Blind differential-cumulant classifier · -2 dB · seed 71001,blind_cumulant,Blind differential cumulant,blind_cumulant,71001,snr_db=m2,paired held-out symbol/carrier/noise seed,baseline,20260727T150345Z_modulation_recognition_blind_carrier__blind_cumulant_snrm2_seed71001,channel.carrier.initial_phase_abs_mean_rad,1.552568
blind_cumulant_snrm2_seed71001,blind_cumulant_snrm2_seed71001,Blind differential-cumulant classifier · -2 dB · seed 71001,blind_cumulant,Blind differential cumulant,blind_cumulant,71001,snr_db=m2,paired held-out symbol/carrier/noise seed,baseline,20260727T150345Z_modulation_recognition_blind_carrier__blind_cumulant_snrm2_seed71001,channel.snr_db,-2
blind_cumulant_snrm2_seed71001,blind_cumulant_snrm2_seed71001,Blind differential-cumulant classifier · -2 dB · seed 71001,blind_cumulant,Blind differential cumulant,blind_cumulant,71001,snr_db=m2,paired held-out symbol/carrier/noise seed,baseline,20260727T150345Z_modulation_recognition_blind_carrier__blind_cumulant_snrm2_seed71001,channel.snr_db_max,-2
blind_cumulant_snrm2_seed71001,blind_cumulant_snrm2_seed71001,Blind differential-cumulant classifier · -2 dB · seed 71001,blind_cumulant,Blind differential cumulant,blind_cumulant,71001,snr_db=m2,paired held-out symbol/carrier/noise seed,baseline,20260727T150345Z_modulation_recognition_blind_carrier__blind_cumulant_snrm2_seed71001,channel.snr_db_min,-2
blind_cumulant_snrm2_seed71001,blind_cumulant_snrm2_seed71001,Blind differential-cumulant classifier · -2 dB · seed 71001,blind_cumulant,Blind differential cumulant,blind_cumulant,71001,snr_db=m2,paired held-out symbol/carrier/noise seed,baseline,20260727T150345Z_modulation_recognition_blind_carrier__blind_cumulant_snrm2_seed71001,classification.balanced_accuracy,0.333333
blind_cumulant_snrm2_seed71001,blind_cumulant_snrm2_seed71001,Blind differential-cumulant classifier · -2 dB · seed 71001,blind_cumulant,Blind differential cumulant,blind_cumulant,71001,snr_db=m2,paired held-out symbol/carrier/noise seed,baseline,20260727T150345Z_modulation_recognition_blind_carrier__blind_cumulant_snrm2_seed71001,memory.run.end_rss_bytes,476844032
blind_cumulant_snrm2_seed71001,blind_cumulant_snrm2_seed71001,Blind differential-cumulant classifier · -2 dB · seed 71001,blind_cumulant,Blind differential cumulant,blind_cumulant,71001,snr_db=m2,paired held-out symbol/carrier/noise seed,baseline,20260727T150345Z_modulation_recognition_blind_carrier__blind_cumulant_snrm2_seed71001,memory.run.peak_rss_bytes,582905856
blind_cumulant_snrm2_seed71001,blind_cumulant_snrm2_seed71001,Blind differential-cumulant classifier · -2 dB · seed 71001,blind_cumulant,Blind differential cumulant,blind_cumulant,71001,snr_db=m2,paired held-out symbol/carrier/noise seed,baseline,20260727T150345Z_modulation_recognition_blind_carrier__blind_cumulant_snrm2_seed71001,memory.run.peak_rss_delta_bytes,117981184
blind_cumulant_snrm2_seed71001,blind_cumulant_snrm2_seed71001,Blind differential-cumulant classifier · -2 dB · seed 71001,blind_cumulant,Blind differential cumulant,blind_cumulant,71001,snr_db=m2,paired held-out symbol/carrier/noise seed,baseline,20260727T150345Z_modulation_recognition_blind_carrier__blind_cumulant_snrm2_seed71001,memory.run.sampler_interval_s,0.05
blind_cumulant_snrm2_seed71001,blind_cumulant_snrm2_seed71001,Blind differential-cumulant classifier · -2 dB · seed 71001,blind_cumulant,Blind differential cumulant,blind_cumulant,71001,snr_db=m2,paired held-out symbol/carrier/noise seed,baseline,20260727T150345Z_modulation_recognition_blind_carrier__blind_cumulant_snrm2_seed71001,memory.run.start_rss_bytes,464924672
blind_cumulant_snrm2_seed71001,blind_cumulant_snrm2_seed71001,Blind differential-cumulant classifier · -2 dB · seed 71001,blind_cumulant,Blind differential cumulant,blind_cumulant,71001,snr_db=m2,paired held-out symbol/carrier/noise seed,baseline,20260727T150345Z_modulation_recognition_blind_carrier__blind_cumulant_snrm2_seed71001,modulation_recognition.accuracy,0.333333
blind_cumulant_snrm2_seed71001,blind_cumulant_snrm2_seed71001,Blind differential-cumulant classifier · -2 dB · seed 71001,blind_cumulant,Blind differential cumulant,blind_cumulant,71001,snr_db=m2,paired held-out symbol/carrier/noise seed,baseline,20260727T150345Z_modulation_recognition_blind_carrier__blind_cumulant_snrm2_seed71001,modulation_recognition.balanced_accuracy,0.333333
blind_cumulant_snrm2_seed71001,blind_cumulant_snrm2_seed71001,Blind differential-cumulant classifier · -2 dB · seed 71001,blind_cumulant,Blind differential cumulant,blind_cumulant,71001,snr_db=m2,paired held-out symbol/carrier/noise seed,baseline,20260727T150345Z_modulation_recognition_blind_carrier__blind_cumulant_snrm2_seed71001,modulation_recognition.frame_count,1536
blind_cumulant_snrm2_seed71001,blind_cumulant_snrm2_seed71001,Blind differential-cumulant classifier · -2 dB · seed 71001,blind_cumulant,Blind differential cumulant,blind_cumulant,71001,snr_db=m2,paired held-out symbol/carrier/noise seed,baseline,20260727T150345Z_modulation_recognition_blind_carrier__blind_cumulant_snrm2_seed71001,modulation_recognition.macro_f1,0.166667
blind_cumulant_snrm2_seed71001,blind_cumulant_snrm2_seed71001,Blind differential-cumulant classifier · -2 dB · seed 71001,blind_cumulant,Blind differential cumulant,blind_cumulant,71001,snr_db=m2,paired held-out symbol/carrier/noise seed,baseline,20260727T150345Z_modulation_recognition_blind_carrier__blind_cumulant_snrm2_seed71001,modulation_recognition.predicted_frame_count,1536
blind_cumulant_snrm2_seed71001,blind_cumulant_snrm2_seed71001,Blind differential-cumulant classifier · -2 dB · seed 71001,blind_cumulant,Blind differential cumulant,blind_cumulant,71001,snr_db=m2,paired held-out symbol/carrier/noise seed,baseline,20260727T150345Z_modulation_recognition_blind_carrier__blind_cumulant_snrm2_seed71001,modulation_recognition.symbols_per_frame,128
blind_cumulant_snrm2_seed71001,blind_cumulant_snrm2_seed71001,Blind differential-cumulant classifier · -2 dB · seed 71001,blind_cumulant,Blind differential cumulant,blind_cumulant,71001,snr_db=m2,paired held-out symbol/carrier/noise seed,baseline,20260727T150345Z_modulation_recognition_blind_carrier__blind_cumulant_snrm2_seed71001,steps.data.modulation_recognition.frame_count,1536
blind_cumulant_snrm2_seed71001,blind_cumulant_snrm2_seed71001,Blind differential-cumulant classifier · -2 dB · seed 71001,blind_cumulant,Blind differential cumulant,blind_cumulant,71001,snr_db=m2,paired held-out symbol/carrier/noise seed,baseline,20260727T150345Z_modulation_recognition_blind_carrier__blind_cumulant_snrm2_seed71001,steps.data.modulation_recognition.symbols_per_frame,128
blind_cumulant_snrm2_seed71001,blind_cumulant_snrm2_seed71001,Blind differential-cumulant classifier · -2 dB · seed 71001,blind_cumulant,Blind differential cumulant,blind_cumulant,71001,snr_db=m2,paired held-out symbol/carrier/noise seed,baseline,20260727T150345Z_modulation_recognition_blind_carrier__blind_cumulant_snrm2_seed71001,steps.data.timing.step.wall_time_s,0.06359
blind_cumulant_snrm2_seed71001,blind_cumulant_snrm2_seed71001,Blind differential-cumulant classifier · -2 dB · seed 71001,blind_cumulant,Blind differential cumulant,blind_cumulant,71001,snr_db=m2,paired held-out symbol/carrier/noise seed,baseline,20260727T150345Z_modulation_recognition_blind_carrier__blind_cumulant_snrm2_seed71001,steps.evaluation.channel.snr_db,-2
blind_cumulant_snrm2_seed71001,blind_cumulant_snrm2_seed71001,Blind differential-cumulant classifier · -2 dB · seed 71001,blind_cumulant,Blind differential cumulant,blind_cumulant,71001,snr_db=m2,paired held-out symbol/carrier/noise seed,baseline,20260727T150345Z_modulation_recognition_blind_carrier__blind_cumulant_snrm2_seed71001,steps.evaluation.classification.balanced_accuracy,0.333333
blind_cumulant_snrm2_seed71001,blind_cumulant_snrm2_seed71001,Blind differential-cumulant classifier · -2 dB · seed 71001,blind_cumulant,Blind differential cumulant,blind_cumulant,71001,snr_db=m2,paired held-out symbol/carrier/noise seed,baseline,20260727T150345Z_modulation_recognition_blind_carrier__blind_cumulant_snrm2_seed71001,steps.evaluation.modulation_recognition.accuracy,0.333333
blind_cumulant_snrm2_seed71001,blind_cumulant_snrm2_seed71001,Blind differential-cumulant classifier · -2 dB · seed 71001,blind_cumulant,Blind differential cumulant,blind_cumulant,71001,snr_db=m2,paired held-out symbol/carrier/noise seed,baseline,20260727T150345Z_modulation_recognition_blind_carrier__blind_cumulant_snrm2_seed71001,steps.evaluation.modulation_recognition.balanced_accuracy,0.333333
blind_cumulant_snrm2_seed71001,blind_cumulant_snrm2_seed71001,Blind differential-cumulant classifier · -2 dB · seed 71001,blind_cumulant,Blind differential cumulant,blind_cumulant,71001,snr_db=m2,paired held-out symbol/carrier/noise seed,baseline,20260727T150345Z_modulation_recognition_blind_carrier__blind_cumulant_snrm2_seed71001,steps.evaluation.modulation_recognition.macro_f1,0.166667
blind_cumulant_snrm2_seed71001,blind_cumulant_snrm2_seed71001,Blind differential-cumulant classifier · -2 dB · seed 71001,blind_cumulant,Blind differential cumulant,blind_cumulant,71001,snr_db=m2,paired held-out symbol/carrier/noise seed,baseline,20260727T150345Z_modulation_recognition_blind_carrier__blind_cumulant_snrm2_seed71001,steps.evaluation.task.accuracy,0.333333
blind_cumulant_snrm2_seed71001,blind_cumulant_snrm2_seed71001,Blind differential-cumulant classifier · -2 dB · seed 71001,blind_cumulant,Blind differential cumulant,blind_cumulant,71001,snr_db=m2,paired held-out symbol/carrier/noise seed,baseline,20260727T150345Z_modulation_recognition_blind_carrier__blind_cumulant_snrm2_seed71001,steps.evaluation.task.score,0.166667
blind_cumulant_snrm2_seed71001,blind_cumulant_snrm2_seed71001,Blind differential-cumulant classifier · -2 dB · seed 71001,blind_cumulant,Blind differential cumulant,blind_cumulant,71001,snr_db=m2,paired held-out symbol/carrier/noise seed,baseline,20260727T150345Z_modulation_recognition_blind_carrier__blind_cumulant_snrm2_seed71001,steps.evaluation.timing.step.wall_time_s,0.009599
blind_cumulant_snrm2_seed71001,blind_cumulant_snrm2_seed71001,Blind differential-cumulant classifier · -2 dB · seed 71001,blind_cumulant,Blind differential cumulant,blind_cumulant,71001,snr_db=m2,paired held-out symbol/carrier/noise seed,baseline,20260727T150345Z_modulation_recognition_blind_carrier__blind_cumulant_snrm2_seed71001,steps.observation.channel.carrier.cfo_abs_mean_cycles_per_symbol,0.002954
blind_cumulant_snrm2_seed71001,blind_cumulant_snrm2_seed71001,Blind differential-cumulant classifier · -2 dB · seed 71001,blind_cumulant,Blind differential cumulant,blind_cumulant,71001,snr_db=m2,paired held-out symbol/carrier/noise seed,baseline,20260727T150345Z_modulation_recognition_blind_carrier__blind_cumulant_snrm2_seed71001,steps.observation.channel.carrier.initial_phase_abs_mean_rad,1.552568
blind_cumulant_snrm2_seed71001,blind_cumulant_snrm2_seed71001,Blind differential-cumulant classifier · -2 dB · seed 71001,blind_cumulant,Blind differential cumulant,blind_cumulant,71001,snr_db=m2,paired held-out symbol/carrier/noise seed,baseline,20260727T150345Z_modulation_recognition_blind_carrier__blind_cumulant_snrm2_seed71001,steps.observation.channel.snr_db,-2
blind_cumulant_snrm2_seed71001,blind_cumulant_snrm2_seed71001,Blind differential-cumulant classifier · -2 dB · seed 71001,blind_cumulant,Blind differential cumulant,blind_cumulant,71001,snr_db=m2,paired held-out symbol/carrier/noise seed,baseline,20260727T150345Z_modulation_recognition_blind_carrier__blind_cumulant_snrm2_seed71001,steps.observation.channel.snr_db_max,-2
blind_cumulant_snrm2_seed71001,blind_cumulant_snrm2_seed71001,Blind differential-cumulant classifier · -2 dB · seed 71001,blind_cumulant,Blind differential cumulant,blind_cumulant,71001,snr_db=m2,paired held-out symbol/carrier/noise seed,baseline,20260727T150345Z_modulation_recognition_blind_carrier__blind_cumulant_snrm2_seed71001,steps.observation.channel.snr_db_min,-2
blind_cumulant_snrm2_seed71001,blind_cumulant_snrm2_seed71001,Blind differential-cumulant classifier · -2 dB · seed 71001,blind_cumulant,Blind differential cumulant,blind_cumulant,71001,snr_db=m2,paired held-out symbol/carrier/noise seed,baseline,20260727T150345Z_modulation_recognition_blind_carrier__blind_cumulant_snrm2_seed71001,steps.observation.modulation_recognition.frame_count,1536
blind_cumulant_snrm2_seed71001,blind_cumulant_snrm2_seed71001,Blind differential-cumulant classifier · -2 dB · seed 71001,blind_cumulant,Blind differential cumulant,blind_cumulant,71001,snr_db=m2,paired held-out symbol/carrier/noise seed,baseline,20260727T150345Z_modulation_recognition_blind_carrier__blind_cumulant_snrm2_seed71001,steps.observation.timing.step.wall_time_s,0.087211
blind_cumulant_snrm2_seed71001,blind_cumulant_snrm2_seed71001,Blind differential-cumulant classifier · -2 dB · seed 71001,blind_cumulant,Blind differential cumulant,blind_cumulant,71001,snr_db=m2,paired held-out symbol/carrier/noise seed,baseline,20260727T150345Z_modulation_recognition_blind_carrier__blind_cumulant_snrm2_seed71001,steps.receiver.modulation_recognition.predicted_frame_count,1536
blind_cumulant_snrm2_seed71001,blind_cumulant_snrm2_seed71001,Blind differential-cumulant classifier · -2 dB · seed 71001,blind_cumulant,Blind differential cumulant,blind_cumulant,71001,snr_db=m2,paired held-out symbol/carrier/noise seed,baseline,20260727T150345Z_modulation_recognition_blind_carrier__blind_cumulant_snrm2_seed71001,steps.receiver.timing.step.wall_time_s,0.274274
blind_cumulant_snrm2_seed71001,blind_cumulant_snrm2_seed71001,Blind differential-cumulant classifier · -2 dB · seed 71001,blind_cumulant,Blind differential cumulant,blind_cumulant,71001,snr_db=m2,paired held-out symbol/carrier/noise seed,baseline,20260727T150345Z_modulation_recognition_blind_carrier__blind_cumulant_snrm2_seed71001,task.accuracy,0.333333
blind_cumulant_snrm2_seed71001,blind_cumulant_snrm2_seed71001,Blind differential-cumulant classifier · -2 dB · seed 71001,blind_cumulant,Blind differential cumulant,blind_cumulant,71001,snr_db=m2,paired held-out symbol/carrier/noise seed,baseline,20260727T150345Z_modulation_recognition_blind_carrier__blind_cumulant_snrm2_seed71001,task.score,0.166667
blind_cumulant_snrm2_seed72001,blind_cumulant_snrm2_seed72001,Blind differential-cumulant classifier · -2 dB · seed 72001,blind_cumulant,Blind differential cumulant,blind_cumulant,72001,snr_db=m2,paired held-out symbol/carrier/noise seed,baseline,20260727T150350Z_modulation_recognition_blind_carrier__blind_cumulant_snrm2_seed72001,channel.carrier.cfo_abs_mean_cycles_per_symbol,0.002995
blind_cumulant_snrm2_seed72001,blind_cumulant_snrm2_seed72001,Blind differential-cumulant classifier · -2 dB · seed 72001,blind_cumulant,Blind differential cumulant,blind_cumulant,72001,snr_db=m2,paired held-out symbol/carrier/noise seed,baseline,20260727T150350Z_modulation_recognition_blind_carrier__blind_cumulant_snrm2_seed72001,channel.carrier.initial_phase_abs_mean_rad,1.588569
blind_cumulant_snrm2_seed72001,blind_cumulant_snrm2_seed72001,Blind differential-cumulant classifier · -2 dB · seed 72001,blind_cumulant,Blind differential cumulant,blind_cumulant,72001,snr_db=m2,paired held-out symbol/carrier/noise seed,baseline,20260727T150350Z_modulation_recognition_blind_carrier__blind_cumulant_snrm2_seed72001,channel.snr_db,-2
blind_cumulant_snrm2_seed72001,blind_cumulant_snrm2_seed72001,Blind differential-cumulant classifier · -2 dB · seed 72001,blind_cumulant,Blind differential cumulant,blind_cumulant,72001,snr_db=m2,paired held-out symbol/carrier/noise seed,baseline,20260727T150350Z_modulation_recognition_blind_carrier__blind_cumulant_snrm2_seed72001,channel.snr_db_max,-2
blind_cumulant_snrm2_seed72001,blind_cumulant_snrm2_seed72001,Blind differential-cumulant classifier · -2 dB · seed 72001,blind_cumulant,Blind differential cumulant,blind_cumulant,72001,snr_db=m2,paired held-out symbol/carrier/noise seed,baseline,20260727T150350Z_modulation_recognition_blind_carrier__blind_cumulant_snrm2_seed72001,channel.snr_db_min,-2
blind_cumulant_snrm2_seed72001,blind_cumulant_snrm2_seed72001,Blind differential-cumulant classifier · -2 dB · seed 72001,blind_cumulant,Blind differential cumulant,blind_cumulant,72001,snr_db=m2,paired held-out symbol/carrier/noise seed,baseline,20260727T150350Z_modulation_recognition_blind_carrier__blind_cumulant_snrm2_seed72001,classification.balanced_accuracy,0.333333
blind_cumulant_snrm2_seed72001,blind_cumulant_snrm2_seed72001,Blind differential-cumulant classifier · -2 dB · seed 72001,blind_cumulant,Blind differential cumulant,blind_cumulant,72001,snr_db=m2,paired held-out symbol/carrier/noise seed,baseline,20260727T150350Z_modulation_recognition_blind_carrier__blind_cumulant_snrm2_seed72001,memory.run.end_rss_bytes,660189184
blind_cumulant_snrm2_seed72001,blind_cumulant_snrm2_seed72001,Blind differential-cumulant classifier · -2 dB · seed 72001,blind_cumulant,Blind differential cumulant,blind_cumulant,72001,snr_db=m2,paired held-out symbol/carrier/noise seed,baseline,20260727T150350Z_modulation_recognition_blind_carrier__blind_cumulant_snrm2_seed72001,memory.run.peak_rss_bytes,758206464
blind_cumulant_snrm2_seed72001,blind_cumulant_snrm2_seed72001,Blind differential-cumulant classifier · -2 dB · seed 72001,blind_cumulant,Blind differential cumulant,blind_cumulant,72001,snr_db=m2,paired held-out symbol/carrier/noise seed,baseline,20260727T150350Z_modulation_recognition_blind_carrier__blind_cumulant_snrm2_seed72001,memory.run.peak_rss_delta_bytes,90214400
blind_cumulant_snrm2_seed72001,blind_cumulant_snrm2_seed72001,Blind differential-cumulant classifier · -2 dB · seed 72001,blind_cumulant,Blind differential cumulant,blind_cumulant,72001,snr_db=m2,paired held-out symbol/carrier/noise seed,baseline,20260727T150350Z_modulation_recognition_blind_carrier__blind_cumulant_snrm2_seed72001,memory.run.sampler_interval_s,0.05
blind_cumulant_snrm2_seed72001,blind_cumulant_snrm2_seed72001,Blind differential-cumulant classifier · -2 dB · seed 72001,blind_cumulant,Blind differential cumulant,blind_cumulant,72001,snr_db=m2,paired held-out symbol/carrier/noise seed,baseline,20260727T150350Z_modulation_recognition_blind_carrier__blind_cumulant_snrm2_seed72001,memory.run.start_rss_bytes,667992064
blind_cumulant_snrm2_seed72001,blind_cumulant_snrm2_seed72001,Blind differential-cumulant classifier · -2 dB · seed 72001,blind_cumulant,Blind differential cumulant,blind_cumulant,72001,snr_db=m2,paired held-out symbol/carrier/noise seed,baseline,20260727T150350Z_modulation_recognition_blind_carrier__blind_cumulant_snrm2_seed72001,modulation_recognition.accuracy,0.333333
blind_cumulant_snrm2_seed72001,blind_cumulant_snrm2_seed72001,Blind differential-cumulant classifier · -2 dB · seed 72001,blind_cumulant,Blind differential cumulant,blind_cumulant,72001,snr_db=m2,paired held-out symbol/carrier/noise seed,baseline,20260727T150350Z_modulation_recognition_blind_carrier__blind_cumulant_snrm2_seed72001,modulation_recognition.balanced_accuracy,0.333333
blind_cumulant_snrm2_seed72001,blind_cumulant_snrm2_seed72001,Blind differential-cumulant classifier · -2 dB · seed 72001,blind_cumulant,Blind differential cumulant,blind_cumulant,72001,snr_db=m2,paired held-out symbol/carrier/noise seed,baseline,20260727T150350Z_modulation_recognition_blind_carrier__blind_cumulant_snrm2_seed72001,modulation_recognition.frame_count,1536
blind_cumulant_snrm2_seed72001,blind_cumulant_snrm2_seed72001,Blind differential-cumulant classifier · -2 dB · seed 72001,blind_cumulant,Blind differential cumulant,blind_cumulant,72001,snr_db=m2,paired held-out symbol/carrier/noise seed,baseline,20260727T150350Z_modulation_recognition_blind_carrier__blind_cumulant_snrm2_seed72001,modulation_recognition.macro_f1,0.166667
blind_cumulant_snrm2_seed72001,blind_cumulant_snrm2_seed72001,Blind differential-cumulant classifier · -2 dB · seed 72001,blind_cumulant,Blind differential cumulant,blind_cumulant,72001,snr_db=m2,paired held-out symbol/carrier/noise seed,baseline,20260727T150350Z_modulation_recognition_blind_carrier__blind_cumulant_snrm2_seed72001,modulation_recognition.predicted_frame_count,1536
blind_cumulant_snrm2_seed72001,blind_cumulant_snrm2_seed72001,Blind differential-cumulant classifier · -2 dB · seed 72001,blind_cumulant,Blind differential cumulant,blind_cumulant,72001,snr_db=m2,paired held-out symbol/carrier/noise seed,baseline,20260727T150350Z_modulation_recognition_blind_carrier__blind_cumulant_snrm2_seed72001,modulation_recognition.symbols_per_frame,128
blind_cumulant_snrm2_seed72001,blind_cumulant_snrm2_seed72001,Blind differential-cumulant classifier · -2 dB · seed 72001,blind_cumulant,Blind differential cumulant,blind_cumulant,72001,snr_db=m2,paired held-out symbol/carrier/noise seed,baseline,20260727T150350Z_modulation_recognition_blind_carrier__blind_cumulant_snrm2_seed72001,steps.data.modulation_recognition.frame_count,1536
blind_cumulant_snrm2_seed72001,blind_cumulant_snrm2_seed72001,Blind differential-cumulant classifier · -2 dB · seed 72001,blind_cumulant,Blind differential cumulant,blind_cumulant,72001,snr_db=m2,paired held-out symbol/carrier/noise seed,baseline,20260727T150350Z_modulation_recognition_blind_carrier__blind_cumulant_snrm2_seed72001,steps.data.modulation_recognition.symbols_per_frame,128
blind_cumulant_snrm2_seed72001,blind_cumulant_snrm2_seed72001,Blind differential-cumulant classifier · -2 dB · seed 72001,blind_cumulant,Blind differential cumulant,blind_cumulant,72001,snr_db=m2,paired held-out symbol/carrier/noise seed,baseline,20260727T150350Z_modulation_recognition_blind_carrier__blind_cumulant_snrm2_seed72001,steps.data.timing.step.wall_time_s,0.061764
blind_cumulant_snrm2_seed72001,blind_cumulant_snrm2_seed72001,Blind differential-cumulant classifier · -2 dB · seed 72001,blind_cumulant,Blind differential cumulant,blind_cumulant,72001,snr_db=m2,paired held-out symbol/carrier/noise seed,baseline,20260727T150350Z_modulation_recognition_blind_carrier__blind_cumulant_snrm2_seed72001,steps.evaluation.channel.snr_db,-2
blind_cumulant_snrm2_seed72001,blind_cumulant_snrm2_seed72001,Blind differential-cumulant classifier · -2 dB · seed 72001,blind_cumulant,Blind differential cumulant,blind_cumulant,72001,snr_db=m2,paired held-out symbol/carrier/noise seed,baseline,20260727T150350Z_modulation_recognition_blind_carrier__blind_cumulant_snrm2_seed72001,steps.evaluation.classification.balanced_accuracy,0.333333
blind_cumulant_snrm2_seed72001,blind_cumulant_snrm2_seed72001,Blind differential-cumulant classifier · -2 dB · seed 72001,blind_cumulant,Blind differential cumulant,blind_cumulant,72001,snr_db=m2,paired held-out symbol/carrier/noise seed,baseline,20260727T150350Z_modulation_recognition_blind_carrier__blind_cumulant_snrm2_seed72001,steps.evaluation.modulation_recognition.accuracy,0.333333
blind_cumulant_snrm2_seed72001,blind_cumulant_snrm2_seed72001,Blind differential-cumulant classifier · -2 dB · seed 72001,blind_cumulant,Blind differential cumulant,blind_cumulant,72001,snr_db=m2,paired held-out symbol/carrier/noise seed,baseline,20260727T150350Z_modulation_recognition_blind_carrier__blind_cumulant_snrm2_seed72001,steps.evaluation.modulation_recognition.balanced_accuracy,0.333333
blind_cumulant_snrm2_seed72001,blind_cumulant_snrm2_seed72001,Blind differential-cumulant classifier · -2 dB · seed 72001,blind_cumulant,Blind differential cumulant,blind_cumulant,72001,snr_db=m2,paired held-out symbol/carrier/noise seed,baseline,20260727T150350Z_modulation_recognition_blind_carrier__blind_cumulant_snrm2_seed72001,steps.evaluation.modulation_recognition.macro_f1,0.166667
blind_cumulant_snrm2_seed72001,blind_cumulant_snrm2_seed72001,Blind differential-cumulant classifier · -2 dB · seed 72001,blind_cumulant,Blind differential cumulant,blind_cumulant,72001,snr_db=m2,paired held-out symbol/carrier/noise seed,baseline,20260727T150350Z_modulation_recognition_blind_carrier__blind_cumulant_snrm2_seed72001,steps.evaluation.task.accuracy,0.333333
blind_cumulant_snrm2_seed72001,blind_cumulant_snrm2_seed72001,Blind differential-cumulant classifier · -2 dB · seed 72001,blind_cumulant,Blind differential cumulant,blind_cumulant,72001,snr_db=m2,paired held-out symbol/carrier/noise seed,baseline,20260727T150350Z_modulation_recognition_blind_carrier__blind_cumulant_snrm2_seed72001,steps.evaluation.task.score,0.166667
blind_cumulant_snrm2_seed72001,blind_cumulant_snrm2_seed72001,Blind differential-cumulant classifier · -2 dB · seed 72001,blind_cumulant,Blind differential cumulant,blind_cumulant,72001,snr_db=m2,paired held-out symbol/carrier/noise seed,baseline,20260727T150350Z_modulation_recognition_blind_carrier__blind_cumulant_snrm2_seed72001,steps.evaluation.timing.step.wall_time_s,0.006616
blind_cumulant_snrm2_seed72001,blind_cumulant_snrm2_seed72001,Blind differential-cumulant classifier · -2 dB · seed 72001,blind_cumulant,Blind differential cumulant,blind_cumulant,72001,snr_db=m2,paired held-out symbol/carrier/noise seed,baseline,20260727T150350Z_modulation_recognition_blind_carrier__blind_cumulant_snrm2_seed72001,steps.observation.channel.carrier.cfo_abs_mean_cycles_per_symbol,0.002995
blind_cumulant_snrm2_seed72001,blind_cumulant_snrm2_seed72001,Blind differential-cumulant classifier · -2 dB · seed 72001,blind_cumulant,Blind differential cumulant,blind_cumulant,72001,snr_db=m2,paired held-out symbol/carrier/noise seed,baseline,20260727T150350Z_modulation_recognition_blind_carrier__blind_cumulant_snrm2_seed72001,steps.observation.channel.carrier.initial_phase_abs_mean_rad,1.588569
blind_cumulant_snrm2_seed72001,blind_cumulant_snrm2_seed72001,Blind differential-cumulant classifier · -2 dB · seed 72001,blind_cumulant,Blind differential cumulant,blind_cumulant,72001,snr_db=m2,paired held-out symbol/carrier/noise seed,baseline,20260727T150350Z_modulation_recognition_blind_carrier__blind_cumulant_snrm2_seed72001,steps.observation.channel.snr_db,-2
blind_cumulant_snrm2_seed72001,blind_cumulant_snrm2_seed72001,Blind differential-cumulant classifier · -2 dB · seed 72001,blind_cumulant,Blind differential cumulant,blind_cumulant,72001,snr_db=m2,paired held-out symbol/carrier/noise seed,baseline,20260727T150350Z_modulation_recognition_blind_carrier__blind_cumulant_snrm2_seed72001,steps.observation.channel.snr_db_max,-2
blind_cumulant_snrm2_seed72001,blind_cumulant_snrm2_seed72001,Blind differential-cumulant classifier · -2 dB · seed 72001,blind_cumulant,Blind differential cumulant,blind_cumulant,72001,snr_db=m2,paired held-out symbol/carrier/noise seed,baseline,20260727T150350Z_modulation_recognition_blind_carrier__blind_cumulant_snrm2_seed72001,steps.observation.channel.snr_db_min,-2
blind_cumulant_snrm2_seed72001,blind_cumulant_snrm2_seed72001,Blind differential-cumulant classifier · -2 dB · seed 72001,blind_cumulant,Blind differential cumulant,blind_cumulant,72001,snr_db=m2,paired held-out symbol/carrier/noise seed,baseline,20260727T150350Z_modulation_recognition_blind_carrier__blind_cumulant_snrm2_seed72001,steps.observation.modulation_recognition.frame_count,1536
blind_cumulant_snrm2_seed72001,blind_cumulant_snrm2_seed72001,Blind differential-cumulant classifier · -2 dB · seed 72001,blind_cumulant,Blind differential cumulant,blind_cumulant,72001,snr_db=m2,paired held-out symbol/carrier/noise seed,baseline,20260727T150350Z_modulation_recognition_blind_carrier__blind_cumulant_snrm2_seed72001,steps.observation.timing.step.wall_time_s,0.090765
blind_cumulant_snrm2_seed72001,blind_cumulant_snrm2_seed72001,Blind differential-cumulant classifier · -2 dB · seed 72001,blind_cumulant,Blind differential cumulant,blind_cumulant,72001,snr_db=m2,paired held-out symbol/carrier/noise seed,baseline,20260727T150350Z_modulation_recognition_blind_carrier__blind_cumulant_snrm2_seed72001,steps.receiver.modulation_recognition.predicted_frame_count,1536
blind_cumulant_snrm2_seed72001,blind_cumulant_snrm2_seed72001,Blind differential-cumulant classifier · -2 dB · seed 72001,blind_cumulant,Blind differential cumulant,blind_cumulant,72001,snr_db=m2,paired held-out symbol/carrier/noise seed,baseline,20260727T150350Z_modulation_recognition_blind_carrier__blind_cumulant_snrm2_seed72001,steps.receiver.timing.step.wall_time_s,0.273029
blind_cumulant_snrm2_seed72001,blind_cumulant_snrm2_seed72001,Blind differential-cumulant classifier · -2 dB · seed 72001,blind_cumulant,Blind differential cumulant,blind_cumulant,72001,snr_db=m2,paired held-out symbol/carrier/noise seed,baseline,20260727T150350Z_modulation_recognition_blind_carrier__blind_cumulant_snrm2_seed72001,task.accuracy,0.333333
blind_cumulant_snrm2_seed72001,blind_cumulant_snrm2_seed72001,Blind differential-cumulant classifier · -2 dB · seed 72001,blind_cumulant,Blind differential cumulant,blind_cumulant,72001,snr_db=m2,paired held-out symbol/carrier/noise seed,baseline,20260727T150350Z_modulation_recognition_blind_carrier__blind_cumulant_snrm2_seed72001,task.score,0.166667
blind_cumulant_snrm2_seed73001,blind_cumulant_snrm2_seed73001,Blind differential-cumulant classifier · -2 dB · seed 73001,blind_cumulant,Blind differential cumulant,blind_cumulant,73001,snr_db=m2,paired held-out symbol/carrier/noise seed,baseline,20260727T150355Z_modulation_recognition_blind_carrier__blind_cumulant_snrm2_seed73001,channel.carrier.cfo_abs_mean_cycles_per_symbol,0.003047
blind_cumulant_snrm2_seed73001,blind_cumulant_snrm2_seed73001,Blind differential-cumulant classifier · -2 dB · seed 73001,blind_cumulant,Blind differential cumulant,blind_cumulant,73001,snr_db=m2,paired held-out symbol/carrier/noise seed,baseline,20260727T150355Z_modulation_recognition_blind_carrier__blind_cumulant_snrm2_seed73001,channel.carrier.initial_phase_abs_mean_rad,1.55227
blind_cumulant_snrm2_seed73001,blind_cumulant_snrm2_seed73001,Blind differential-cumulant classifier · -2 dB · seed 73001,blind_cumulant,Blind differential cumulant,blind_cumulant,73001,snr_db=m2,paired held-out symbol/carrier/noise seed,baseline,20260727T150355Z_modulation_recognition_blind_carrier__blind_cumulant_snrm2_seed73001,channel.snr_db,-2
blind_cumulant_snrm2_seed73001,blind_cumulant_snrm2_seed73001,Blind differential-cumulant classifier · -2 dB · seed 73001,blind_cumulant,Blind differential cumulant,blind_cumulant,73001,snr_db=m2,paired held-out symbol/carrier/noise seed,baseline,20260727T150355Z_modulation_recognition_blind_carrier__blind_cumulant_snrm2_seed73001,channel.snr_db_max,-2
blind_cumulant_snrm2_seed73001,blind_cumulant_snrm2_seed73001,Blind differential-cumulant classifier · -2 dB · seed 73001,blind_cumulant,Blind differential cumulant,blind_cumulant,73001,snr_db=m2,paired held-out symbol/carrier/noise seed,baseline,20260727T150355Z_modulation_recognition_blind_carrier__blind_cumulant_snrm2_seed73001,channel.snr_db_min,-2
blind_cumulant_snrm2_seed73001,blind_cumulant_snrm2_seed73001,Blind differential-cumulant classifier · -2 dB · seed 73001,blind_cumulant,Blind differential cumulant,blind_cumulant,73001,snr_db=m2,paired held-out symbol/carrier/noise seed,baseline,20260727T150355Z_modulation_recognition_blind_carrier__blind_cumulant_snrm2_seed73001,classification.balanced_accuracy,0.333333
blind_cumulant_snrm2_seed73001,blind_cumulant_snrm2_seed73001,Blind differential-cumulant classifier · -2 dB · seed 73001,blind_cumulant,Blind differential cumulant,blind_cumulant,73001,snr_db=m2,paired held-out symbol/carrier/noise seed,baseline,20260727T150355Z_modulation_recognition_blind_carrier__blind_cumulant_snrm2_seed73001,memory.run.end_rss_bytes,739016704
blind_cumulant_snrm2_seed73001,blind_cumulant_snrm2_seed73001,Blind differential-cumulant classifier · -2 dB · seed 73001,blind_cumulant,Blind differential cumulant,blind_cumulant,73001,snr_db=m2,paired held-out symbol/carrier/noise seed,baseline,20260727T150355Z_modulation_recognition_blind_carrier__blind_cumulant_snrm2_seed73001,memory.run.peak_rss_bytes,841125888
blind_cumulant_snrm2_seed73001,blind_cumulant_snrm2_seed73001,Blind differential-cumulant classifier · -2 dB · seed 73001,blind_cumulant,Blind differential cumulant,blind_cumulant,73001,snr_db=m2,paired held-out symbol/carrier/noise seed,baseline,20260727T150355Z_modulation_recognition_blind_carrier__blind_cumulant_snrm2_seed73001,memory.run.peak_rss_delta_bytes,95952896
blind_cumulant_snrm2_seed73001,blind_cumulant_snrm2_seed73001,Blind differential-cumulant classifier · -2 dB · seed 73001,blind_cumulant,Blind differential cumulant,blind_cumulant,73001,snr_db=m2,paired held-out symbol/carrier/noise seed,baseline,20260727T150355Z_modulation_recognition_blind_carrier__blind_cumulant_snrm2_seed73001,memory.run.sampler_interval_s,0.05
blind_cumulant_snrm2_seed73001,blind_cumulant_snrm2_seed73001,Blind differential-cumulant classifier · -2 dB · seed 73001,blind_cumulant,Blind differential cumulant,blind_cumulant,73001,snr_db=m2,paired held-out symbol/carrier/noise seed,baseline,20260727T150355Z_modulation_recognition_blind_carrier__blind_cumulant_snrm2_seed73001,memory.run.start_rss_bytes,745172992
blind_cumulant_snrm2_seed73001,blind_cumulant_snrm2_seed73001,Blind differential-cumulant classifier · -2 dB · seed 73001,blind_cumulant,Blind differential cumulant,blind_cumulant,73001,snr_db=m2,paired held-out symbol/carrier/noise seed,baseline,20260727T150355Z_modulation_recognition_blind_carrier__blind_cumulant_snrm2_seed73001,modulation_recognition.accuracy,0.333333
blind_cumulant_snrm2_seed73001,blind_cumulant_snrm2_seed73001,Blind differential-cumulant classifier · -2 dB · seed 73001,blind_cumulant,Blind differential cumulant,blind_cumulant,73001,snr_db=m2,paired held-out symbol/carrier/noise seed,baseline,20260727T150355Z_modulation_recognition_blind_carrier__blind_cumulant_snrm2_seed73001,modulation_recognition.balanced_accuracy,0.333333
blind_cumulant_snrm2_seed73001,blind_cumulant_snrm2_seed73001,Blind differential-cumulant classifier · -2 dB · seed 73001,blind_cumulant,Blind differential cumulant,blind_cumulant,73001,snr_db=m2,paired held-out symbol/carrier/noise seed,baseline,20260727T150355Z_modulation_recognition_blind_carrier__blind_cumulant_snrm2_seed73001,modulation_recognition.frame_count,1536
blind_cumulant_snrm2_seed73001,blind_cumulant_snrm2_seed73001,Blind differential-cumulant classifier · -2 dB · seed 73001,blind_cumulant,Blind differential cumulant,blind_cumulant,73001,snr_db=m2,paired held-out symbol/carrier/noise seed,baseline,20260727T150355Z_modulation_recognition_blind_carrier__blind_cumulant_snrm2_seed73001,modulation_recognition.macro_f1,0.166667
blind_cumulant_snrm2_seed73001,blind_cumulant_snrm2_seed73001,Blind differential-cumulant classifier · -2 dB · seed 73001,blind_cumulant,Blind differential cumulant,blind_cumulant,73001,snr_db=m2,paired held-out symbol/carrier/noise seed,baseline,20260727T150355Z_modulation_recognition_blind_carrier__blind_cumulant_snrm2_seed73001,modulation_recognition.predicted_frame_count,1536
blind_cumulant_snrm2_seed73001,blind_cumulant_snrm2_seed73001,Blind differential-cumulant classifier · -2 dB · seed 73001,blind_cumulant,Blind differential cumulant,blind_cumulant,73001,snr_db=m2,paired held-out symbol/carrier/noise seed,baseline,20260727T150355Z_modulation_recognition_blind_carrier__blind_cumulant_snrm2_seed73001,modulation_recognition.symbols_per_frame,128
blind_cumulant_snrm2_seed73001,blind_cumulant_snrm2_seed73001,Blind differential-cumulant classifier · -2 dB · seed 73001,blind_cumulant,Blind differential cumulant,blind_cumulant,73001,snr_db=m2,paired held-out symbol/carrier/noise seed,baseline,20260727T150355Z_modulation_recognition_blind_carrier__blind_cumulant_snrm2_seed73001,steps.data.modulation_recognition.frame_count,1536
blind_cumulant_snrm2_seed73001,blind_cumulant_snrm2_seed73001,Blind differential-cumulant classifier · -2 dB · seed 73001,blind_cumulant,Blind differential cumulant,blind_cumulant,73001,snr_db=m2,paired held-out symbol/carrier/noise seed,baseline,20260727T150355Z_modulation_recognition_blind_carrier__blind_cumulant_snrm2_seed73001,steps.data.modulation_recognition.symbols_per_frame,128
blind_cumulant_snrm2_seed73001,blind_cumulant_snrm2_seed73001,Blind differential-cumulant classifier · -2 dB · seed 73001,blind_cumulant,Blind differential cumulant,blind_cumulant,73001,snr_db=m2,paired held-out symbol/carrier/noise seed,baseline,20260727T150355Z_modulation_recognition_blind_carrier__blind_cumulant_snrm2_seed73001,steps.data.timing.step.wall_time_s,0.059338
blind_cumulant_snrm2_seed73001,blind_cumulant_snrm2_seed73001,Blind differential-cumulant classifier · -2 dB · seed 73001,blind_cumulant,Blind differential cumulant,blind_cumulant,73001,snr_db=m2,paired held-out symbol/carrier/noise seed,baseline,20260727T150355Z_modulation_recognition_blind_carrier__blind_cumulant_snrm2_seed73001,steps.evaluation.channel.snr_db,-2
blind_cumulant_snrm2_seed73001,blind_cumulant_snrm2_seed73001,Blind differential-cumulant classifier · -2 dB · seed 73001,blind_cumulant,Blind differential cumulant,blind_cumulant,73001,snr_db=m2,paired held-out symbol/carrier/noise seed,baseline,20260727T150355Z_modulation_recognition_blind_carrier__blind_cumulant_snrm2_seed73001,steps.evaluation.classification.balanced_accuracy,0.333333
blind_cumulant_snrm2_seed73001,blind_cumulant_snrm2_seed73001,Blind differential-cumulant classifier · -2 dB · seed 73001,blind_cumulant,Blind differential cumulant,blind_cumulant,73001,snr_db=m2,paired held-out symbol/carrier/noise seed,baseline,20260727T150355Z_modulation_recognition_blind_carrier__blind_cumulant_snrm2_seed73001,steps.evaluation.modulation_recognition.accuracy,0.333333
blind_cumulant_snrm2_seed73001,blind_cumulant_snrm2_seed73001,Blind differential-cumulant classifier · -2 dB · seed 73001,blind_cumulant,Blind differential cumulant,blind_cumulant,73001,snr_db=m2,paired held-out symbol/carrier/noise seed,baseline,20260727T150355Z_modulation_recognition_blind_carrier__blind_cumulant_snrm2_seed73001,steps.evaluation.modulation_recognition.balanced_accuracy,0.333333
blind_cumulant_snrm2_seed73001,blind_cumulant_snrm2_seed73001,Blind differential-cumulant classifier · -2 dB · seed 73001,blind_cumulant,Blind differential cumulant,blind_cumulant,73001,snr_db=m2,paired held-out symbol/carrier/noise seed,baseline,20260727T150355Z_modulation_recognition_blind_carrier__blind_cumulant_snrm2_seed73001,steps.evaluation.modulation_recognition.macro_f1,0.166667
blind_cumulant_snrm2_seed73001,blind_cumulant_snrm2_seed73001,Blind differential-cumulant classifier · -2 dB · seed 73001,blind_cumulant,Blind differential cumulant,blind_cumulant,73001,snr_db=m2,paired held-out symbol/carrier/noise seed,baseline,20260727T150355Z_modulation_recognition_blind_carrier__blind_cumulant_snrm2_seed73001,steps.evaluation.task.accuracy,0.333333
blind_cumulant_snrm2_seed73001,blind_cumulant_snrm2_seed73001,Blind differential-cumulant classifier · -2 dB · seed 73001,blind_cumulant,Blind differential cumulant,blind_cumulant,73001,snr_db=m2,paired held-out symbol/carrier/noise seed,baseline,20260727T150355Z_modulation_recognition_blind_carrier__blind_cumulant_snrm2_seed73001,steps.evaluation.task.score,0.166667
blind_cumulant_snrm2_seed73001,blind_cumulant_snrm2_seed73001,Blind differential-cumulant classifier · -2 dB · seed 73001,blind_cumulant,Blind differential cumulant,blind_cumulant,73001,snr_db=m2,paired held-out symbol/carrier/noise seed,baseline,20260727T150355Z_modulation_recognition_blind_carrier__blind_cumulant_snrm2_seed73001,steps.evaluation.timing.step.wall_time_s,0.007355
blind_cumulant_snrm2_seed73001,blind_cumulant_snrm2_seed73001,Blind differential-cumulant classifier · -2 dB · seed 73001,blind_cumulant,Blind differential cumulant,blind_cumulant,73001,snr_db=m2,paired held-out symbol/carrier/noise seed,baseline,20260727T150355Z_modulation_recognition_blind_carrier__blind_cumulant_snrm2_seed73001,steps.observation.channel.carrier.cfo_abs_mean_cycles_per_symbol,0.003047
blind_cumulant_snrm2_seed73001,blind_cumulant_snrm2_seed73001,Blind differential-cumulant classifier · -2 dB · seed 73001,blind_cumulant,Blind differential cumulant,blind_cumulant,73001,snr_db=m2,paired held-out symbol/carrier/noise seed,baseline,20260727T150355Z_modulation_recognition_blind_carrier__blind_cumulant_snrm2_seed73001,steps.observation.channel.carrier.initial_phase_abs_mean_rad,1.55227
blind_cumulant_snrm2_seed73001,blind_cumulant_snrm2_seed73001,Blind differential-cumulant classifier · -2 dB · seed 73001,blind_cumulant,Blind differential cumulant,blind_cumulant,73001,snr_db=m2,paired held-out symbol/carrier/noise seed,baseline,20260727T150355Z_modulation_recognition_blind_carrier__blind_cumulant_snrm2_seed73001,steps.observation.channel.snr_db,-2
blind_cumulant_snrm2_seed73001,blind_cumulant_snrm2_seed73001,Blind differential-cumulant classifier · -2 dB · seed 73001,blind_cumulant,Blind differential cumulant,blind_cumulant,73001,snr_db=m2,paired held-out symbol/carrier/noise seed,baseline,20260727T150355Z_modulation_recognition_blind_carrier__blind_cumulant_snrm2_seed73001,steps.observation.channel.snr_db_max,-2
blind_cumulant_snrm2_seed73001,blind_cumulant_snrm2_seed73001,Blind differential-cumulant classifier · -2 dB · seed 73001,blind_cumulant,Blind differential cumulant,blind_cumulant,73001,snr_db=m2,paired held-out symbol/carrier/noise seed,baseline,20260727T150355Z_modulation_recognition_blind_carrier__blind_cumulant_snrm2_seed73001,steps.observation.channel.snr_db_min,-2
blind_cumulant_snrm2_seed73001,blind_cumulant_snrm2_seed73001,Blind differential-cumulant classifier · -2 dB · seed 73001,blind_cumulant,Blind differential cumulant,blind_cumulant,73001,snr_db=m2,paired held-out symbol/carrier/noise seed,baseline,20260727T150355Z_modulation_recognition_blind_carrier__blind_cumulant_snrm2_seed73001,steps.observation.modulation_recognition.frame_count,1536
blind_cumulant_snrm2_seed73001,blind_cumulant_snrm2_seed73001,Blind differential-cumulant classifier · -2 dB · seed 73001,blind_cumulant,Blind differential cumulant,blind_cumulant,73001,snr_db=m2,paired held-out symbol/carrier/noise seed,baseline,20260727T150355Z_modulation_recognition_blind_carrier__blind_cumulant_snrm2_seed73001,steps.observation.timing.step.wall_time_s,0.084327
blind_cumulant_snrm2_seed73001,blind_cumulant_snrm2_seed73001,Blind differential-cumulant classifier · -2 dB · seed 73001,blind_cumulant,Blind differential cumulant,blind_cumulant,73001,snr_db=m2,paired held-out symbol/carrier/noise seed,baseline,20260727T150355Z_modulation_recognition_blind_carrier__blind_cumulant_snrm2_seed73001,steps.receiver.modulation_recognition.predicted_frame_count,1536
blind_cumulant_snrm2_seed73001,blind_cumulant_snrm2_seed73001,Blind differential-cumulant classifier · -2 dB · seed 73001,blind_cumulant,Blind differential cumulant,blind_cumulant,73001,snr_db=m2,paired held-out symbol/carrier/noise seed,baseline,20260727T150355Z_modulation_recognition_blind_carrier__blind_cumulant_snrm2_seed73001,steps.receiver.timing.step.wall_time_s,0.291101
blind_cumulant_snrm2_seed73001,blind_cumulant_snrm2_seed73001,Blind differential-cumulant classifier · -2 dB · seed 73001,blind_cumulant,Blind differential cumulant,blind_cumulant,73001,snr_db=m2,paired held-out symbol/carrier/noise seed,baseline,20260727T150355Z_modulation_recognition_blind_carrier__blind_cumulant_snrm2_seed73001,task.accuracy,0.333333
blind_cumulant_snrm2_seed73001,blind_cumulant_snrm2_seed73001,Blind differential-cumulant classifier · -2 dB · seed 73001,blind_cumulant,Blind differential cumulant,blind_cumulant,73001,snr_db=m2,paired held-out symbol/carrier/noise seed,baseline,20260727T150355Z_modulation_recognition_blind_carrier__blind_cumulant_snrm2_seed73001,task.score,0.166667
blind_cumulant_snr2_seed71001,blind_cumulant_snr2_seed71001,Blind differential-cumulant classifier · 2 dB · seed 71001,blind_cumulant,Blind differential cumulant,blind_cumulant,71001,snr_db=2,paired held-out symbol/carrier/noise seed,baseline,20260727T150400Z_modulation_recognition_blind_carrier__blind_cumulant_snr2_seed71001,channel.carrier.cfo_abs_mean_cycles_per_symbol,0.002954
blind_cumulant_snr2_seed71001,blind_cumulant_snr2_seed71001,Blind differential-cumulant classifier · 2 dB · seed 71001,blind_cumulant,Blind differential cumulant,blind_cumulant,71001,snr_db=2,paired held-out symbol/carrier/noise seed,baseline,20260727T150400Z_modulation_recognition_blind_carrier__blind_cumulant_snr2_seed71001,channel.carrier.initial_phase_abs_mean_rad,1.552568
blind_cumulant_snr2_seed71001,blind_cumulant_snr2_seed71001,Blind differential-cumulant classifier · 2 dB · seed 71001,blind_cumulant,Blind differential cumulant,blind_cumulant,71001,snr_db=2,paired held-out symbol/carrier/noise seed,baseline,20260727T150400Z_modulation_recognition_blind_carrier__blind_cumulant_snr2_seed71001,channel.snr_db,2
blind_cumulant_snr2_seed71001,blind_cumulant_snr2_seed71001,Blind differential-cumulant classifier · 2 dB · seed 71001,blind_cumulant,Blind differential cumulant,blind_cumulant,71001,snr_db=2,paired held-out symbol/carrier/noise seed,baseline,20260727T150400Z_modulation_recognition_blind_carrier__blind_cumulant_snr2_seed71001,channel.snr_db_max,2
blind_cumulant_snr2_seed71001,blind_cumulant_snr2_seed71001,Blind differential-cumulant classifier · 2 dB · seed 71001,blind_cumulant,Blind differential cumulant,blind_cumulant,71001,snr_db=2,paired held-out symbol/carrier/noise seed,baseline,20260727T150400Z_modulation_recognition_blind_carrier__blind_cumulant_snr2_seed71001,channel.snr_db_min,2
blind_cumulant_snr2_seed71001,blind_cumulant_snr2_seed71001,Blind differential-cumulant classifier · 2 dB · seed 71001,blind_cumulant,Blind differential cumulant,blind_cumulant,71001,snr_db=2,paired held-out symbol/carrier/noise seed,baseline,20260727T150400Z_modulation_recognition_blind_carrier__blind_cumulant_snr2_seed71001,classification.balanced_accuracy,0.333333
blind_cumulant_snr2_seed71001,blind_cumulant_snr2_seed71001,Blind differential-cumulant classifier · 2 dB · seed 71001,blind_cumulant,Blind differential cumulant,blind_cumulant,71001,snr_db=2,paired held-out symbol/carrier/noise seed,baseline,20260727T150400Z_modulation_recognition_blind_carrier__blind_cumulant_snr2_seed71001,memory.run.end_rss_bytes,744792064
blind_cumulant_snr2_seed71001,blind_cumulant_snr2_seed71001,Blind differential-cumulant classifier · 2 dB · seed 71001,blind_cumulant,Blind differential cumulant,blind_cumulant,71001,snr_db=2,paired held-out symbol/carrier/noise seed,baseline,20260727T150400Z_modulation_recognition_blind_carrier__blind_cumulant_snr2_seed71001,memory.run.peak_rss_bytes,821727232
blind_cumulant_snr2_seed71001,blind_cumulant_snr2_seed71001,Blind differential-cumulant classifier · 2 dB · seed 71001,blind_cumulant,Blind differential cumulant,blind_cumulant,71001,snr_db=2,paired held-out symbol/carrier/noise seed,baseline,20260727T150400Z_modulation_recognition_blind_carrier__blind_cumulant_snr2_seed71001,memory.run.peak_rss_delta_bytes,70782976
blind_cumulant_snr2_seed71001,blind_cumulant_snr2_seed71001,Blind differential-cumulant classifier · 2 dB · seed 71001,blind_cumulant,Blind differential cumulant,blind_cumulant,71001,snr_db=2,paired held-out symbol/carrier/noise seed,baseline,20260727T150400Z_modulation_recognition_blind_carrier__blind_cumulant_snr2_seed71001,memory.run.sampler_interval_s,0.05
blind_cumulant_snr2_seed71001,blind_cumulant_snr2_seed71001,Blind differential-cumulant classifier · 2 dB · seed 71001,blind_cumulant,Blind differential cumulant,blind_cumulant,71001,snr_db=2,paired held-out symbol/carrier/noise seed,baseline,20260727T150400Z_modulation_recognition_blind_carrier__blind_cumulant_snr2_seed71001,memory.run.start_rss_bytes,750944256
blind_cumulant_snr2_seed71001,blind_cumulant_snr2_seed71001,Blind differential-cumulant classifier · 2 dB · seed 71001,blind_cumulant,Blind differential cumulant,blind_cumulant,71001,snr_db=2,paired held-out symbol/carrier/noise seed,baseline,20260727T150400Z_modulation_recognition_blind_carrier__blind_cumulant_snr2_seed71001,modulation_recognition.accuracy,0.333333
blind_cumulant_snr2_seed71001,blind_cumulant_snr2_seed71001,Blind differential-cumulant classifier · 2 dB · seed 71001,blind_cumulant,Blind differential cumulant,blind_cumulant,71001,snr_db=2,paired held-out symbol/carrier/noise seed,baseline,20260727T150400Z_modulation_recognition_blind_carrier__blind_cumulant_snr2_seed71001,modulation_recognition.balanced_accuracy,0.333333
blind_cumulant_snr2_seed71001,blind_cumulant_snr2_seed71001,Blind differential-cumulant classifier · 2 dB · seed 71001,blind_cumulant,Blind differential cumulant,blind_cumulant,71001,snr_db=2,paired held-out symbol/carrier/noise seed,baseline,20260727T150400Z_modulation_recognition_blind_carrier__blind_cumulant_snr2_seed71001,modulation_recognition.frame_count,1536
blind_cumulant_snr2_seed71001,blind_cumulant_snr2_seed71001,Blind differential-cumulant classifier · 2 dB · seed 71001,blind_cumulant,Blind differential cumulant,blind_cumulant,71001,snr_db=2,paired held-out symbol/carrier/noise seed,baseline,20260727T150400Z_modulation_recognition_blind_carrier__blind_cumulant_snr2_seed71001,modulation_recognition.macro_f1,0.166667
blind_cumulant_snr2_seed71001,blind_cumulant_snr2_seed71001,Blind differential-cumulant classifier · 2 dB · seed 71001,blind_cumulant,Blind differential cumulant,blind_cumulant,71001,snr_db=2,paired held-out symbol/carrier/noise seed,baseline,20260727T150400Z_modulation_recognition_blind_carrier__blind_cumulant_snr2_seed71001,modulation_recognition.predicted_frame_count,1536
blind_cumulant_snr2_seed71001,blind_cumulant_snr2_seed71001,Blind differential-cumulant classifier · 2 dB · seed 71001,blind_cumulant,Blind differential cumulant,blind_cumulant,71001,snr_db=2,paired held-out symbol/carrier/noise seed,baseline,20260727T150400Z_modulation_recognition_blind_carrier__blind_cumulant_snr2_seed71001,modulation_recognition.symbols_per_frame,128
blind_cumulant_snr2_seed71001,blind_cumulant_snr2_seed71001,Blind differential-cumulant classifier · 2 dB · seed 71001,blind_cumulant,Blind differential cumulant,blind_cumulant,71001,snr_db=2,paired held-out symbol/carrier/noise seed,baseline,20260727T150400Z_modulation_recognition_blind_carrier__blind_cumulant_snr2_seed71001,steps.data.modulation_recognition.frame_count,1536
blind_cumulant_snr2_seed71001,blind_cumulant_snr2_seed71001,Blind differential-cumulant classifier · 2 dB · seed 71001,blind_cumulant,Blind differential cumulant,blind_cumulant,71001,snr_db=2,paired held-out symbol/carrier/noise seed,baseline,20260727T150400Z_modulation_recognition_blind_carrier__blind_cumulant_snr2_seed71001,steps.data.modulation_recognition.symbols_per_frame,128
blind_cumulant_snr2_seed71001,blind_cumulant_snr2_seed71001,Blind differential-cumulant classifier · 2 dB · seed 71001,blind_cumulant,Blind differential cumulant,blind_cumulant,71001,snr_db=2,paired held-out symbol/carrier/noise seed,baseline,20260727T150400Z_modulation_recognition_blind_carrier__blind_cumulant_snr2_seed71001,steps.data.timing.step.wall_time_s,0.065699
blind_cumulant_snr2_seed71001,blind_cumulant_snr2_seed71001,Blind differential-cumulant classifier · 2 dB · seed 71001,blind_cumulant,Blind differential cumulant,blind_cumulant,71001,snr_db=2,paired held-out symbol/carrier/noise seed,baseline,20260727T150400Z_modulation_recognition_blind_carrier__blind_cumulant_snr2_seed71001,steps.evaluation.channel.snr_db,2
blind_cumulant_snr2_seed71001,blind_cumulant_snr2_seed71001,Blind differential-cumulant classifier · 2 dB · seed 71001,blind_cumulant,Blind differential cumulant,blind_cumulant,71001,snr_db=2,paired held-out symbol/carrier/noise seed,baseline,20260727T150400Z_modulation_recognition_blind_carrier__blind_cumulant_snr2_seed71001,steps.evaluation.classification.balanced_accuracy,0.333333
blind_cumulant_snr2_seed71001,blind_cumulant_snr2_seed71001,Blind differential-cumulant classifier · 2 dB · seed 71001,blind_cumulant,Blind differential cumulant,blind_cumulant,71001,snr_db=2,paired held-out symbol/carrier/noise seed,baseline,20260727T150400Z_modulation_recognition_blind_carrier__blind_cumulant_snr2_seed71001,steps.evaluation.modulation_recognition.accuracy,0.333333
blind_cumulant_snr2_seed71001,blind_cumulant_snr2_seed71001,Blind differential-cumulant classifier · 2 dB · seed 71001,blind_cumulant,Blind differential cumulant,blind_cumulant,71001,snr_db=2,paired held-out symbol/carrier/noise seed,baseline,20260727T150400Z_modulation_recognition_blind_carrier__blind_cumulant_snr2_seed71001,steps.evaluation.modulation_recognition.balanced_accuracy,0.333333
blind_cumulant_snr2_seed71001,blind_cumulant_snr2_seed71001,Blind differential-cumulant classifier · 2 dB · seed 71001,blind_cumulant,Blind differential cumulant,blind_cumulant,71001,snr_db=2,paired held-out symbol/carrier/noise seed,baseline,20260727T150400Z_modulation_recognition_blind_carrier__blind_cumulant_snr2_seed71001,steps.evaluation.modulation_recognition.macro_f1,0.166667
blind_cumulant_snr2_seed71001,blind_cumulant_snr2_seed71001,Blind differential-cumulant classifier · 2 dB · seed 71001,blind_cumulant,Blind differential cumulant,blind_cumulant,71001,snr_db=2,paired held-out symbol/carrier/noise seed,baseline,20260727T150400Z_modulation_recognition_blind_carrier__blind_cumulant_snr2_seed71001,steps.evaluation.task.accuracy,0.333333
blind_cumulant_snr2_seed71001,blind_cumulant_snr2_seed71001,Blind differential-cumulant classifier · 2 dB · seed 71001,blind_cumulant,Blind differential cumulant,blind_cumulant,71001,snr_db=2,paired held-out symbol/carrier/noise seed,baseline,20260727T150400Z_modulation_recognition_blind_carrier__blind_cumulant_snr2_seed71001,steps.evaluation.task.score,0.166667
blind_cumulant_snr2_seed71001,blind_cumulant_snr2_seed71001,Blind differential-cumulant classifier · 2 dB · seed 71001,blind_cumulant,Blind differential cumulant,blind_cumulant,71001,snr_db=2,paired held-out symbol/carrier/noise seed,baseline,20260727T150400Z_modulation_recognition_blind_carrier__blind_cumulant_snr2_seed71001,steps.evaluation.timing.step.wall_time_s,0.006652
blind_cumulant_snr2_seed71001,blind_cumulant_snr2_seed71001,Blind differential-cumulant classifier · 2 dB · seed 71001,blind_cumulant,Blind differential cumulant,blind_cumulant,71001,snr_db=2,paired held-out symbol/carrier/noise seed,baseline,20260727T150400Z_modulation_recognition_blind_carrier__blind_cumulant_snr2_seed71001,steps.observation.channel.carrier.cfo_abs_mean_cycles_per_symbol,0.002954
blind_cumulant_snr2_seed71001,blind_cumulant_snr2_seed71001,Blind differential-cumulant classifier · 2 dB · seed 71001,blind_cumulant,Blind differential cumulant,blind_cumulant,71001,snr_db=2,paired held-out symbol/carrier/noise seed,baseline,20260727T150400Z_modulation_recognition_blind_carrier__blind_cumulant_snr2_seed71001,steps.observation.channel.carrier.initial_phase_abs_mean_rad,1.552568
blind_cumulant_snr2_seed71001,blind_cumulant_snr2_seed71001,Blind differential-cumulant classifier · 2 dB · seed 71001,blind_cumulant,Blind differential cumulant,blind_cumulant,71001,snr_db=2,paired held-out symbol/carrier/noise seed,baseline,20260727T150400Z_modulation_recognition_blind_carrier__blind_cumulant_snr2_seed71001,steps.observation.channel.snr_db,2
blind_cumulant_snr2_seed71001,blind_cumulant_snr2_seed71001,Blind differential-cumulant classifier · 2 dB · seed 71001,blind_cumulant,Blind differential cumulant,blind_cumulant,71001,snr_db=2,paired held-out symbol/carrier/noise seed,baseline,20260727T150400Z_modulation_recognition_blind_carrier__blind_cumulant_snr2_seed71001,steps.observation.channel.snr_db_max,2
blind_cumulant_snr2_seed71001,blind_cumulant_snr2_seed71001,Blind differential-cumulant classifier · 2 dB · seed 71001,blind_cumulant,Blind differential cumulant,blind_cumulant,71001,snr_db=2,paired held-out symbol/carrier/noise seed,baseline,20260727T150400Z_modulation_recognition_blind_carrier__blind_cumulant_snr2_seed71001,steps.observation.channel.snr_db_min,2
blind_cumulant_snr2_seed71001,blind_cumulant_snr2_seed71001,Blind differential-cumulant classifier · 2 dB · seed 71001,blind_cumulant,Blind differential cumulant,blind_cumulant,71001,snr_db=2,paired held-out symbol/carrier/noise seed,baseline,20260727T150400Z_modulation_recognition_blind_carrier__blind_cumulant_snr2_seed71001,steps.observation.modulation_recognition.frame_count,1536
blind_cumulant_snr2_seed71001,blind_cumulant_snr2_seed71001,Blind differential-cumulant classifier · 2 dB · seed 71001,blind_cumulant,Blind differential cumulant,blind_cumulant,71001,snr_db=2,paired held-out symbol/carrier/noise seed,baseline,20260727T150400Z_modulation_recognition_blind_carrier__blind_cumulant_snr2_seed71001,steps.observation.timing.step.wall_time_s,0.101728
blind_cumulant_snr2_seed71001,blind_cumulant_snr2_seed71001,Blind differential-cumulant classifier · 2 dB · seed 71001,blind_cumulant,Blind differential cumulant,blind_cumulant,71001,snr_db=2,paired held-out symbol/carrier/noise seed,baseline,20260727T150400Z_modulation_recognition_blind_carrier__blind_cumulant_snr2_seed71001,steps.receiver.modulation_recognition.predicted_frame_count,1536
blind_cumulant_snr2_seed71001,blind_cumulant_snr2_seed71001,Blind differential-cumulant classifier · 2 dB · seed 71001,blind_cumulant,Blind differential cumulant,blind_cumulant,71001,snr_db=2,paired held-out symbol/carrier/noise seed,baseline,20260727T150400Z_modulation_recognition_blind_carrier__blind_cumulant_snr2_seed71001,steps.receiver.timing.step.wall_time_s,0.26941
blind_cumulant_snr2_seed71001,blind_cumulant_snr2_seed71001,Blind differential-cumulant classifier · 2 dB · seed 71001,blind_cumulant,Blind differential cumulant,blind_cumulant,71001,snr_db=2,paired held-out symbol/carrier/noise seed,baseline,20260727T150400Z_modulation_recognition_blind_carrier__blind_cumulant_snr2_seed71001,task.accuracy,0.333333
blind_cumulant_snr2_seed71001,blind_cumulant_snr2_seed71001,Blind differential-cumulant classifier · 2 dB · seed 71001,blind_cumulant,Blind differential cumulant,blind_cumulant,71001,snr_db=2,paired held-out symbol/carrier/noise seed,baseline,20260727T150400Z_modulation_recognition_blind_carrier__blind_cumulant_snr2_seed71001,task.score,0.166667
blind_cumulant_snr2_seed72001,blind_cumulant_snr2_seed72001,Blind differential-cumulant classifier · 2 dB · seed 72001,blind_cumulant,Blind differential cumulant,blind_cumulant,72001,snr_db=2,paired held-out symbol/carrier/noise seed,baseline,20260727T150406Z_modulation_recognition_blind_carrier__blind_cumulant_snr2_seed72001,channel.carrier.cfo_abs_mean_cycles_per_symbol,0.002995
blind_cumulant_snr2_seed72001,blind_cumulant_snr2_seed72001,Blind differential-cumulant classifier · 2 dB · seed 72001,blind_cumulant,Blind differential cumulant,blind_cumulant,72001,snr_db=2,paired held-out symbol/carrier/noise seed,baseline,20260727T150406Z_modulation_recognition_blind_carrier__blind_cumulant_snr2_seed72001,channel.carrier.initial_phase_abs_mean_rad,1.588569
blind_cumulant_snr2_seed72001,blind_cumulant_snr2_seed72001,Blind differential-cumulant classifier · 2 dB · seed 72001,blind_cumulant,Blind differential cumulant,blind_cumulant,72001,snr_db=2,paired held-out symbol/carrier/noise seed,baseline,20260727T150406Z_modulation_recognition_blind_carrier__blind_cumulant_snr2_seed72001,channel.snr_db,2
blind_cumulant_snr2_seed72001,blind_cumulant_snr2_seed72001,Blind differential-cumulant classifier · 2 dB · seed 72001,blind_cumulant,Blind differential cumulant,blind_cumulant,72001,snr_db=2,paired held-out symbol/carrier/noise seed,baseline,20260727T150406Z_modulation_recognition_blind_carrier__blind_cumulant_snr2_seed72001,channel.snr_db_max,2
blind_cumulant_snr2_seed72001,blind_cumulant_snr2_seed72001,Blind differential-cumulant classifier · 2 dB · seed 72001,blind_cumulant,Blind differential cumulant,blind_cumulant,72001,snr_db=2,paired held-out symbol/carrier/noise seed,baseline,20260727T150406Z_modulation_recognition_blind_carrier__blind_cumulant_snr2_seed72001,channel.snr_db_min,2
blind_cumulant_snr2_seed72001,blind_cumulant_snr2_seed72001,Blind differential-cumulant classifier · 2 dB · seed 72001,blind_cumulant,Blind differential cumulant,blind_cumulant,72001,snr_db=2,paired held-out symbol/carrier/noise seed,baseline,20260727T150406Z_modulation_recognition_blind_carrier__blind_cumulant_snr2_seed72001,classification.balanced_accuracy,0.333333
blind_cumulant_snr2_seed72001,blind_cumulant_snr2_seed72001,Blind differential-cumulant classifier · 2 dB · seed 72001,blind_cumulant,Blind differential cumulant,blind_cumulant,72001,snr_db=2,paired held-out symbol/carrier/noise seed,baseline,20260727T150406Z_modulation_recognition_blind_carrier__blind_cumulant_snr2_seed72001,memory.run.end_rss_bytes,750583808
blind_cumulant_snr2_seed72001,blind_cumulant_snr2_seed72001,Blind differential-cumulant classifier · 2 dB · seed 72001,blind_cumulant,Blind differential cumulant,blind_cumulant,72001,snr_db=2,paired held-out symbol/carrier/noise seed,baseline,20260727T150406Z_modulation_recognition_blind_carrier__blind_cumulant_snr2_seed72001,memory.run.peak_rss_bytes,827518976
blind_cumulant_snr2_seed72001,blind_cumulant_snr2_seed72001,Blind differential-cumulant classifier · 2 dB · seed 72001,blind_cumulant,Blind differential cumulant,blind_cumulant,72001,snr_db=2,paired held-out symbol/carrier/noise seed,baseline,20260727T150406Z_modulation_recognition_blind_carrier__blind_cumulant_snr2_seed72001,memory.run.peak_rss_delta_bytes,70782976
blind_cumulant_snr2_seed72001,blind_cumulant_snr2_seed72001,Blind differential-cumulant classifier · 2 dB · seed 72001,blind_cumulant,Blind differential cumulant,blind_cumulant,72001,snr_db=2,paired held-out symbol/carrier/noise seed,baseline,20260727T150406Z_modulation_recognition_blind_carrier__blind_cumulant_snr2_seed72001,memory.run.sampler_interval_s,0.05
blind_cumulant_snr2_seed72001,blind_cumulant_snr2_seed72001,Blind differential-cumulant classifier · 2 dB · seed 72001,blind_cumulant,Blind differential cumulant,blind_cumulant,72001,snr_db=2,paired held-out symbol/carrier/noise seed,baseline,20260727T150406Z_modulation_recognition_blind_carrier__blind_cumulant_snr2_seed72001,memory.run.start_rss_bytes,756736000
blind_cumulant_snr2_seed72001,blind_cumulant_snr2_seed72001,Blind differential-cumulant classifier · 2 dB · seed 72001,blind_cumulant,Blind differential cumulant,blind_cumulant,72001,snr_db=2,paired held-out symbol/carrier/noise seed,baseline,20260727T150406Z_modulation_recognition_blind_carrier__blind_cumulant_snr2_seed72001,modulation_recognition.accuracy,0.333333
blind_cumulant_snr2_seed72001,blind_cumulant_snr2_seed72001,Blind differential-cumulant classifier · 2 dB · seed 72001,blind_cumulant,Blind differential cumulant,blind_cumulant,72001,snr_db=2,paired held-out symbol/carrier/noise seed,baseline,20260727T150406Z_modulation_recognition_blind_carrier__blind_cumulant_snr2_seed72001,modulation_recognition.balanced_accuracy,0.333333
blind_cumulant_snr2_seed72001,blind_cumulant_snr2_seed72001,Blind differential-cumulant classifier · 2 dB · seed 72001,blind_cumulant,Blind differential cumulant,blind_cumulant,72001,snr_db=2,paired held-out symbol/carrier/noise seed,baseline,20260727T150406Z_modulation_recognition_blind_carrier__blind_cumulant_snr2_seed72001,modulation_recognition.frame_count,1536
blind_cumulant_snr2_seed72001,blind_cumulant_snr2_seed72001,Blind differential-cumulant classifier · 2 dB · seed 72001,blind_cumulant,Blind differential cumulant,blind_cumulant,72001,snr_db=2,paired held-out symbol/carrier/noise seed,baseline,20260727T150406Z_modulation_recognition_blind_carrier__blind_cumulant_snr2_seed72001,modulation_recognition.macro_f1,0.166667
blind_cumulant_snr2_seed72001,blind_cumulant_snr2_seed72001,Blind differential-cumulant classifier · 2 dB · seed 72001,blind_cumulant,Blind differential cumulant,blind_cumulant,72001,snr_db=2,paired held-out symbol/carrier/noise seed,baseline,20260727T150406Z_modulation_recognition_blind_carrier__blind_cumulant_snr2_seed72001,modulation_recognition.predicted_frame_count,1536
blind_cumulant_snr2_seed72001,blind_cumulant_snr2_seed72001,Blind differential-cumulant classifier · 2 dB · seed 72001,blind_cumulant,Blind differential cumulant,blind_cumulant,72001,snr_db=2,paired held-out symbol/carrier/noise seed,baseline,20260727T150406Z_modulation_recognition_blind_carrier__blind_cumulant_snr2_seed72001,modulation_recognition.symbols_per_frame,128
blind_cumulant_snr2_seed72001,blind_cumulant_snr2_seed72001,Blind differential-cumulant classifier · 2 dB · seed 72001,blind_cumulant,Blind differential cumulant,blind_cumulant,72001,snr_db=2,paired held-out symbol/carrier/noise seed,baseline,20260727T150406Z_modulation_recognition_blind_carrier__blind_cumulant_snr2_seed72001,steps.data.modulation_recognition.frame_count,1536
blind_cumulant_snr2_seed72001,blind_cumulant_snr2_seed72001,Blind differential-cumulant classifier · 2 dB · seed 72001,blind_cumulant,Blind differential cumulant,blind_cumulant,72001,snr_db=2,paired held-out symbol/carrier/noise seed,baseline,20260727T150406Z_modulation_recognition_blind_carrier__blind_cumulant_snr2_seed72001,steps.data.modulation_recognition.symbols_per_frame,128
blind_cumulant_snr2_seed72001,blind_cumulant_snr2_seed72001,Blind differential-cumulant classifier · 2 dB · seed 72001,blind_cumulant,Blind differential cumulant,blind_cumulant,72001,snr_db=2,paired held-out symbol/carrier/noise seed,baseline,20260727T150406Z_modulation_recognition_blind_carrier__blind_cumulant_snr2_seed72001,steps.data.timing.step.wall_time_s,0.066253
blind_cumulant_snr2_seed72001,blind_cumulant_snr2_seed72001,Blind differential-cumulant classifier · 2 dB · seed 72001,blind_cumulant,Blind differential cumulant,blind_cumulant,72001,snr_db=2,paired held-out symbol/carrier/noise seed,baseline,20260727T150406Z_modulation_recognition_blind_carrier__blind_cumulant_snr2_seed72001,steps.evaluation.channel.snr_db,2
blind_cumulant_snr2_seed72001,blind_cumulant_snr2_seed72001,Blind differential-cumulant classifier · 2 dB · seed 72001,blind_cumulant,Blind differential cumulant,blind_cumulant,72001,snr_db=2,paired held-out symbol/carrier/noise seed,baseline,20260727T150406Z_modulation_recognition_blind_carrier__blind_cumulant_snr2_seed72001,steps.evaluation.classification.balanced_accuracy,0.333333
blind_cumulant_snr2_seed72001,blind_cumulant_snr2_seed72001,Blind differential-cumulant classifier · 2 dB · seed 72001,blind_cumulant,Blind differential cumulant,blind_cumulant,72001,snr_db=2,paired held-out symbol/carrier/noise seed,baseline,20260727T150406Z_modulation_recognition_blind_carrier__blind_cumulant_snr2_seed72001,steps.evaluation.modulation_recognition.accuracy,0.333333
blind_cumulant_snr2_seed72001,blind_cumulant_snr2_seed72001,Blind differential-cumulant classifier · 2 dB · seed 72001,blind_cumulant,Blind differential cumulant,blind_cumulant,72001,snr_db=2,paired held-out symbol/carrier/noise seed,baseline,20260727T150406Z_modulation_recognition_blind_carrier__blind_cumulant_snr2_seed72001,steps.evaluation.modulation_recognition.balanced_accuracy,0.333333
blind_cumulant_snr2_seed72001,blind_cumulant_snr2_seed72001,Blind differential-cumulant classifier · 2 dB · seed 72001,blind_cumulant,Blind differential cumulant,blind_cumulant,72001,snr_db=2,paired held-out symbol/carrier/noise seed,baseline,20260727T150406Z_modulation_recognition_blind_carrier__blind_cumulant_snr2_seed72001,steps.evaluation.modulation_recognition.macro_f1,0.166667
blind_cumulant_snr2_seed72001,blind_cumulant_snr2_seed72001,Blind differential-cumulant classifier · 2 dB · seed 72001,blind_cumulant,Blind differential cumulant,blind_cumulant,72001,snr_db=2,paired held-out symbol/carrier/noise seed,baseline,20260727T150406Z_modulation_recognition_blind_carrier__blind_cumulant_snr2_seed72001,steps.evaluation.task.accuracy,0.333333
blind_cumulant_snr2_seed72001,blind_cumulant_snr2_seed72001,Blind differential-cumulant classifier · 2 dB · seed 72001,blind_cumulant,Blind differential cumulant,blind_cumulant,72001,snr_db=2,paired held-out symbol/carrier/noise seed,baseline,20260727T150406Z_modulation_recognition_blind_carrier__blind_cumulant_snr2_seed72001,steps.evaluation.task.score,0.166667
blind_cumulant_snr2_seed72001,blind_cumulant_snr2_seed72001,Blind differential-cumulant classifier · 2 dB · seed 72001,blind_cumulant,Blind differential cumulant,blind_cumulant,72001,snr_db=2,paired held-out symbol/carrier/noise seed,baseline,20260727T150406Z_modulation_recognition_blind_carrier__blind_cumulant_snr2_seed72001,steps.evaluation.timing.step.wall_time_s,0.006667
blind_cumulant_snr2_seed72001,blind_cumulant_snr2_seed72001,Blind differential-cumulant classifier · 2 dB · seed 72001,blind_cumulant,Blind differential cumulant,blind_cumulant,72001,snr_db=2,paired held-out symbol/carrier/noise seed,baseline,20260727T150406Z_modulation_recognition_blind_carrier__blind_cumulant_snr2_seed72001,steps.observation.channel.carrier.cfo_abs_mean_cycles_per_symbol,0.002995
blind_cumulant_snr2_seed72001,blind_cumulant_snr2_seed72001,Blind differential-cumulant classifier · 2 dB · seed 72001,blind_cumulant,Blind differential cumulant,blind_cumulant,72001,snr_db=2,paired held-out symbol/carrier/noise seed,baseline,20260727T150406Z_modulation_recognition_blind_carrier__blind_cumulant_snr2_seed72001,steps.observation.channel.carrier.initial_phase_abs_mean_rad,1.588569
blind_cumulant_snr2_seed72001,blind_cumulant_snr2_seed72001,Blind differential-cumulant classifier · 2 dB · seed 72001,blind_cumulant,Blind differential cumulant,blind_cumulant,72001,snr_db=2,paired held-out symbol/carrier/noise seed,baseline,20260727T150406Z_modulation_recognition_blind_carrier__blind_cumulant_snr2_seed72001,steps.observation.channel.snr_db,2
blind_cumulant_snr2_seed72001,blind_cumulant_snr2_seed72001,Blind differential-cumulant classifier · 2 dB · seed 72001,blind_cumulant,Blind differential cumulant,blind_cumulant,72001,snr_db=2,paired held-out symbol/carrier/noise seed,baseline,20260727T150406Z_modulation_recognition_blind_carrier__blind_cumulant_snr2_seed72001,steps.observation.channel.snr_db_max,2
blind_cumulant_snr2_seed72001,blind_cumulant_snr2_seed72001,Blind differential-cumulant classifier · 2 dB · seed 72001,blind_cumulant,Blind differential cumulant,blind_cumulant,72001,snr_db=2,paired held-out symbol/carrier/noise seed,baseline,20260727T150406Z_modulation_recognition_blind_carrier__blind_cumulant_snr2_seed72001,steps.observation.channel.snr_db_min,2
blind_cumulant_snr2_seed72001,blind_cumulant_snr2_seed72001,Blind differential-cumulant classifier · 2 dB · seed 72001,blind_cumulant,Blind differential cumulant,blind_cumulant,72001,snr_db=2,paired held-out symbol/carrier/noise seed,baseline,20260727T150406Z_modulation_recognition_blind_carrier__blind_cumulant_snr2_seed72001,steps.observation.modulation_recognition.frame_count,1536
blind_cumulant_snr2_seed72001,blind_cumulant_snr2_seed72001,Blind differential-cumulant classifier · 2 dB · seed 72001,blind_cumulant,Blind differential cumulant,blind_cumulant,72001,snr_db=2,paired held-out symbol/carrier/noise seed,baseline,20260727T150406Z_modulation_recognition_blind_carrier__blind_cumulant_snr2_seed72001,steps.observation.timing.step.wall_time_s,0.12121
blind_cumulant_snr2_seed72001,blind_cumulant_snr2_seed72001,Blind differential-cumulant classifier · 2 dB · seed 72001,blind_cumulant,Blind differential cumulant,blind_cumulant,72001,snr_db=2,paired held-out symbol/carrier/noise seed,baseline,20260727T150406Z_modulation_recognition_blind_carrier__blind_cumulant_snr2_seed72001,steps.receiver.modulation_recognition.predicted_frame_count,1536
blind_cumulant_snr2_seed72001,blind_cumulant_snr2_seed72001,Blind differential-cumulant classifier · 2 dB · seed 72001,blind_cumulant,Blind differential cumulant,blind_cumulant,72001,snr_db=2,paired held-out symbol/carrier/noise seed,baseline,20260727T150406Z_modulation_recognition_blind_carrier__blind_cumulant_snr2_seed72001,steps.receiver.timing.step.wall_time_s,0.289415
blind_cumulant_snr2_seed72001,blind_cumulant_snr2_seed72001,Blind differential-cumulant classifier · 2 dB · seed 72001,blind_cumulant,Blind differential cumulant,blind_cumulant,72001,snr_db=2,paired held-out symbol/carrier/noise seed,baseline,20260727T150406Z_modulation_recognition_blind_carrier__blind_cumulant_snr2_seed72001,task.accuracy,0.333333
blind_cumulant_snr2_seed72001,blind_cumulant_snr2_seed72001,Blind differential-cumulant classifier · 2 dB · seed 72001,blind_cumulant,Blind differential cumulant,blind_cumulant,72001,snr_db=2,paired held-out symbol/carrier/noise seed,baseline,20260727T150406Z_modulation_recognition_blind_carrier__blind_cumulant_snr2_seed72001,task.score,0.166667
blind_cumulant_snr2_seed73001,blind_cumulant_snr2_seed73001,Blind differential-cumulant classifier · 2 dB · seed 73001,blind_cumulant,Blind differential cumulant,blind_cumulant,73001,snr_db=2,paired held-out symbol/carrier/noise seed,baseline,20260727T150412Z_modulation_recognition_blind_carrier__blind_cumulant_snr2_seed73001,channel.carrier.cfo_abs_mean_cycles_per_symbol,0.003047
blind_cumulant_snr2_seed73001,blind_cumulant_snr2_seed73001,Blind differential-cumulant classifier · 2 dB · seed 73001,blind_cumulant,Blind differential cumulant,blind_cumulant,73001,snr_db=2,paired held-out symbol/carrier/noise seed,baseline,20260727T150412Z_modulation_recognition_blind_carrier__blind_cumulant_snr2_seed73001,channel.carrier.initial_phase_abs_mean_rad,1.55227
blind_cumulant_snr2_seed73001,blind_cumulant_snr2_seed73001,Blind differential-cumulant classifier · 2 dB · seed 73001,blind_cumulant,Blind differential cumulant,blind_cumulant,73001,snr_db=2,paired held-out symbol/carrier/noise seed,baseline,20260727T150412Z_modulation_recognition_blind_carrier__blind_cumulant_snr2_seed73001,channel.snr_db,2
blind_cumulant_snr2_seed73001,blind_cumulant_snr2_seed73001,Blind differential-cumulant classifier · 2 dB · seed 73001,blind_cumulant,Blind differential cumulant,blind_cumulant,73001,snr_db=2,paired held-out symbol/carrier/noise seed,baseline,20260727T150412Z_modulation_recognition_blind_carrier__blind_cumulant_snr2_seed73001,channel.snr_db_max,2
blind_cumulant_snr2_seed73001,blind_cumulant_snr2_seed73001,Blind differential-cumulant classifier · 2 dB · seed 73001,blind_cumulant,Blind differential cumulant,blind_cumulant,73001,snr_db=2,paired held-out symbol/carrier/noise seed,baseline,20260727T150412Z_modulation_recognition_blind_carrier__blind_cumulant_snr2_seed73001,channel.snr_db_min,2
blind_cumulant_snr2_seed73001,blind_cumulant_snr2_seed73001,Blind differential-cumulant classifier · 2 dB · seed 73001,blind_cumulant,Blind differential cumulant,blind_cumulant,73001,snr_db=2,paired held-out symbol/carrier/noise seed,baseline,20260727T150412Z_modulation_recognition_blind_carrier__blind_cumulant_snr2_seed73001,classification.balanced_accuracy,0.333333
blind_cumulant_snr2_seed73001,blind_cumulant_snr2_seed73001,Blind differential-cumulant classifier · 2 dB · seed 73001,blind_cumulant,Blind differential cumulant,blind_cumulant,73001,snr_db=2,paired held-out symbol/carrier/noise seed,baseline,20260727T150412Z_modulation_recognition_blind_carrier__blind_cumulant_snr2_seed73001,memory.run.end_rss_bytes,754540544
blind_cumulant_snr2_seed73001,blind_cumulant_snr2_seed73001,Blind differential-cumulant classifier · 2 dB · seed 73001,blind_cumulant,Blind differential cumulant,blind_cumulant,73001,snr_db=2,paired held-out symbol/carrier/noise seed,baseline,20260727T150412Z_modulation_recognition_blind_carrier__blind_cumulant_snr2_seed73001,memory.run.peak_rss_bytes,859787264
blind_cumulant_snr2_seed73001,blind_cumulant_snr2_seed73001,Blind differential-cumulant classifier · 2 dB · seed 73001,blind_cumulant,Blind differential cumulant,blind_cumulant,73001,snr_db=2,paired held-out symbol/carrier/noise seed,baseline,20260727T150412Z_modulation_recognition_blind_carrier__blind_cumulant_snr2_seed73001,memory.run.peak_rss_delta_bytes,94371840
blind_cumulant_snr2_seed73001,blind_cumulant_snr2_seed73001,Blind differential-cumulant classifier · 2 dB · seed 73001,blind_cumulant,Blind differential cumulant,blind_cumulant,73001,snr_db=2,paired held-out symbol/carrier/noise seed,baseline,20260727T150412Z_modulation_recognition_blind_carrier__blind_cumulant_snr2_seed73001,memory.run.sampler_interval_s,0.05
blind_cumulant_snr2_seed73001,blind_cumulant_snr2_seed73001,Blind differential-cumulant classifier · 2 dB · seed 73001,blind_cumulant,Blind differential cumulant,blind_cumulant,73001,snr_db=2,paired held-out symbol/carrier/noise seed,baseline,20260727T150412Z_modulation_recognition_blind_carrier__blind_cumulant_snr2_seed73001,memory.run.start_rss_bytes,765415424
blind_cumulant_snr2_seed73001,blind_cumulant_snr2_seed73001,Blind differential-cumulant classifier · 2 dB · seed 73001,blind_cumulant,Blind differential cumulant,blind_cumulant,73001,snr_db=2,paired held-out symbol/carrier/noise seed,baseline,20260727T150412Z_modulation_recognition_blind_carrier__blind_cumulant_snr2_seed73001,modulation_recognition.accuracy,0.333333
blind_cumulant_snr2_seed73001,blind_cumulant_snr2_seed73001,Blind differential-cumulant classifier · 2 dB · seed 73001,blind_cumulant,Blind differential cumulant,blind_cumulant,73001,snr_db=2,paired held-out symbol/carrier/noise seed,baseline,20260727T150412Z_modulation_recognition_blind_carrier__blind_cumulant_snr2_seed73001,modulation_recognition.balanced_accuracy,0.333333
blind_cumulant_snr2_seed73001,blind_cumulant_snr2_seed73001,Blind differential-cumulant classifier · 2 dB · seed 73001,blind_cumulant,Blind differential cumulant,blind_cumulant,73001,snr_db=2,paired held-out symbol/carrier/noise seed,baseline,20260727T150412Z_modulation_recognition_blind_carrier__blind_cumulant_snr2_seed73001,modulation_recognition.frame_count,1536
blind_cumulant_snr2_seed73001,blind_cumulant_snr2_seed73001,Blind differential-cumulant classifier · 2 dB · seed 73001,blind_cumulant,Blind differential cumulant,blind_cumulant,73001,snr_db=2,paired held-out symbol/carrier/noise seed,baseline,20260727T150412Z_modulation_recognition_blind_carrier__blind_cumulant_snr2_seed73001,modulation_recognition.macro_f1,0.166667
blind_cumulant_snr2_seed73001,blind_cumulant_snr2_seed73001,Blind differential-cumulant classifier · 2 dB · seed 73001,blind_cumulant,Blind differential cumulant,blind_cumulant,73001,snr_db=2,paired held-out symbol/carrier/noise seed,baseline,20260727T150412Z_modulation_recognition_blind_carrier__blind_cumulant_snr2_seed73001,modulation_recognition.predicted_frame_count,1536
blind_cumulant_snr2_seed73001,blind_cumulant_snr2_seed73001,Blind differential-cumulant classifier · 2 dB · seed 73001,blind_cumulant,Blind differential cumulant,blind_cumulant,73001,snr_db=2,paired held-out symbol/carrier/noise seed,baseline,20260727T150412Z_modulation_recognition_blind_carrier__blind_cumulant_snr2_seed73001,modulation_recognition.symbols_per_frame,128
blind_cumulant_snr2_seed73001,blind_cumulant_snr2_seed73001,Blind differential-cumulant classifier · 2 dB · seed 73001,blind_cumulant,Blind differential cumulant,blind_cumulant,73001,snr_db=2,paired held-out symbol/carrier/noise seed,baseline,20260727T150412Z_modulation_recognition_blind_carrier__blind_cumulant_snr2_seed73001,steps.data.modulation_recognition.frame_count,1536
blind_cumulant_snr2_seed73001,blind_cumulant_snr2_seed73001,Blind differential-cumulant classifier · 2 dB · seed 73001,blind_cumulant,Blind differential cumulant,blind_cumulant,73001,snr_db=2,paired held-out symbol/carrier/noise seed,baseline,20260727T150412Z_modulation_recognition_blind_carrier__blind_cumulant_snr2_seed73001,steps.data.modulation_recognition.symbols_per_frame,128
blind_cumulant_snr2_seed73001,blind_cumulant_snr2_seed73001,Blind differential-cumulant classifier · 2 dB · seed 73001,blind_cumulant,Blind differential cumulant,blind_cumulant,73001,snr_db=2,paired held-out symbol/carrier/noise seed,baseline,20260727T150412Z_modulation_recognition_blind_carrier__blind_cumulant_snr2_seed73001,steps.data.timing.step.wall_time_s,0.065957
blind_cumulant_snr2_seed73001,blind_cumulant_snr2_seed73001,Blind differential-cumulant classifier · 2 dB · seed 73001,blind_cumulant,Blind differential cumulant,blind_cumulant,73001,snr_db=2,paired held-out symbol/carrier/noise seed,baseline,20260727T150412Z_modulation_recognition_blind_carrier__blind_cumulant_snr2_seed73001,steps.evaluation.channel.snr_db,2
blind_cumulant_snr2_seed73001,blind_cumulant_snr2_seed73001,Blind differential-cumulant classifier · 2 dB · seed 73001,blind_cumulant,Blind differential cumulant,blind_cumulant,73001,snr_db=2,paired held-out symbol/carrier/noise seed,baseline,20260727T150412Z_modulation_recognition_blind_carrier__blind_cumulant_snr2_seed73001,steps.evaluation.classification.balanced_accuracy,0.333333
blind_cumulant_snr2_seed73001,blind_cumulant_snr2_seed73001,Blind differential-cumulant classifier · 2 dB · seed 73001,blind_cumulant,Blind differential cumulant,blind_cumulant,73001,snr_db=2,paired held-out symbol/carrier/noise seed,baseline,20260727T150412Z_modulation_recognition_blind_carrier__blind_cumulant_snr2_seed73001,steps.evaluation.modulation_recognition.accuracy,0.333333
blind_cumulant_snr2_seed73001,blind_cumulant_snr2_seed73001,Blind differential-cumulant classifier · 2 dB · seed 73001,blind_cumulant,Blind differential cumulant,blind_cumulant,73001,snr_db=2,paired held-out symbol/carrier/noise seed,baseline,20260727T150412Z_modulation_recognition_blind_carrier__blind_cumulant_snr2_seed73001,steps.evaluation.modulation_recognition.balanced_accuracy,0.333333
blind_cumulant_snr2_seed73001,blind_cumulant_snr2_seed73001,Blind differential-cumulant classifier · 2 dB · seed 73001,blind_cumulant,Blind differential cumulant,blind_cumulant,73001,snr_db=2,paired held-out symbol/carrier/noise seed,baseline,20260727T150412Z_modulation_recognition_blind_carrier__blind_cumulant_snr2_seed73001,steps.evaluation.modulation_recognition.macro_f1,0.166667
blind_cumulant_snr2_seed73001,blind_cumulant_snr2_seed73001,Blind differential-cumulant classifier · 2 dB · seed 73001,blind_cumulant,Blind differential cumulant,blind_cumulant,73001,snr_db=2,paired held-out symbol/carrier/noise seed,baseline,20260727T150412Z_modulation_recognition_blind_carrier__blind_cumulant_snr2_seed73001,steps.evaluation.task.accuracy,0.333333
blind_cumulant_snr2_seed73001,blind_cumulant_snr2_seed73001,Blind differential-cumulant classifier · 2 dB · seed 73001,blind_cumulant,Blind differential cumulant,blind_cumulant,73001,snr_db=2,paired held-out symbol/carrier/noise seed,baseline,20260727T150412Z_modulation_recognition_blind_carrier__blind_cumulant_snr2_seed73001,steps.evaluation.task.score,0.166667
blind_cumulant_snr2_seed73001,blind_cumulant_snr2_seed73001,Blind differential-cumulant classifier · 2 dB · seed 73001,blind_cumulant,Blind differential cumulant,blind_cumulant,73001,snr_db=2,paired held-out symbol/carrier/noise seed,baseline,20260727T150412Z_modulation_recognition_blind_carrier__blind_cumulant_snr2_seed73001,steps.evaluation.timing.step.wall_time_s,0.006826
blind_cumulant_snr2_seed73001,blind_cumulant_snr2_seed73001,Blind differential-cumulant classifier · 2 dB · seed 73001,blind_cumulant,Blind differential cumulant,blind_cumulant,73001,snr_db=2,paired held-out symbol/carrier/noise seed,baseline,20260727T150412Z_modulation_recognition_blind_carrier__blind_cumulant_snr2_seed73001,steps.observation.channel.carrier.cfo_abs_mean_cycles_per_symbol,0.003047
blind_cumulant_snr2_seed73001,blind_cumulant_snr2_seed73001,Blind differential-cumulant classifier · 2 dB · seed 73001,blind_cumulant,Blind differential cumulant,blind_cumulant,73001,snr_db=2,paired held-out symbol/carrier/noise seed,baseline,20260727T150412Z_modulation_recognition_blind_carrier__blind_cumulant_snr2_seed73001,steps.observation.channel.carrier.initial_phase_abs_mean_rad,1.55227
blind_cumulant_snr2_seed73001,blind_cumulant_snr2_seed73001,Blind differential-cumulant classifier · 2 dB · seed 73001,blind_cumulant,Blind differential cumulant,blind_cumulant,73001,snr_db=2,paired held-out symbol/carrier/noise seed,baseline,20260727T150412Z_modulation_recognition_blind_carrier__blind_cumulant_snr2_seed73001,steps.observation.channel.snr_db,2
blind_cumulant_snr2_seed73001,blind_cumulant_snr2_seed73001,Blind differential-cumulant classifier · 2 dB · seed 73001,blind_cumulant,Blind differential cumulant,blind_cumulant,73001,snr_db=2,paired held-out symbol/carrier/noise seed,baseline,20260727T150412Z_modulation_recognition_blind_carrier__blind_cumulant_snr2_seed73001,steps.observation.channel.snr_db_max,2
blind_cumulant_snr2_seed73001,blind_cumulant_snr2_seed73001,Blind differential-cumulant classifier · 2 dB · seed 73001,blind_cumulant,Blind differential cumulant,blind_cumulant,73001,snr_db=2,paired held-out symbol/carrier/noise seed,baseline,20260727T150412Z_modulation_recognition_blind_carrier__blind_cumulant_snr2_seed73001,steps.observation.channel.snr_db_min,2
blind_cumulant_snr2_seed73001,blind_cumulant_snr2_seed73001,Blind differential-cumulant classifier · 2 dB · seed 73001,blind_cumulant,Blind differential cumulant,blind_cumulant,73001,snr_db=2,paired held-out symbol/carrier/noise seed,baseline,20260727T150412Z_modulation_recognition_blind_carrier__blind_cumulant_snr2_seed73001,steps.observation.modulation_recognition.frame_count,1536
blind_cumulant_snr2_seed73001,blind_cumulant_snr2_seed73001,Blind differential-cumulant classifier · 2 dB · seed 73001,blind_cumulant,Blind differential cumulant,blind_cumulant,73001,snr_db=2,paired held-out symbol/carrier/noise seed,baseline,20260727T150412Z_modulation_recognition_blind_carrier__blind_cumulant_snr2_seed73001,steps.observation.timing.step.wall_time_s,0.096967
blind_cumulant_snr2_seed73001,blind_cumulant_snr2_seed73001,Blind differential-cumulant classifier · 2 dB · seed 73001,blind_cumulant,Blind differential cumulant,blind_cumulant,73001,snr_db=2,paired held-out symbol/carrier/noise seed,baseline,20260727T150412Z_modulation_recognition_blind_carrier__blind_cumulant_snr2_seed73001,steps.receiver.modulation_recognition.predicted_frame_count,1536
blind_cumulant_snr2_seed73001,blind_cumulant_snr2_seed73001,Blind differential-cumulant classifier · 2 dB · seed 73001,blind_cumulant,Blind differential cumulant,blind_cumulant,73001,snr_db=2,paired held-out symbol/carrier/noise seed,baseline,20260727T150412Z_modulation_recognition_blind_carrier__blind_cumulant_snr2_seed73001,steps.receiver.timing.step.wall_time_s,0.27669
blind_cumulant_snr2_seed73001,blind_cumulant_snr2_seed73001,Blind differential-cumulant classifier · 2 dB · seed 73001,blind_cumulant,Blind differential cumulant,blind_cumulant,73001,snr_db=2,paired held-out symbol/carrier/noise seed,baseline,20260727T150412Z_modulation_recognition_blind_carrier__blind_cumulant_snr2_seed73001,task.accuracy,0.333333
blind_cumulant_snr2_seed73001,blind_cumulant_snr2_seed73001,Blind differential-cumulant classifier · 2 dB · seed 73001,blind_cumulant,Blind differential cumulant,blind_cumulant,73001,snr_db=2,paired held-out symbol/carrier/noise seed,baseline,20260727T150412Z_modulation_recognition_blind_carrier__blind_cumulant_snr2_seed73001,task.score,0.166667
blind_cumulant_snr6_seed71001,blind_cumulant_snr6_seed71001,Blind differential-cumulant classifier · 6 dB · seed 71001,blind_cumulant,Blind differential cumulant,blind_cumulant,71001,snr_db=6,paired held-out symbol/carrier/noise seed,baseline,20260727T150418Z_modulation_recognition_blind_carrier__blind_cumulant_snr6_seed71001,channel.carrier.cfo_abs_mean_cycles_per_symbol,0.002954
blind_cumulant_snr6_seed71001,blind_cumulant_snr6_seed71001,Blind differential-cumulant classifier · 6 dB · seed 71001,blind_cumulant,Blind differential cumulant,blind_cumulant,71001,snr_db=6,paired held-out symbol/carrier/noise seed,baseline,20260727T150418Z_modulation_recognition_blind_carrier__blind_cumulant_snr6_seed71001,channel.carrier.initial_phase_abs_mean_rad,1.552568
blind_cumulant_snr6_seed71001,blind_cumulant_snr6_seed71001,Blind differential-cumulant classifier · 6 dB · seed 71001,blind_cumulant,Blind differential cumulant,blind_cumulant,71001,snr_db=6,paired held-out symbol/carrier/noise seed,baseline,20260727T150418Z_modulation_recognition_blind_carrier__blind_cumulant_snr6_seed71001,channel.snr_db,6
blind_cumulant_snr6_seed71001,blind_cumulant_snr6_seed71001,Blind differential-cumulant classifier · 6 dB · seed 71001,blind_cumulant,Blind differential cumulant,blind_cumulant,71001,snr_db=6,paired held-out symbol/carrier/noise seed,baseline,20260727T150418Z_modulation_recognition_blind_carrier__blind_cumulant_snr6_seed71001,channel.snr_db_max,6
blind_cumulant_snr6_seed71001,blind_cumulant_snr6_seed71001,Blind differential-cumulant classifier · 6 dB · seed 71001,blind_cumulant,Blind differential cumulant,blind_cumulant,71001,snr_db=6,paired held-out symbol/carrier/noise seed,baseline,20260727T150418Z_modulation_recognition_blind_carrier__blind_cumulant_snr6_seed71001,channel.snr_db_min,6
blind_cumulant_snr6_seed71001,blind_cumulant_snr6_seed71001,Blind differential-cumulant classifier · 6 dB · seed 71001,blind_cumulant,Blind differential cumulant,blind_cumulant,71001,snr_db=6,paired held-out symbol/carrier/noise seed,baseline,20260727T150418Z_modulation_recognition_blind_carrier__blind_cumulant_snr6_seed71001,classification.balanced_accuracy,0.333333
blind_cumulant_snr6_seed71001,blind_cumulant_snr6_seed71001,Blind differential-cumulant classifier · 6 dB · seed 71001,blind_cumulant,Blind differential cumulant,blind_cumulant,71001,snr_db=6,paired held-out symbol/carrier/noise seed,baseline,20260727T150418Z_modulation_recognition_blind_carrier__blind_cumulant_snr6_seed71001,memory.run.end_rss_bytes,762765312
blind_cumulant_snr6_seed71001,blind_cumulant_snr6_seed71001,Blind differential-cumulant classifier · 6 dB · seed 71001,blind_cumulant,Blind differential cumulant,blind_cumulant,71001,snr_db=6,paired held-out symbol/carrier/noise seed,baseline,20260727T150418Z_modulation_recognition_blind_carrier__blind_cumulant_snr6_seed71001,memory.run.peak_rss_bytes,860631040
blind_cumulant_snr6_seed71001,blind_cumulant_snr6_seed71001,Blind differential-cumulant classifier · 6 dB · seed 71001,blind_cumulant,Blind differential cumulant,blind_cumulant,71001,snr_db=6,paired held-out symbol/carrier/noise seed,baseline,20260727T150418Z_modulation_recognition_blind_carrier__blind_cumulant_snr6_seed71001,memory.run.peak_rss_delta_bytes,91631616
blind_cumulant_snr6_seed71001,blind_cumulant_snr6_seed71001,Blind differential-cumulant classifier · 6 dB · seed 71001,blind_cumulant,Blind differential cumulant,blind_cumulant,71001,snr_db=6,paired held-out symbol/carrier/noise seed,baseline,20260727T150418Z_modulation_recognition_blind_carrier__blind_cumulant_snr6_seed71001,memory.run.sampler_interval_s,0.05
blind_cumulant_snr6_seed71001,blind_cumulant_snr6_seed71001,Blind differential-cumulant classifier · 6 dB · seed 71001,blind_cumulant,Blind differential cumulant,blind_cumulant,71001,snr_db=6,paired held-out symbol/carrier/noise seed,baseline,20260727T150418Z_modulation_recognition_blind_carrier__blind_cumulant_snr6_seed71001,memory.run.start_rss_bytes,768999424
blind_cumulant_snr6_seed71001,blind_cumulant_snr6_seed71001,Blind differential-cumulant classifier · 6 dB · seed 71001,blind_cumulant,Blind differential cumulant,blind_cumulant,71001,snr_db=6,paired held-out symbol/carrier/noise seed,baseline,20260727T150418Z_modulation_recognition_blind_carrier__blind_cumulant_snr6_seed71001,modulation_recognition.accuracy,0.333333
blind_cumulant_snr6_seed71001,blind_cumulant_snr6_seed71001,Blind differential-cumulant classifier · 6 dB · seed 71001,blind_cumulant,Blind differential cumulant,blind_cumulant,71001,snr_db=6,paired held-out symbol/carrier/noise seed,baseline,20260727T150418Z_modulation_recognition_blind_carrier__blind_cumulant_snr6_seed71001,modulation_recognition.balanced_accuracy,0.333333
blind_cumulant_snr6_seed71001,blind_cumulant_snr6_seed71001,Blind differential-cumulant classifier · 6 dB · seed 71001,blind_cumulant,Blind differential cumulant,blind_cumulant,71001,snr_db=6,paired held-out symbol/carrier/noise seed,baseline,20260727T150418Z_modulation_recognition_blind_carrier__blind_cumulant_snr6_seed71001,modulation_recognition.frame_count,1536
blind_cumulant_snr6_seed71001,blind_cumulant_snr6_seed71001,Blind differential-cumulant classifier · 6 dB · seed 71001,blind_cumulant,Blind differential cumulant,blind_cumulant,71001,snr_db=6,paired held-out symbol/carrier/noise seed,baseline,20260727T150418Z_modulation_recognition_blind_carrier__blind_cumulant_snr6_seed71001,modulation_recognition.macro_f1,0.166667
blind_cumulant_snr6_seed71001,blind_cumulant_snr6_seed71001,Blind differential-cumulant classifier · 6 dB · seed 71001,blind_cumulant,Blind differential cumulant,blind_cumulant,71001,snr_db=6,paired held-out symbol/carrier/noise seed,baseline,20260727T150418Z_modulation_recognition_blind_carrier__blind_cumulant_snr6_seed71001,modulation_recognition.predicted_frame_count,1536
blind_cumulant_snr6_seed71001,blind_cumulant_snr6_seed71001,Blind differential-cumulant classifier · 6 dB · seed 71001,blind_cumulant,Blind differential cumulant,blind_cumulant,71001,snr_db=6,paired held-out symbol/carrier/noise seed,baseline,20260727T150418Z_modulation_recognition_blind_carrier__blind_cumulant_snr6_seed71001,modulation_recognition.symbols_per_frame,128
blind_cumulant_snr6_seed71001,blind_cumulant_snr6_seed71001,Blind differential-cumulant classifier · 6 dB · seed 71001,blind_cumulant,Blind differential cumulant,blind_cumulant,71001,snr_db=6,paired held-out symbol/carrier/noise seed,baseline,20260727T150418Z_modulation_recognition_blind_carrier__blind_cumulant_snr6_seed71001,steps.data.modulation_recognition.frame_count,1536
blind_cumulant_snr6_seed71001,blind_cumulant_snr6_seed71001,Blind differential-cumulant classifier · 6 dB · seed 71001,blind_cumulant,Blind differential cumulant,blind_cumulant,71001,snr_db=6,paired held-out symbol/carrier/noise seed,baseline,20260727T150418Z_modulation_recognition_blind_carrier__blind_cumulant_snr6_seed71001,steps.data.modulation_recognition.symbols_per_frame,128
blind_cumulant_snr6_seed71001,blind_cumulant_snr6_seed71001,Blind differential-cumulant classifier · 6 dB · seed 71001,blind_cumulant,Blind differential cumulant,blind_cumulant,71001,snr_db=6,paired held-out symbol/carrier/noise seed,baseline,20260727T150418Z_modulation_recognition_blind_carrier__blind_cumulant_snr6_seed71001,steps.data.timing.step.wall_time_s,0.066886
blind_cumulant_snr6_seed71001,blind_cumulant_snr6_seed71001,Blind differential-cumulant classifier · 6 dB · seed 71001,blind_cumulant,Blind differential cumulant,blind_cumulant,71001,snr_db=6,paired held-out symbol/carrier/noise seed,baseline,20260727T150418Z_modulation_recognition_blind_carrier__blind_cumulant_snr6_seed71001,steps.evaluation.channel.snr_db,6
blind_cumulant_snr6_seed71001,blind_cumulant_snr6_seed71001,Blind differential-cumulant classifier · 6 dB · seed 71001,blind_cumulant,Blind differential cumulant,blind_cumulant,71001,snr_db=6,paired held-out symbol/carrier/noise seed,baseline,20260727T150418Z_modulation_recognition_blind_carrier__blind_cumulant_snr6_seed71001,steps.evaluation.classification.balanced_accuracy,0.333333
blind_cumulant_snr6_seed71001,blind_cumulant_snr6_seed71001,Blind differential-cumulant classifier · 6 dB · seed 71001,blind_cumulant,Blind differential cumulant,blind_cumulant,71001,snr_db=6,paired held-out symbol/carrier/noise seed,baseline,20260727T150418Z_modulation_recognition_blind_carrier__blind_cumulant_snr6_seed71001,steps.evaluation.modulation_recognition.accuracy,0.333333
blind_cumulant_snr6_seed71001,blind_cumulant_snr6_seed71001,Blind differential-cumulant classifier · 6 dB · seed 71001,blind_cumulant,Blind differential cumulant,blind_cumulant,71001,snr_db=6,paired held-out symbol/carrier/noise seed,baseline,20260727T150418Z_modulation_recognition_blind_carrier__blind_cumulant_snr6_seed71001,steps.evaluation.modulation_recognition.balanced_accuracy,0.333333
blind_cumulant_snr6_seed71001,blind_cumulant_snr6_seed71001,Blind differential-cumulant classifier · 6 dB · seed 71001,blind_cumulant,Blind differential cumulant,blind_cumulant,71001,snr_db=6,paired held-out symbol/carrier/noise seed,baseline,20260727T150418Z_modulation_recognition_blind_carrier__blind_cumulant_snr6_seed71001,steps.evaluation.modulation_recognition.macro_f1,0.166667
blind_cumulant_snr6_seed71001,blind_cumulant_snr6_seed71001,Blind differential-cumulant classifier · 6 dB · seed 71001,blind_cumulant,Blind differential cumulant,blind_cumulant,71001,snr_db=6,paired held-out symbol/carrier/noise seed,baseline,20260727T150418Z_modulation_recognition_blind_carrier__blind_cumulant_snr6_seed71001,steps.evaluation.task.accuracy,0.333333
blind_cumulant_snr6_seed71001,blind_cumulant_snr6_seed71001,Blind differential-cumulant classifier · 6 dB · seed 71001,blind_cumulant,Blind differential cumulant,blind_cumulant,71001,snr_db=6,paired held-out symbol/carrier/noise seed,baseline,20260727T150418Z_modulation_recognition_blind_carrier__blind_cumulant_snr6_seed71001,steps.evaluation.task.score,0.166667
blind_cumulant_snr6_seed71001,blind_cumulant_snr6_seed71001,Blind differential-cumulant classifier · 6 dB · seed 71001,blind_cumulant,Blind differential cumulant,blind_cumulant,71001,snr_db=6,paired held-out symbol/carrier/noise seed,baseline,20260727T150418Z_modulation_recognition_blind_carrier__blind_cumulant_snr6_seed71001,steps.evaluation.timing.step.wall_time_s,0.007107
blind_cumulant_snr6_seed71001,blind_cumulant_snr6_seed71001,Blind differential-cumulant classifier · 6 dB · seed 71001,blind_cumulant,Blind differential cumulant,blind_cumulant,71001,snr_db=6,paired held-out symbol/carrier/noise seed,baseline,20260727T150418Z_modulation_recognition_blind_carrier__blind_cumulant_snr6_seed71001,steps.observation.channel.carrier.cfo_abs_mean_cycles_per_symbol,0.002954
blind_cumulant_snr6_seed71001,blind_cumulant_snr6_seed71001,Blind differential-cumulant classifier · 6 dB · seed 71001,blind_cumulant,Blind differential cumulant,blind_cumulant,71001,snr_db=6,paired held-out symbol/carrier/noise seed,baseline,20260727T150418Z_modulation_recognition_blind_carrier__blind_cumulant_snr6_seed71001,steps.observation.channel.carrier.initial_phase_abs_mean_rad,1.552568
blind_cumulant_snr6_seed71001,blind_cumulant_snr6_seed71001,Blind differential-cumulant classifier · 6 dB · seed 71001,blind_cumulant,Blind differential cumulant,blind_cumulant,71001,snr_db=6,paired held-out symbol/carrier/noise seed,baseline,20260727T150418Z_modulation_recognition_blind_carrier__blind_cumulant_snr6_seed71001,steps.observation.channel.snr_db,6
blind_cumulant_snr6_seed71001,blind_cumulant_snr6_seed71001,Blind differential-cumulant classifier · 6 dB · seed 71001,blind_cumulant,Blind differential cumulant,blind_cumulant,71001,snr_db=6,paired held-out symbol/carrier/noise seed,baseline,20260727T150418Z_modulation_recognition_blind_carrier__blind_cumulant_snr6_seed71001,steps.observation.channel.snr_db_max,6
blind_cumulant_snr6_seed71001,blind_cumulant_snr6_seed71001,Blind differential-cumulant classifier · 6 dB · seed 71001,blind_cumulant,Blind differential cumulant,blind_cumulant,71001,snr_db=6,paired held-out symbol/carrier/noise seed,baseline,20260727T150418Z_modulation_recognition_blind_carrier__blind_cumulant_snr6_seed71001,steps.observation.channel.snr_db_min,6
blind_cumulant_snr6_seed71001,blind_cumulant_snr6_seed71001,Blind differential-cumulant classifier · 6 dB · seed 71001,blind_cumulant,Blind differential cumulant,blind_cumulant,71001,snr_db=6,paired held-out symbol/carrier/noise seed,baseline,20260727T150418Z_modulation_recognition_blind_carrier__blind_cumulant_snr6_seed71001,steps.observation.modulation_recognition.frame_count,1536
blind_cumulant_snr6_seed71001,blind_cumulant_snr6_seed71001,Blind differential-cumulant classifier · 6 dB · seed 71001,blind_cumulant,Blind differential cumulant,blind_cumulant,71001,snr_db=6,paired held-out symbol/carrier/noise seed,baseline,20260727T150418Z_modulation_recognition_blind_carrier__blind_cumulant_snr6_seed71001,steps.observation.timing.step.wall_time_s,0.09613
blind_cumulant_snr6_seed71001,blind_cumulant_snr6_seed71001,Blind differential-cumulant classifier · 6 dB · seed 71001,blind_cumulant,Blind differential cumulant,blind_cumulant,71001,snr_db=6,paired held-out symbol/carrier/noise seed,baseline,20260727T150418Z_modulation_recognition_blind_carrier__blind_cumulant_snr6_seed71001,steps.receiver.modulation_recognition.predicted_frame_count,1536
blind_cumulant_snr6_seed71001,blind_cumulant_snr6_seed71001,Blind differential-cumulant classifier · 6 dB · seed 71001,blind_cumulant,Blind differential cumulant,blind_cumulant,71001,snr_db=6,paired held-out symbol/carrier/noise seed,baseline,20260727T150418Z_modulation_recognition_blind_carrier__blind_cumulant_snr6_seed71001,steps.receiver.timing.step.wall_time_s,0.269383
blind_cumulant_snr6_seed71001,blind_cumulant_snr6_seed71001,Blind differential-cumulant classifier · 6 dB · seed 71001,blind_cumulant,Blind differential cumulant,blind_cumulant,71001,snr_db=6,paired held-out symbol/carrier/noise seed,baseline,20260727T150418Z_modulation_recognition_blind_carrier__blind_cumulant_snr6_seed71001,task.accuracy,0.333333
blind_cumulant_snr6_seed71001,blind_cumulant_snr6_seed71001,Blind differential-cumulant classifier · 6 dB · seed 71001,blind_cumulant,Blind differential cumulant,blind_cumulant,71001,snr_db=6,paired held-out symbol/carrier/noise seed,baseline,20260727T150418Z_modulation_recognition_blind_carrier__blind_cumulant_snr6_seed71001,task.score,0.166667
blind_cumulant_snr6_seed72001,blind_cumulant_snr6_seed72001,Blind differential-cumulant classifier · 6 dB · seed 72001,blind_cumulant,Blind differential cumulant,blind_cumulant,72001,snr_db=6,paired held-out symbol/carrier/noise seed,baseline,20260727T150425Z_modulation_recognition_blind_carrier__blind_cumulant_snr6_seed72001,channel.carrier.cfo_abs_mean_cycles_per_symbol,0.002995
blind_cumulant_snr6_seed72001,blind_cumulant_snr6_seed72001,Blind differential-cumulant classifier · 6 dB · seed 72001,blind_cumulant,Blind differential cumulant,blind_cumulant,72001,snr_db=6,paired held-out symbol/carrier/noise seed,baseline,20260727T150425Z_modulation_recognition_blind_carrier__blind_cumulant_snr6_seed72001,channel.carrier.initial_phase_abs_mean_rad,1.588569
blind_cumulant_snr6_seed72001,blind_cumulant_snr6_seed72001,Blind differential-cumulant classifier · 6 dB · seed 72001,blind_cumulant,Blind differential cumulant,blind_cumulant,72001,snr_db=6,paired held-out symbol/carrier/noise seed,baseline,20260727T150425Z_modulation_recognition_blind_carrier__blind_cumulant_snr6_seed72001,channel.snr_db,6
blind_cumulant_snr6_seed72001,blind_cumulant_snr6_seed72001,Blind differential-cumulant classifier · 6 dB · seed 72001,blind_cumulant,Blind differential cumulant,blind_cumulant,72001,snr_db=6,paired held-out symbol/carrier/noise seed,baseline,20260727T150425Z_modulation_recognition_blind_carrier__blind_cumulant_snr6_seed72001,channel.snr_db_max,6
blind_cumulant_snr6_seed72001,blind_cumulant_snr6_seed72001,Blind differential-cumulant classifier · 6 dB · seed 72001,blind_cumulant,Blind differential cumulant,blind_cumulant,72001,snr_db=6,paired held-out symbol/carrier/noise seed,baseline,20260727T150425Z_modulation_recognition_blind_carrier__blind_cumulant_snr6_seed72001,channel.snr_db_min,6
blind_cumulant_snr6_seed72001,blind_cumulant_snr6_seed72001,Blind differential-cumulant classifier · 6 dB · seed 72001,blind_cumulant,Blind differential cumulant,blind_cumulant,72001,snr_db=6,paired held-out symbol/carrier/noise seed,baseline,20260727T150425Z_modulation_recognition_blind_carrier__blind_cumulant_snr6_seed72001,classification.balanced_accuracy,0.333333
blind_cumulant_snr6_seed72001,blind_cumulant_snr6_seed72001,Blind differential-cumulant classifier · 6 dB · seed 72001,blind_cumulant,Blind differential cumulant,blind_cumulant,72001,snr_db=6,paired held-out symbol/carrier/noise seed,baseline,20260727T150425Z_modulation_recognition_blind_carrier__blind_cumulant_snr6_seed72001,memory.run.end_rss_bytes,767852544
blind_cumulant_snr6_seed72001,blind_cumulant_snr6_seed72001,Blind differential-cumulant classifier · 6 dB · seed 72001,blind_cumulant,Blind differential cumulant,blind_cumulant,72001,snr_db=6,paired held-out symbol/carrier/noise seed,baseline,20260727T150425Z_modulation_recognition_blind_carrier__blind_cumulant_snr6_seed72001,memory.run.peak_rss_bytes,862199808
blind_cumulant_snr6_seed72001,blind_cumulant_snr6_seed72001,Blind differential-cumulant classifier · 6 dB · seed 72001,blind_cumulant,Blind differential cumulant,blind_cumulant,72001,snr_db=6,paired held-out symbol/carrier/noise seed,baseline,20260727T150425Z_modulation_recognition_blind_carrier__blind_cumulant_snr6_seed72001,memory.run.peak_rss_delta_bytes,88186880
blind_cumulant_snr6_seed72001,blind_cumulant_snr6_seed72001,Blind differential-cumulant classifier · 6 dB · seed 72001,blind_cumulant,Blind differential cumulant,blind_cumulant,72001,snr_db=6,paired held-out symbol/carrier/noise seed,baseline,20260727T150425Z_modulation_recognition_blind_carrier__blind_cumulant_snr6_seed72001,memory.run.sampler_interval_s,0.05
blind_cumulant_snr6_seed72001,blind_cumulant_snr6_seed72001,Blind differential-cumulant classifier · 6 dB · seed 72001,blind_cumulant,Blind differential cumulant,blind_cumulant,72001,snr_db=6,paired held-out symbol/carrier/noise seed,baseline,20260727T150425Z_modulation_recognition_blind_carrier__blind_cumulant_snr6_seed72001,memory.run.start_rss_bytes,774012928
blind_cumulant_snr6_seed72001,blind_cumulant_snr6_seed72001,Blind differential-cumulant classifier · 6 dB · seed 72001,blind_cumulant,Blind differential cumulant,blind_cumulant,72001,snr_db=6,paired held-out symbol/carrier/noise seed,baseline,20260727T150425Z_modulation_recognition_blind_carrier__blind_cumulant_snr6_seed72001,modulation_recognition.accuracy,0.333333
blind_cumulant_snr6_seed72001,blind_cumulant_snr6_seed72001,Blind differential-cumulant classifier · 6 dB · seed 72001,blind_cumulant,Blind differential cumulant,blind_cumulant,72001,snr_db=6,paired held-out symbol/carrier/noise seed,baseline,20260727T150425Z_modulation_recognition_blind_carrier__blind_cumulant_snr6_seed72001,modulation_recognition.balanced_accuracy,0.333333
blind_cumulant_snr6_seed72001,blind_cumulant_snr6_seed72001,Blind differential-cumulant classifier · 6 dB · seed 72001,blind_cumulant,Blind differential cumulant,blind_cumulant,72001,snr_db=6,paired held-out symbol/carrier/noise seed,baseline,20260727T150425Z_modulation_recognition_blind_carrier__blind_cumulant_snr6_seed72001,modulation_recognition.frame_count,1536
blind_cumulant_snr6_seed72001,blind_cumulant_snr6_seed72001,Blind differential-cumulant classifier · 6 dB · seed 72001,blind_cumulant,Blind differential cumulant,blind_cumulant,72001,snr_db=6,paired held-out symbol/carrier/noise seed,baseline,20260727T150425Z_modulation_recognition_blind_carrier__blind_cumulant_snr6_seed72001,modulation_recognition.macro_f1,0.166667
blind_cumulant_snr6_seed72001,blind_cumulant_snr6_seed72001,Blind differential-cumulant classifier · 6 dB · seed 72001,blind_cumulant,Blind differential cumulant,blind_cumulant,72001,snr_db=6,paired held-out symbol/carrier/noise seed,baseline,20260727T150425Z_modulation_recognition_blind_carrier__blind_cumulant_snr6_seed72001,modulation_recognition.predicted_frame_count,1536
blind_cumulant_snr6_seed72001,blind_cumulant_snr6_seed72001,Blind differential-cumulant classifier · 6 dB · seed 72001,blind_cumulant,Blind differential cumulant,blind_cumulant,72001,snr_db=6,paired held-out symbol/carrier/noise seed,baseline,20260727T150425Z_modulation_recognition_blind_carrier__blind_cumulant_snr6_seed72001,modulation_recognition.symbols_per_frame,128
blind_cumulant_snr6_seed72001,blind_cumulant_snr6_seed72001,Blind differential-cumulant classifier · 6 dB · seed 72001,blind_cumulant,Blind differential cumulant,blind_cumulant,72001,snr_db=6,paired held-out symbol/carrier/noise seed,baseline,20260727T150425Z_modulation_recognition_blind_carrier__blind_cumulant_snr6_seed72001,steps.data.modulation_recognition.frame_count,1536
blind_cumulant_snr6_seed72001,blind_cumulant_snr6_seed72001,Blind differential-cumulant classifier · 6 dB · seed 72001,blind_cumulant,Blind differential cumulant,blind_cumulant,72001,snr_db=6,paired held-out symbol/carrier/noise seed,baseline,20260727T150425Z_modulation_recognition_blind_carrier__blind_cumulant_snr6_seed72001,steps.data.modulation_recognition.symbols_per_frame,128
blind_cumulant_snr6_seed72001,blind_cumulant_snr6_seed72001,Blind differential-cumulant classifier · 6 dB · seed 72001,blind_cumulant,Blind differential cumulant,blind_cumulant,72001,snr_db=6,paired held-out symbol/carrier/noise seed,baseline,20260727T150425Z_modulation_recognition_blind_carrier__blind_cumulant_snr6_seed72001,steps.data.timing.step.wall_time_s,0.065914
blind_cumulant_snr6_seed72001,blind_cumulant_snr6_seed72001,Blind differential-cumulant classifier · 6 dB · seed 72001,blind_cumulant,Blind differential cumulant,blind_cumulant,72001,snr_db=6,paired held-out symbol/carrier/noise seed,baseline,20260727T150425Z_modulation_recognition_blind_carrier__blind_cumulant_snr6_seed72001,steps.evaluation.channel.snr_db,6
blind_cumulant_snr6_seed72001,blind_cumulant_snr6_seed72001,Blind differential-cumulant classifier · 6 dB · seed 72001,blind_cumulant,Blind differential cumulant,blind_cumulant,72001,snr_db=6,paired held-out symbol/carrier/noise seed,baseline,20260727T150425Z_modulation_recognition_blind_carrier__blind_cumulant_snr6_seed72001,steps.evaluation.classification.balanced_accuracy,0.333333
blind_cumulant_snr6_seed72001,blind_cumulant_snr6_seed72001,Blind differential-cumulant classifier · 6 dB · seed 72001,blind_cumulant,Blind differential cumulant,blind_cumulant,72001,snr_db=6,paired held-out symbol/carrier/noise seed,baseline,20260727T150425Z_modulation_recognition_blind_carrier__blind_cumulant_snr6_seed72001,steps.evaluation.modulation_recognition.accuracy,0.333333
blind_cumulant_snr6_seed72001,blind_cumulant_snr6_seed72001,Blind differential-cumulant classifier · 6 dB · seed 72001,blind_cumulant,Blind differential cumulant,blind_cumulant,72001,snr_db=6,paired held-out symbol/carrier/noise seed,baseline,20260727T150425Z_modulation_recognition_blind_carrier__blind_cumulant_snr6_seed72001,steps.evaluation.modulation_recognition.balanced_accuracy,0.333333
blind_cumulant_snr6_seed72001,blind_cumulant_snr6_seed72001,Blind differential-cumulant classifier · 6 dB · seed 72001,blind_cumulant,Blind differential cumulant,blind_cumulant,72001,snr_db=6,paired held-out symbol/carrier/noise seed,baseline,20260727T150425Z_modulation_recognition_blind_carrier__blind_cumulant_snr6_seed72001,steps.evaluation.modulation_recognition.macro_f1,0.166667
blind_cumulant_snr6_seed72001,blind_cumulant_snr6_seed72001,Blind differential-cumulant classifier · 6 dB · seed 72001,blind_cumulant,Blind differential cumulant,blind_cumulant,72001,snr_db=6,paired held-out symbol/carrier/noise seed,baseline,20260727T150425Z_modulation_recognition_blind_carrier__blind_cumulant_snr6_seed72001,steps.evaluation.task.accuracy,0.333333
blind_cumulant_snr6_seed72001,blind_cumulant_snr6_seed72001,Blind differential-cumulant classifier · 6 dB · seed 72001,blind_cumulant,Blind differential cumulant,blind_cumulant,72001,snr_db=6,paired held-out symbol/carrier/noise seed,baseline,20260727T150425Z_modulation_recognition_blind_carrier__blind_cumulant_snr6_seed72001,steps.evaluation.task.score,0.166667
blind_cumulant_snr6_seed72001,blind_cumulant_snr6_seed72001,Blind differential-cumulant classifier · 6 dB · seed 72001,blind_cumulant,Blind differential cumulant,blind_cumulant,72001,snr_db=6,paired held-out symbol/carrier/noise seed,baseline,20260727T150425Z_modulation_recognition_blind_carrier__blind_cumulant_snr6_seed72001,steps.evaluation.timing.step.wall_time_s,0.007039
blind_cumulant_snr6_seed72001,blind_cumulant_snr6_seed72001,Blind differential-cumulant classifier · 6 dB · seed 72001,blind_cumulant,Blind differential cumulant,blind_cumulant,72001,snr_db=6,paired held-out symbol/carrier/noise seed,baseline,20260727T150425Z_modulation_recognition_blind_carrier__blind_cumulant_snr6_seed72001,steps.observation.channel.carrier.cfo_abs_mean_cycles_per_symbol,0.002995
blind_cumulant_snr6_seed72001,blind_cumulant_snr6_seed72001,Blind differential-cumulant classifier · 6 dB · seed 72001,blind_cumulant,Blind differential cumulant,blind_cumulant,72001,snr_db=6,paired held-out symbol/carrier/noise seed,baseline,20260727T150425Z_modulation_recognition_blind_carrier__blind_cumulant_snr6_seed72001,steps.observation.channel.carrier.initial_phase_abs_mean_rad,1.588569
blind_cumulant_snr6_seed72001,blind_cumulant_snr6_seed72001,Blind differential-cumulant classifier · 6 dB · seed 72001,blind_cumulant,Blind differential cumulant,blind_cumulant,72001,snr_db=6,paired held-out symbol/carrier/noise seed,baseline,20260727T150425Z_modulation_recognition_blind_carrier__blind_cumulant_snr6_seed72001,steps.observation.channel.snr_db,6
blind_cumulant_snr6_seed72001,blind_cumulant_snr6_seed72001,Blind differential-cumulant classifier · 6 dB · seed 72001,blind_cumulant,Blind differential cumulant,blind_cumulant,72001,snr_db=6,paired held-out symbol/carrier/noise seed,baseline,20260727T150425Z_modulation_recognition_blind_carrier__blind_cumulant_snr6_seed72001,steps.observation.channel.snr_db_max,6
blind_cumulant_snr6_seed72001,blind_cumulant_snr6_seed72001,Blind differential-cumulant classifier · 6 dB · seed 72001,blind_cumulant,Blind differential cumulant,blind_cumulant,72001,snr_db=6,paired held-out symbol/carrier/noise seed,baseline,20260727T150425Z_modulation_recognition_blind_carrier__blind_cumulant_snr6_seed72001,steps.observation.channel.snr_db_min,6
blind_cumulant_snr6_seed72001,blind_cumulant_snr6_seed72001,Blind differential-cumulant classifier · 6 dB · seed 72001,blind_cumulant,Blind differential cumulant,blind_cumulant,72001,snr_db=6,paired held-out symbol/carrier/noise seed,baseline,20260727T150425Z_modulation_recognition_blind_carrier__blind_cumulant_snr6_seed72001,steps.observation.modulation_recognition.frame_count,1536
blind_cumulant_snr6_seed72001,blind_cumulant_snr6_seed72001,Blind differential-cumulant classifier · 6 dB · seed 72001,blind_cumulant,Blind differential cumulant,blind_cumulant,72001,snr_db=6,paired held-out symbol/carrier/noise seed,baseline,20260727T150425Z_modulation_recognition_blind_carrier__blind_cumulant_snr6_seed72001,steps.observation.timing.step.wall_time_s,0.100319
blind_cumulant_snr6_seed72001,blind_cumulant_snr6_seed72001,Blind differential-cumulant classifier · 6 dB · seed 72001,blind_cumulant,Blind differential cumulant,blind_cumulant,72001,snr_db=6,paired held-out symbol/carrier/noise seed,baseline,20260727T150425Z_modulation_recognition_blind_carrier__blind_cumulant_snr6_seed72001,steps.receiver.modulation_recognition.predicted_frame_count,1536
blind_cumulant_snr6_seed72001,blind_cumulant_snr6_seed72001,Blind differential-cumulant classifier · 6 dB · seed 72001,blind_cumulant,Blind differential cumulant,blind_cumulant,72001,snr_db=6,paired held-out symbol/carrier/noise seed,baseline,20260727T150425Z_modulation_recognition_blind_carrier__blind_cumulant_snr6_seed72001,steps.receiver.timing.step.wall_time_s,0.267058
blind_cumulant_snr6_seed72001,blind_cumulant_snr6_seed72001,Blind differential-cumulant classifier · 6 dB · seed 72001,blind_cumulant,Blind differential cumulant,blind_cumulant,72001,snr_db=6,paired held-out symbol/carrier/noise seed,baseline,20260727T150425Z_modulation_recognition_blind_carrier__blind_cumulant_snr6_seed72001,task.accuracy,0.333333
blind_cumulant_snr6_seed72001,blind_cumulant_snr6_seed72001,Blind differential-cumulant classifier · 6 dB · seed 72001,blind_cumulant,Blind differential cumulant,blind_cumulant,72001,snr_db=6,paired held-out symbol/carrier/noise seed,baseline,20260727T150425Z_modulation_recognition_blind_carrier__blind_cumulant_snr6_seed72001,task.score,0.166667
blind_cumulant_snr6_seed73001,blind_cumulant_snr6_seed73001,Blind differential-cumulant classifier · 6 dB · seed 73001,blind_cumulant,Blind differential cumulant,blind_cumulant,73001,snr_db=6,paired held-out symbol/carrier/noise seed,baseline,20260727T150432Z_modulation_recognition_blind_carrier__blind_cumulant_snr6_seed73001,channel.carrier.cfo_abs_mean_cycles_per_symbol,0.003047
blind_cumulant_snr6_seed73001,blind_cumulant_snr6_seed73001,Blind differential-cumulant classifier · 6 dB · seed 73001,blind_cumulant,Blind differential cumulant,blind_cumulant,73001,snr_db=6,paired held-out symbol/carrier/noise seed,baseline,20260727T150432Z_modulation_recognition_blind_carrier__blind_cumulant_snr6_seed73001,channel.carrier.initial_phase_abs_mean_rad,1.55227
blind_cumulant_snr6_seed73001,blind_cumulant_snr6_seed73001,Blind differential-cumulant classifier · 6 dB · seed 73001,blind_cumulant,Blind differential cumulant,blind_cumulant,73001,snr_db=6,paired held-out symbol/carrier/noise seed,baseline,20260727T150432Z_modulation_recognition_blind_carrier__blind_cumulant_snr6_seed73001,channel.snr_db,6
blind_cumulant_snr6_seed73001,blind_cumulant_snr6_seed73001,Blind differential-cumulant classifier · 6 dB · seed 73001,blind_cumulant,Blind differential cumulant,blind_cumulant,73001,snr_db=6,paired held-out symbol/carrier/noise seed,baseline,20260727T150432Z_modulation_recognition_blind_carrier__blind_cumulant_snr6_seed73001,channel.snr_db_max,6
blind_cumulant_snr6_seed73001,blind_cumulant_snr6_seed73001,Blind differential-cumulant classifier · 6 dB · seed 73001,blind_cumulant,Blind differential cumulant,blind_cumulant,73001,snr_db=6,paired held-out symbol/carrier/noise seed,baseline,20260727T150432Z_modulation_recognition_blind_carrier__blind_cumulant_snr6_seed73001,channel.snr_db_min,6
blind_cumulant_snr6_seed73001,blind_cumulant_snr6_seed73001,Blind differential-cumulant classifier · 6 dB · seed 73001,blind_cumulant,Blind differential cumulant,blind_cumulant,73001,snr_db=6,paired held-out symbol/carrier/noise seed,baseline,20260727T150432Z_modulation_recognition_blind_carrier__blind_cumulant_snr6_seed73001,classification.balanced_accuracy,0.333333
blind_cumulant_snr6_seed73001,blind_cumulant_snr6_seed73001,Blind differential-cumulant classifier · 6 dB · seed 73001,blind_cumulant,Blind differential cumulant,blind_cumulant,73001,snr_db=6,paired held-out symbol/carrier/noise seed,baseline,20260727T150432Z_modulation_recognition_blind_carrier__blind_cumulant_snr6_seed73001,memory.run.end_rss_bytes,771805184
blind_cumulant_snr6_seed73001,blind_cumulant_snr6_seed73001,Blind differential-cumulant classifier · 6 dB · seed 73001,blind_cumulant,Blind differential cumulant,blind_cumulant,73001,snr_db=6,paired held-out symbol/carrier/noise seed,baseline,20260727T150432Z_modulation_recognition_blind_carrier__blind_cumulant_snr6_seed73001,memory.run.peak_rss_bytes,857481216
blind_cumulant_snr6_seed73001,blind_cumulant_snr6_seed73001,Blind differential-cumulant classifier · 6 dB · seed 73001,blind_cumulant,Blind differential cumulant,blind_cumulant,73001,snr_db=6,paired held-out symbol/carrier/noise seed,baseline,20260727T150432Z_modulation_recognition_blind_carrier__blind_cumulant_snr6_seed73001,memory.run.peak_rss_delta_bytes,74723328
blind_cumulant_snr6_seed73001,blind_cumulant_snr6_seed73001,Blind differential-cumulant classifier · 6 dB · seed 73001,blind_cumulant,Blind differential cumulant,blind_cumulant,73001,snr_db=6,paired held-out symbol/carrier/noise seed,baseline,20260727T150432Z_modulation_recognition_blind_carrier__blind_cumulant_snr6_seed73001,memory.run.sampler_interval_s,0.05
blind_cumulant_snr6_seed73001,blind_cumulant_snr6_seed73001,Blind differential-cumulant classifier · 6 dB · seed 73001,blind_cumulant,Blind differential cumulant,blind_cumulant,73001,snr_db=6,paired held-out symbol/carrier/noise seed,baseline,20260727T150432Z_modulation_recognition_blind_carrier__blind_cumulant_snr6_seed73001,memory.run.start_rss_bytes,782757888
blind_cumulant_snr6_seed73001,blind_cumulant_snr6_seed73001,Blind differential-cumulant classifier · 6 dB · seed 73001,blind_cumulant,Blind differential cumulant,blind_cumulant,73001,snr_db=6,paired held-out symbol/carrier/noise seed,baseline,20260727T150432Z_modulation_recognition_blind_carrier__blind_cumulant_snr6_seed73001,modulation_recognition.accuracy,0.333333
blind_cumulant_snr6_seed73001,blind_cumulant_snr6_seed73001,Blind differential-cumulant classifier · 6 dB · seed 73001,blind_cumulant,Blind differential cumulant,blind_cumulant,73001,snr_db=6,paired held-out symbol/carrier/noise seed,baseline,20260727T150432Z_modulation_recognition_blind_carrier__blind_cumulant_snr6_seed73001,modulation_recognition.balanced_accuracy,0.333333
blind_cumulant_snr6_seed73001,blind_cumulant_snr6_seed73001,Blind differential-cumulant classifier · 6 dB · seed 73001,blind_cumulant,Blind differential cumulant,blind_cumulant,73001,snr_db=6,paired held-out symbol/carrier/noise seed,baseline,20260727T150432Z_modulation_recognition_blind_carrier__blind_cumulant_snr6_seed73001,modulation_recognition.frame_count,1536
blind_cumulant_snr6_seed73001,blind_cumulant_snr6_seed73001,Blind differential-cumulant classifier · 6 dB · seed 73001,blind_cumulant,Blind differential cumulant,blind_cumulant,73001,snr_db=6,paired held-out symbol/carrier/noise seed,baseline,20260727T150432Z_modulation_recognition_blind_carrier__blind_cumulant_snr6_seed73001,modulation_recognition.macro_f1,0.166667
blind_cumulant_snr6_seed73001,blind_cumulant_snr6_seed73001,Blind differential-cumulant classifier · 6 dB · seed 73001,blind_cumulant,Blind differential cumulant,blind_cumulant,73001,snr_db=6,paired held-out symbol/carrier/noise seed,baseline,20260727T150432Z_modulation_recognition_blind_carrier__blind_cumulant_snr6_seed73001,modulation_recognition.predicted_frame_count,1536
blind_cumulant_snr6_seed73001,blind_cumulant_snr6_seed73001,Blind differential-cumulant classifier · 6 dB · seed 73001,blind_cumulant,Blind differential cumulant,blind_cumulant,73001,snr_db=6,paired held-out symbol/carrier/noise seed,baseline,20260727T150432Z_modulation_recognition_blind_carrier__blind_cumulant_snr6_seed73001,modulation_recognition.symbols_per_frame,128
blind_cumulant_snr6_seed73001,blind_cumulant_snr6_seed73001,Blind differential-cumulant classifier · 6 dB · seed 73001,blind_cumulant,Blind differential cumulant,blind_cumulant,73001,snr_db=6,paired held-out symbol/carrier/noise seed,baseline,20260727T150432Z_modulation_recognition_blind_carrier__blind_cumulant_snr6_seed73001,steps.data.modulation_recognition.frame_count,1536
blind_cumulant_snr6_seed73001,blind_cumulant_snr6_seed73001,Blind differential-cumulant classifier · 6 dB · seed 73001,blind_cumulant,Blind differential cumulant,blind_cumulant,73001,snr_db=6,paired held-out symbol/carrier/noise seed,baseline,20260727T150432Z_modulation_recognition_blind_carrier__blind_cumulant_snr6_seed73001,steps.data.modulation_recognition.symbols_per_frame,128
blind_cumulant_snr6_seed73001,blind_cumulant_snr6_seed73001,Blind differential-cumulant classifier · 6 dB · seed 73001,blind_cumulant,Blind differential cumulant,blind_cumulant,73001,snr_db=6,paired held-out symbol/carrier/noise seed,baseline,20260727T150432Z_modulation_recognition_blind_carrier__blind_cumulant_snr6_seed73001,steps.data.timing.step.wall_time_s,0.065515
blind_cumulant_snr6_seed73001,blind_cumulant_snr6_seed73001,Blind differential-cumulant classifier · 6 dB · seed 73001,blind_cumulant,Blind differential cumulant,blind_cumulant,73001,snr_db=6,paired held-out symbol/carrier/noise seed,baseline,20260727T150432Z_modulation_recognition_blind_carrier__blind_cumulant_snr6_seed73001,steps.evaluation.channel.snr_db,6
blind_cumulant_snr6_seed73001,blind_cumulant_snr6_seed73001,Blind differential-cumulant classifier · 6 dB · seed 73001,blind_cumulant,Blind differential cumulant,blind_cumulant,73001,snr_db=6,paired held-out symbol/carrier/noise seed,baseline,20260727T150432Z_modulation_recognition_blind_carrier__blind_cumulant_snr6_seed73001,steps.evaluation.classification.balanced_accuracy,0.333333
blind_cumulant_snr6_seed73001,blind_cumulant_snr6_seed73001,Blind differential-cumulant classifier · 6 dB · seed 73001,blind_cumulant,Blind differential cumulant,blind_cumulant,73001,snr_db=6,paired held-out symbol/carrier/noise seed,baseline,20260727T150432Z_modulation_recognition_blind_carrier__blind_cumulant_snr6_seed73001,steps.evaluation.modulation_recognition.accuracy,0.333333
blind_cumulant_snr6_seed73001,blind_cumulant_snr6_seed73001,Blind differential-cumulant classifier · 6 dB · seed 73001,blind_cumulant,Blind differential cumulant,blind_cumulant,73001,snr_db=6,paired held-out symbol/carrier/noise seed,baseline,20260727T150432Z_modulation_recognition_blind_carrier__blind_cumulant_snr6_seed73001,steps.evaluation.modulation_recognition.balanced_accuracy,0.333333
blind_cumulant_snr6_seed73001,blind_cumulant_snr6_seed73001,Blind differential-cumulant classifier · 6 dB · seed 73001,blind_cumulant,Blind differential cumulant,blind_cumulant,73001,snr_db=6,paired held-out symbol/carrier/noise seed,baseline,20260727T150432Z_modulation_recognition_blind_carrier__blind_cumulant_snr6_seed73001,steps.evaluation.modulation_recognition.macro_f1,0.166667
blind_cumulant_snr6_seed73001,blind_cumulant_snr6_seed73001,Blind differential-cumulant classifier · 6 dB · seed 73001,blind_cumulant,Blind differential cumulant,blind_cumulant,73001,snr_db=6,paired held-out symbol/carrier/noise seed,baseline,20260727T150432Z_modulation_recognition_blind_carrier__blind_cumulant_snr6_seed73001,steps.evaluation.task.accuracy,0.333333
blind_cumulant_snr6_seed73001,blind_cumulant_snr6_seed73001,Blind differential-cumulant classifier · 6 dB · seed 73001,blind_cumulant,Blind differential cumulant,blind_cumulant,73001,snr_db=6,paired held-out symbol/carrier/noise seed,baseline,20260727T150432Z_modulation_recognition_blind_carrier__blind_cumulant_snr6_seed73001,steps.evaluation.task.score,0.166667
blind_cumulant_snr6_seed73001,blind_cumulant_snr6_seed73001,Blind differential-cumulant classifier · 6 dB · seed 73001,blind_cumulant,Blind differential cumulant,blind_cumulant,73001,snr_db=6,paired held-out symbol/carrier/noise seed,baseline,20260727T150432Z_modulation_recognition_blind_carrier__blind_cumulant_snr6_seed73001,steps.evaluation.timing.step.wall_time_s,0.007064
blind_cumulant_snr6_seed73001,blind_cumulant_snr6_seed73001,Blind differential-cumulant classifier · 6 dB · seed 73001,blind_cumulant,Blind differential cumulant,blind_cumulant,73001,snr_db=6,paired held-out symbol/carrier/noise seed,baseline,20260727T150432Z_modulation_recognition_blind_carrier__blind_cumulant_snr6_seed73001,steps.observation.channel.carrier.cfo_abs_mean_cycles_per_symbol,0.003047
blind_cumulant_snr6_seed73001,blind_cumulant_snr6_seed73001,Blind differential-cumulant classifier · 6 dB · seed 73001,blind_cumulant,Blind differential cumulant,blind_cumulant,73001,snr_db=6,paired held-out symbol/carrier/noise seed,baseline,20260727T150432Z_modulation_recognition_blind_carrier__blind_cumulant_snr6_seed73001,steps.observation.channel.carrier.initial_phase_abs_mean_rad,1.55227
blind_cumulant_snr6_seed73001,blind_cumulant_snr6_seed73001,Blind differential-cumulant classifier · 6 dB · seed 73001,blind_cumulant,Blind differential cumulant,blind_cumulant,73001,snr_db=6,paired held-out symbol/carrier/noise seed,baseline,20260727T150432Z_modulation_recognition_blind_carrier__blind_cumulant_snr6_seed73001,steps.observation.channel.snr_db,6
blind_cumulant_snr6_seed73001,blind_cumulant_snr6_seed73001,Blind differential-cumulant classifier · 6 dB · seed 73001,blind_cumulant,Blind differential cumulant,blind_cumulant,73001,snr_db=6,paired held-out symbol/carrier/noise seed,baseline,20260727T150432Z_modulation_recognition_blind_carrier__blind_cumulant_snr6_seed73001,steps.observation.channel.snr_db_max,6
blind_cumulant_snr6_seed73001,blind_cumulant_snr6_seed73001,Blind differential-cumulant classifier · 6 dB · seed 73001,blind_cumulant,Blind differential cumulant,blind_cumulant,73001,snr_db=6,paired held-out symbol/carrier/noise seed,baseline,20260727T150432Z_modulation_recognition_blind_carrier__blind_cumulant_snr6_seed73001,steps.observation.channel.snr_db_min,6
blind_cumulant_snr6_seed73001,blind_cumulant_snr6_seed73001,Blind differential-cumulant classifier · 6 dB · seed 73001,blind_cumulant,Blind differential cumulant,blind_cumulant,73001,snr_db=6,paired held-out symbol/carrier/noise seed,baseline,20260727T150432Z_modulation_recognition_blind_carrier__blind_cumulant_snr6_seed73001,steps.observation.modulation_recognition.frame_count,1536
blind_cumulant_snr6_seed73001,blind_cumulant_snr6_seed73001,Blind differential-cumulant classifier · 6 dB · seed 73001,blind_cumulant,Blind differential cumulant,blind_cumulant,73001,snr_db=6,paired held-out symbol/carrier/noise seed,baseline,20260727T150432Z_modulation_recognition_blind_carrier__blind_cumulant_snr6_seed73001,steps.observation.timing.step.wall_time_s,0.101558
blind_cumulant_snr6_seed73001,blind_cumulant_snr6_seed73001,Blind differential-cumulant classifier · 6 dB · seed 73001,blind_cumulant,Blind differential cumulant,blind_cumulant,73001,snr_db=6,paired held-out symbol/carrier/noise seed,baseline,20260727T150432Z_modulation_recognition_blind_carrier__blind_cumulant_snr6_seed73001,steps.receiver.modulation_recognition.predicted_frame_count,1536
blind_cumulant_snr6_seed73001,blind_cumulant_snr6_seed73001,Blind differential-cumulant classifier · 6 dB · seed 73001,blind_cumulant,Blind differential cumulant,blind_cumulant,73001,snr_db=6,paired held-out symbol/carrier/noise seed,baseline,20260727T150432Z_modulation_recognition_blind_carrier__blind_cumulant_snr6_seed73001,steps.receiver.timing.step.wall_time_s,0.269696
blind_cumulant_snr6_seed73001,blind_cumulant_snr6_seed73001,Blind differential-cumulant classifier · 6 dB · seed 73001,blind_cumulant,Blind differential cumulant,blind_cumulant,73001,snr_db=6,paired held-out symbol/carrier/noise seed,baseline,20260727T150432Z_modulation_recognition_blind_carrier__blind_cumulant_snr6_seed73001,task.accuracy,0.333333
blind_cumulant_snr6_seed73001,blind_cumulant_snr6_seed73001,Blind differential-cumulant classifier · 6 dB · seed 73001,blind_cumulant,Blind differential cumulant,blind_cumulant,73001,snr_db=6,paired held-out symbol/carrier/noise seed,baseline,20260727T150432Z_modulation_recognition_blind_carrier__blind_cumulant_snr6_seed73001,task.score,0.166667
blind_cumulant_snr10_seed71001,blind_cumulant_snr10_seed71001,Blind differential-cumulant classifier · 10 dB · seed 71001,blind_cumulant,Blind differential cumulant,blind_cumulant,71001,snr_db=10,paired held-out symbol/carrier/noise seed,baseline,20260727T150439Z_modulation_recognition_blind_carrier__blind_cumulant_snr10_seed71001,channel.carrier.cfo_abs_mean_cycles_per_symbol,0.002954
blind_cumulant_snr10_seed71001,blind_cumulant_snr10_seed71001,Blind differential-cumulant classifier · 10 dB · seed 71001,blind_cumulant,Blind differential cumulant,blind_cumulant,71001,snr_db=10,paired held-out symbol/carrier/noise seed,baseline,20260727T150439Z_modulation_recognition_blind_carrier__blind_cumulant_snr10_seed71001,channel.carrier.initial_phase_abs_mean_rad,1.552568
blind_cumulant_snr10_seed71001,blind_cumulant_snr10_seed71001,Blind differential-cumulant classifier · 10 dB · seed 71001,blind_cumulant,Blind differential cumulant,blind_cumulant,71001,snr_db=10,paired held-out symbol/carrier/noise seed,baseline,20260727T150439Z_modulation_recognition_blind_carrier__blind_cumulant_snr10_seed71001,channel.snr_db,10
blind_cumulant_snr10_seed71001,blind_cumulant_snr10_seed71001,Blind differential-cumulant classifier · 10 dB · seed 71001,blind_cumulant,Blind differential cumulant,blind_cumulant,71001,snr_db=10,paired held-out symbol/carrier/noise seed,baseline,20260727T150439Z_modulation_recognition_blind_carrier__blind_cumulant_snr10_seed71001,channel.snr_db_max,10
blind_cumulant_snr10_seed71001,blind_cumulant_snr10_seed71001,Blind differential-cumulant classifier · 10 dB · seed 71001,blind_cumulant,Blind differential cumulant,blind_cumulant,71001,snr_db=10,paired held-out symbol/carrier/noise seed,baseline,20260727T150439Z_modulation_recognition_blind_carrier__blind_cumulant_snr10_seed71001,channel.snr_db_min,10
blind_cumulant_snr10_seed71001,blind_cumulant_snr10_seed71001,Blind differential-cumulant classifier · 10 dB · seed 71001,blind_cumulant,Blind differential cumulant,blind_cumulant,71001,snr_db=10,paired held-out symbol/carrier/noise seed,baseline,20260727T150439Z_modulation_recognition_blind_carrier__blind_cumulant_snr10_seed71001,classification.balanced_accuracy,0.669922
blind_cumulant_snr10_seed71001,blind_cumulant_snr10_seed71001,Blind differential-cumulant classifier · 10 dB · seed 71001,blind_cumulant,Blind differential cumulant,blind_cumulant,71001,snr_db=10,paired held-out symbol/carrier/noise seed,baseline,20260727T150439Z_modulation_recognition_blind_carrier__blind_cumulant_snr10_seed71001,memory.run.end_rss_bytes,777560064
blind_cumulant_snr10_seed71001,blind_cumulant_snr10_seed71001,Blind differential-cumulant classifier · 10 dB · seed 71001,blind_cumulant,Blind differential cumulant,blind_cumulant,71001,snr_db=10,paired held-out symbol/carrier/noise seed,baseline,20260727T150439Z_modulation_recognition_blind_carrier__blind_cumulant_snr10_seed71001,memory.run.peak_rss_bytes,882814976
blind_cumulant_snr10_seed71001,blind_cumulant_snr10_seed71001,Blind differential-cumulant classifier · 10 dB · seed 71001,blind_cumulant,Blind differential cumulant,blind_cumulant,71001,snr_db=10,paired held-out symbol/carrier/noise seed,baseline,20260727T150439Z_modulation_recognition_blind_carrier__blind_cumulant_snr10_seed71001,memory.run.peak_rss_delta_bytes,94371840
blind_cumulant_snr10_seed71001,blind_cumulant_snr10_seed71001,Blind differential-cumulant classifier · 10 dB · seed 71001,blind_cumulant,Blind differential cumulant,blind_cumulant,71001,snr_db=10,paired held-out symbol/carrier/noise seed,baseline,20260727T150439Z_modulation_recognition_blind_carrier__blind_cumulant_snr10_seed71001,memory.run.sampler_interval_s,0.05
blind_cumulant_snr10_seed71001,blind_cumulant_snr10_seed71001,Blind differential-cumulant classifier · 10 dB · seed 71001,blind_cumulant,Blind differential cumulant,blind_cumulant,71001,snr_db=10,paired held-out symbol/carrier/noise seed,baseline,20260727T150439Z_modulation_recognition_blind_carrier__blind_cumulant_snr10_seed71001,memory.run.start_rss_bytes,788443136
blind_cumulant_snr10_seed71001,blind_cumulant_snr10_seed71001,Blind differential-cumulant classifier · 10 dB · seed 71001,blind_cumulant,Blind differential cumulant,blind_cumulant,71001,snr_db=10,paired held-out symbol/carrier/noise seed,baseline,20260727T150439Z_modulation_recognition_blind_carrier__blind_cumulant_snr10_seed71001,modulation_recognition.accuracy,0.669922
blind_cumulant_snr10_seed71001,blind_cumulant_snr10_seed71001,Blind differential-cumulant classifier · 10 dB · seed 71001,blind_cumulant,Blind differential cumulant,blind_cumulant,71001,snr_db=10,paired held-out symbol/carrier/noise seed,baseline,20260727T150439Z_modulation_recognition_blind_carrier__blind_cumulant_snr10_seed71001,modulation_recognition.balanced_accuracy,0.669922
blind_cumulant_snr10_seed71001,blind_cumulant_snr10_seed71001,Blind differential-cumulant classifier · 10 dB · seed 71001,blind_cumulant,Blind differential cumulant,blind_cumulant,71001,snr_db=10,paired held-out symbol/carrier/noise seed,baseline,20260727T150439Z_modulation_recognition_blind_carrier__blind_cumulant_snr10_seed71001,modulation_recognition.frame_count,1536
blind_cumulant_snr10_seed71001,blind_cumulant_snr10_seed71001,Blind differential-cumulant classifier · 10 dB · seed 71001,blind_cumulant,Blind differential cumulant,blind_cumulant,71001,snr_db=10,paired held-out symbol/carrier/noise seed,baseline,20260727T150439Z_modulation_recognition_blind_carrier__blind_cumulant_snr10_seed71001,modulation_recognition.macro_f1,0.564621
blind_cumulant_snr10_seed71001,blind_cumulant_snr10_seed71001,Blind differential-cumulant classifier · 10 dB · seed 71001,blind_cumulant,Blind differential cumulant,blind_cumulant,71001,snr_db=10,paired held-out symbol/carrier/noise seed,baseline,20260727T150439Z_modulation_recognition_blind_carrier__blind_cumulant_snr10_seed71001,modulation_recognition.predicted_frame_count,1536
blind_cumulant_snr10_seed71001,blind_cumulant_snr10_seed71001,Blind differential-cumulant classifier · 10 dB · seed 71001,blind_cumulant,Blind differential cumulant,blind_cumulant,71001,snr_db=10,paired held-out symbol/carrier/noise seed,baseline,20260727T150439Z_modulation_recognition_blind_carrier__blind_cumulant_snr10_seed71001,modulation_recognition.symbols_per_frame,128
blind_cumulant_snr10_seed71001,blind_cumulant_snr10_seed71001,Blind differential-cumulant classifier · 10 dB · seed 71001,blind_cumulant,Blind differential cumulant,blind_cumulant,71001,snr_db=10,paired held-out symbol/carrier/noise seed,baseline,20260727T150439Z_modulation_recognition_blind_carrier__blind_cumulant_snr10_seed71001,steps.data.modulation_recognition.frame_count,1536
blind_cumulant_snr10_seed71001,blind_cumulant_snr10_seed71001,Blind differential-cumulant classifier · 10 dB · seed 71001,blind_cumulant,Blind differential cumulant,blind_cumulant,71001,snr_db=10,paired held-out symbol/carrier/noise seed,baseline,20260727T150439Z_modulation_recognition_blind_carrier__blind_cumulant_snr10_seed71001,steps.data.modulation_recognition.symbols_per_frame,128
blind_cumulant_snr10_seed71001,blind_cumulant_snr10_seed71001,Blind differential-cumulant classifier · 10 dB · seed 71001,blind_cumulant,Blind differential cumulant,blind_cumulant,71001,snr_db=10,paired held-out symbol/carrier/noise seed,baseline,20260727T150439Z_modulation_recognition_blind_carrier__blind_cumulant_snr10_seed71001,steps.data.timing.step.wall_time_s,0.06562
blind_cumulant_snr10_seed71001,blind_cumulant_snr10_seed71001,Blind differential-cumulant classifier · 10 dB · seed 71001,blind_cumulant,Blind differential cumulant,blind_cumulant,71001,snr_db=10,paired held-out symbol/carrier/noise seed,baseline,20260727T150439Z_modulation_recognition_blind_carrier__blind_cumulant_snr10_seed71001,steps.evaluation.channel.snr_db,10
blind_cumulant_snr10_seed71001,blind_cumulant_snr10_seed71001,Blind differential-cumulant classifier · 10 dB · seed 71001,blind_cumulant,Blind differential cumulant,blind_cumulant,71001,snr_db=10,paired held-out symbol/carrier/noise seed,baseline,20260727T150439Z_modulation_recognition_blind_carrier__blind_cumulant_snr10_seed71001,steps.evaluation.classification.balanced_accuracy,0.669922
blind_cumulant_snr10_seed71001,blind_cumulant_snr10_seed71001,Blind differential-cumulant classifier · 10 dB · seed 71001,blind_cumulant,Blind differential cumulant,blind_cumulant,71001,snr_db=10,paired held-out symbol/carrier/noise seed,baseline,20260727T150439Z_modulation_recognition_blind_carrier__blind_cumulant_snr10_seed71001,steps.evaluation.modulation_recognition.accuracy,0.669922
blind_cumulant_snr10_seed71001,blind_cumulant_snr10_seed71001,Blind differential-cumulant classifier · 10 dB · seed 71001,blind_cumulant,Blind differential cumulant,blind_cumulant,71001,snr_db=10,paired held-out symbol/carrier/noise seed,baseline,20260727T150439Z_modulation_recognition_blind_carrier__blind_cumulant_snr10_seed71001,steps.evaluation.modulation_recognition.balanced_accuracy,0.669922
blind_cumulant_snr10_seed71001,blind_cumulant_snr10_seed71001,Blind differential-cumulant classifier · 10 dB · seed 71001,blind_cumulant,Blind differential cumulant,blind_cumulant,71001,snr_db=10,paired held-out symbol/carrier/noise seed,baseline,20260727T150439Z_modulation_recognition_blind_carrier__blind_cumulant_snr10_seed71001,steps.evaluation.modulation_recognition.macro_f1,0.564621
blind_cumulant_snr10_seed71001,blind_cumulant_snr10_seed71001,Blind differential-cumulant classifier · 10 dB · seed 71001,blind_cumulant,Blind differential cumulant,blind_cumulant,71001,snr_db=10,paired held-out symbol/carrier/noise seed,baseline,20260727T150439Z_modulation_recognition_blind_carrier__blind_cumulant_snr10_seed71001,steps.evaluation.task.accuracy,0.669922
blind_cumulant_snr10_seed71001,blind_cumulant_snr10_seed71001,Blind differential-cumulant classifier · 10 dB · seed 71001,blind_cumulant,Blind differential cumulant,blind_cumulant,71001,snr_db=10,paired held-out symbol/carrier/noise seed,baseline,20260727T150439Z_modulation_recognition_blind_carrier__blind_cumulant_snr10_seed71001,steps.evaluation.task.score,0.564621
blind_cumulant_snr10_seed71001,blind_cumulant_snr10_seed71001,Blind differential-cumulant classifier · 10 dB · seed 71001,blind_cumulant,Blind differential cumulant,blind_cumulant,71001,snr_db=10,paired held-out symbol/carrier/noise seed,baseline,20260727T150439Z_modulation_recognition_blind_carrier__blind_cumulant_snr10_seed71001,steps.evaluation.timing.step.wall_time_s,0.006844
blind_cumulant_snr10_seed71001,blind_cumulant_snr10_seed71001,Blind differential-cumulant classifier · 10 dB · seed 71001,blind_cumulant,Blind differential cumulant,blind_cumulant,71001,snr_db=10,paired held-out symbol/carrier/noise seed,baseline,20260727T150439Z_modulation_recognition_blind_carrier__blind_cumulant_snr10_seed71001,steps.observation.channel.carrier.cfo_abs_mean_cycles_per_symbol,0.002954
blind_cumulant_snr10_seed71001,blind_cumulant_snr10_seed71001,Blind differential-cumulant classifier · 10 dB · seed 71001,blind_cumulant,Blind differential cumulant,blind_cumulant,71001,snr_db=10,paired held-out symbol/carrier/noise seed,baseline,20260727T150439Z_modulation_recognition_blind_carrier__blind_cumulant_snr10_seed71001,steps.observation.channel.carrier.initial_phase_abs_mean_rad,1.552568
blind_cumulant_snr10_seed71001,blind_cumulant_snr10_seed71001,Blind differential-cumulant classifier · 10 dB · seed 71001,blind_cumulant,Blind differential cumulant,blind_cumulant,71001,snr_db=10,paired held-out symbol/carrier/noise seed,baseline,20260727T150439Z_modulation_recognition_blind_carrier__blind_cumulant_snr10_seed71001,steps.observation.channel.snr_db,10
blind_cumulant_snr10_seed71001,blind_cumulant_snr10_seed71001,Blind differential-cumulant classifier · 10 dB · seed 71001,blind_cumulant,Blind differential cumulant,blind_cumulant,71001,snr_db=10,paired held-out symbol/carrier/noise seed,baseline,20260727T150439Z_modulation_recognition_blind_carrier__blind_cumulant_snr10_seed71001,steps.observation.channel.snr_db_max,10
blind_cumulant_snr10_seed71001,blind_cumulant_snr10_seed71001,Blind differential-cumulant classifier · 10 dB · seed 71001,blind_cumulant,Blind differential cumulant,blind_cumulant,71001,snr_db=10,paired held-out symbol/carrier/noise seed,baseline,20260727T150439Z_modulation_recognition_blind_carrier__blind_cumulant_snr10_seed71001,steps.observation.channel.snr_db_min,10
blind_cumulant_snr10_seed71001,blind_cumulant_snr10_seed71001,Blind differential-cumulant classifier · 10 dB · seed 71001,blind_cumulant,Blind differential cumulant,blind_cumulant,71001,snr_db=10,paired held-out symbol/carrier/noise seed,baseline,20260727T150439Z_modulation_recognition_blind_carrier__blind_cumulant_snr10_seed71001,steps.observation.modulation_recognition.frame_count,1536
blind_cumulant_snr10_seed71001,blind_cumulant_snr10_seed71001,Blind differential-cumulant classifier · 10 dB · seed 71001,blind_cumulant,Blind differential cumulant,blind_cumulant,71001,snr_db=10,paired held-out symbol/carrier/noise seed,baseline,20260727T150439Z_modulation_recognition_blind_carrier__blind_cumulant_snr10_seed71001,steps.observation.timing.step.wall_time_s,0.098669
blind_cumulant_snr10_seed71001,blind_cumulant_snr10_seed71001,Blind differential-cumulant classifier · 10 dB · seed 71001,blind_cumulant,Blind differential cumulant,blind_cumulant,71001,snr_db=10,paired held-out symbol/carrier/noise seed,baseline,20260727T150439Z_modulation_recognition_blind_carrier__blind_cumulant_snr10_seed71001,steps.receiver.modulation_recognition.predicted_frame_count,1536
blind_cumulant_snr10_seed71001,blind_cumulant_snr10_seed71001,Blind differential-cumulant classifier · 10 dB · seed 71001,blind_cumulant,Blind differential cumulant,blind_cumulant,71001,snr_db=10,paired held-out symbol/carrier/noise seed,baseline,20260727T150439Z_modulation_recognition_blind_carrier__blind_cumulant_snr10_seed71001,steps.receiver.timing.step.wall_time_s,0.268243
blind_cumulant_snr10_seed71001,blind_cumulant_snr10_seed71001,Blind differential-cumulant classifier · 10 dB · seed 71001,blind_cumulant,Blind differential cumulant,blind_cumulant,71001,snr_db=10,paired held-out symbol/carrier/noise seed,baseline,20260727T150439Z_modulation_recognition_blind_carrier__blind_cumulant_snr10_seed71001,task.accuracy,0.669922
blind_cumulant_snr10_seed71001,blind_cumulant_snr10_seed71001,Blind differential-cumulant classifier · 10 dB · seed 71001,blind_cumulant,Blind differential cumulant,blind_cumulant,71001,snr_db=10,paired held-out symbol/carrier/noise seed,baseline,20260727T150439Z_modulation_recognition_blind_carrier__blind_cumulant_snr10_seed71001,task.score,0.564621
blind_cumulant_snr10_seed72001,blind_cumulant_snr10_seed72001,Blind differential-cumulant classifier · 10 dB · seed 72001,blind_cumulant,Blind differential cumulant,blind_cumulant,72001,snr_db=10,paired held-out symbol/carrier/noise seed,baseline,20260727T150446Z_modulation_recognition_blind_carrier__blind_cumulant_snr10_seed72001,channel.carrier.cfo_abs_mean_cycles_per_symbol,0.002995
blind_cumulant_snr10_seed72001,blind_cumulant_snr10_seed72001,Blind differential-cumulant classifier · 10 dB · seed 72001,blind_cumulant,Blind differential cumulant,blind_cumulant,72001,snr_db=10,paired held-out symbol/carrier/noise seed,baseline,20260727T150446Z_modulation_recognition_blind_carrier__blind_cumulant_snr10_seed72001,channel.carrier.initial_phase_abs_mean_rad,1.588569
blind_cumulant_snr10_seed72001,blind_cumulant_snr10_seed72001,Blind differential-cumulant classifier · 10 dB · seed 72001,blind_cumulant,Blind differential cumulant,blind_cumulant,72001,snr_db=10,paired held-out symbol/carrier/noise seed,baseline,20260727T150446Z_modulation_recognition_blind_carrier__blind_cumulant_snr10_seed72001,channel.snr_db,10
blind_cumulant_snr10_seed72001,blind_cumulant_snr10_seed72001,Blind differential-cumulant classifier · 10 dB · seed 72001,blind_cumulant,Blind differential cumulant,blind_cumulant,72001,snr_db=10,paired held-out symbol/carrier/noise seed,baseline,20260727T150446Z_modulation_recognition_blind_carrier__blind_cumulant_snr10_seed72001,channel.snr_db_max,10
blind_cumulant_snr10_seed72001,blind_cumulant_snr10_seed72001,Blind differential-cumulant classifier · 10 dB · seed 72001,blind_cumulant,Blind differential cumulant,blind_cumulant,72001,snr_db=10,paired held-out symbol/carrier/noise seed,baseline,20260727T150446Z_modulation_recognition_blind_carrier__blind_cumulant_snr10_seed72001,channel.snr_db_min,10
blind_cumulant_snr10_seed72001,blind_cumulant_snr10_seed72001,Blind differential-cumulant classifier · 10 dB · seed 72001,blind_cumulant,Blind differential cumulant,blind_cumulant,72001,snr_db=10,paired held-out symbol/carrier/noise seed,baseline,20260727T150446Z_modulation_recognition_blind_carrier__blind_cumulant_snr10_seed72001,classification.balanced_accuracy,0.667969
blind_cumulant_snr10_seed72001,blind_cumulant_snr10_seed72001,Blind differential-cumulant classifier · 10 dB · seed 72001,blind_cumulant,Blind differential cumulant,blind_cumulant,72001,snr_db=10,paired held-out symbol/carrier/noise seed,baseline,20260727T150446Z_modulation_recognition_blind_carrier__blind_cumulant_snr10_seed72001,memory.run.end_rss_bytes,786444288
blind_cumulant_snr10_seed72001,blind_cumulant_snr10_seed72001,Blind differential-cumulant classifier · 10 dB · seed 72001,blind_cumulant,Blind differential cumulant,blind_cumulant,72001,snr_db=10,paired held-out symbol/carrier/noise seed,baseline,20260727T150446Z_modulation_recognition_blind_carrier__blind_cumulant_snr10_seed72001,memory.run.peak_rss_bytes,873193472
blind_cumulant_snr10_seed72001,blind_cumulant_snr10_seed72001,Blind differential-cumulant classifier · 10 dB · seed 72001,blind_cumulant,Blind differential cumulant,blind_cumulant,72001,snr_db=10,paired held-out symbol/carrier/noise seed,baseline,20260727T150446Z_modulation_recognition_blind_carrier__blind_cumulant_snr10_seed72001,memory.run.peak_rss_delta_bytes,79015936
blind_cumulant_snr10_seed72001,blind_cumulant_snr10_seed72001,Blind differential-cumulant classifier · 10 dB · seed 72001,blind_cumulant,Blind differential cumulant,blind_cumulant,72001,snr_db=10,paired held-out symbol/carrier/noise seed,baseline,20260727T150446Z_modulation_recognition_blind_carrier__blind_cumulant_snr10_seed72001,memory.run.sampler_interval_s,0.05
blind_cumulant_snr10_seed72001,blind_cumulant_snr10_seed72001,Blind differential-cumulant classifier · 10 dB · seed 72001,blind_cumulant,Blind differential cumulant,blind_cumulant,72001,snr_db=10,paired held-out symbol/carrier/noise seed,baseline,20260727T150446Z_modulation_recognition_blind_carrier__blind_cumulant_snr10_seed72001,memory.run.start_rss_bytes,794177536
blind_cumulant_snr10_seed72001,blind_cumulant_snr10_seed72001,Blind differential-cumulant classifier · 10 dB · seed 72001,blind_cumulant,Blind differential cumulant,blind_cumulant,72001,snr_db=10,paired held-out symbol/carrier/noise seed,baseline,20260727T150446Z_modulation_recognition_blind_carrier__blind_cumulant_snr10_seed72001,modulation_recognition.accuracy,0.667969
blind_cumulant_snr10_seed72001,blind_cumulant_snr10_seed72001,Blind differential-cumulant classifier · 10 dB · seed 72001,blind_cumulant,Blind differential cumulant,blind_cumulant,72001,snr_db=10,paired held-out symbol/carrier/noise seed,baseline,20260727T150446Z_modulation_recognition_blind_carrier__blind_cumulant_snr10_seed72001,modulation_recognition.balanced_accuracy,0.667969
blind_cumulant_snr10_seed72001,blind_cumulant_snr10_seed72001,Blind differential-cumulant classifier · 10 dB · seed 72001,blind_cumulant,Blind differential cumulant,blind_cumulant,72001,snr_db=10,paired held-out symbol/carrier/noise seed,baseline,20260727T150446Z_modulation_recognition_blind_carrier__blind_cumulant_snr10_seed72001,modulation_recognition.frame_count,1536
blind_cumulant_snr10_seed72001,blind_cumulant_snr10_seed72001,Blind differential-cumulant classifier · 10 dB · seed 72001,blind_cumulant,Blind differential cumulant,blind_cumulant,72001,snr_db=10,paired held-out symbol/carrier/noise seed,baseline,20260727T150446Z_modulation_recognition_blind_carrier__blind_cumulant_snr10_seed72001,modulation_recognition.macro_f1,0.558439
blind_cumulant_snr10_seed72001,blind_cumulant_snr10_seed72001,Blind differential-cumulant classifier · 10 dB · seed 72001,blind_cumulant,Blind differential cumulant,blind_cumulant,72001,snr_db=10,paired held-out symbol/carrier/noise seed,baseline,20260727T150446Z_modulation_recognition_blind_carrier__blind_cumulant_snr10_seed72001,modulation_recognition.predicted_frame_count,1536
blind_cumulant_snr10_seed72001,blind_cumulant_snr10_seed72001,Blind differential-cumulant classifier · 10 dB · seed 72001,blind_cumulant,Blind differential cumulant,blind_cumulant,72001,snr_db=10,paired held-out symbol/carrier/noise seed,baseline,20260727T150446Z_modulation_recognition_blind_carrier__blind_cumulant_snr10_seed72001,modulation_recognition.symbols_per_frame,128
blind_cumulant_snr10_seed72001,blind_cumulant_snr10_seed72001,Blind differential-cumulant classifier · 10 dB · seed 72001,blind_cumulant,Blind differential cumulant,blind_cumulant,72001,snr_db=10,paired held-out symbol/carrier/noise seed,baseline,20260727T150446Z_modulation_recognition_blind_carrier__blind_cumulant_snr10_seed72001,steps.data.modulation_recognition.frame_count,1536
blind_cumulant_snr10_seed72001,blind_cumulant_snr10_seed72001,Blind differential-cumulant classifier · 10 dB · seed 72001,blind_cumulant,Blind differential cumulant,blind_cumulant,72001,snr_db=10,paired held-out symbol/carrier/noise seed,baseline,20260727T150446Z_modulation_recognition_blind_carrier__blind_cumulant_snr10_seed72001,steps.data.modulation_recognition.symbols_per_frame,128
blind_cumulant_snr10_seed72001,blind_cumulant_snr10_seed72001,Blind differential-cumulant classifier · 10 dB · seed 72001,blind_cumulant,Blind differential cumulant,blind_cumulant,72001,snr_db=10,paired held-out symbol/carrier/noise seed,baseline,20260727T150446Z_modulation_recognition_blind_carrier__blind_cumulant_snr10_seed72001,steps.data.timing.step.wall_time_s,0.066312
blind_cumulant_snr10_seed72001,blind_cumulant_snr10_seed72001,Blind differential-cumulant classifier · 10 dB · seed 72001,blind_cumulant,Blind differential cumulant,blind_cumulant,72001,snr_db=10,paired held-out symbol/carrier/noise seed,baseline,20260727T150446Z_modulation_recognition_blind_carrier__blind_cumulant_snr10_seed72001,steps.evaluation.channel.snr_db,10
blind_cumulant_snr10_seed72001,blind_cumulant_snr10_seed72001,Blind differential-cumulant classifier · 10 dB · seed 72001,blind_cumulant,Blind differential cumulant,blind_cumulant,72001,snr_db=10,paired held-out symbol/carrier/noise seed,baseline,20260727T150446Z_modulation_recognition_blind_carrier__blind_cumulant_snr10_seed72001,steps.evaluation.classification.balanced_accuracy,0.667969
blind_cumulant_snr10_seed72001,blind_cumulant_snr10_seed72001,Blind differential-cumulant classifier · 10 dB · seed 72001,blind_cumulant,Blind differential cumulant,blind_cumulant,72001,snr_db=10,paired held-out symbol/carrier/noise seed,baseline,20260727T150446Z_modulation_recognition_blind_carrier__blind_cumulant_snr10_seed72001,steps.evaluation.modulation_recognition.accuracy,0.667969
blind_cumulant_snr10_seed72001,blind_cumulant_snr10_seed72001,Blind differential-cumulant classifier · 10 dB · seed 72001,blind_cumulant,Blind differential cumulant,blind_cumulant,72001,snr_db=10,paired held-out symbol/carrier/noise seed,baseline,20260727T150446Z_modulation_recognition_blind_carrier__blind_cumulant_snr10_seed72001,steps.evaluation.modulation_recognition.balanced_accuracy,0.667969
blind_cumulant_snr10_seed72001,blind_cumulant_snr10_seed72001,Blind differential-cumulant classifier · 10 dB · seed 72001,blind_cumulant,Blind differential cumulant,blind_cumulant,72001,snr_db=10,paired held-out symbol/carrier/noise seed,baseline,20260727T150446Z_modulation_recognition_blind_carrier__blind_cumulant_snr10_seed72001,steps.evaluation.modulation_recognition.macro_f1,0.558439
blind_cumulant_snr10_seed72001,blind_cumulant_snr10_seed72001,Blind differential-cumulant classifier · 10 dB · seed 72001,blind_cumulant,Blind differential cumulant,blind_cumulant,72001,snr_db=10,paired held-out symbol/carrier/noise seed,baseline,20260727T150446Z_modulation_recognition_blind_carrier__blind_cumulant_snr10_seed72001,steps.evaluation.task.accuracy,0.667969
blind_cumulant_snr10_seed72001,blind_cumulant_snr10_seed72001,Blind differential-cumulant classifier · 10 dB · seed 72001,blind_cumulant,Blind differential cumulant,blind_cumulant,72001,snr_db=10,paired held-out symbol/carrier/noise seed,baseline,20260727T150446Z_modulation_recognition_blind_carrier__blind_cumulant_snr10_seed72001,steps.evaluation.task.score,0.558439
blind_cumulant_snr10_seed72001,blind_cumulant_snr10_seed72001,Blind differential-cumulant classifier · 10 dB · seed 72001,blind_cumulant,Blind differential cumulant,blind_cumulant,72001,snr_db=10,paired held-out symbol/carrier/noise seed,baseline,20260727T150446Z_modulation_recognition_blind_carrier__blind_cumulant_snr10_seed72001,steps.evaluation.timing.step.wall_time_s,0.00664
blind_cumulant_snr10_seed72001,blind_cumulant_snr10_seed72001,Blind differential-cumulant classifier · 10 dB · seed 72001,blind_cumulant,Blind differential cumulant,blind_cumulant,72001,snr_db=10,paired held-out symbol/carrier/noise seed,baseline,20260727T150446Z_modulation_recognition_blind_carrier__blind_cumulant_snr10_seed72001,steps.observation.channel.carrier.cfo_abs_mean_cycles_per_symbol,0.002995
blind_cumulant_snr10_seed72001,blind_cumulant_snr10_seed72001,Blind differential-cumulant classifier · 10 dB · seed 72001,blind_cumulant,Blind differential cumulant,blind_cumulant,72001,snr_db=10,paired held-out symbol/carrier/noise seed,baseline,20260727T150446Z_modulation_recognition_blind_carrier__blind_cumulant_snr10_seed72001,steps.observation.channel.carrier.initial_phase_abs_mean_rad,1.588569
blind_cumulant_snr10_seed72001,blind_cumulant_snr10_seed72001,Blind differential-cumulant classifier · 10 dB · seed 72001,blind_cumulant,Blind differential cumulant,blind_cumulant,72001,snr_db=10,paired held-out symbol/carrier/noise seed,baseline,20260727T150446Z_modulation_recognition_blind_carrier__blind_cumulant_snr10_seed72001,steps.observation.channel.snr_db,10
blind_cumulant_snr10_seed72001,blind_cumulant_snr10_seed72001,Blind differential-cumulant classifier · 10 dB · seed 72001,blind_cumulant,Blind differential cumulant,blind_cumulant,72001,snr_db=10,paired held-out symbol/carrier/noise seed,baseline,20260727T150446Z_modulation_recognition_blind_carrier__blind_cumulant_snr10_seed72001,steps.observation.channel.snr_db_max,10
blind_cumulant_snr10_seed72001,blind_cumulant_snr10_seed72001,Blind differential-cumulant classifier · 10 dB · seed 72001,blind_cumulant,Blind differential cumulant,blind_cumulant,72001,snr_db=10,paired held-out symbol/carrier/noise seed,baseline,20260727T150446Z_modulation_recognition_blind_carrier__blind_cumulant_snr10_seed72001,steps.observation.channel.snr_db_min,10
blind_cumulant_snr10_seed72001,blind_cumulant_snr10_seed72001,Blind differential-cumulant classifier · 10 dB · seed 72001,blind_cumulant,Blind differential cumulant,blind_cumulant,72001,snr_db=10,paired held-out symbol/carrier/noise seed,baseline,20260727T150446Z_modulation_recognition_blind_carrier__blind_cumulant_snr10_seed72001,steps.observation.modulation_recognition.frame_count,1536
blind_cumulant_snr10_seed72001,blind_cumulant_snr10_seed72001,Blind differential-cumulant classifier · 10 dB · seed 72001,blind_cumulant,Blind differential cumulant,blind_cumulant,72001,snr_db=10,paired held-out symbol/carrier/noise seed,baseline,20260727T150446Z_modulation_recognition_blind_carrier__blind_cumulant_snr10_seed72001,steps.observation.timing.step.wall_time_s,0.12269
blind_cumulant_snr10_seed72001,blind_cumulant_snr10_seed72001,Blind differential-cumulant classifier · 10 dB · seed 72001,blind_cumulant,Blind differential cumulant,blind_cumulant,72001,snr_db=10,paired held-out symbol/carrier/noise seed,baseline,20260727T150446Z_modulation_recognition_blind_carrier__blind_cumulant_snr10_seed72001,steps.receiver.modulation_recognition.predicted_frame_count,1536
blind_cumulant_snr10_seed72001,blind_cumulant_snr10_seed72001,Blind differential-cumulant classifier · 10 dB · seed 72001,blind_cumulant,Blind differential cumulant,blind_cumulant,72001,snr_db=10,paired held-out symbol/carrier/noise seed,baseline,20260727T150446Z_modulation_recognition_blind_carrier__blind_cumulant_snr10_seed72001,steps.receiver.timing.step.wall_time_s,0.286972
blind_cumulant_snr10_seed72001,blind_cumulant_snr10_seed72001,Blind differential-cumulant classifier · 10 dB · seed 72001,blind_cumulant,Blind differential cumulant,blind_cumulant,72001,snr_db=10,paired held-out symbol/carrier/noise seed,baseline,20260727T150446Z_modulation_recognition_blind_carrier__blind_cumulant_snr10_seed72001,task.accuracy,0.667969
blind_cumulant_snr10_seed72001,blind_cumulant_snr10_seed72001,Blind differential-cumulant classifier · 10 dB · seed 72001,blind_cumulant,Blind differential cumulant,blind_cumulant,72001,snr_db=10,paired held-out symbol/carrier/noise seed,baseline,20260727T150446Z_modulation_recognition_blind_carrier__blind_cumulant_snr10_seed72001,task.score,0.558439
blind_cumulant_snr10_seed73001,blind_cumulant_snr10_seed73001,Blind differential-cumulant classifier · 10 dB · seed 73001,blind_cumulant,Blind differential cumulant,blind_cumulant,73001,snr_db=10,paired held-out symbol/carrier/noise seed,baseline,20260727T150454Z_modulation_recognition_blind_carrier__blind_cumulant_snr10_seed73001,channel.carrier.cfo_abs_mean_cycles_per_symbol,0.003047
blind_cumulant_snr10_seed73001,blind_cumulant_snr10_seed73001,Blind differential-cumulant classifier · 10 dB · seed 73001,blind_cumulant,Blind differential cumulant,blind_cumulant,73001,snr_db=10,paired held-out symbol/carrier/noise seed,baseline,20260727T150454Z_modulation_recognition_blind_carrier__blind_cumulant_snr10_seed73001,channel.carrier.initial_phase_abs_mean_rad,1.55227
blind_cumulant_snr10_seed73001,blind_cumulant_snr10_seed73001,Blind differential-cumulant classifier · 10 dB · seed 73001,blind_cumulant,Blind differential cumulant,blind_cumulant,73001,snr_db=10,paired held-out symbol/carrier/noise seed,baseline,20260727T150454Z_modulation_recognition_blind_carrier__blind_cumulant_snr10_seed73001,channel.snr_db,10
blind_cumulant_snr10_seed73001,blind_cumulant_snr10_seed73001,Blind differential-cumulant classifier · 10 dB · seed 73001,blind_cumulant,Blind differential cumulant,blind_cumulant,73001,snr_db=10,paired held-out symbol/carrier/noise seed,baseline,20260727T150454Z_modulation_recognition_blind_carrier__blind_cumulant_snr10_seed73001,channel.snr_db_max,10
blind_cumulant_snr10_seed73001,blind_cumulant_snr10_seed73001,Blind differential-cumulant classifier · 10 dB · seed 73001,blind_cumulant,Blind differential cumulant,blind_cumulant,73001,snr_db=10,paired held-out symbol/carrier/noise seed,baseline,20260727T150454Z_modulation_recognition_blind_carrier__blind_cumulant_snr10_seed73001,channel.snr_db_min,10
blind_cumulant_snr10_seed73001,blind_cumulant_snr10_seed73001,Blind differential-cumulant classifier · 10 dB · seed 73001,blind_cumulant,Blind differential cumulant,blind_cumulant,73001,snr_db=10,paired held-out symbol/carrier/noise seed,baseline,20260727T150454Z_modulation_recognition_blind_carrier__blind_cumulant_snr10_seed73001,classification.balanced_accuracy,0.667969
blind_cumulant_snr10_seed73001,blind_cumulant_snr10_seed73001,Blind differential-cumulant classifier · 10 dB · seed 73001,blind_cumulant,Blind differential cumulant,blind_cumulant,73001,snr_db=10,paired held-out symbol/carrier/noise seed,baseline,20260727T150454Z_modulation_recognition_blind_carrier__blind_cumulant_snr10_seed73001,memory.run.end_rss_bytes,790130688
blind_cumulant_snr10_seed73001,blind_cumulant_snr10_seed73001,Blind differential-cumulant classifier · 10 dB · seed 73001,blind_cumulant,Blind differential cumulant,blind_cumulant,73001,snr_db=10,paired held-out symbol/carrier/noise seed,baseline,20260727T150454Z_modulation_recognition_blind_carrier__blind_cumulant_snr10_seed73001,memory.run.peak_rss_bytes,885268480
blind_cumulant_snr10_seed73001,blind_cumulant_snr10_seed73001,Blind differential-cumulant classifier · 10 dB · seed 73001,blind_cumulant,Blind differential cumulant,blind_cumulant,73001,snr_db=10,paired held-out symbol/carrier/noise seed,baseline,20260727T150454Z_modulation_recognition_blind_carrier__blind_cumulant_snr10_seed73001,memory.run.peak_rss_delta_bytes,83308544
blind_cumulant_snr10_seed73001,blind_cumulant_snr10_seed73001,Blind differential-cumulant classifier · 10 dB · seed 73001,blind_cumulant,Blind differential cumulant,blind_cumulant,73001,snr_db=10,paired held-out symbol/carrier/noise seed,baseline,20260727T150454Z_modulation_recognition_blind_carrier__blind_cumulant_snr10_seed73001,memory.run.sampler_interval_s,0.05
blind_cumulant_snr10_seed73001,blind_cumulant_snr10_seed73001,Blind differential-cumulant classifier · 10 dB · seed 73001,blind_cumulant,Blind differential cumulant,blind_cumulant,73001,snr_db=10,paired held-out symbol/carrier/noise seed,baseline,20260727T150454Z_modulation_recognition_blind_carrier__blind_cumulant_snr10_seed73001,memory.run.start_rss_bytes,801959936
blind_cumulant_snr10_seed73001,blind_cumulant_snr10_seed73001,Blind differential-cumulant classifier · 10 dB · seed 73001,blind_cumulant,Blind differential cumulant,blind_cumulant,73001,snr_db=10,paired held-out symbol/carrier/noise seed,baseline,20260727T150454Z_modulation_recognition_blind_carrier__blind_cumulant_snr10_seed73001,modulation_recognition.accuracy,0.667969
blind_cumulant_snr10_seed73001,blind_cumulant_snr10_seed73001,Blind differential-cumulant classifier · 10 dB · seed 73001,blind_cumulant,Blind differential cumulant,blind_cumulant,73001,snr_db=10,paired held-out symbol/carrier/noise seed,baseline,20260727T150454Z_modulation_recognition_blind_carrier__blind_cumulant_snr10_seed73001,modulation_recognition.balanced_accuracy,0.667969
blind_cumulant_snr10_seed73001,blind_cumulant_snr10_seed73001,Blind differential-cumulant classifier · 10 dB · seed 73001,blind_cumulant,Blind differential cumulant,blind_cumulant,73001,snr_db=10,paired held-out symbol/carrier/noise seed,baseline,20260727T150454Z_modulation_recognition_blind_carrier__blind_cumulant_snr10_seed73001,modulation_recognition.frame_count,1536
blind_cumulant_snr10_seed73001,blind_cumulant_snr10_seed73001,Blind differential-cumulant classifier · 10 dB · seed 73001,blind_cumulant,Blind differential cumulant,blind_cumulant,73001,snr_db=10,paired held-out symbol/carrier/noise seed,baseline,20260727T150454Z_modulation_recognition_blind_carrier__blind_cumulant_snr10_seed73001,modulation_recognition.macro_f1,0.561313
blind_cumulant_snr10_seed73001,blind_cumulant_snr10_seed73001,Blind differential-cumulant classifier · 10 dB · seed 73001,blind_cumulant,Blind differential cumulant,blind_cumulant,73001,snr_db=10,paired held-out symbol/carrier/noise seed,baseline,20260727T150454Z_modulation_recognition_blind_carrier__blind_cumulant_snr10_seed73001,modulation_recognition.predicted_frame_count,1536
blind_cumulant_snr10_seed73001,blind_cumulant_snr10_seed73001,Blind differential-cumulant classifier · 10 dB · seed 73001,blind_cumulant,Blind differential cumulant,blind_cumulant,73001,snr_db=10,paired held-out symbol/carrier/noise seed,baseline,20260727T150454Z_modulation_recognition_blind_carrier__blind_cumulant_snr10_seed73001,modulation_recognition.symbols_per_frame,128
blind_cumulant_snr10_seed73001,blind_cumulant_snr10_seed73001,Blind differential-cumulant classifier · 10 dB · seed 73001,blind_cumulant,Blind differential cumulant,blind_cumulant,73001,snr_db=10,paired held-out symbol/carrier/noise seed,baseline,20260727T150454Z_modulation_recognition_blind_carrier__blind_cumulant_snr10_seed73001,steps.data.modulation_recognition.frame_count,1536
blind_cumulant_snr10_seed73001,blind_cumulant_snr10_seed73001,Blind differential-cumulant classifier · 10 dB · seed 73001,blind_cumulant,Blind differential cumulant,blind_cumulant,73001,snr_db=10,paired held-out symbol/carrier/noise seed,baseline,20260727T150454Z_modulation_recognition_blind_carrier__blind_cumulant_snr10_seed73001,steps.data.modulation_recognition.symbols_per_frame,128
blind_cumulant_snr10_seed73001,blind_cumulant_snr10_seed73001,Blind differential-cumulant classifier · 10 dB · seed 73001,blind_cumulant,Blind differential cumulant,blind_cumulant,73001,snr_db=10,paired held-out symbol/carrier/noise seed,baseline,20260727T150454Z_modulation_recognition_blind_carrier__blind_cumulant_snr10_seed73001,steps.data.timing.step.wall_time_s,0.065305
blind_cumulant_snr10_seed73001,blind_cumulant_snr10_seed73001,Blind differential-cumulant classifier · 10 dB · seed 73001,blind_cumulant,Blind differential cumulant,blind_cumulant,73001,snr_db=10,paired held-out symbol/carrier/noise seed,baseline,20260727T150454Z_modulation_recognition_blind_carrier__blind_cumulant_snr10_seed73001,steps.evaluation.channel.snr_db,10
blind_cumulant_snr10_seed73001,blind_cumulant_snr10_seed73001,Blind differential-cumulant classifier · 10 dB · seed 73001,blind_cumulant,Blind differential cumulant,blind_cumulant,73001,snr_db=10,paired held-out symbol/carrier/noise seed,baseline,20260727T150454Z_modulation_recognition_blind_carrier__blind_cumulant_snr10_seed73001,steps.evaluation.classification.balanced_accuracy,0.667969
blind_cumulant_snr10_seed73001,blind_cumulant_snr10_seed73001,Blind differential-cumulant classifier · 10 dB · seed 73001,blind_cumulant,Blind differential cumulant,blind_cumulant,73001,snr_db=10,paired held-out symbol/carrier/noise seed,baseline,20260727T150454Z_modulation_recognition_blind_carrier__blind_cumulant_snr10_seed73001,steps.evaluation.modulation_recognition.accuracy,0.667969
blind_cumulant_snr10_seed73001,blind_cumulant_snr10_seed73001,Blind differential-cumulant classifier · 10 dB · seed 73001,blind_cumulant,Blind differential cumulant,blind_cumulant,73001,snr_db=10,paired held-out symbol/carrier/noise seed,baseline,20260727T150454Z_modulation_recognition_blind_carrier__blind_cumulant_snr10_seed73001,steps.evaluation.modulation_recognition.balanced_accuracy,0.667969
blind_cumulant_snr10_seed73001,blind_cumulant_snr10_seed73001,Blind differential-cumulant classifier · 10 dB · seed 73001,blind_cumulant,Blind differential cumulant,blind_cumulant,73001,snr_db=10,paired held-out symbol/carrier/noise seed,baseline,20260727T150454Z_modulation_recognition_blind_carrier__blind_cumulant_snr10_seed73001,steps.evaluation.modulation_recognition.macro_f1,0.561313
blind_cumulant_snr10_seed73001,blind_cumulant_snr10_seed73001,Blind differential-cumulant classifier · 10 dB · seed 73001,blind_cumulant,Blind differential cumulant,blind_cumulant,73001,snr_db=10,paired held-out symbol/carrier/noise seed,baseline,20260727T150454Z_modulation_recognition_blind_carrier__blind_cumulant_snr10_seed73001,steps.evaluation.task.accuracy,0.667969
blind_cumulant_snr10_seed73001,blind_cumulant_snr10_seed73001,Blind differential-cumulant classifier · 10 dB · seed 73001,blind_cumulant,Blind differential cumulant,blind_cumulant,73001,snr_db=10,paired held-out symbol/carrier/noise seed,baseline,20260727T150454Z_modulation_recognition_blind_carrier__blind_cumulant_snr10_seed73001,steps.evaluation.task.score,0.561313
blind_cumulant_snr10_seed73001,blind_cumulant_snr10_seed73001,Blind differential-cumulant classifier · 10 dB · seed 73001,blind_cumulant,Blind differential cumulant,blind_cumulant,73001,snr_db=10,paired held-out symbol/carrier/noise seed,baseline,20260727T150454Z_modulation_recognition_blind_carrier__blind_cumulant_snr10_seed73001,steps.evaluation.timing.step.wall_time_s,0.006865
blind_cumulant_snr10_seed73001,blind_cumulant_snr10_seed73001,Blind differential-cumulant classifier · 10 dB · seed 73001,blind_cumulant,Blind differential cumulant,blind_cumulant,73001,snr_db=10,paired held-out symbol/carrier/noise seed,baseline,20260727T150454Z_modulation_recognition_blind_carrier__blind_cumulant_snr10_seed73001,steps.observation.channel.carrier.cfo_abs_mean_cycles_per_symbol,0.003047
blind_cumulant_snr10_seed73001,blind_cumulant_snr10_seed73001,Blind differential-cumulant classifier · 10 dB · seed 73001,blind_cumulant,Blind differential cumulant,blind_cumulant,73001,snr_db=10,paired held-out symbol/carrier/noise seed,baseline,20260727T150454Z_modulation_recognition_blind_carrier__blind_cumulant_snr10_seed73001,steps.observation.channel.carrier.initial_phase_abs_mean_rad,1.55227
blind_cumulant_snr10_seed73001,blind_cumulant_snr10_seed73001,Blind differential-cumulant classifier · 10 dB · seed 73001,blind_cumulant,Blind differential cumulant,blind_cumulant,73001,snr_db=10,paired held-out symbol/carrier/noise seed,baseline,20260727T150454Z_modulation_recognition_blind_carrier__blind_cumulant_snr10_seed73001,steps.observation.channel.snr_db,10
blind_cumulant_snr10_seed73001,blind_cumulant_snr10_seed73001,Blind differential-cumulant classifier · 10 dB · seed 73001,blind_cumulant,Blind differential cumulant,blind_cumulant,73001,snr_db=10,paired held-out symbol/carrier/noise seed,baseline,20260727T150454Z_modulation_recognition_blind_carrier__blind_cumulant_snr10_seed73001,steps.observation.channel.snr_db_max,10
blind_cumulant_snr10_seed73001,blind_cumulant_snr10_seed73001,Blind differential-cumulant classifier · 10 dB · seed 73001,blind_cumulant,Blind differential cumulant,blind_cumulant,73001,snr_db=10,paired held-out symbol/carrier/noise seed,baseline,20260727T150454Z_modulation_recognition_blind_carrier__blind_cumulant_snr10_seed73001,steps.observation.channel.snr_db_min,10
blind_cumulant_snr10_seed73001,blind_cumulant_snr10_seed73001,Blind differential-cumulant classifier · 10 dB · seed 73001,blind_cumulant,Blind differential cumulant,blind_cumulant,73001,snr_db=10,paired held-out symbol/carrier/noise seed,baseline,20260727T150454Z_modulation_recognition_blind_carrier__blind_cumulant_snr10_seed73001,steps.observation.modulation_recognition.frame_count,1536
blind_cumulant_snr10_seed73001,blind_cumulant_snr10_seed73001,Blind differential-cumulant classifier · 10 dB · seed 73001,blind_cumulant,Blind differential cumulant,blind_cumulant,73001,snr_db=10,paired held-out symbol/carrier/noise seed,baseline,20260727T150454Z_modulation_recognition_blind_carrier__blind_cumulant_snr10_seed73001,steps.observation.timing.step.wall_time_s,0.095585
blind_cumulant_snr10_seed73001,blind_cumulant_snr10_seed73001,Blind differential-cumulant classifier · 10 dB · seed 73001,blind_cumulant,Blind differential cumulant,blind_cumulant,73001,snr_db=10,paired held-out symbol/carrier/noise seed,baseline,20260727T150454Z_modulation_recognition_blind_carrier__blind_cumulant_snr10_seed73001,steps.receiver.modulation_recognition.predicted_frame_count,1536
blind_cumulant_snr10_seed73001,blind_cumulant_snr10_seed73001,Blind differential-cumulant classifier · 10 dB · seed 73001,blind_cumulant,Blind differential cumulant,blind_cumulant,73001,snr_db=10,paired held-out symbol/carrier/noise seed,baseline,20260727T150454Z_modulation_recognition_blind_carrier__blind_cumulant_snr10_seed73001,steps.receiver.timing.step.wall_time_s,0.264658
blind_cumulant_snr10_seed73001,blind_cumulant_snr10_seed73001,Blind differential-cumulant classifier · 10 dB · seed 73001,blind_cumulant,Blind differential cumulant,blind_cumulant,73001,snr_db=10,paired held-out symbol/carrier/noise seed,baseline,20260727T150454Z_modulation_recognition_blind_carrier__blind_cumulant_snr10_seed73001,task.accuracy,0.667969
blind_cumulant_snr10_seed73001,blind_cumulant_snr10_seed73001,Blind differential-cumulant classifier · 10 dB · seed 73001,blind_cumulant,Blind differential cumulant,blind_cumulant,73001,snr_db=10,paired held-out symbol/carrier/noise seed,baseline,20260727T150454Z_modulation_recognition_blind_carrier__blind_cumulant_snr10_seed73001,task.score,0.561313
blind_cumulant_snr14_seed71001,blind_cumulant_snr14_seed71001,Blind differential-cumulant classifier · 14 dB · seed 71001,blind_cumulant,Blind differential cumulant,blind_cumulant,71001,snr_db=14,paired held-out symbol/carrier/noise seed,baseline,20260727T150502Z_modulation_recognition_blind_carrier__blind_cumulant_snr14_seed71001,channel.carrier.cfo_abs_mean_cycles_per_symbol,0.002954
blind_cumulant_snr14_seed71001,blind_cumulant_snr14_seed71001,Blind differential-cumulant classifier · 14 dB · seed 71001,blind_cumulant,Blind differential cumulant,blind_cumulant,71001,snr_db=14,paired held-out symbol/carrier/noise seed,baseline,20260727T150502Z_modulation_recognition_blind_carrier__blind_cumulant_snr14_seed71001,channel.carrier.initial_phase_abs_mean_rad,1.552568
blind_cumulant_snr14_seed71001,blind_cumulant_snr14_seed71001,Blind differential-cumulant classifier · 14 dB · seed 71001,blind_cumulant,Blind differential cumulant,blind_cumulant,71001,snr_db=14,paired held-out symbol/carrier/noise seed,baseline,20260727T150502Z_modulation_recognition_blind_carrier__blind_cumulant_snr14_seed71001,channel.snr_db,14
blind_cumulant_snr14_seed71001,blind_cumulant_snr14_seed71001,Blind differential-cumulant classifier · 14 dB · seed 71001,blind_cumulant,Blind differential cumulant,blind_cumulant,71001,snr_db=14,paired held-out symbol/carrier/noise seed,baseline,20260727T150502Z_modulation_recognition_blind_carrier__blind_cumulant_snr14_seed71001,channel.snr_db_max,14
blind_cumulant_snr14_seed71001,blind_cumulant_snr14_seed71001,Blind differential-cumulant classifier · 14 dB · seed 71001,blind_cumulant,Blind differential cumulant,blind_cumulant,71001,snr_db=14,paired held-out symbol/carrier/noise seed,baseline,20260727T150502Z_modulation_recognition_blind_carrier__blind_cumulant_snr14_seed71001,channel.snr_db_min,14
blind_cumulant_snr14_seed71001,blind_cumulant_snr14_seed71001,Blind differential-cumulant classifier · 14 dB · seed 71001,blind_cumulant,Blind differential cumulant,blind_cumulant,71001,snr_db=14,paired held-out symbol/carrier/noise seed,baseline,20260727T150502Z_modulation_recognition_blind_carrier__blind_cumulant_snr14_seed71001,classification.balanced_accuracy,1
blind_cumulant_snr14_seed71001,blind_cumulant_snr14_seed71001,Blind differential-cumulant classifier · 14 dB · seed 71001,blind_cumulant,Blind differential cumulant,blind_cumulant,71001,snr_db=14,paired held-out symbol/carrier/noise seed,baseline,20260727T150502Z_modulation_recognition_blind_carrier__blind_cumulant_snr14_seed71001,memory.run.end_rss_bytes,793911296
blind_cumulant_snr14_seed71001,blind_cumulant_snr14_seed71001,Blind differential-cumulant classifier · 14 dB · seed 71001,blind_cumulant,Blind differential cumulant,blind_cumulant,71001,snr_db=14,paired held-out symbol/carrier/noise seed,baseline,20260727T150502Z_modulation_recognition_blind_carrier__blind_cumulant_snr14_seed71001,memory.run.peak_rss_bytes,893198336
blind_cumulant_snr14_seed71001,blind_cumulant_snr14_seed71001,Blind differential-cumulant classifier · 14 dB · seed 71001,blind_cumulant,Blind differential cumulant,blind_cumulant,71001,snr_db=14,paired held-out symbol/carrier/noise seed,baseline,20260727T150502Z_modulation_recognition_blind_carrier__blind_cumulant_snr14_seed71001,memory.run.peak_rss_delta_bytes,92176384
blind_cumulant_snr14_seed71001,blind_cumulant_snr14_seed71001,Blind differential-cumulant classifier · 14 dB · seed 71001,blind_cumulant,Blind differential cumulant,blind_cumulant,71001,snr_db=14,paired held-out symbol/carrier/noise seed,baseline,20260727T150502Z_modulation_recognition_blind_carrier__blind_cumulant_snr14_seed71001,memory.run.sampler_interval_s,0.05
blind_cumulant_snr14_seed71001,blind_cumulant_snr14_seed71001,Blind differential-cumulant classifier · 14 dB · seed 71001,blind_cumulant,Blind differential cumulant,blind_cumulant,71001,snr_db=14,paired held-out symbol/carrier/noise seed,baseline,20260727T150502Z_modulation_recognition_blind_carrier__blind_cumulant_snr14_seed71001,memory.run.start_rss_bytes,801021952
blind_cumulant_snr14_seed71001,blind_cumulant_snr14_seed71001,Blind differential-cumulant classifier · 14 dB · seed 71001,blind_cumulant,Blind differential cumulant,blind_cumulant,71001,snr_db=14,paired held-out symbol/carrier/noise seed,baseline,20260727T150502Z_modulation_recognition_blind_carrier__blind_cumulant_snr14_seed71001,modulation_recognition.accuracy,1
blind_cumulant_snr14_seed71001,blind_cumulant_snr14_seed71001,Blind differential-cumulant classifier · 14 dB · seed 71001,blind_cumulant,Blind differential cumulant,blind_cumulant,71001,snr_db=14,paired held-out symbol/carrier/noise seed,baseline,20260727T150502Z_modulation_recognition_blind_carrier__blind_cumulant_snr14_seed71001,modulation_recognition.balanced_accuracy,1
blind_cumulant_snr14_seed71001,blind_cumulant_snr14_seed71001,Blind differential-cumulant classifier · 14 dB · seed 71001,blind_cumulant,Blind differential cumulant,blind_cumulant,71001,snr_db=14,paired held-out symbol/carrier/noise seed,baseline,20260727T150502Z_modulation_recognition_blind_carrier__blind_cumulant_snr14_seed71001,modulation_recognition.frame_count,1536
blind_cumulant_snr14_seed71001,blind_cumulant_snr14_seed71001,Blind differential-cumulant classifier · 14 dB · seed 71001,blind_cumulant,Blind differential cumulant,blind_cumulant,71001,snr_db=14,paired held-out symbol/carrier/noise seed,baseline,20260727T150502Z_modulation_recognition_blind_carrier__blind_cumulant_snr14_seed71001,modulation_recognition.macro_f1,1
blind_cumulant_snr14_seed71001,blind_cumulant_snr14_seed71001,Blind differential-cumulant classifier · 14 dB · seed 71001,blind_cumulant,Blind differential cumulant,blind_cumulant,71001,snr_db=14,paired held-out symbol/carrier/noise seed,baseline,20260727T150502Z_modulation_recognition_blind_carrier__blind_cumulant_snr14_seed71001,modulation_recognition.predicted_frame_count,1536
blind_cumulant_snr14_seed71001,blind_cumulant_snr14_seed71001,Blind differential-cumulant classifier · 14 dB · seed 71001,blind_cumulant,Blind differential cumulant,blind_cumulant,71001,snr_db=14,paired held-out symbol/carrier/noise seed,baseline,20260727T150502Z_modulation_recognition_blind_carrier__blind_cumulant_snr14_seed71001,modulation_recognition.symbols_per_frame,128
blind_cumulant_snr14_seed71001,blind_cumulant_snr14_seed71001,Blind differential-cumulant classifier · 14 dB · seed 71001,blind_cumulant,Blind differential cumulant,blind_cumulant,71001,snr_db=14,paired held-out symbol/carrier/noise seed,baseline,20260727T150502Z_modulation_recognition_blind_carrier__blind_cumulant_snr14_seed71001,steps.data.modulation_recognition.frame_count,1536
blind_cumulant_snr14_seed71001,blind_cumulant_snr14_seed71001,Blind differential-cumulant classifier · 14 dB · seed 71001,blind_cumulant,Blind differential cumulant,blind_cumulant,71001,snr_db=14,paired held-out symbol/carrier/noise seed,baseline,20260727T150502Z_modulation_recognition_blind_carrier__blind_cumulant_snr14_seed71001,steps.data.modulation_recognition.symbols_per_frame,128
blind_cumulant_snr14_seed71001,blind_cumulant_snr14_seed71001,Blind differential-cumulant classifier · 14 dB · seed 71001,blind_cumulant,Blind differential cumulant,blind_cumulant,71001,snr_db=14,paired held-out symbol/carrier/noise seed,baseline,20260727T150502Z_modulation_recognition_blind_carrier__blind_cumulant_snr14_seed71001,steps.data.timing.step.wall_time_s,0.064121
blind_cumulant_snr14_seed71001,blind_cumulant_snr14_seed71001,Blind differential-cumulant classifier · 14 dB · seed 71001,blind_cumulant,Blind differential cumulant,blind_cumulant,71001,snr_db=14,paired held-out symbol/carrier/noise seed,baseline,20260727T150502Z_modulation_recognition_blind_carrier__blind_cumulant_snr14_seed71001,steps.evaluation.channel.snr_db,14
blind_cumulant_snr14_seed71001,blind_cumulant_snr14_seed71001,Blind differential-cumulant classifier · 14 dB · seed 71001,blind_cumulant,Blind differential cumulant,blind_cumulant,71001,snr_db=14,paired held-out symbol/carrier/noise seed,baseline,20260727T150502Z_modulation_recognition_blind_carrier__blind_cumulant_snr14_seed71001,steps.evaluation.classification.balanced_accuracy,1
blind_cumulant_snr14_seed71001,blind_cumulant_snr14_seed71001,Blind differential-cumulant classifier · 14 dB · seed 71001,blind_cumulant,Blind differential cumulant,blind_cumulant,71001,snr_db=14,paired held-out symbol/carrier/noise seed,baseline,20260727T150502Z_modulation_recognition_blind_carrier__blind_cumulant_snr14_seed71001,steps.evaluation.modulation_recognition.accuracy,1
blind_cumulant_snr14_seed71001,blind_cumulant_snr14_seed71001,Blind differential-cumulant classifier · 14 dB · seed 71001,blind_cumulant,Blind differential cumulant,blind_cumulant,71001,snr_db=14,paired held-out symbol/carrier/noise seed,baseline,20260727T150502Z_modulation_recognition_blind_carrier__blind_cumulant_snr14_seed71001,steps.evaluation.modulation_recognition.balanced_accuracy,1
blind_cumulant_snr14_seed71001,blind_cumulant_snr14_seed71001,Blind differential-cumulant classifier · 14 dB · seed 71001,blind_cumulant,Blind differential cumulant,blind_cumulant,71001,snr_db=14,paired held-out symbol/carrier/noise seed,baseline,20260727T150502Z_modulation_recognition_blind_carrier__blind_cumulant_snr14_seed71001,steps.evaluation.modulation_recognition.macro_f1,1
blind_cumulant_snr14_seed71001,blind_cumulant_snr14_seed71001,Blind differential-cumulant classifier · 14 dB · seed 71001,blind_cumulant,Blind differential cumulant,blind_cumulant,71001,snr_db=14,paired held-out symbol/carrier/noise seed,baseline,20260727T150502Z_modulation_recognition_blind_carrier__blind_cumulant_snr14_seed71001,steps.evaluation.task.accuracy,1
blind_cumulant_snr14_seed71001,blind_cumulant_snr14_seed71001,Blind differential-cumulant classifier · 14 dB · seed 71001,blind_cumulant,Blind differential cumulant,blind_cumulant,71001,snr_db=14,paired held-out symbol/carrier/noise seed,baseline,20260727T150502Z_modulation_recognition_blind_carrier__blind_cumulant_snr14_seed71001,steps.evaluation.task.score,1
blind_cumulant_snr14_seed71001,blind_cumulant_snr14_seed71001,Blind differential-cumulant classifier · 14 dB · seed 71001,blind_cumulant,Blind differential cumulant,blind_cumulant,71001,snr_db=14,paired held-out symbol/carrier/noise seed,baseline,20260727T150502Z_modulation_recognition_blind_carrier__blind_cumulant_snr14_seed71001,steps.evaluation.timing.step.wall_time_s,0.006988
blind_cumulant_snr14_seed71001,blind_cumulant_snr14_seed71001,Blind differential-cumulant classifier · 14 dB · seed 71001,blind_cumulant,Blind differential cumulant,blind_cumulant,71001,snr_db=14,paired held-out symbol/carrier/noise seed,baseline,20260727T150502Z_modulation_recognition_blind_carrier__blind_cumulant_snr14_seed71001,steps.observation.channel.carrier.cfo_abs_mean_cycles_per_symbol,0.002954
blind_cumulant_snr14_seed71001,blind_cumulant_snr14_seed71001,Blind differential-cumulant classifier · 14 dB · seed 71001,blind_cumulant,Blind differential cumulant,blind_cumulant,71001,snr_db=14,paired held-out symbol/carrier/noise seed,baseline,20260727T150502Z_modulation_recognition_blind_carrier__blind_cumulant_snr14_seed71001,steps.observation.channel.carrier.initial_phase_abs_mean_rad,1.552568
blind_cumulant_snr14_seed71001,blind_cumulant_snr14_seed71001,Blind differential-cumulant classifier · 14 dB · seed 71001,blind_cumulant,Blind differential cumulant,blind_cumulant,71001,snr_db=14,paired held-out symbol/carrier/noise seed,baseline,20260727T150502Z_modulation_recognition_blind_carrier__blind_cumulant_snr14_seed71001,steps.observation.channel.snr_db,14
blind_cumulant_snr14_seed71001,blind_cumulant_snr14_seed71001,Blind differential-cumulant classifier · 14 dB · seed 71001,blind_cumulant,Blind differential cumulant,blind_cumulant,71001,snr_db=14,paired held-out symbol/carrier/noise seed,baseline,20260727T150502Z_modulation_recognition_blind_carrier__blind_cumulant_snr14_seed71001,steps.observation.channel.snr_db_max,14
blind_cumulant_snr14_seed71001,blind_cumulant_snr14_seed71001,Blind differential-cumulant classifier · 14 dB · seed 71001,blind_cumulant,Blind differential cumulant,blind_cumulant,71001,snr_db=14,paired held-out symbol/carrier/noise seed,baseline,20260727T150502Z_modulation_recognition_blind_carrier__blind_cumulant_snr14_seed71001,steps.observation.channel.snr_db_min,14
blind_cumulant_snr14_seed71001,blind_cumulant_snr14_seed71001,Blind differential-cumulant classifier · 14 dB · seed 71001,blind_cumulant,Blind differential cumulant,blind_cumulant,71001,snr_db=14,paired held-out symbol/carrier/noise seed,baseline,20260727T150502Z_modulation_recognition_blind_carrier__blind_cumulant_snr14_seed71001,steps.observation.modulation_recognition.frame_count,1536
blind_cumulant_snr14_seed71001,blind_cumulant_snr14_seed71001,Blind differential-cumulant classifier · 14 dB · seed 71001,blind_cumulant,Blind differential cumulant,blind_cumulant,71001,snr_db=14,paired held-out symbol/carrier/noise seed,baseline,20260727T150502Z_modulation_recognition_blind_carrier__blind_cumulant_snr14_seed71001,steps.observation.timing.step.wall_time_s,0.098065
blind_cumulant_snr14_seed71001,blind_cumulant_snr14_seed71001,Blind differential-cumulant classifier · 14 dB · seed 71001,blind_cumulant,Blind differential cumulant,blind_cumulant,71001,snr_db=14,paired held-out symbol/carrier/noise seed,baseline,20260727T150502Z_modulation_recognition_blind_carrier__blind_cumulant_snr14_seed71001,steps.receiver.modulation_recognition.predicted_frame_count,1536
blind_cumulant_snr14_seed71001,blind_cumulant_snr14_seed71001,Blind differential-cumulant classifier · 14 dB · seed 71001,blind_cumulant,Blind differential cumulant,blind_cumulant,71001,snr_db=14,paired held-out symbol/carrier/noise seed,baseline,20260727T150502Z_modulation_recognition_blind_carrier__blind_cumulant_snr14_seed71001,steps.receiver.timing.step.wall_time_s,0.272609
blind_cumulant_snr14_seed71001,blind_cumulant_snr14_seed71001,Blind differential-cumulant classifier · 14 dB · seed 71001,blind_cumulant,Blind differential cumulant,blind_cumulant,71001,snr_db=14,paired held-out symbol/carrier/noise seed,baseline,20260727T150502Z_modulation_recognition_blind_carrier__blind_cumulant_snr14_seed71001,task.accuracy,1
blind_cumulant_snr14_seed71001,blind_cumulant_snr14_seed71001,Blind differential-cumulant classifier · 14 dB · seed 71001,blind_cumulant,Blind differential cumulant,blind_cumulant,71001,snr_db=14,paired held-out symbol/carrier/noise seed,baseline,20260727T150502Z_modulation_recognition_blind_carrier__blind_cumulant_snr14_seed71001,task.score,1
blind_cumulant_snr14_seed72001,blind_cumulant_snr14_seed72001,Blind differential-cumulant classifier · 14 dB · seed 72001,blind_cumulant,Blind differential cumulant,blind_cumulant,72001,snr_db=14,paired held-out symbol/carrier/noise seed,baseline,20260727T150510Z_modulation_recognition_blind_carrier__blind_cumulant_snr14_seed72001,channel.carrier.cfo_abs_mean_cycles_per_symbol,0.002995
blind_cumulant_snr14_seed72001,blind_cumulant_snr14_seed72001,Blind differential-cumulant classifier · 14 dB · seed 72001,blind_cumulant,Blind differential cumulant,blind_cumulant,72001,snr_db=14,paired held-out symbol/carrier/noise seed,baseline,20260727T150510Z_modulation_recognition_blind_carrier__blind_cumulant_snr14_seed72001,channel.carrier.initial_phase_abs_mean_rad,1.588569
blind_cumulant_snr14_seed72001,blind_cumulant_snr14_seed72001,Blind differential-cumulant classifier · 14 dB · seed 72001,blind_cumulant,Blind differential cumulant,blind_cumulant,72001,snr_db=14,paired held-out symbol/carrier/noise seed,baseline,20260727T150510Z_modulation_recognition_blind_carrier__blind_cumulant_snr14_seed72001,channel.snr_db,14
blind_cumulant_snr14_seed72001,blind_cumulant_snr14_seed72001,Blind differential-cumulant classifier · 14 dB · seed 72001,blind_cumulant,Blind differential cumulant,blind_cumulant,72001,snr_db=14,paired held-out symbol/carrier/noise seed,baseline,20260727T150510Z_modulation_recognition_blind_carrier__blind_cumulant_snr14_seed72001,channel.snr_db_max,14
blind_cumulant_snr14_seed72001,blind_cumulant_snr14_seed72001,Blind differential-cumulant classifier · 14 dB · seed 72001,blind_cumulant,Blind differential cumulant,blind_cumulant,72001,snr_db=14,paired held-out symbol/carrier/noise seed,baseline,20260727T150510Z_modulation_recognition_blind_carrier__blind_cumulant_snr14_seed72001,channel.snr_db_min,14
blind_cumulant_snr14_seed72001,blind_cumulant_snr14_seed72001,Blind differential-cumulant classifier · 14 dB · seed 72001,blind_cumulant,Blind differential cumulant,blind_cumulant,72001,snr_db=14,paired held-out symbol/carrier/noise seed,baseline,20260727T150510Z_modulation_recognition_blind_carrier__blind_cumulant_snr14_seed72001,classification.balanced_accuracy,1
blind_cumulant_snr14_seed72001,blind_cumulant_snr14_seed72001,Blind differential-cumulant classifier · 14 dB · seed 72001,blind_cumulant,Blind differential cumulant,blind_cumulant,72001,snr_db=14,paired held-out symbol/carrier/noise seed,baseline,20260727T150510Z_modulation_recognition_blind_carrier__blind_cumulant_snr14_seed72001,memory.run.end_rss_bytes,801345536
blind_cumulant_snr14_seed72001,blind_cumulant_snr14_seed72001,Blind differential-cumulant classifier · 14 dB · seed 72001,blind_cumulant,Blind differential cumulant,blind_cumulant,72001,snr_db=14,paired held-out symbol/carrier/noise seed,baseline,20260727T150510Z_modulation_recognition_blind_carrier__blind_cumulant_snr14_seed72001,memory.run.peak_rss_bytes,856268800
blind_cumulant_snr14_seed72001,blind_cumulant_snr14_seed72001,Blind differential-cumulant classifier · 14 dB · seed 72001,blind_cumulant,Blind differential cumulant,blind_cumulant,72001,snr_db=14,paired held-out symbol/carrier/noise seed,baseline,20260727T150510Z_modulation_recognition_blind_carrier__blind_cumulant_snr14_seed72001,memory.run.peak_rss_delta_bytes,44044288
blind_cumulant_snr14_seed72001,blind_cumulant_snr14_seed72001,Blind differential-cumulant classifier · 14 dB · seed 72001,blind_cumulant,Blind differential cumulant,blind_cumulant,72001,snr_db=14,paired held-out symbol/carrier/noise seed,baseline,20260727T150510Z_modulation_recognition_blind_carrier__blind_cumulant_snr14_seed72001,memory.run.sampler_interval_s,0.05
blind_cumulant_snr14_seed72001,blind_cumulant_snr14_seed72001,Blind differential-cumulant classifier · 14 dB · seed 72001,blind_cumulant,Blind differential cumulant,blind_cumulant,72001,snr_db=14,paired held-out symbol/carrier/noise seed,baseline,20260727T150510Z_modulation_recognition_blind_carrier__blind_cumulant_snr14_seed72001,memory.run.start_rss_bytes,812224512
blind_cumulant_snr14_seed72001,blind_cumulant_snr14_seed72001,Blind differential-cumulant classifier · 14 dB · seed 72001,blind_cumulant,Blind differential cumulant,blind_cumulant,72001,snr_db=14,paired held-out symbol/carrier/noise seed,baseline,20260727T150510Z_modulation_recognition_blind_carrier__blind_cumulant_snr14_seed72001,modulation_recognition.accuracy,1
blind_cumulant_snr14_seed72001,blind_cumulant_snr14_seed72001,Blind differential-cumulant classifier · 14 dB · seed 72001,blind_cumulant,Blind differential cumulant,blind_cumulant,72001,snr_db=14,paired held-out symbol/carrier/noise seed,baseline,20260727T150510Z_modulation_recognition_blind_carrier__blind_cumulant_snr14_seed72001,modulation_recognition.balanced_accuracy,1
blind_cumulant_snr14_seed72001,blind_cumulant_snr14_seed72001,Blind differential-cumulant classifier · 14 dB · seed 72001,blind_cumulant,Blind differential cumulant,blind_cumulant,72001,snr_db=14,paired held-out symbol/carrier/noise seed,baseline,20260727T150510Z_modulation_recognition_blind_carrier__blind_cumulant_snr14_seed72001,modulation_recognition.frame_count,1536
blind_cumulant_snr14_seed72001,blind_cumulant_snr14_seed72001,Blind differential-cumulant classifier · 14 dB · seed 72001,blind_cumulant,Blind differential cumulant,blind_cumulant,72001,snr_db=14,paired held-out symbol/carrier/noise seed,baseline,20260727T150510Z_modulation_recognition_blind_carrier__blind_cumulant_snr14_seed72001,modulation_recognition.macro_f1,1
blind_cumulant_snr14_seed72001,blind_cumulant_snr14_seed72001,Blind differential-cumulant classifier · 14 dB · seed 72001,blind_cumulant,Blind differential cumulant,blind_cumulant,72001,snr_db=14,paired held-out symbol/carrier/noise seed,baseline,20260727T150510Z_modulation_recognition_blind_carrier__blind_cumulant_snr14_seed72001,modulation_recognition.predicted_frame_count,1536
blind_cumulant_snr14_seed72001,blind_cumulant_snr14_seed72001,Blind differential-cumulant classifier · 14 dB · seed 72001,blind_cumulant,Blind differential cumulant,blind_cumulant,72001,snr_db=14,paired held-out symbol/carrier/noise seed,baseline,20260727T150510Z_modulation_recognition_blind_carrier__blind_cumulant_snr14_seed72001,modulation_recognition.symbols_per_frame,128
blind_cumulant_snr14_seed72001,blind_cumulant_snr14_seed72001,Blind differential-cumulant classifier · 14 dB · seed 72001,blind_cumulant,Blind differential cumulant,blind_cumulant,72001,snr_db=14,paired held-out symbol/carrier/noise seed,baseline,20260727T150510Z_modulation_recognition_blind_carrier__blind_cumulant_snr14_seed72001,steps.data.modulation_recognition.frame_count,1536
blind_cumulant_snr14_seed72001,blind_cumulant_snr14_seed72001,Blind differential-cumulant classifier · 14 dB · seed 72001,blind_cumulant,Blind differential cumulant,blind_cumulant,72001,snr_db=14,paired held-out symbol/carrier/noise seed,baseline,20260727T150510Z_modulation_recognition_blind_carrier__blind_cumulant_snr14_seed72001,steps.data.modulation_recognition.symbols_per_frame,128
blind_cumulant_snr14_seed72001,blind_cumulant_snr14_seed72001,Blind differential-cumulant classifier · 14 dB · seed 72001,blind_cumulant,Blind differential cumulant,blind_cumulant,72001,snr_db=14,paired held-out symbol/carrier/noise seed,baseline,20260727T150510Z_modulation_recognition_blind_carrier__blind_cumulant_snr14_seed72001,steps.data.timing.step.wall_time_s,0.063499
blind_cumulant_snr14_seed72001,blind_cumulant_snr14_seed72001,Blind differential-cumulant classifier · 14 dB · seed 72001,blind_cumulant,Blind differential cumulant,blind_cumulant,72001,snr_db=14,paired held-out symbol/carrier/noise seed,baseline,20260727T150510Z_modulation_recognition_blind_carrier__blind_cumulant_snr14_seed72001,steps.evaluation.channel.snr_db,14
blind_cumulant_snr14_seed72001,blind_cumulant_snr14_seed72001,Blind differential-cumulant classifier · 14 dB · seed 72001,blind_cumulant,Blind differential cumulant,blind_cumulant,72001,snr_db=14,paired held-out symbol/carrier/noise seed,baseline,20260727T150510Z_modulation_recognition_blind_carrier__blind_cumulant_snr14_seed72001,steps.evaluation.classification.balanced_accuracy,1
blind_cumulant_snr14_seed72001,blind_cumulant_snr14_seed72001,Blind differential-cumulant classifier · 14 dB · seed 72001,blind_cumulant,Blind differential cumulant,blind_cumulant,72001,snr_db=14,paired held-out symbol/carrier/noise seed,baseline,20260727T150510Z_modulation_recognition_blind_carrier__blind_cumulant_snr14_seed72001,steps.evaluation.modulation_recognition.accuracy,1
blind_cumulant_snr14_seed72001,blind_cumulant_snr14_seed72001,Blind differential-cumulant classifier · 14 dB · seed 72001,blind_cumulant,Blind differential cumulant,blind_cumulant,72001,snr_db=14,paired held-out symbol/carrier/noise seed,baseline,20260727T150510Z_modulation_recognition_blind_carrier__blind_cumulant_snr14_seed72001,steps.evaluation.modulation_recognition.balanced_accuracy,1
blind_cumulant_snr14_seed72001,blind_cumulant_snr14_seed72001,Blind differential-cumulant classifier · 14 dB · seed 72001,blind_cumulant,Blind differential cumulant,blind_cumulant,72001,snr_db=14,paired held-out symbol/carrier/noise seed,baseline,20260727T150510Z_modulation_recognition_blind_carrier__blind_cumulant_snr14_seed72001,steps.evaluation.modulation_recognition.macro_f1,1
blind_cumulant_snr14_seed72001,blind_cumulant_snr14_seed72001,Blind differential-cumulant classifier · 14 dB · seed 72001,blind_cumulant,Blind differential cumulant,blind_cumulant,72001,snr_db=14,paired held-out symbol/carrier/noise seed,baseline,20260727T150510Z_modulation_recognition_blind_carrier__blind_cumulant_snr14_seed72001,steps.evaluation.task.accuracy,1
blind_cumulant_snr14_seed72001,blind_cumulant_snr14_seed72001,Blind differential-cumulant classifier · 14 dB · seed 72001,blind_cumulant,Blind differential cumulant,blind_cumulant,72001,snr_db=14,paired held-out symbol/carrier/noise seed,baseline,20260727T150510Z_modulation_recognition_blind_carrier__blind_cumulant_snr14_seed72001,steps.evaluation.task.score,1
blind_cumulant_snr14_seed72001,blind_cumulant_snr14_seed72001,Blind differential-cumulant classifier · 14 dB · seed 72001,blind_cumulant,Blind differential cumulant,blind_cumulant,72001,snr_db=14,paired held-out symbol/carrier/noise seed,baseline,20260727T150510Z_modulation_recognition_blind_carrier__blind_cumulant_snr14_seed72001,steps.evaluation.timing.step.wall_time_s,0.006958
blind_cumulant_snr14_seed72001,blind_cumulant_snr14_seed72001,Blind differential-cumulant classifier · 14 dB · seed 72001,blind_cumulant,Blind differential cumulant,blind_cumulant,72001,snr_db=14,paired held-out symbol/carrier/noise seed,baseline,20260727T150510Z_modulation_recognition_blind_carrier__blind_cumulant_snr14_seed72001,steps.observation.channel.carrier.cfo_abs_mean_cycles_per_symbol,0.002995
blind_cumulant_snr14_seed72001,blind_cumulant_snr14_seed72001,Blind differential-cumulant classifier · 14 dB · seed 72001,blind_cumulant,Blind differential cumulant,blind_cumulant,72001,snr_db=14,paired held-out symbol/carrier/noise seed,baseline,20260727T150510Z_modulation_recognition_blind_carrier__blind_cumulant_snr14_seed72001,steps.observation.channel.carrier.initial_phase_abs_mean_rad,1.588569
blind_cumulant_snr14_seed72001,blind_cumulant_snr14_seed72001,Blind differential-cumulant classifier · 14 dB · seed 72001,blind_cumulant,Blind differential cumulant,blind_cumulant,72001,snr_db=14,paired held-out symbol/carrier/noise seed,baseline,20260727T150510Z_modulation_recognition_blind_carrier__blind_cumulant_snr14_seed72001,steps.observation.channel.snr_db,14
blind_cumulant_snr14_seed72001,blind_cumulant_snr14_seed72001,Blind differential-cumulant classifier · 14 dB · seed 72001,blind_cumulant,Blind differential cumulant,blind_cumulant,72001,snr_db=14,paired held-out symbol/carrier/noise seed,baseline,20260727T150510Z_modulation_recognition_blind_carrier__blind_cumulant_snr14_seed72001,steps.observation.channel.snr_db_max,14
blind_cumulant_snr14_seed72001,blind_cumulant_snr14_seed72001,Blind differential-cumulant classifier · 14 dB · seed 72001,blind_cumulant,Blind differential cumulant,blind_cumulant,72001,snr_db=14,paired held-out symbol/carrier/noise seed,baseline,20260727T150510Z_modulation_recognition_blind_carrier__blind_cumulant_snr14_seed72001,steps.observation.channel.snr_db_min,14
blind_cumulant_snr14_seed72001,blind_cumulant_snr14_seed72001,Blind differential-cumulant classifier · 14 dB · seed 72001,blind_cumulant,Blind differential cumulant,blind_cumulant,72001,snr_db=14,paired held-out symbol/carrier/noise seed,baseline,20260727T150510Z_modulation_recognition_blind_carrier__blind_cumulant_snr14_seed72001,steps.observation.modulation_recognition.frame_count,1536
blind_cumulant_snr14_seed72001,blind_cumulant_snr14_seed72001,Blind differential-cumulant classifier · 14 dB · seed 72001,blind_cumulant,Blind differential cumulant,blind_cumulant,72001,snr_db=14,paired held-out symbol/carrier/noise seed,baseline,20260727T150510Z_modulation_recognition_blind_carrier__blind_cumulant_snr14_seed72001,steps.observation.timing.step.wall_time_s,0.093571
blind_cumulant_snr14_seed72001,blind_cumulant_snr14_seed72001,Blind differential-cumulant classifier · 14 dB · seed 72001,blind_cumulant,Blind differential cumulant,blind_cumulant,72001,snr_db=14,paired held-out symbol/carrier/noise seed,baseline,20260727T150510Z_modulation_recognition_blind_carrier__blind_cumulant_snr14_seed72001,steps.receiver.modulation_recognition.predicted_frame_count,1536
blind_cumulant_snr14_seed72001,blind_cumulant_snr14_seed72001,Blind differential-cumulant classifier · 14 dB · seed 72001,blind_cumulant,Blind differential cumulant,blind_cumulant,72001,snr_db=14,paired held-out symbol/carrier/noise seed,baseline,20260727T150510Z_modulation_recognition_blind_carrier__blind_cumulant_snr14_seed72001,steps.receiver.timing.step.wall_time_s,0.260205
blind_cumulant_snr14_seed72001,blind_cumulant_snr14_seed72001,Blind differential-cumulant classifier · 14 dB · seed 72001,blind_cumulant,Blind differential cumulant,blind_cumulant,72001,snr_db=14,paired held-out symbol/carrier/noise seed,baseline,20260727T150510Z_modulation_recognition_blind_carrier__blind_cumulant_snr14_seed72001,task.accuracy,1
blind_cumulant_snr14_seed72001,blind_cumulant_snr14_seed72001,Blind differential-cumulant classifier · 14 dB · seed 72001,blind_cumulant,Blind differential cumulant,blind_cumulant,72001,snr_db=14,paired held-out symbol/carrier/noise seed,baseline,20260727T150510Z_modulation_recognition_blind_carrier__blind_cumulant_snr14_seed72001,task.score,1
blind_cumulant_snr14_seed73001,blind_cumulant_snr14_seed73001,Blind differential-cumulant classifier · 14 dB · seed 73001,blind_cumulant,Blind differential cumulant,blind_cumulant,73001,snr_db=14,paired held-out symbol/carrier/noise seed,baseline,20260727T150519Z_modulation_recognition_blind_carrier__blind_cumulant_snr14_seed73001,channel.carrier.cfo_abs_mean_cycles_per_symbol,0.003047
blind_cumulant_snr14_seed73001,blind_cumulant_snr14_seed73001,Blind differential-cumulant classifier · 14 dB · seed 73001,blind_cumulant,Blind differential cumulant,blind_cumulant,73001,snr_db=14,paired held-out symbol/carrier/noise seed,baseline,20260727T150519Z_modulation_recognition_blind_carrier__blind_cumulant_snr14_seed73001,channel.carrier.initial_phase_abs_mean_rad,1.55227
blind_cumulant_snr14_seed73001,blind_cumulant_snr14_seed73001,Blind differential-cumulant classifier · 14 dB · seed 73001,blind_cumulant,Blind differential cumulant,blind_cumulant,73001,snr_db=14,paired held-out symbol/carrier/noise seed,baseline,20260727T150519Z_modulation_recognition_blind_carrier__blind_cumulant_snr14_seed73001,channel.snr_db,14
blind_cumulant_snr14_seed73001,blind_cumulant_snr14_seed73001,Blind differential-cumulant classifier · 14 dB · seed 73001,blind_cumulant,Blind differential cumulant,blind_cumulant,73001,snr_db=14,paired held-out symbol/carrier/noise seed,baseline,20260727T150519Z_modulation_recognition_blind_carrier__blind_cumulant_snr14_seed73001,channel.snr_db_max,14
blind_cumulant_snr14_seed73001,blind_cumulant_snr14_seed73001,Blind differential-cumulant classifier · 14 dB · seed 73001,blind_cumulant,Blind differential cumulant,blind_cumulant,73001,snr_db=14,paired held-out symbol/carrier/noise seed,baseline,20260727T150519Z_modulation_recognition_blind_carrier__blind_cumulant_snr14_seed73001,channel.snr_db_min,14
blind_cumulant_snr14_seed73001,blind_cumulant_snr14_seed73001,Blind differential-cumulant classifier · 14 dB · seed 73001,blind_cumulant,Blind differential cumulant,blind_cumulant,73001,snr_db=14,paired held-out symbol/carrier/noise seed,baseline,20260727T150519Z_modulation_recognition_blind_carrier__blind_cumulant_snr14_seed73001,classification.balanced_accuracy,1
blind_cumulant_snr14_seed73001,blind_cumulant_snr14_seed73001,Blind differential-cumulant classifier · 14 dB · seed 73001,blind_cumulant,Blind differential cumulant,blind_cumulant,73001,snr_db=14,paired held-out symbol/carrier/noise seed,baseline,20260727T150519Z_modulation_recognition_blind_carrier__blind_cumulant_snr14_seed73001,memory.run.end_rss_bytes,807280640
blind_cumulant_snr14_seed73001,blind_cumulant_snr14_seed73001,Blind differential-cumulant classifier · 14 dB · seed 73001,blind_cumulant,Blind differential cumulant,blind_cumulant,73001,snr_db=14,paired held-out symbol/carrier/noise seed,baseline,20260727T150519Z_modulation_recognition_blind_carrier__blind_cumulant_snr14_seed73001,memory.run.peak_rss_bytes,910938112
blind_cumulant_snr14_seed73001,blind_cumulant_snr14_seed73001,Blind differential-cumulant classifier · 14 dB · seed 73001,blind_cumulant,Blind differential cumulant,blind_cumulant,73001,snr_db=14,paired held-out symbol/carrier/noise seed,baseline,20260727T150519Z_modulation_recognition_blind_carrier__blind_cumulant_snr14_seed73001,memory.run.peak_rss_delta_bytes,88682496
blind_cumulant_snr14_seed73001,blind_cumulant_snr14_seed73001,Blind differential-cumulant classifier · 14 dB · seed 73001,blind_cumulant,Blind differential cumulant,blind_cumulant,73001,snr_db=14,paired held-out symbol/carrier/noise seed,baseline,20260727T150519Z_modulation_recognition_blind_carrier__blind_cumulant_snr14_seed73001,memory.run.sampler_interval_s,0.05
blind_cumulant_snr14_seed73001,blind_cumulant_snr14_seed73001,Blind differential-cumulant classifier · 14 dB · seed 73001,blind_cumulant,Blind differential cumulant,blind_cumulant,73001,snr_db=14,paired held-out symbol/carrier/noise seed,baseline,20260727T150519Z_modulation_recognition_blind_carrier__blind_cumulant_snr14_seed73001,memory.run.start_rss_bytes,822255616
blind_cumulant_snr14_seed73001,blind_cumulant_snr14_seed73001,Blind differential-cumulant classifier · 14 dB · seed 73001,blind_cumulant,Blind differential cumulant,blind_cumulant,73001,snr_db=14,paired held-out symbol/carrier/noise seed,baseline,20260727T150519Z_modulation_recognition_blind_carrier__blind_cumulant_snr14_seed73001,modulation_recognition.accuracy,1
blind_cumulant_snr14_seed73001,blind_cumulant_snr14_seed73001,Blind differential-cumulant classifier · 14 dB · seed 73001,blind_cumulant,Blind differential cumulant,blind_cumulant,73001,snr_db=14,paired held-out symbol/carrier/noise seed,baseline,20260727T150519Z_modulation_recognition_blind_carrier__blind_cumulant_snr14_seed73001,modulation_recognition.balanced_accuracy,1
blind_cumulant_snr14_seed73001,blind_cumulant_snr14_seed73001,Blind differential-cumulant classifier · 14 dB · seed 73001,blind_cumulant,Blind differential cumulant,blind_cumulant,73001,snr_db=14,paired held-out symbol/carrier/noise seed,baseline,20260727T150519Z_modulation_recognition_blind_carrier__blind_cumulant_snr14_seed73001,modulation_recognition.frame_count,1536
blind_cumulant_snr14_seed73001,blind_cumulant_snr14_seed73001,Blind differential-cumulant classifier · 14 dB · seed 73001,blind_cumulant,Blind differential cumulant,blind_cumulant,73001,snr_db=14,paired held-out symbol/carrier/noise seed,baseline,20260727T150519Z_modulation_recognition_blind_carrier__blind_cumulant_snr14_seed73001,modulation_recognition.macro_f1,1
blind_cumulant_snr14_seed73001,blind_cumulant_snr14_seed73001,Blind differential-cumulant classifier · 14 dB · seed 73001,blind_cumulant,Blind differential cumulant,blind_cumulant,73001,snr_db=14,paired held-out symbol/carrier/noise seed,baseline,20260727T150519Z_modulation_recognition_blind_carrier__blind_cumulant_snr14_seed73001,modulation_recognition.predicted_frame_count,1536
blind_cumulant_snr14_seed73001,blind_cumulant_snr14_seed73001,Blind differential-cumulant classifier · 14 dB · seed 73001,blind_cumulant,Blind differential cumulant,blind_cumulant,73001,snr_db=14,paired held-out symbol/carrier/noise seed,baseline,20260727T150519Z_modulation_recognition_blind_carrier__blind_cumulant_snr14_seed73001,modulation_recognition.symbols_per_frame,128
blind_cumulant_snr14_seed73001,blind_cumulant_snr14_seed73001,Blind differential-cumulant classifier · 14 dB · seed 73001,blind_cumulant,Blind differential cumulant,blind_cumulant,73001,snr_db=14,paired held-out symbol/carrier/noise seed,baseline,20260727T150519Z_modulation_recognition_blind_carrier__blind_cumulant_snr14_seed73001,steps.data.modulation_recognition.frame_count,1536
blind_cumulant_snr14_seed73001,blind_cumulant_snr14_seed73001,Blind differential-cumulant classifier · 14 dB · seed 73001,blind_cumulant,Blind differential cumulant,blind_cumulant,73001,snr_db=14,paired held-out symbol/carrier/noise seed,baseline,20260727T150519Z_modulation_recognition_blind_carrier__blind_cumulant_snr14_seed73001,steps.data.modulation_recognition.symbols_per_frame,128
blind_cumulant_snr14_seed73001,blind_cumulant_snr14_seed73001,Blind differential-cumulant classifier · 14 dB · seed 73001,blind_cumulant,Blind differential cumulant,blind_cumulant,73001,snr_db=14,paired held-out symbol/carrier/noise seed,baseline,20260727T150519Z_modulation_recognition_blind_carrier__blind_cumulant_snr14_seed73001,steps.data.timing.step.wall_time_s,0.0623
blind_cumulant_snr14_seed73001,blind_cumulant_snr14_seed73001,Blind differential-cumulant classifier · 14 dB · seed 73001,blind_cumulant,Blind differential cumulant,blind_cumulant,73001,snr_db=14,paired held-out symbol/carrier/noise seed,baseline,20260727T150519Z_modulation_recognition_blind_carrier__blind_cumulant_snr14_seed73001,steps.evaluation.channel.snr_db,14
blind_cumulant_snr14_seed73001,blind_cumulant_snr14_seed73001,Blind differential-cumulant classifier · 14 dB · seed 73001,blind_cumulant,Blind differential cumulant,blind_cumulant,73001,snr_db=14,paired held-out symbol/carrier/noise seed,baseline,20260727T150519Z_modulation_recognition_blind_carrier__blind_cumulant_snr14_seed73001,steps.evaluation.classification.balanced_accuracy,1
blind_cumulant_snr14_seed73001,blind_cumulant_snr14_seed73001,Blind differential-cumulant classifier · 14 dB · seed 73001,blind_cumulant,Blind differential cumulant,blind_cumulant,73001,snr_db=14,paired held-out symbol/carrier/noise seed,baseline,20260727T150519Z_modulation_recognition_blind_carrier__blind_cumulant_snr14_seed73001,steps.evaluation.modulation_recognition.accuracy,1
blind_cumulant_snr14_seed73001,blind_cumulant_snr14_seed73001,Blind differential-cumulant classifier · 14 dB · seed 73001,blind_cumulant,Blind differential cumulant,blind_cumulant,73001,snr_db=14,paired held-out symbol/carrier/noise seed,baseline,20260727T150519Z_modulation_recognition_blind_carrier__blind_cumulant_snr14_seed73001,steps.evaluation.modulation_recognition.balanced_accuracy,1
blind_cumulant_snr14_seed73001,blind_cumulant_snr14_seed73001,Blind differential-cumulant classifier · 14 dB · seed 73001,blind_cumulant,Blind differential cumulant,blind_cumulant,73001,snr_db=14,paired held-out symbol/carrier/noise seed,baseline,20260727T150519Z_modulation_recognition_blind_carrier__blind_cumulant_snr14_seed73001,steps.evaluation.modulation_recognition.macro_f1,1
blind_cumulant_snr14_seed73001,blind_cumulant_snr14_seed73001,Blind differential-cumulant classifier · 14 dB · seed 73001,blind_cumulant,Blind differential cumulant,blind_cumulant,73001,snr_db=14,paired held-out symbol/carrier/noise seed,baseline,20260727T150519Z_modulation_recognition_blind_carrier__blind_cumulant_snr14_seed73001,steps.evaluation.task.accuracy,1
blind_cumulant_snr14_seed73001,blind_cumulant_snr14_seed73001,Blind differential-cumulant classifier · 14 dB · seed 73001,blind_cumulant,Blind differential cumulant,blind_cumulant,73001,snr_db=14,paired held-out symbol/carrier/noise seed,baseline,20260727T150519Z_modulation_recognition_blind_carrier__blind_cumulant_snr14_seed73001,steps.evaluation.task.score,1
blind_cumulant_snr14_seed73001,blind_cumulant_snr14_seed73001,Blind differential-cumulant classifier · 14 dB · seed 73001,blind_cumulant,Blind differential cumulant,blind_cumulant,73001,snr_db=14,paired held-out symbol/carrier/noise seed,baseline,20260727T150519Z_modulation_recognition_blind_carrier__blind_cumulant_snr14_seed73001,steps.evaluation.timing.step.wall_time_s,0.009532
blind_cumulant_snr14_seed73001,blind_cumulant_snr14_seed73001,Blind differential-cumulant classifier · 14 dB · seed 73001,blind_cumulant,Blind differential cumulant,blind_cumulant,73001,snr_db=14,paired held-out symbol/carrier/noise seed,baseline,20260727T150519Z_modulation_recognition_blind_carrier__blind_cumulant_snr14_seed73001,steps.observation.channel.carrier.cfo_abs_mean_cycles_per_symbol,0.003047
blind_cumulant_snr14_seed73001,blind_cumulant_snr14_seed73001,Blind differential-cumulant classifier · 14 dB · seed 73001,blind_cumulant,Blind differential cumulant,blind_cumulant,73001,snr_db=14,paired held-out symbol/carrier/noise seed,baseline,20260727T150519Z_modulation_recognition_blind_carrier__blind_cumulant_snr14_seed73001,steps.observation.channel.carrier.initial_phase_abs_mean_rad,1.55227
blind_cumulant_snr14_seed73001,blind_cumulant_snr14_seed73001,Blind differential-cumulant classifier · 14 dB · seed 73001,blind_cumulant,Blind differential cumulant,blind_cumulant,73001,snr_db=14,paired held-out symbol/carrier/noise seed,baseline,20260727T150519Z_modulation_recognition_blind_carrier__blind_cumulant_snr14_seed73001,steps.observation.channel.snr_db,14
blind_cumulant_snr14_seed73001,blind_cumulant_snr14_seed73001,Blind differential-cumulant classifier · 14 dB · seed 73001,blind_cumulant,Blind differential cumulant,blind_cumulant,73001,snr_db=14,paired held-out symbol/carrier/noise seed,baseline,20260727T150519Z_modulation_recognition_blind_carrier__blind_cumulant_snr14_seed73001,steps.observation.channel.snr_db_max,14
blind_cumulant_snr14_seed73001,blind_cumulant_snr14_seed73001,Blind differential-cumulant classifier · 14 dB · seed 73001,blind_cumulant,Blind differential cumulant,blind_cumulant,73001,snr_db=14,paired held-out symbol/carrier/noise seed,baseline,20260727T150519Z_modulation_recognition_blind_carrier__blind_cumulant_snr14_seed73001,steps.observation.channel.snr_db_min,14
blind_cumulant_snr14_seed73001,blind_cumulant_snr14_seed73001,Blind differential-cumulant classifier · 14 dB · seed 73001,blind_cumulant,Blind differential cumulant,blind_cumulant,73001,snr_db=14,paired held-out symbol/carrier/noise seed,baseline,20260727T150519Z_modulation_recognition_blind_carrier__blind_cumulant_snr14_seed73001,steps.observation.modulation_recognition.frame_count,1536
blind_cumulant_snr14_seed73001,blind_cumulant_snr14_seed73001,Blind differential-cumulant classifier · 14 dB · seed 73001,blind_cumulant,Blind differential cumulant,blind_cumulant,73001,snr_db=14,paired held-out symbol/carrier/noise seed,baseline,20260727T150519Z_modulation_recognition_blind_carrier__blind_cumulant_snr14_seed73001,steps.observation.timing.step.wall_time_s,0.093311
blind_cumulant_snr14_seed73001,blind_cumulant_snr14_seed73001,Blind differential-cumulant classifier · 14 dB · seed 73001,blind_cumulant,Blind differential cumulant,blind_cumulant,73001,snr_db=14,paired held-out symbol/carrier/noise seed,baseline,20260727T150519Z_modulation_recognition_blind_carrier__blind_cumulant_snr14_seed73001,steps.receiver.modulation_recognition.predicted_frame_count,1536
blind_cumulant_snr14_seed73001,blind_cumulant_snr14_seed73001,Blind differential-cumulant classifier · 14 dB · seed 73001,blind_cumulant,Blind differential cumulant,blind_cumulant,73001,snr_db=14,paired held-out symbol/carrier/noise seed,baseline,20260727T150519Z_modulation_recognition_blind_carrier__blind_cumulant_snr14_seed73001,steps.receiver.timing.step.wall_time_s,0.26211
blind_cumulant_snr14_seed73001,blind_cumulant_snr14_seed73001,Blind differential-cumulant classifier · 14 dB · seed 73001,blind_cumulant,Blind differential cumulant,blind_cumulant,73001,snr_db=14,paired held-out symbol/carrier/noise seed,baseline,20260727T150519Z_modulation_recognition_blind_carrier__blind_cumulant_snr14_seed73001,task.accuracy,1
blind_cumulant_snr14_seed73001,blind_cumulant_snr14_seed73001,Blind differential-cumulant classifier · 14 dB · seed 73001,blind_cumulant,Blind differential cumulant,blind_cumulant,73001,snr_db=14,paired held-out symbol/carrier/noise seed,baseline,20260727T150519Z_modulation_recognition_blind_carrier__blind_cumulant_snr14_seed73001,task.score,1
blind_cumulant_snr18_seed71001,blind_cumulant_snr18_seed71001,Blind differential-cumulant classifier · 18 dB · seed 71001,blind_cumulant,Blind differential cumulant,blind_cumulant,71001,snr_db=18,paired held-out symbol/carrier/noise seed,baseline,20260727T150528Z_modulation_recognition_blind_carrier__blind_cumulant_snr18_seed71001,channel.carrier.cfo_abs_mean_cycles_per_symbol,0.002954
blind_cumulant_snr18_seed71001,blind_cumulant_snr18_seed71001,Blind differential-cumulant classifier · 18 dB · seed 71001,blind_cumulant,Blind differential cumulant,blind_cumulant,71001,snr_db=18,paired held-out symbol/carrier/noise seed,baseline,20260727T150528Z_modulation_recognition_blind_carrier__blind_cumulant_snr18_seed71001,channel.carrier.initial_phase_abs_mean_rad,1.552568
blind_cumulant_snr18_seed71001,blind_cumulant_snr18_seed71001,Blind differential-cumulant classifier · 18 dB · seed 71001,blind_cumulant,Blind differential cumulant,blind_cumulant,71001,snr_db=18,paired held-out symbol/carrier/noise seed,baseline,20260727T150528Z_modulation_recognition_blind_carrier__blind_cumulant_snr18_seed71001,channel.snr_db,18
blind_cumulant_snr18_seed71001,blind_cumulant_snr18_seed71001,Blind differential-cumulant classifier · 18 dB · seed 71001,blind_cumulant,Blind differential cumulant,blind_cumulant,71001,snr_db=18,paired held-out symbol/carrier/noise seed,baseline,20260727T150528Z_modulation_recognition_blind_carrier__blind_cumulant_snr18_seed71001,channel.snr_db_max,18
blind_cumulant_snr18_seed71001,blind_cumulant_snr18_seed71001,Blind differential-cumulant classifier · 18 dB · seed 71001,blind_cumulant,Blind differential cumulant,blind_cumulant,71001,snr_db=18,paired held-out symbol/carrier/noise seed,baseline,20260727T150528Z_modulation_recognition_blind_carrier__blind_cumulant_snr18_seed71001,channel.snr_db_min,18
blind_cumulant_snr18_seed71001,blind_cumulant_snr18_seed71001,Blind differential-cumulant classifier · 18 dB · seed 71001,blind_cumulant,Blind differential cumulant,blind_cumulant,71001,snr_db=18,paired held-out symbol/carrier/noise seed,baseline,20260727T150528Z_modulation_recognition_blind_carrier__blind_cumulant_snr18_seed71001,classification.balanced_accuracy,1
blind_cumulant_snr18_seed71001,blind_cumulant_snr18_seed71001,Blind differential-cumulant classifier · 18 dB · seed 71001,blind_cumulant,Blind differential cumulant,blind_cumulant,71001,snr_db=18,paired held-out symbol/carrier/noise seed,baseline,20260727T150528Z_modulation_recognition_blind_carrier__blind_cumulant_snr18_seed71001,memory.run.end_rss_bytes,812777472
blind_cumulant_snr18_seed71001,blind_cumulant_snr18_seed71001,Blind differential-cumulant classifier · 18 dB · seed 71001,blind_cumulant,Blind differential cumulant,blind_cumulant,71001,snr_db=18,paired held-out symbol/carrier/noise seed,baseline,20260727T150528Z_modulation_recognition_blind_carrier__blind_cumulant_snr18_seed71001,memory.run.peak_rss_bytes,918032384
blind_cumulant_snr18_seed71001,blind_cumulant_snr18_seed71001,Blind differential-cumulant classifier · 18 dB · seed 71001,blind_cumulant,Blind differential cumulant,blind_cumulant,71001,snr_db=18,paired held-out symbol/carrier/noise seed,baseline,20260727T150528Z_modulation_recognition_blind_carrier__blind_cumulant_snr18_seed71001,memory.run.peak_rss_delta_bytes,91226112
blind_cumulant_snr18_seed71001,blind_cumulant_snr18_seed71001,Blind differential-cumulant classifier · 18 dB · seed 71001,blind_cumulant,Blind differential cumulant,blind_cumulant,71001,snr_db=18,paired held-out symbol/carrier/noise seed,baseline,20260727T150528Z_modulation_recognition_blind_carrier__blind_cumulant_snr18_seed71001,memory.run.sampler_interval_s,0.05
blind_cumulant_snr18_seed71001,blind_cumulant_snr18_seed71001,Blind differential-cumulant classifier · 18 dB · seed 71001,blind_cumulant,Blind differential cumulant,blind_cumulant,71001,snr_db=18,paired held-out symbol/carrier/noise seed,baseline,20260727T150528Z_modulation_recognition_blind_carrier__blind_cumulant_snr18_seed71001,memory.run.start_rss_bytes,826806272
blind_cumulant_snr18_seed71001,blind_cumulant_snr18_seed71001,Blind differential-cumulant classifier · 18 dB · seed 71001,blind_cumulant,Blind differential cumulant,blind_cumulant,71001,snr_db=18,paired held-out symbol/carrier/noise seed,baseline,20260727T150528Z_modulation_recognition_blind_carrier__blind_cumulant_snr18_seed71001,modulation_recognition.accuracy,1
blind_cumulant_snr18_seed71001,blind_cumulant_snr18_seed71001,Blind differential-cumulant classifier · 18 dB · seed 71001,blind_cumulant,Blind differential cumulant,blind_cumulant,71001,snr_db=18,paired held-out symbol/carrier/noise seed,baseline,20260727T150528Z_modulation_recognition_blind_carrier__blind_cumulant_snr18_seed71001,modulation_recognition.balanced_accuracy,1
blind_cumulant_snr18_seed71001,blind_cumulant_snr18_seed71001,Blind differential-cumulant classifier · 18 dB · seed 71001,blind_cumulant,Blind differential cumulant,blind_cumulant,71001,snr_db=18,paired held-out symbol/carrier/noise seed,baseline,20260727T150528Z_modulation_recognition_blind_carrier__blind_cumulant_snr18_seed71001,modulation_recognition.frame_count,1536
blind_cumulant_snr18_seed71001,blind_cumulant_snr18_seed71001,Blind differential-cumulant classifier · 18 dB · seed 71001,blind_cumulant,Blind differential cumulant,blind_cumulant,71001,snr_db=18,paired held-out symbol/carrier/noise seed,baseline,20260727T150528Z_modulation_recognition_blind_carrier__blind_cumulant_snr18_seed71001,modulation_recognition.macro_f1,1
blind_cumulant_snr18_seed71001,blind_cumulant_snr18_seed71001,Blind differential-cumulant classifier · 18 dB · seed 71001,blind_cumulant,Blind differential cumulant,blind_cumulant,71001,snr_db=18,paired held-out symbol/carrier/noise seed,baseline,20260727T150528Z_modulation_recognition_blind_carrier__blind_cumulant_snr18_seed71001,modulation_recognition.predicted_frame_count,1536
blind_cumulant_snr18_seed71001,blind_cumulant_snr18_seed71001,Blind differential-cumulant classifier · 18 dB · seed 71001,blind_cumulant,Blind differential cumulant,blind_cumulant,71001,snr_db=18,paired held-out symbol/carrier/noise seed,baseline,20260727T150528Z_modulation_recognition_blind_carrier__blind_cumulant_snr18_seed71001,modulation_recognition.symbols_per_frame,128
blind_cumulant_snr18_seed71001,blind_cumulant_snr18_seed71001,Blind differential-cumulant classifier · 18 dB · seed 71001,blind_cumulant,Blind differential cumulant,blind_cumulant,71001,snr_db=18,paired held-out symbol/carrier/noise seed,baseline,20260727T150528Z_modulation_recognition_blind_carrier__blind_cumulant_snr18_seed71001,steps.data.modulation_recognition.frame_count,1536
blind_cumulant_snr18_seed71001,blind_cumulant_snr18_seed71001,Blind differential-cumulant classifier · 18 dB · seed 71001,blind_cumulant,Blind differential cumulant,blind_cumulant,71001,snr_db=18,paired held-out symbol/carrier/noise seed,baseline,20260727T150528Z_modulation_recognition_blind_carrier__blind_cumulant_snr18_seed71001,steps.data.modulation_recognition.symbols_per_frame,128
blind_cumulant_snr18_seed71001,blind_cumulant_snr18_seed71001,Blind differential-cumulant classifier · 18 dB · seed 71001,blind_cumulant,Blind differential cumulant,blind_cumulant,71001,snr_db=18,paired held-out symbol/carrier/noise seed,baseline,20260727T150528Z_modulation_recognition_blind_carrier__blind_cumulant_snr18_seed71001,steps.data.timing.step.wall_time_s,0.067867
blind_cumulant_snr18_seed71001,blind_cumulant_snr18_seed71001,Blind differential-cumulant classifier · 18 dB · seed 71001,blind_cumulant,Blind differential cumulant,blind_cumulant,71001,snr_db=18,paired held-out symbol/carrier/noise seed,baseline,20260727T150528Z_modulation_recognition_blind_carrier__blind_cumulant_snr18_seed71001,steps.evaluation.channel.snr_db,18
blind_cumulant_snr18_seed71001,blind_cumulant_snr18_seed71001,Blind differential-cumulant classifier · 18 dB · seed 71001,blind_cumulant,Blind differential cumulant,blind_cumulant,71001,snr_db=18,paired held-out symbol/carrier/noise seed,baseline,20260727T150528Z_modulation_recognition_blind_carrier__blind_cumulant_snr18_seed71001,steps.evaluation.classification.balanced_accuracy,1
blind_cumulant_snr18_seed71001,blind_cumulant_snr18_seed71001,Blind differential-cumulant classifier · 18 dB · seed 71001,blind_cumulant,Blind differential cumulant,blind_cumulant,71001,snr_db=18,paired held-out symbol/carrier/noise seed,baseline,20260727T150528Z_modulation_recognition_blind_carrier__blind_cumulant_snr18_seed71001,steps.evaluation.modulation_recognition.accuracy,1
blind_cumulant_snr18_seed71001,blind_cumulant_snr18_seed71001,Blind differential-cumulant classifier · 18 dB · seed 71001,blind_cumulant,Blind differential cumulant,blind_cumulant,71001,snr_db=18,paired held-out symbol/carrier/noise seed,baseline,20260727T150528Z_modulation_recognition_blind_carrier__blind_cumulant_snr18_seed71001,steps.evaluation.modulation_recognition.balanced_accuracy,1
blind_cumulant_snr18_seed71001,blind_cumulant_snr18_seed71001,Blind differential-cumulant classifier · 18 dB · seed 71001,blind_cumulant,Blind differential cumulant,blind_cumulant,71001,snr_db=18,paired held-out symbol/carrier/noise seed,baseline,20260727T150528Z_modulation_recognition_blind_carrier__blind_cumulant_snr18_seed71001,steps.evaluation.modulation_recognition.macro_f1,1
blind_cumulant_snr18_seed71001,blind_cumulant_snr18_seed71001,Blind differential-cumulant classifier · 18 dB · seed 71001,blind_cumulant,Blind differential cumulant,blind_cumulant,71001,snr_db=18,paired held-out symbol/carrier/noise seed,baseline,20260727T150528Z_modulation_recognition_blind_carrier__blind_cumulant_snr18_seed71001,steps.evaluation.task.accuracy,1
blind_cumulant_snr18_seed71001,blind_cumulant_snr18_seed71001,Blind differential-cumulant classifier · 18 dB · seed 71001,blind_cumulant,Blind differential cumulant,blind_cumulant,71001,snr_db=18,paired held-out symbol/carrier/noise seed,baseline,20260727T150528Z_modulation_recognition_blind_carrier__blind_cumulant_snr18_seed71001,steps.evaluation.task.score,1
blind_cumulant_snr18_seed71001,blind_cumulant_snr18_seed71001,Blind differential-cumulant classifier · 18 dB · seed 71001,blind_cumulant,Blind differential cumulant,blind_cumulant,71001,snr_db=18,paired held-out symbol/carrier/noise seed,baseline,20260727T150528Z_modulation_recognition_blind_carrier__blind_cumulant_snr18_seed71001,steps.evaluation.timing.step.wall_time_s,0.007032
blind_cumulant_snr18_seed71001,blind_cumulant_snr18_seed71001,Blind differential-cumulant classifier · 18 dB · seed 71001,blind_cumulant,Blind differential cumulant,blind_cumulant,71001,snr_db=18,paired held-out symbol/carrier/noise seed,baseline,20260727T150528Z_modulation_recognition_blind_carrier__blind_cumulant_snr18_seed71001,steps.observation.channel.carrier.cfo_abs_mean_cycles_per_symbol,0.002954
blind_cumulant_snr18_seed71001,blind_cumulant_snr18_seed71001,Blind differential-cumulant classifier · 18 dB · seed 71001,blind_cumulant,Blind differential cumulant,blind_cumulant,71001,snr_db=18,paired held-out symbol/carrier/noise seed,baseline,20260727T150528Z_modulation_recognition_blind_carrier__blind_cumulant_snr18_seed71001,steps.observation.channel.carrier.initial_phase_abs_mean_rad,1.552568
blind_cumulant_snr18_seed71001,blind_cumulant_snr18_seed71001,Blind differential-cumulant classifier · 18 dB · seed 71001,blind_cumulant,Blind differential cumulant,blind_cumulant,71001,snr_db=18,paired held-out symbol/carrier/noise seed,baseline,20260727T150528Z_modulation_recognition_blind_carrier__blind_cumulant_snr18_seed71001,steps.observation.channel.snr_db,18
blind_cumulant_snr18_seed71001,blind_cumulant_snr18_seed71001,Blind differential-cumulant classifier · 18 dB · seed 71001,blind_cumulant,Blind differential cumulant,blind_cumulant,71001,snr_db=18,paired held-out symbol/carrier/noise seed,baseline,20260727T150528Z_modulation_recognition_blind_carrier__blind_cumulant_snr18_seed71001,steps.observation.channel.snr_db_max,18
blind_cumulant_snr18_seed71001,blind_cumulant_snr18_seed71001,Blind differential-cumulant classifier · 18 dB · seed 71001,blind_cumulant,Blind differential cumulant,blind_cumulant,71001,snr_db=18,paired held-out symbol/carrier/noise seed,baseline,20260727T150528Z_modulation_recognition_blind_carrier__blind_cumulant_snr18_seed71001,steps.observation.channel.snr_db_min,18
blind_cumulant_snr18_seed71001,blind_cumulant_snr18_seed71001,Blind differential-cumulant classifier · 18 dB · seed 71001,blind_cumulant,Blind differential cumulant,blind_cumulant,71001,snr_db=18,paired held-out symbol/carrier/noise seed,baseline,20260727T150528Z_modulation_recognition_blind_carrier__blind_cumulant_snr18_seed71001,steps.observation.modulation_recognition.frame_count,1536
blind_cumulant_snr18_seed71001,blind_cumulant_snr18_seed71001,Blind differential-cumulant classifier · 18 dB · seed 71001,blind_cumulant,Blind differential cumulant,blind_cumulant,71001,snr_db=18,paired held-out symbol/carrier/noise seed,baseline,20260727T150528Z_modulation_recognition_blind_carrier__blind_cumulant_snr18_seed71001,steps.observation.timing.step.wall_time_s,0.113258
blind_cumulant_snr18_seed71001,blind_cumulant_snr18_seed71001,Blind differential-cumulant classifier · 18 dB · seed 71001,blind_cumulant,Blind differential cumulant,blind_cumulant,71001,snr_db=18,paired held-out symbol/carrier/noise seed,baseline,20260727T150528Z_modulation_recognition_blind_carrier__blind_cumulant_snr18_seed71001,steps.receiver.modulation_recognition.predicted_frame_count,1536
blind_cumulant_snr18_seed71001,blind_cumulant_snr18_seed71001,Blind differential-cumulant classifier · 18 dB · seed 71001,blind_cumulant,Blind differential cumulant,blind_cumulant,71001,snr_db=18,paired held-out symbol/carrier/noise seed,baseline,20260727T150528Z_modulation_recognition_blind_carrier__blind_cumulant_snr18_seed71001,steps.receiver.timing.step.wall_time_s,0.277489
blind_cumulant_snr18_seed71001,blind_cumulant_snr18_seed71001,Blind differential-cumulant classifier · 18 dB · seed 71001,blind_cumulant,Blind differential cumulant,blind_cumulant,71001,snr_db=18,paired held-out symbol/carrier/noise seed,baseline,20260727T150528Z_modulation_recognition_blind_carrier__blind_cumulant_snr18_seed71001,task.accuracy,1
blind_cumulant_snr18_seed71001,blind_cumulant_snr18_seed71001,Blind differential-cumulant classifier · 18 dB · seed 71001,blind_cumulant,Blind differential cumulant,blind_cumulant,71001,snr_db=18,paired held-out symbol/carrier/noise seed,baseline,20260727T150528Z_modulation_recognition_blind_carrier__blind_cumulant_snr18_seed71001,task.score,1
blind_cumulant_snr18_seed72001,blind_cumulant_snr18_seed72001,Blind differential-cumulant classifier · 18 dB · seed 72001,blind_cumulant,Blind differential cumulant,blind_cumulant,72001,snr_db=18,paired held-out symbol/carrier/noise seed,baseline,20260727T150537Z_modulation_recognition_blind_carrier__blind_cumulant_snr18_seed72001,channel.carrier.cfo_abs_mean_cycles_per_symbol,0.002995
blind_cumulant_snr18_seed72001,blind_cumulant_snr18_seed72001,Blind differential-cumulant classifier · 18 dB · seed 72001,blind_cumulant,Blind differential cumulant,blind_cumulant,72001,snr_db=18,paired held-out symbol/carrier/noise seed,baseline,20260727T150537Z_modulation_recognition_blind_carrier__blind_cumulant_snr18_seed72001,channel.carrier.initial_phase_abs_mean_rad,1.588569
blind_cumulant_snr18_seed72001,blind_cumulant_snr18_seed72001,Blind differential-cumulant classifier · 18 dB · seed 72001,blind_cumulant,Blind differential cumulant,blind_cumulant,72001,snr_db=18,paired held-out symbol/carrier/noise seed,baseline,20260727T150537Z_modulation_recognition_blind_carrier__blind_cumulant_snr18_seed72001,channel.snr_db,18
blind_cumulant_snr18_seed72001,blind_cumulant_snr18_seed72001,Blind differential-cumulant classifier · 18 dB · seed 72001,blind_cumulant,Blind differential cumulant,blind_cumulant,72001,snr_db=18,paired held-out symbol/carrier/noise seed,baseline,20260727T150537Z_modulation_recognition_blind_carrier__blind_cumulant_snr18_seed72001,channel.snr_db_max,18
blind_cumulant_snr18_seed72001,blind_cumulant_snr18_seed72001,Blind differential-cumulant classifier · 18 dB · seed 72001,blind_cumulant,Blind differential cumulant,blind_cumulant,72001,snr_db=18,paired held-out symbol/carrier/noise seed,baseline,20260727T150537Z_modulation_recognition_blind_carrier__blind_cumulant_snr18_seed72001,channel.snr_db_min,18
blind_cumulant_snr18_seed72001,blind_cumulant_snr18_seed72001,Blind differential-cumulant classifier · 18 dB · seed 72001,blind_cumulant,Blind differential cumulant,blind_cumulant,72001,snr_db=18,paired held-out symbol/carrier/noise seed,baseline,20260727T150537Z_modulation_recognition_blind_carrier__blind_cumulant_snr18_seed72001,classification.balanced_accuracy,1
blind_cumulant_snr18_seed72001,blind_cumulant_snr18_seed72001,Blind differential-cumulant classifier · 18 dB · seed 72001,blind_cumulant,Blind differential cumulant,blind_cumulant,72001,snr_db=18,paired held-out symbol/carrier/noise seed,baseline,20260727T150537Z_modulation_recognition_blind_carrier__blind_cumulant_snr18_seed72001,memory.run.end_rss_bytes,816582656
blind_cumulant_snr18_seed72001,blind_cumulant_snr18_seed72001,Blind differential-cumulant classifier · 18 dB · seed 72001,blind_cumulant,Blind differential cumulant,blind_cumulant,72001,snr_db=18,paired held-out symbol/carrier/noise seed,baseline,20260727T150537Z_modulation_recognition_blind_carrier__blind_cumulant_snr18_seed72001,memory.run.peak_rss_bytes,897703936
blind_cumulant_snr18_seed72001,blind_cumulant_snr18_seed72001,Blind differential-cumulant classifier · 18 dB · seed 72001,blind_cumulant,Blind differential cumulant,blind_cumulant,72001,snr_db=18,paired held-out symbol/carrier/noise seed,baseline,20260727T150537Z_modulation_recognition_blind_carrier__blind_cumulant_snr18_seed72001,memory.run.peak_rss_delta_bytes,68198400
blind_cumulant_snr18_seed72001,blind_cumulant_snr18_seed72001,Blind differential-cumulant classifier · 18 dB · seed 72001,blind_cumulant,Blind differential cumulant,blind_cumulant,72001,snr_db=18,paired held-out symbol/carrier/noise seed,baseline,20260727T150537Z_modulation_recognition_blind_carrier__blind_cumulant_snr18_seed72001,memory.run.sampler_interval_s,0.05
blind_cumulant_snr18_seed72001,blind_cumulant_snr18_seed72001,Blind differential-cumulant classifier · 18 dB · seed 72001,blind_cumulant,Blind differential cumulant,blind_cumulant,72001,snr_db=18,paired held-out symbol/carrier/noise seed,baseline,20260727T150537Z_modulation_recognition_blind_carrier__blind_cumulant_snr18_seed72001,memory.run.start_rss_bytes,829505536
blind_cumulant_snr18_seed72001,blind_cumulant_snr18_seed72001,Blind differential-cumulant classifier · 18 dB · seed 72001,blind_cumulant,Blind differential cumulant,blind_cumulant,72001,snr_db=18,paired held-out symbol/carrier/noise seed,baseline,20260727T150537Z_modulation_recognition_blind_carrier__blind_cumulant_snr18_seed72001,modulation_recognition.accuracy,1
blind_cumulant_snr18_seed72001,blind_cumulant_snr18_seed72001,Blind differential-cumulant classifier · 18 dB · seed 72001,blind_cumulant,Blind differential cumulant,blind_cumulant,72001,snr_db=18,paired held-out symbol/carrier/noise seed,baseline,20260727T150537Z_modulation_recognition_blind_carrier__blind_cumulant_snr18_seed72001,modulation_recognition.balanced_accuracy,1
blind_cumulant_snr18_seed72001,blind_cumulant_snr18_seed72001,Blind differential-cumulant classifier · 18 dB · seed 72001,blind_cumulant,Blind differential cumulant,blind_cumulant,72001,snr_db=18,paired held-out symbol/carrier/noise seed,baseline,20260727T150537Z_modulation_recognition_blind_carrier__blind_cumulant_snr18_seed72001,modulation_recognition.frame_count,1536
blind_cumulant_snr18_seed72001,blind_cumulant_snr18_seed72001,Blind differential-cumulant classifier · 18 dB · seed 72001,blind_cumulant,Blind differential cumulant,blind_cumulant,72001,snr_db=18,paired held-out symbol/carrier/noise seed,baseline,20260727T150537Z_modulation_recognition_blind_carrier__blind_cumulant_snr18_seed72001,modulation_recognition.macro_f1,1
blind_cumulant_snr18_seed72001,blind_cumulant_snr18_seed72001,Blind differential-cumulant classifier · 18 dB · seed 72001,blind_cumulant,Blind differential cumulant,blind_cumulant,72001,snr_db=18,paired held-out symbol/carrier/noise seed,baseline,20260727T150537Z_modulation_recognition_blind_carrier__blind_cumulant_snr18_seed72001,modulation_recognition.predicted_frame_count,1536
blind_cumulant_snr18_seed72001,blind_cumulant_snr18_seed72001,Blind differential-cumulant classifier · 18 dB · seed 72001,blind_cumulant,Blind differential cumulant,blind_cumulant,72001,snr_db=18,paired held-out symbol/carrier/noise seed,baseline,20260727T150537Z_modulation_recognition_blind_carrier__blind_cumulant_snr18_seed72001,modulation_recognition.symbols_per_frame,128
blind_cumulant_snr18_seed72001,blind_cumulant_snr18_seed72001,Blind differential-cumulant classifier · 18 dB · seed 72001,blind_cumulant,Blind differential cumulant,blind_cumulant,72001,snr_db=18,paired held-out symbol/carrier/noise seed,baseline,20260727T150537Z_modulation_recognition_blind_carrier__blind_cumulant_snr18_seed72001,steps.data.modulation_recognition.frame_count,1536
blind_cumulant_snr18_seed72001,blind_cumulant_snr18_seed72001,Blind differential-cumulant classifier · 18 dB · seed 72001,blind_cumulant,Blind differential cumulant,blind_cumulant,72001,snr_db=18,paired held-out symbol/carrier/noise seed,baseline,20260727T150537Z_modulation_recognition_blind_carrier__blind_cumulant_snr18_seed72001,steps.data.modulation_recognition.symbols_per_frame,128
blind_cumulant_snr18_seed72001,blind_cumulant_snr18_seed72001,Blind differential-cumulant classifier · 18 dB · seed 72001,blind_cumulant,Blind differential cumulant,blind_cumulant,72001,snr_db=18,paired held-out symbol/carrier/noise seed,baseline,20260727T150537Z_modulation_recognition_blind_carrier__blind_cumulant_snr18_seed72001,steps.data.timing.step.wall_time_s,0.062465
blind_cumulant_snr18_seed72001,blind_cumulant_snr18_seed72001,Blind differential-cumulant classifier · 18 dB · seed 72001,blind_cumulant,Blind differential cumulant,blind_cumulant,72001,snr_db=18,paired held-out symbol/carrier/noise seed,baseline,20260727T150537Z_modulation_recognition_blind_carrier__blind_cumulant_snr18_seed72001,steps.evaluation.channel.snr_db,18
blind_cumulant_snr18_seed72001,blind_cumulant_snr18_seed72001,Blind differential-cumulant classifier · 18 dB · seed 72001,blind_cumulant,Blind differential cumulant,blind_cumulant,72001,snr_db=18,paired held-out symbol/carrier/noise seed,baseline,20260727T150537Z_modulation_recognition_blind_carrier__blind_cumulant_snr18_seed72001,steps.evaluation.classification.balanced_accuracy,1
blind_cumulant_snr18_seed72001,blind_cumulant_snr18_seed72001,Blind differential-cumulant classifier · 18 dB · seed 72001,blind_cumulant,Blind differential cumulant,blind_cumulant,72001,snr_db=18,paired held-out symbol/carrier/noise seed,baseline,20260727T150537Z_modulation_recognition_blind_carrier__blind_cumulant_snr18_seed72001,steps.evaluation.modulation_recognition.accuracy,1
blind_cumulant_snr18_seed72001,blind_cumulant_snr18_seed72001,Blind differential-cumulant classifier · 18 dB · seed 72001,blind_cumulant,Blind differential cumulant,blind_cumulant,72001,snr_db=18,paired held-out symbol/carrier/noise seed,baseline,20260727T150537Z_modulation_recognition_blind_carrier__blind_cumulant_snr18_seed72001,steps.evaluation.modulation_recognition.balanced_accuracy,1
blind_cumulant_snr18_seed72001,blind_cumulant_snr18_seed72001,Blind differential-cumulant classifier · 18 dB · seed 72001,blind_cumulant,Blind differential cumulant,blind_cumulant,72001,snr_db=18,paired held-out symbol/carrier/noise seed,baseline,20260727T150537Z_modulation_recognition_blind_carrier__blind_cumulant_snr18_seed72001,steps.evaluation.modulation_recognition.macro_f1,1
blind_cumulant_snr18_seed72001,blind_cumulant_snr18_seed72001,Blind differential-cumulant classifier · 18 dB · seed 72001,blind_cumulant,Blind differential cumulant,blind_cumulant,72001,snr_db=18,paired held-out symbol/carrier/noise seed,baseline,20260727T150537Z_modulation_recognition_blind_carrier__blind_cumulant_snr18_seed72001,steps.evaluation.task.accuracy,1
blind_cumulant_snr18_seed72001,blind_cumulant_snr18_seed72001,Blind differential-cumulant classifier · 18 dB · seed 72001,blind_cumulant,Blind differential cumulant,blind_cumulant,72001,snr_db=18,paired held-out symbol/carrier/noise seed,baseline,20260727T150537Z_modulation_recognition_blind_carrier__blind_cumulant_snr18_seed72001,steps.evaluation.task.score,1
blind_cumulant_snr18_seed72001,blind_cumulant_snr18_seed72001,Blind differential-cumulant classifier · 18 dB · seed 72001,blind_cumulant,Blind differential cumulant,blind_cumulant,72001,snr_db=18,paired held-out symbol/carrier/noise seed,baseline,20260727T150537Z_modulation_recognition_blind_carrier__blind_cumulant_snr18_seed72001,steps.evaluation.timing.step.wall_time_s,0.006914
blind_cumulant_snr18_seed72001,blind_cumulant_snr18_seed72001,Blind differential-cumulant classifier · 18 dB · seed 72001,blind_cumulant,Blind differential cumulant,blind_cumulant,72001,snr_db=18,paired held-out symbol/carrier/noise seed,baseline,20260727T150537Z_modulation_recognition_blind_carrier__blind_cumulant_snr18_seed72001,steps.observation.channel.carrier.cfo_abs_mean_cycles_per_symbol,0.002995
blind_cumulant_snr18_seed72001,blind_cumulant_snr18_seed72001,Blind differential-cumulant classifier · 18 dB · seed 72001,blind_cumulant,Blind differential cumulant,blind_cumulant,72001,snr_db=18,paired held-out symbol/carrier/noise seed,baseline,20260727T150537Z_modulation_recognition_blind_carrier__blind_cumulant_snr18_seed72001,steps.observation.channel.carrier.initial_phase_abs_mean_rad,1.588569
blind_cumulant_snr18_seed72001,blind_cumulant_snr18_seed72001,Blind differential-cumulant classifier · 18 dB · seed 72001,blind_cumulant,Blind differential cumulant,blind_cumulant,72001,snr_db=18,paired held-out symbol/carrier/noise seed,baseline,20260727T150537Z_modulation_recognition_blind_carrier__blind_cumulant_snr18_seed72001,steps.observation.channel.snr_db,18
blind_cumulant_snr18_seed72001,blind_cumulant_snr18_seed72001,Blind differential-cumulant classifier · 18 dB · seed 72001,blind_cumulant,Blind differential cumulant,blind_cumulant,72001,snr_db=18,paired held-out symbol/carrier/noise seed,baseline,20260727T150537Z_modulation_recognition_blind_carrier__blind_cumulant_snr18_seed72001,steps.observation.channel.snr_db_max,18
blind_cumulant_snr18_seed72001,blind_cumulant_snr18_seed72001,Blind differential-cumulant classifier · 18 dB · seed 72001,blind_cumulant,Blind differential cumulant,blind_cumulant,72001,snr_db=18,paired held-out symbol/carrier/noise seed,baseline,20260727T150537Z_modulation_recognition_blind_carrier__blind_cumulant_snr18_seed72001,steps.observation.channel.snr_db_min,18
blind_cumulant_snr18_seed72001,blind_cumulant_snr18_seed72001,Blind differential-cumulant classifier · 18 dB · seed 72001,blind_cumulant,Blind differential cumulant,blind_cumulant,72001,snr_db=18,paired held-out symbol/carrier/noise seed,baseline,20260727T150537Z_modulation_recognition_blind_carrier__blind_cumulant_snr18_seed72001,steps.observation.modulation_recognition.frame_count,1536
blind_cumulant_snr18_seed72001,blind_cumulant_snr18_seed72001,Blind differential-cumulant classifier · 18 dB · seed 72001,blind_cumulant,Blind differential cumulant,blind_cumulant,72001,snr_db=18,paired held-out symbol/carrier/noise seed,baseline,20260727T150537Z_modulation_recognition_blind_carrier__blind_cumulant_snr18_seed72001,steps.observation.timing.step.wall_time_s,0.092099
blind_cumulant_snr18_seed72001,blind_cumulant_snr18_seed72001,Blind differential-cumulant classifier · 18 dB · seed 72001,blind_cumulant,Blind differential cumulant,blind_cumulant,72001,snr_db=18,paired held-out symbol/carrier/noise seed,baseline,20260727T150537Z_modulation_recognition_blind_carrier__blind_cumulant_snr18_seed72001,steps.receiver.modulation_recognition.predicted_frame_count,1536
blind_cumulant_snr18_seed72001,blind_cumulant_snr18_seed72001,Blind differential-cumulant classifier · 18 dB · seed 72001,blind_cumulant,Blind differential cumulant,blind_cumulant,72001,snr_db=18,paired held-out symbol/carrier/noise seed,baseline,20260727T150537Z_modulation_recognition_blind_carrier__blind_cumulant_snr18_seed72001,steps.receiver.timing.step.wall_time_s,0.276492
blind_cumulant_snr18_seed72001,blind_cumulant_snr18_seed72001,Blind differential-cumulant classifier · 18 dB · seed 72001,blind_cumulant,Blind differential cumulant,blind_cumulant,72001,snr_db=18,paired held-out symbol/carrier/noise seed,baseline,20260727T150537Z_modulation_recognition_blind_carrier__blind_cumulant_snr18_seed72001,task.accuracy,1
blind_cumulant_snr18_seed72001,blind_cumulant_snr18_seed72001,Blind differential-cumulant classifier · 18 dB · seed 72001,blind_cumulant,Blind differential cumulant,blind_cumulant,72001,snr_db=18,paired held-out symbol/carrier/noise seed,baseline,20260727T150537Z_modulation_recognition_blind_carrier__blind_cumulant_snr18_seed72001,task.score,1
blind_cumulant_snr18_seed73001,blind_cumulant_snr18_seed73001,Blind differential-cumulant classifier · 18 dB · seed 73001,blind_cumulant,Blind differential cumulant,blind_cumulant,73001,snr_db=18,paired held-out symbol/carrier/noise seed,baseline,20260727T150546Z_modulation_recognition_blind_carrier__blind_cumulant_snr18_seed73001,channel.carrier.cfo_abs_mean_cycles_per_symbol,0.003047
blind_cumulant_snr18_seed73001,blind_cumulant_snr18_seed73001,Blind differential-cumulant classifier · 18 dB · seed 73001,blind_cumulant,Blind differential cumulant,blind_cumulant,73001,snr_db=18,paired held-out symbol/carrier/noise seed,baseline,20260727T150546Z_modulation_recognition_blind_carrier__blind_cumulant_snr18_seed73001,channel.carrier.initial_phase_abs_mean_rad,1.55227
blind_cumulant_snr18_seed73001,blind_cumulant_snr18_seed73001,Blind differential-cumulant classifier · 18 dB · seed 73001,blind_cumulant,Blind differential cumulant,blind_cumulant,73001,snr_db=18,paired held-out symbol/carrier/noise seed,baseline,20260727T150546Z_modulation_recognition_blind_carrier__blind_cumulant_snr18_seed73001,channel.snr_db,18
blind_cumulant_snr18_seed73001,blind_cumulant_snr18_seed73001,Blind differential-cumulant classifier · 18 dB · seed 73001,blind_cumulant,Blind differential cumulant,blind_cumulant,73001,snr_db=18,paired held-out symbol/carrier/noise seed,baseline,20260727T150546Z_modulation_recognition_blind_carrier__blind_cumulant_snr18_seed73001,channel.snr_db_max,18
blind_cumulant_snr18_seed73001,blind_cumulant_snr18_seed73001,Blind differential-cumulant classifier · 18 dB · seed 73001,blind_cumulant,Blind differential cumulant,blind_cumulant,73001,snr_db=18,paired held-out symbol/carrier/noise seed,baseline,20260727T150546Z_modulation_recognition_blind_carrier__blind_cumulant_snr18_seed73001,channel.snr_db_min,18
blind_cumulant_snr18_seed73001,blind_cumulant_snr18_seed73001,Blind differential-cumulant classifier · 18 dB · seed 73001,blind_cumulant,Blind differential cumulant,blind_cumulant,73001,snr_db=18,paired held-out symbol/carrier/noise seed,baseline,20260727T150546Z_modulation_recognition_blind_carrier__blind_cumulant_snr18_seed73001,classification.balanced_accuracy,1
blind_cumulant_snr18_seed73001,blind_cumulant_snr18_seed73001,Blind differential-cumulant classifier · 18 dB · seed 73001,blind_cumulant,Blind differential cumulant,blind_cumulant,73001,snr_db=18,paired held-out symbol/carrier/noise seed,baseline,20260727T150546Z_modulation_recognition_blind_carrier__blind_cumulant_snr18_seed73001,memory.run.end_rss_bytes,824991744
blind_cumulant_snr18_seed73001,blind_cumulant_snr18_seed73001,Blind differential-cumulant classifier · 18 dB · seed 73001,blind_cumulant,Blind differential cumulant,blind_cumulant,73001,snr_db=18,paired held-out symbol/carrier/noise seed,baseline,20260727T150546Z_modulation_recognition_blind_carrier__blind_cumulant_snr18_seed73001,memory.run.peak_rss_bytes,902021120
blind_cumulant_snr18_seed73001,blind_cumulant_snr18_seed73001,Blind differential-cumulant classifier · 18 dB · seed 73001,blind_cumulant,Blind differential cumulant,blind_cumulant,73001,snr_db=18,paired held-out symbol/carrier/noise seed,baseline,20260727T150546Z_modulation_recognition_blind_carrier__blind_cumulant_snr18_seed73001,memory.run.peak_rss_delta_bytes,65114112
blind_cumulant_snr18_seed73001,blind_cumulant_snr18_seed73001,Blind differential-cumulant classifier · 18 dB · seed 73001,blind_cumulant,Blind differential cumulant,blind_cumulant,73001,snr_db=18,paired held-out symbol/carrier/noise seed,baseline,20260727T150546Z_modulation_recognition_blind_carrier__blind_cumulant_snr18_seed73001,memory.run.sampler_interval_s,0.05
blind_cumulant_snr18_seed73001,blind_cumulant_snr18_seed73001,Blind differential-cumulant classifier · 18 dB · seed 73001,blind_cumulant,Blind differential cumulant,blind_cumulant,73001,snr_db=18,paired held-out symbol/carrier/noise seed,baseline,20260727T150546Z_modulation_recognition_blind_carrier__blind_cumulant_snr18_seed73001,memory.run.start_rss_bytes,836907008
blind_cumulant_snr18_seed73001,blind_cumulant_snr18_seed73001,Blind differential-cumulant classifier · 18 dB · seed 73001,blind_cumulant,Blind differential cumulant,blind_cumulant,73001,snr_db=18,paired held-out symbol/carrier/noise seed,baseline,20260727T150546Z_modulation_recognition_blind_carrier__blind_cumulant_snr18_seed73001,modulation_recognition.accuracy,1
blind_cumulant_snr18_seed73001,blind_cumulant_snr18_seed73001,Blind differential-cumulant classifier · 18 dB · seed 73001,blind_cumulant,Blind differential cumulant,blind_cumulant,73001,snr_db=18,paired held-out symbol/carrier/noise seed,baseline,20260727T150546Z_modulation_recognition_blind_carrier__blind_cumulant_snr18_seed73001,modulation_recognition.balanced_accuracy,1
blind_cumulant_snr18_seed73001,blind_cumulant_snr18_seed73001,Blind differential-cumulant classifier · 18 dB · seed 73001,blind_cumulant,Blind differential cumulant,blind_cumulant,73001,snr_db=18,paired held-out symbol/carrier/noise seed,baseline,20260727T150546Z_modulation_recognition_blind_carrier__blind_cumulant_snr18_seed73001,modulation_recognition.frame_count,1536
blind_cumulant_snr18_seed73001,blind_cumulant_snr18_seed73001,Blind differential-cumulant classifier · 18 dB · seed 73001,blind_cumulant,Blind differential cumulant,blind_cumulant,73001,snr_db=18,paired held-out symbol/carrier/noise seed,baseline,20260727T150546Z_modulation_recognition_blind_carrier__blind_cumulant_snr18_seed73001,modulation_recognition.macro_f1,1
blind_cumulant_snr18_seed73001,blind_cumulant_snr18_seed73001,Blind differential-cumulant classifier · 18 dB · seed 73001,blind_cumulant,Blind differential cumulant,blind_cumulant,73001,snr_db=18,paired held-out symbol/carrier/noise seed,baseline,20260727T150546Z_modulation_recognition_blind_carrier__blind_cumulant_snr18_seed73001,modulation_recognition.predicted_frame_count,1536
blind_cumulant_snr18_seed73001,blind_cumulant_snr18_seed73001,Blind differential-cumulant classifier · 18 dB · seed 73001,blind_cumulant,Blind differential cumulant,blind_cumulant,73001,snr_db=18,paired held-out symbol/carrier/noise seed,baseline,20260727T150546Z_modulation_recognition_blind_carrier__blind_cumulant_snr18_seed73001,modulation_recognition.symbols_per_frame,128
blind_cumulant_snr18_seed73001,blind_cumulant_snr18_seed73001,Blind differential-cumulant classifier · 18 dB · seed 73001,blind_cumulant,Blind differential cumulant,blind_cumulant,73001,snr_db=18,paired held-out symbol/carrier/noise seed,baseline,20260727T150546Z_modulation_recognition_blind_carrier__blind_cumulant_snr18_seed73001,steps.data.modulation_recognition.frame_count,1536
blind_cumulant_snr18_seed73001,blind_cumulant_snr18_seed73001,Blind differential-cumulant classifier · 18 dB · seed 73001,blind_cumulant,Blind differential cumulant,blind_cumulant,73001,snr_db=18,paired held-out symbol/carrier/noise seed,baseline,20260727T150546Z_modulation_recognition_blind_carrier__blind_cumulant_snr18_seed73001,steps.data.modulation_recognition.symbols_per_frame,128
blind_cumulant_snr18_seed73001,blind_cumulant_snr18_seed73001,Blind differential-cumulant classifier · 18 dB · seed 73001,blind_cumulant,Blind differential cumulant,blind_cumulant,73001,snr_db=18,paired held-out symbol/carrier/noise seed,baseline,20260727T150546Z_modulation_recognition_blind_carrier__blind_cumulant_snr18_seed73001,steps.data.timing.step.wall_time_s,0.059222
blind_cumulant_snr18_seed73001,blind_cumulant_snr18_seed73001,Blind differential-cumulant classifier · 18 dB · seed 73001,blind_cumulant,Blind differential cumulant,blind_cumulant,73001,snr_db=18,paired held-out symbol/carrier/noise seed,baseline,20260727T150546Z_modulation_recognition_blind_carrier__blind_cumulant_snr18_seed73001,steps.evaluation.channel.snr_db,18
blind_cumulant_snr18_seed73001,blind_cumulant_snr18_seed73001,Blind differential-cumulant classifier · 18 dB · seed 73001,blind_cumulant,Blind differential cumulant,blind_cumulant,73001,snr_db=18,paired held-out symbol/carrier/noise seed,baseline,20260727T150546Z_modulation_recognition_blind_carrier__blind_cumulant_snr18_seed73001,steps.evaluation.classification.balanced_accuracy,1
blind_cumulant_snr18_seed73001,blind_cumulant_snr18_seed73001,Blind differential-cumulant classifier · 18 dB · seed 73001,blind_cumulant,Blind differential cumulant,blind_cumulant,73001,snr_db=18,paired held-out symbol/carrier/noise seed,baseline,20260727T150546Z_modulation_recognition_blind_carrier__blind_cumulant_snr18_seed73001,steps.evaluation.modulation_recognition.accuracy,1
blind_cumulant_snr18_seed73001,blind_cumulant_snr18_seed73001,Blind differential-cumulant classifier · 18 dB · seed 73001,blind_cumulant,Blind differential cumulant,blind_cumulant,73001,snr_db=18,paired held-out symbol/carrier/noise seed,baseline,20260727T150546Z_modulation_recognition_blind_carrier__blind_cumulant_snr18_seed73001,steps.evaluation.modulation_recognition.balanced_accuracy,1
blind_cumulant_snr18_seed73001,blind_cumulant_snr18_seed73001,Blind differential-cumulant classifier · 18 dB · seed 73001,blind_cumulant,Blind differential cumulant,blind_cumulant,73001,snr_db=18,paired held-out symbol/carrier/noise seed,baseline,20260727T150546Z_modulation_recognition_blind_carrier__blind_cumulant_snr18_seed73001,steps.evaluation.modulation_recognition.macro_f1,1
blind_cumulant_snr18_seed73001,blind_cumulant_snr18_seed73001,Blind differential-cumulant classifier · 18 dB · seed 73001,blind_cumulant,Blind differential cumulant,blind_cumulant,73001,snr_db=18,paired held-out symbol/carrier/noise seed,baseline,20260727T150546Z_modulation_recognition_blind_carrier__blind_cumulant_snr18_seed73001,steps.evaluation.task.accuracy,1
blind_cumulant_snr18_seed73001,blind_cumulant_snr18_seed73001,Blind differential-cumulant classifier · 18 dB · seed 73001,blind_cumulant,Blind differential cumulant,blind_cumulant,73001,snr_db=18,paired held-out symbol/carrier/noise seed,baseline,20260727T150546Z_modulation_recognition_blind_carrier__blind_cumulant_snr18_seed73001,steps.evaluation.task.score,1
blind_cumulant_snr18_seed73001,blind_cumulant_snr18_seed73001,Blind differential-cumulant classifier · 18 dB · seed 73001,blind_cumulant,Blind differential cumulant,blind_cumulant,73001,snr_db=18,paired held-out symbol/carrier/noise seed,baseline,20260727T150546Z_modulation_recognition_blind_carrier__blind_cumulant_snr18_seed73001,steps.evaluation.timing.step.wall_time_s,0.006692
blind_cumulant_snr18_seed73001,blind_cumulant_snr18_seed73001,Blind differential-cumulant classifier · 18 dB · seed 73001,blind_cumulant,Blind differential cumulant,blind_cumulant,73001,snr_db=18,paired held-out symbol/carrier/noise seed,baseline,20260727T150546Z_modulation_recognition_blind_carrier__blind_cumulant_snr18_seed73001,steps.observation.channel.carrier.cfo_abs_mean_cycles_per_symbol,0.003047
blind_cumulant_snr18_seed73001,blind_cumulant_snr18_seed73001,Blind differential-cumulant classifier · 18 dB · seed 73001,blind_cumulant,Blind differential cumulant,blind_cumulant,73001,snr_db=18,paired held-out symbol/carrier/noise seed,baseline,20260727T150546Z_modulation_recognition_blind_carrier__blind_cumulant_snr18_seed73001,steps.observation.channel.carrier.initial_phase_abs_mean_rad,1.55227
blind_cumulant_snr18_seed73001,blind_cumulant_snr18_seed73001,Blind differential-cumulant classifier · 18 dB · seed 73001,blind_cumulant,Blind differential cumulant,blind_cumulant,73001,snr_db=18,paired held-out symbol/carrier/noise seed,baseline,20260727T150546Z_modulation_recognition_blind_carrier__blind_cumulant_snr18_seed73001,steps.observation.channel.snr_db,18
blind_cumulant_snr18_seed73001,blind_cumulant_snr18_seed73001,Blind differential-cumulant classifier · 18 dB · seed 73001,blind_cumulant,Blind differential cumulant,blind_cumulant,73001,snr_db=18,paired held-out symbol/carrier/noise seed,baseline,20260727T150546Z_modulation_recognition_blind_carrier__blind_cumulant_snr18_seed73001,steps.observation.channel.snr_db_max,18
blind_cumulant_snr18_seed73001,blind_cumulant_snr18_seed73001,Blind differential-cumulant classifier · 18 dB · seed 73001,blind_cumulant,Blind differential cumulant,blind_cumulant,73001,snr_db=18,paired held-out symbol/carrier/noise seed,baseline,20260727T150546Z_modulation_recognition_blind_carrier__blind_cumulant_snr18_seed73001,steps.observation.channel.snr_db_min,18
blind_cumulant_snr18_seed73001,blind_cumulant_snr18_seed73001,Blind differential-cumulant classifier · 18 dB · seed 73001,blind_cumulant,Blind differential cumulant,blind_cumulant,73001,snr_db=18,paired held-out symbol/carrier/noise seed,baseline,20260727T150546Z_modulation_recognition_blind_carrier__blind_cumulant_snr18_seed73001,steps.observation.modulation_recognition.frame_count,1536
blind_cumulant_snr18_seed73001,blind_cumulant_snr18_seed73001,Blind differential-cumulant classifier · 18 dB · seed 73001,blind_cumulant,Blind differential cumulant,blind_cumulant,73001,snr_db=18,paired held-out symbol/carrier/noise seed,baseline,20260727T150546Z_modulation_recognition_blind_carrier__blind_cumulant_snr18_seed73001,steps.observation.timing.step.wall_time_s,0.089937
blind_cumulant_snr18_seed73001,blind_cumulant_snr18_seed73001,Blind differential-cumulant classifier · 18 dB · seed 73001,blind_cumulant,Blind differential cumulant,blind_cumulant,73001,snr_db=18,paired held-out symbol/carrier/noise seed,baseline,20260727T150546Z_modulation_recognition_blind_carrier__blind_cumulant_snr18_seed73001,steps.receiver.modulation_recognition.predicted_frame_count,1536
blind_cumulant_snr18_seed73001,blind_cumulant_snr18_seed73001,Blind differential-cumulant classifier · 18 dB · seed 73001,blind_cumulant,Blind differential cumulant,blind_cumulant,73001,snr_db=18,paired held-out symbol/carrier/noise seed,baseline,20260727T150546Z_modulation_recognition_blind_carrier__blind_cumulant_snr18_seed73001,steps.receiver.timing.step.wall_time_s,0.263419
blind_cumulant_snr18_seed73001,blind_cumulant_snr18_seed73001,Blind differential-cumulant classifier · 18 dB · seed 73001,blind_cumulant,Blind differential cumulant,blind_cumulant,73001,snr_db=18,paired held-out symbol/carrier/noise seed,baseline,20260727T150546Z_modulation_recognition_blind_carrier__blind_cumulant_snr18_seed73001,task.accuracy,1
blind_cumulant_snr18_seed73001,blind_cumulant_snr18_seed73001,Blind differential-cumulant classifier · 18 dB · seed 73001,blind_cumulant,Blind differential cumulant,blind_cumulant,73001,snr_db=18,paired held-out symbol/carrier/noise seed,baseline,20260727T150546Z_modulation_recognition_blind_carrier__blind_cumulant_snr18_seed73001,task.score,1
learned_classifier_snrm2_seed71001,learned_classifier_snrm2_seed71001,Learned blind-carrier classifier · -2 dB · seed 71001,learned_classifier,Learned blind-carrier classifier,learned_classifier,71001,snr_db=m2,paired held-out symbol/carrier/noise seed,candidate,20260727T150347Z_modulation_recognition_blind_carrier__learned_classifier_snrm2_seed71001,channel.carrier.cfo_abs_mean_cycles_per_symbol,0.002954
learned_classifier_snrm2_seed71001,learned_classifier_snrm2_seed71001,Learned blind-carrier classifier · -2 dB · seed 71001,learned_classifier,Learned blind-carrier classifier,learned_classifier,71001,snr_db=m2,paired held-out symbol/carrier/noise seed,candidate,20260727T150347Z_modulation_recognition_blind_carrier__learned_classifier_snrm2_seed71001,channel.carrier.initial_phase_abs_mean_rad,1.552568
learned_classifier_snrm2_seed71001,learned_classifier_snrm2_seed71001,Learned blind-carrier classifier · -2 dB · seed 71001,learned_classifier,Learned blind-carrier classifier,learned_classifier,71001,snr_db=m2,paired held-out symbol/carrier/noise seed,candidate,20260727T150347Z_modulation_recognition_blind_carrier__learned_classifier_snrm2_seed71001,channel.snr_db,-2
learned_classifier_snrm2_seed71001,learned_classifier_snrm2_seed71001,Learned blind-carrier classifier · -2 dB · seed 71001,learned_classifier,Learned blind-carrier classifier,learned_classifier,71001,snr_db=m2,paired held-out symbol/carrier/noise seed,candidate,20260727T150347Z_modulation_recognition_blind_carrier__learned_classifier_snrm2_seed71001,channel.snr_db_max,-2
learned_classifier_snrm2_seed71001,learned_classifier_snrm2_seed71001,Learned blind-carrier classifier · -2 dB · seed 71001,learned_classifier,Learned blind-carrier classifier,learned_classifier,71001,snr_db=m2,paired held-out symbol/carrier/noise seed,candidate,20260727T150347Z_modulation_recognition_blind_carrier__learned_classifier_snrm2_seed71001,channel.snr_db_min,-2
learned_classifier_snrm2_seed71001,learned_classifier_snrm2_seed71001,Learned blind-carrier classifier · -2 dB · seed 71001,learned_classifier,Learned blind-carrier classifier,learned_classifier,71001,snr_db=m2,paired held-out symbol/carrier/noise seed,candidate,20260727T150347Z_modulation_recognition_blind_carrier__learned_classifier_snrm2_seed71001,classification.balanced_accuracy,0.411458
learned_classifier_snrm2_seed71001,learned_classifier_snrm2_seed71001,Learned blind-carrier classifier · -2 dB · seed 71001,learned_classifier,Learned blind-carrier classifier,learned_classifier,71001,snr_db=m2,paired held-out symbol/carrier/noise seed,candidate,20260727T150347Z_modulation_recognition_blind_carrier__learned_classifier_snrm2_seed71001,memory.run.end_rss_bytes,649097216
learned_classifier_snrm2_seed71001,learned_classifier_snrm2_seed71001,Learned blind-carrier classifier · -2 dB · seed 71001,learned_classifier,Learned blind-carrier classifier,learned_classifier,71001,snr_db=m2,paired held-out symbol/carrier/noise seed,candidate,20260727T150347Z_modulation_recognition_blind_carrier__learned_classifier_snrm2_seed71001,memory.run.peak_rss_bytes,649101312
learned_classifier_snrm2_seed71001,learned_classifier_snrm2_seed71001,Learned blind-carrier classifier · -2 dB · seed 71001,learned_classifier,Learned blind-carrier classifier,learned_classifier,71001,snr_db=m2,paired held-out symbol/carrier/noise seed,candidate,20260727T150347Z_modulation_recognition_blind_carrier__learned_classifier_snrm2_seed71001,memory.run.peak_rss_delta_bytes,159928320
learned_classifier_snrm2_seed71001,learned_classifier_snrm2_seed71001,Learned blind-carrier classifier · -2 dB · seed 71001,learned_classifier,Learned blind-carrier classifier,learned_classifier,71001,snr_db=m2,paired held-out symbol/carrier/noise seed,candidate,20260727T150347Z_modulation_recognition_blind_carrier__learned_classifier_snrm2_seed71001,memory.run.sampler_interval_s,0.05
learned_classifier_snrm2_seed71001,learned_classifier_snrm2_seed71001,Learned blind-carrier classifier · -2 dB · seed 71001,learned_classifier,Learned blind-carrier classifier,learned_classifier,71001,snr_db=m2,paired held-out symbol/carrier/noise seed,candidate,20260727T150347Z_modulation_recognition_blind_carrier__learned_classifier_snrm2_seed71001,memory.run.start_rss_bytes,489172992
learned_classifier_snrm2_seed71001,learned_classifier_snrm2_seed71001,Learned blind-carrier classifier · -2 dB · seed 71001,learned_classifier,Learned blind-carrier classifier,learned_classifier,71001,snr_db=m2,paired held-out symbol/carrier/noise seed,candidate,20260727T150347Z_modulation_recognition_blind_carrier__learned_classifier_snrm2_seed71001,modulation_recognition.accuracy,0.411458
learned_classifier_snrm2_seed71001,learned_classifier_snrm2_seed71001,Learned blind-carrier classifier · -2 dB · seed 71001,learned_classifier,Learned blind-carrier classifier,learned_classifier,71001,snr_db=m2,paired held-out symbol/carrier/noise seed,candidate,20260727T150347Z_modulation_recognition_blind_carrier__learned_classifier_snrm2_seed71001,modulation_recognition.balanced_accuracy,0.411458
learned_classifier_snrm2_seed71001,learned_classifier_snrm2_seed71001,Learned blind-carrier classifier · -2 dB · seed 71001,learned_classifier,Learned blind-carrier classifier,learned_classifier,71001,snr_db=m2,paired held-out symbol/carrier/noise seed,candidate,20260727T150347Z_modulation_recognition_blind_carrier__learned_classifier_snrm2_seed71001,modulation_recognition.frame_count,1536
learned_classifier_snrm2_seed71001,learned_classifier_snrm2_seed71001,Learned blind-carrier classifier · -2 dB · seed 71001,learned_classifier,Learned blind-carrier classifier,learned_classifier,71001,snr_db=m2,paired held-out symbol/carrier/noise seed,candidate,20260727T150347Z_modulation_recognition_blind_carrier__learned_classifier_snrm2_seed71001,modulation_recognition.macro_f1,0.367665
learned_classifier_snrm2_seed71001,learned_classifier_snrm2_seed71001,Learned blind-carrier classifier · -2 dB · seed 71001,learned_classifier,Learned blind-carrier classifier,learned_classifier,71001,snr_db=m2,paired held-out symbol/carrier/noise seed,candidate,20260727T150347Z_modulation_recognition_blind_carrier__learned_classifier_snrm2_seed71001,modulation_recognition.predicted_frame_count,1536
learned_classifier_snrm2_seed71001,learned_classifier_snrm2_seed71001,Learned blind-carrier classifier · -2 dB · seed 71001,learned_classifier,Learned blind-carrier classifier,learned_classifier,71001,snr_db=m2,paired held-out symbol/carrier/noise seed,candidate,20260727T150347Z_modulation_recognition_blind_carrier__learned_classifier_snrm2_seed71001,modulation_recognition.symbols_per_frame,128
learned_classifier_snrm2_seed71001,learned_classifier_snrm2_seed71001,Learned blind-carrier classifier · -2 dB · seed 71001,learned_classifier,Learned blind-carrier classifier,learned_classifier,71001,snr_db=m2,paired held-out symbol/carrier/noise seed,candidate,20260727T150347Z_modulation_recognition_blind_carrier__learned_classifier_snrm2_seed71001,steps.data.modulation_recognition.frame_count,1536
learned_classifier_snrm2_seed71001,learned_classifier_snrm2_seed71001,Learned blind-carrier classifier · -2 dB · seed 71001,learned_classifier,Learned blind-carrier classifier,learned_classifier,71001,snr_db=m2,paired held-out symbol/carrier/noise seed,candidate,20260727T150347Z_modulation_recognition_blind_carrier__learned_classifier_snrm2_seed71001,steps.data.modulation_recognition.symbols_per_frame,128
learned_classifier_snrm2_seed71001,learned_classifier_snrm2_seed71001,Learned blind-carrier classifier · -2 dB · seed 71001,learned_classifier,Learned blind-carrier classifier,learned_classifier,71001,snr_db=m2,paired held-out symbol/carrier/noise seed,candidate,20260727T150347Z_modulation_recognition_blind_carrier__learned_classifier_snrm2_seed71001,steps.data.timing.step.wall_time_s,0.069443
learned_classifier_snrm2_seed71001,learned_classifier_snrm2_seed71001,Learned blind-carrier classifier · -2 dB · seed 71001,learned_classifier,Learned blind-carrier classifier,learned_classifier,71001,snr_db=m2,paired held-out symbol/carrier/noise seed,candidate,20260727T150347Z_modulation_recognition_blind_carrier__learned_classifier_snrm2_seed71001,steps.evaluation.channel.snr_db,-2
learned_classifier_snrm2_seed71001,learned_classifier_snrm2_seed71001,Learned blind-carrier classifier · -2 dB · seed 71001,learned_classifier,Learned blind-carrier classifier,learned_classifier,71001,snr_db=m2,paired held-out symbol/carrier/noise seed,candidate,20260727T150347Z_modulation_recognition_blind_carrier__learned_classifier_snrm2_seed71001,steps.evaluation.classification.balanced_accuracy,0.411458
learned_classifier_snrm2_seed71001,learned_classifier_snrm2_seed71001,Learned blind-carrier classifier · -2 dB · seed 71001,learned_classifier,Learned blind-carrier classifier,learned_classifier,71001,snr_db=m2,paired held-out symbol/carrier/noise seed,candidate,20260727T150347Z_modulation_recognition_blind_carrier__learned_classifier_snrm2_seed71001,steps.evaluation.modulation_recognition.accuracy,0.411458
learned_classifier_snrm2_seed71001,learned_classifier_snrm2_seed71001,Learned blind-carrier classifier · -2 dB · seed 71001,learned_classifier,Learned blind-carrier classifier,learned_classifier,71001,snr_db=m2,paired held-out symbol/carrier/noise seed,candidate,20260727T150347Z_modulation_recognition_blind_carrier__learned_classifier_snrm2_seed71001,steps.evaluation.modulation_recognition.balanced_accuracy,0.411458
learned_classifier_snrm2_seed71001,learned_classifier_snrm2_seed71001,Learned blind-carrier classifier · -2 dB · seed 71001,learned_classifier,Learned blind-carrier classifier,learned_classifier,71001,snr_db=m2,paired held-out symbol/carrier/noise seed,candidate,20260727T150347Z_modulation_recognition_blind_carrier__learned_classifier_snrm2_seed71001,steps.evaluation.modulation_recognition.macro_f1,0.367665
learned_classifier_snrm2_seed71001,learned_classifier_snrm2_seed71001,Learned blind-carrier classifier · -2 dB · seed 71001,learned_classifier,Learned blind-carrier classifier,learned_classifier,71001,snr_db=m2,paired held-out symbol/carrier/noise seed,candidate,20260727T150347Z_modulation_recognition_blind_carrier__learned_classifier_snrm2_seed71001,steps.evaluation.task.accuracy,0.411458
learned_classifier_snrm2_seed71001,learned_classifier_snrm2_seed71001,Learned blind-carrier classifier · -2 dB · seed 71001,learned_classifier,Learned blind-carrier classifier,learned_classifier,71001,snr_db=m2,paired held-out symbol/carrier/noise seed,candidate,20260727T150347Z_modulation_recognition_blind_carrier__learned_classifier_snrm2_seed71001,steps.evaluation.task.score,0.367665
learned_classifier_snrm2_seed71001,learned_classifier_snrm2_seed71001,Learned blind-carrier classifier · -2 dB · seed 71001,learned_classifier,Learned blind-carrier classifier,learned_classifier,71001,snr_db=m2,paired held-out symbol/carrier/noise seed,candidate,20260727T150347Z_modulation_recognition_blind_carrier__learned_classifier_snrm2_seed71001,steps.evaluation.timing.step.wall_time_s,0.008954
learned_classifier_snrm2_seed71001,learned_classifier_snrm2_seed71001,Learned blind-carrier classifier · -2 dB · seed 71001,learned_classifier,Learned blind-carrier classifier,learned_classifier,71001,snr_db=m2,paired held-out symbol/carrier/noise seed,candidate,20260727T150347Z_modulation_recognition_blind_carrier__learned_classifier_snrm2_seed71001,steps.observation.channel.carrier.cfo_abs_mean_cycles_per_symbol,0.002954
learned_classifier_snrm2_seed71001,learned_classifier_snrm2_seed71001,Learned blind-carrier classifier · -2 dB · seed 71001,learned_classifier,Learned blind-carrier classifier,learned_classifier,71001,snr_db=m2,paired held-out symbol/carrier/noise seed,candidate,20260727T150347Z_modulation_recognition_blind_carrier__learned_classifier_snrm2_seed71001,steps.observation.channel.carrier.initial_phase_abs_mean_rad,1.552568
learned_classifier_snrm2_seed71001,learned_classifier_snrm2_seed71001,Learned blind-carrier classifier · -2 dB · seed 71001,learned_classifier,Learned blind-carrier classifier,learned_classifier,71001,snr_db=m2,paired held-out symbol/carrier/noise seed,candidate,20260727T150347Z_modulation_recognition_blind_carrier__learned_classifier_snrm2_seed71001,steps.observation.channel.snr_db,-2
learned_classifier_snrm2_seed71001,learned_classifier_snrm2_seed71001,Learned blind-carrier classifier · -2 dB · seed 71001,learned_classifier,Learned blind-carrier classifier,learned_classifier,71001,snr_db=m2,paired held-out symbol/carrier/noise seed,candidate,20260727T150347Z_modulation_recognition_blind_carrier__learned_classifier_snrm2_seed71001,steps.observation.channel.snr_db_max,-2
learned_classifier_snrm2_seed71001,learned_classifier_snrm2_seed71001,Learned blind-carrier classifier · -2 dB · seed 71001,learned_classifier,Learned blind-carrier classifier,learned_classifier,71001,snr_db=m2,paired held-out symbol/carrier/noise seed,candidate,20260727T150347Z_modulation_recognition_blind_carrier__learned_classifier_snrm2_seed71001,steps.observation.channel.snr_db_min,-2
learned_classifier_snrm2_seed71001,learned_classifier_snrm2_seed71001,Learned blind-carrier classifier · -2 dB · seed 71001,learned_classifier,Learned blind-carrier classifier,learned_classifier,71001,snr_db=m2,paired held-out symbol/carrier/noise seed,candidate,20260727T150347Z_modulation_recognition_blind_carrier__learned_classifier_snrm2_seed71001,steps.observation.modulation_recognition.frame_count,1536
learned_classifier_snrm2_seed71001,learned_classifier_snrm2_seed71001,Learned blind-carrier classifier · -2 dB · seed 71001,learned_classifier,Learned blind-carrier classifier,learned_classifier,71001,snr_db=m2,paired held-out symbol/carrier/noise seed,candidate,20260727T150347Z_modulation_recognition_blind_carrier__learned_classifier_snrm2_seed71001,steps.observation.timing.step.wall_time_s,0.091972
learned_classifier_snrm2_seed71001,learned_classifier_snrm2_seed71001,Learned blind-carrier classifier · -2 dB · seed 71001,learned_classifier,Learned blind-carrier classifier,learned_classifier,71001,snr_db=m2,paired held-out symbol/carrier/noise seed,candidate,20260727T150347Z_modulation_recognition_blind_carrier__learned_classifier_snrm2_seed71001,steps.receiver.modulation_recognition.predicted_frame_count,1536
learned_classifier_snrm2_seed71001,learned_classifier_snrm2_seed71001,Learned blind-carrier classifier · -2 dB · seed 71001,learned_classifier,Learned blind-carrier classifier,learned_classifier,71001,snr_db=m2,paired held-out symbol/carrier/noise seed,candidate,20260727T150347Z_modulation_recognition_blind_carrier__learned_classifier_snrm2_seed71001,steps.receiver.timing.step.wall_time_s,0.778804
learned_classifier_snrm2_seed71001,learned_classifier_snrm2_seed71001,Learned blind-carrier classifier · -2 dB · seed 71001,learned_classifier,Learned blind-carrier classifier,learned_classifier,71001,snr_db=m2,paired held-out symbol/carrier/noise seed,candidate,20260727T150347Z_modulation_recognition_blind_carrier__learned_classifier_snrm2_seed71001,task.accuracy,0.411458
learned_classifier_snrm2_seed71001,learned_classifier_snrm2_seed71001,Learned blind-carrier classifier · -2 dB · seed 71001,learned_classifier,Learned blind-carrier classifier,learned_classifier,71001,snr_db=m2,paired held-out symbol/carrier/noise seed,candidate,20260727T150347Z_modulation_recognition_blind_carrier__learned_classifier_snrm2_seed71001,task.score,0.367665
learned_classifier_snrm2_seed72001,learned_classifier_snrm2_seed72001,Learned blind-carrier classifier · -2 dB · seed 72001,learned_classifier,Learned blind-carrier classifier,learned_classifier,72001,snr_db=m2,paired held-out symbol/carrier/noise seed,candidate,20260727T150352Z_modulation_recognition_blind_carrier__learned_classifier_snrm2_seed72001,channel.carrier.cfo_abs_mean_cycles_per_symbol,0.002995
learned_classifier_snrm2_seed72001,learned_classifier_snrm2_seed72001,Learned blind-carrier classifier · -2 dB · seed 72001,learned_classifier,Learned blind-carrier classifier,learned_classifier,72001,snr_db=m2,paired held-out symbol/carrier/noise seed,candidate,20260727T150352Z_modulation_recognition_blind_carrier__learned_classifier_snrm2_seed72001,channel.carrier.initial_phase_abs_mean_rad,1.588569
learned_classifier_snrm2_seed72001,learned_classifier_snrm2_seed72001,Learned blind-carrier classifier · -2 dB · seed 72001,learned_classifier,Learned blind-carrier classifier,learned_classifier,72001,snr_db=m2,paired held-out symbol/carrier/noise seed,candidate,20260727T150352Z_modulation_recognition_blind_carrier__learned_classifier_snrm2_seed72001,channel.snr_db,-2
learned_classifier_snrm2_seed72001,learned_classifier_snrm2_seed72001,Learned blind-carrier classifier · -2 dB · seed 72001,learned_classifier,Learned blind-carrier classifier,learned_classifier,72001,snr_db=m2,paired held-out symbol/carrier/noise seed,candidate,20260727T150352Z_modulation_recognition_blind_carrier__learned_classifier_snrm2_seed72001,channel.snr_db_max,-2
learned_classifier_snrm2_seed72001,learned_classifier_snrm2_seed72001,Learned blind-carrier classifier · -2 dB · seed 72001,learned_classifier,Learned blind-carrier classifier,learned_classifier,72001,snr_db=m2,paired held-out symbol/carrier/noise seed,candidate,20260727T150352Z_modulation_recognition_blind_carrier__learned_classifier_snrm2_seed72001,channel.snr_db_min,-2
learned_classifier_snrm2_seed72001,learned_classifier_snrm2_seed72001,Learned blind-carrier classifier · -2 dB · seed 72001,learned_classifier,Learned blind-carrier classifier,learned_classifier,72001,snr_db=m2,paired held-out symbol/carrier/noise seed,candidate,20260727T150352Z_modulation_recognition_blind_carrier__learned_classifier_snrm2_seed72001,classification.balanced_accuracy,0.424479
learned_classifier_snrm2_seed72001,learned_classifier_snrm2_seed72001,Learned blind-carrier classifier · -2 dB · seed 72001,learned_classifier,Learned blind-carrier classifier,learned_classifier,72001,snr_db=m2,paired held-out symbol/carrier/noise seed,candidate,20260727T150352Z_modulation_recognition_blind_carrier__learned_classifier_snrm2_seed72001,memory.run.end_rss_bytes,733675520
learned_classifier_snrm2_seed72001,learned_classifier_snrm2_seed72001,Learned blind-carrier classifier · -2 dB · seed 72001,learned_classifier,Learned blind-carrier classifier,learned_classifier,72001,snr_db=m2,paired held-out symbol/carrier/noise seed,candidate,20260727T150352Z_modulation_recognition_blind_carrier__learned_classifier_snrm2_seed72001,memory.run.peak_rss_bytes,734928896
learned_classifier_snrm2_seed72001,learned_classifier_snrm2_seed72001,Learned blind-carrier classifier · -2 dB · seed 72001,learned_classifier,Learned blind-carrier classifier,learned_classifier,72001,snr_db=m2,paired held-out symbol/carrier/noise seed,candidate,20260727T150352Z_modulation_recognition_blind_carrier__learned_classifier_snrm2_seed72001,memory.run.peak_rss_delta_bytes,65044480
learned_classifier_snrm2_seed72001,learned_classifier_snrm2_seed72001,Learned blind-carrier classifier · -2 dB · seed 72001,learned_classifier,Learned blind-carrier classifier,learned_classifier,72001,snr_db=m2,paired held-out symbol/carrier/noise seed,candidate,20260727T150352Z_modulation_recognition_blind_carrier__learned_classifier_snrm2_seed72001,memory.run.sampler_interval_s,0.05
learned_classifier_snrm2_seed72001,learned_classifier_snrm2_seed72001,Learned blind-carrier classifier · -2 dB · seed 72001,learned_classifier,Learned blind-carrier classifier,learned_classifier,72001,snr_db=m2,paired held-out symbol/carrier/noise seed,candidate,20260727T150352Z_modulation_recognition_blind_carrier__learned_classifier_snrm2_seed72001,memory.run.start_rss_bytes,669884416
learned_classifier_snrm2_seed72001,learned_classifier_snrm2_seed72001,Learned blind-carrier classifier · -2 dB · seed 72001,learned_classifier,Learned blind-carrier classifier,learned_classifier,72001,snr_db=m2,paired held-out symbol/carrier/noise seed,candidate,20260727T150352Z_modulation_recognition_blind_carrier__learned_classifier_snrm2_seed72001,modulation_recognition.accuracy,0.424479
learned_classifier_snrm2_seed72001,learned_classifier_snrm2_seed72001,Learned blind-carrier classifier · -2 dB · seed 72001,learned_classifier,Learned blind-carrier classifier,learned_classifier,72001,snr_db=m2,paired held-out symbol/carrier/noise seed,candidate,20260727T150352Z_modulation_recognition_blind_carrier__learned_classifier_snrm2_seed72001,modulation_recognition.balanced_accuracy,0.424479
learned_classifier_snrm2_seed72001,learned_classifier_snrm2_seed72001,Learned blind-carrier classifier · -2 dB · seed 72001,learned_classifier,Learned blind-carrier classifier,learned_classifier,72001,snr_db=m2,paired held-out symbol/carrier/noise seed,candidate,20260727T150352Z_modulation_recognition_blind_carrier__learned_classifier_snrm2_seed72001,modulation_recognition.frame_count,1536
learned_classifier_snrm2_seed72001,learned_classifier_snrm2_seed72001,Learned blind-carrier classifier · -2 dB · seed 72001,learned_classifier,Learned blind-carrier classifier,learned_classifier,72001,snr_db=m2,paired held-out symbol/carrier/noise seed,candidate,20260727T150352Z_modulation_recognition_blind_carrier__learned_classifier_snrm2_seed72001,modulation_recognition.macro_f1,0.378373
learned_classifier_snrm2_seed72001,learned_classifier_snrm2_seed72001,Learned blind-carrier classifier · -2 dB · seed 72001,learned_classifier,Learned blind-carrier classifier,learned_classifier,72001,snr_db=m2,paired held-out symbol/carrier/noise seed,candidate,20260727T150352Z_modulation_recognition_blind_carrier__learned_classifier_snrm2_seed72001,modulation_recognition.predicted_frame_count,1536
learned_classifier_snrm2_seed72001,learned_classifier_snrm2_seed72001,Learned blind-carrier classifier · -2 dB · seed 72001,learned_classifier,Learned blind-carrier classifier,learned_classifier,72001,snr_db=m2,paired held-out symbol/carrier/noise seed,candidate,20260727T150352Z_modulation_recognition_blind_carrier__learned_classifier_snrm2_seed72001,modulation_recognition.symbols_per_frame,128
learned_classifier_snrm2_seed72001,learned_classifier_snrm2_seed72001,Learned blind-carrier classifier · -2 dB · seed 72001,learned_classifier,Learned blind-carrier classifier,learned_classifier,72001,snr_db=m2,paired held-out symbol/carrier/noise seed,candidate,20260727T150352Z_modulation_recognition_blind_carrier__learned_classifier_snrm2_seed72001,steps.data.modulation_recognition.frame_count,1536
learned_classifier_snrm2_seed72001,learned_classifier_snrm2_seed72001,Learned blind-carrier classifier · -2 dB · seed 72001,learned_classifier,Learned blind-carrier classifier,learned_classifier,72001,snr_db=m2,paired held-out symbol/carrier/noise seed,candidate,20260727T150352Z_modulation_recognition_blind_carrier__learned_classifier_snrm2_seed72001,steps.data.modulation_recognition.symbols_per_frame,128
learned_classifier_snrm2_seed72001,learned_classifier_snrm2_seed72001,Learned blind-carrier classifier · -2 dB · seed 72001,learned_classifier,Learned blind-carrier classifier,learned_classifier,72001,snr_db=m2,paired held-out symbol/carrier/noise seed,candidate,20260727T150352Z_modulation_recognition_blind_carrier__learned_classifier_snrm2_seed72001,steps.data.timing.step.wall_time_s,0.059906
learned_classifier_snrm2_seed72001,learned_classifier_snrm2_seed72001,Learned blind-carrier classifier · -2 dB · seed 72001,learned_classifier,Learned blind-carrier classifier,learned_classifier,72001,snr_db=m2,paired held-out symbol/carrier/noise seed,candidate,20260727T150352Z_modulation_recognition_blind_carrier__learned_classifier_snrm2_seed72001,steps.evaluation.channel.snr_db,-2
learned_classifier_snrm2_seed72001,learned_classifier_snrm2_seed72001,Learned blind-carrier classifier · -2 dB · seed 72001,learned_classifier,Learned blind-carrier classifier,learned_classifier,72001,snr_db=m2,paired held-out symbol/carrier/noise seed,candidate,20260727T150352Z_modulation_recognition_blind_carrier__learned_classifier_snrm2_seed72001,steps.evaluation.classification.balanced_accuracy,0.424479
learned_classifier_snrm2_seed72001,learned_classifier_snrm2_seed72001,Learned blind-carrier classifier · -2 dB · seed 72001,learned_classifier,Learned blind-carrier classifier,learned_classifier,72001,snr_db=m2,paired held-out symbol/carrier/noise seed,candidate,20260727T150352Z_modulation_recognition_blind_carrier__learned_classifier_snrm2_seed72001,steps.evaluation.modulation_recognition.accuracy,0.424479
learned_classifier_snrm2_seed72001,learned_classifier_snrm2_seed72001,Learned blind-carrier classifier · -2 dB · seed 72001,learned_classifier,Learned blind-carrier classifier,learned_classifier,72001,snr_db=m2,paired held-out symbol/carrier/noise seed,candidate,20260727T150352Z_modulation_recognition_blind_carrier__learned_classifier_snrm2_seed72001,steps.evaluation.modulation_recognition.balanced_accuracy,0.424479
learned_classifier_snrm2_seed72001,learned_classifier_snrm2_seed72001,Learned blind-carrier classifier · -2 dB · seed 72001,learned_classifier,Learned blind-carrier classifier,learned_classifier,72001,snr_db=m2,paired held-out symbol/carrier/noise seed,candidate,20260727T150352Z_modulation_recognition_blind_carrier__learned_classifier_snrm2_seed72001,steps.evaluation.modulation_recognition.macro_f1,0.378373
learned_classifier_snrm2_seed72001,learned_classifier_snrm2_seed72001,Learned blind-carrier classifier · -2 dB · seed 72001,learned_classifier,Learned blind-carrier classifier,learned_classifier,72001,snr_db=m2,paired held-out symbol/carrier/noise seed,candidate,20260727T150352Z_modulation_recognition_blind_carrier__learned_classifier_snrm2_seed72001,steps.evaluation.task.accuracy,0.424479
learned_classifier_snrm2_seed72001,learned_classifier_snrm2_seed72001,Learned blind-carrier classifier · -2 dB · seed 72001,learned_classifier,Learned blind-carrier classifier,learned_classifier,72001,snr_db=m2,paired held-out symbol/carrier/noise seed,candidate,20260727T150352Z_modulation_recognition_blind_carrier__learned_classifier_snrm2_seed72001,steps.evaluation.task.score,0.378373
learned_classifier_snrm2_seed72001,learned_classifier_snrm2_seed72001,Learned blind-carrier classifier · -2 dB · seed 72001,learned_classifier,Learned blind-carrier classifier,learned_classifier,72001,snr_db=m2,paired held-out symbol/carrier/noise seed,candidate,20260727T150352Z_modulation_recognition_blind_carrier__learned_classifier_snrm2_seed72001,steps.evaluation.timing.step.wall_time_s,0.007329
learned_classifier_snrm2_seed72001,learned_classifier_snrm2_seed72001,Learned blind-carrier classifier · -2 dB · seed 72001,learned_classifier,Learned blind-carrier classifier,learned_classifier,72001,snr_db=m2,paired held-out symbol/carrier/noise seed,candidate,20260727T150352Z_modulation_recognition_blind_carrier__learned_classifier_snrm2_seed72001,steps.observation.channel.carrier.cfo_abs_mean_cycles_per_symbol,0.002995
learned_classifier_snrm2_seed72001,learned_classifier_snrm2_seed72001,Learned blind-carrier classifier · -2 dB · seed 72001,learned_classifier,Learned blind-carrier classifier,learned_classifier,72001,snr_db=m2,paired held-out symbol/carrier/noise seed,candidate,20260727T150352Z_modulation_recognition_blind_carrier__learned_classifier_snrm2_seed72001,steps.observation.channel.carrier.initial_phase_abs_mean_rad,1.588569
learned_classifier_snrm2_seed72001,learned_classifier_snrm2_seed72001,Learned blind-carrier classifier · -2 dB · seed 72001,learned_classifier,Learned blind-carrier classifier,learned_classifier,72001,snr_db=m2,paired held-out symbol/carrier/noise seed,candidate,20260727T150352Z_modulation_recognition_blind_carrier__learned_classifier_snrm2_seed72001,steps.observation.channel.snr_db,-2
learned_classifier_snrm2_seed72001,learned_classifier_snrm2_seed72001,Learned blind-carrier classifier · -2 dB · seed 72001,learned_classifier,Learned blind-carrier classifier,learned_classifier,72001,snr_db=m2,paired held-out symbol/carrier/noise seed,candidate,20260727T150352Z_modulation_recognition_blind_carrier__learned_classifier_snrm2_seed72001,steps.observation.channel.snr_db_max,-2
learned_classifier_snrm2_seed72001,learned_classifier_snrm2_seed72001,Learned blind-carrier classifier · -2 dB · seed 72001,learned_classifier,Learned blind-carrier classifier,learned_classifier,72001,snr_db=m2,paired held-out symbol/carrier/noise seed,candidate,20260727T150352Z_modulation_recognition_blind_carrier__learned_classifier_snrm2_seed72001,steps.observation.channel.snr_db_min,-2
learned_classifier_snrm2_seed72001,learned_classifier_snrm2_seed72001,Learned blind-carrier classifier · -2 dB · seed 72001,learned_classifier,Learned blind-carrier classifier,learned_classifier,72001,snr_db=m2,paired held-out symbol/carrier/noise seed,candidate,20260727T150352Z_modulation_recognition_blind_carrier__learned_classifier_snrm2_seed72001,steps.observation.modulation_recognition.frame_count,1536
learned_classifier_snrm2_seed72001,learned_classifier_snrm2_seed72001,Learned blind-carrier classifier · -2 dB · seed 72001,learned_classifier,Learned blind-carrier classifier,learned_classifier,72001,snr_db=m2,paired held-out symbol/carrier/noise seed,candidate,20260727T150352Z_modulation_recognition_blind_carrier__learned_classifier_snrm2_seed72001,steps.observation.timing.step.wall_time_s,0.08703
learned_classifier_snrm2_seed72001,learned_classifier_snrm2_seed72001,Learned blind-carrier classifier · -2 dB · seed 72001,learned_classifier,Learned blind-carrier classifier,learned_classifier,72001,snr_db=m2,paired held-out symbol/carrier/noise seed,candidate,20260727T150352Z_modulation_recognition_blind_carrier__learned_classifier_snrm2_seed72001,steps.receiver.modulation_recognition.predicted_frame_count,1536
learned_classifier_snrm2_seed72001,learned_classifier_snrm2_seed72001,Learned blind-carrier classifier · -2 dB · seed 72001,learned_classifier,Learned blind-carrier classifier,learned_classifier,72001,snr_db=m2,paired held-out symbol/carrier/noise seed,candidate,20260727T150352Z_modulation_recognition_blind_carrier__learned_classifier_snrm2_seed72001,steps.receiver.timing.step.wall_time_s,0.766717
learned_classifier_snrm2_seed72001,learned_classifier_snrm2_seed72001,Learned blind-carrier classifier · -2 dB · seed 72001,learned_classifier,Learned blind-carrier classifier,learned_classifier,72001,snr_db=m2,paired held-out symbol/carrier/noise seed,candidate,20260727T150352Z_modulation_recognition_blind_carrier__learned_classifier_snrm2_seed72001,task.accuracy,0.424479
learned_classifier_snrm2_seed72001,learned_classifier_snrm2_seed72001,Learned blind-carrier classifier · -2 dB · seed 72001,learned_classifier,Learned blind-carrier classifier,learned_classifier,72001,snr_db=m2,paired held-out symbol/carrier/noise seed,candidate,20260727T150352Z_modulation_recognition_blind_carrier__learned_classifier_snrm2_seed72001,task.score,0.378373
learned_classifier_snrm2_seed73001,learned_classifier_snrm2_seed73001,Learned blind-carrier classifier · -2 dB · seed 73001,learned_classifier,Learned blind-carrier classifier,learned_classifier,73001,snr_db=m2,paired held-out symbol/carrier/noise seed,candidate,20260727T150357Z_modulation_recognition_blind_carrier__learned_classifier_snrm2_seed73001,channel.carrier.cfo_abs_mean_cycles_per_symbol,0.003047
learned_classifier_snrm2_seed73001,learned_classifier_snrm2_seed73001,Learned blind-carrier classifier · -2 dB · seed 73001,learned_classifier,Learned blind-carrier classifier,learned_classifier,73001,snr_db=m2,paired held-out symbol/carrier/noise seed,candidate,20260727T150357Z_modulation_recognition_blind_carrier__learned_classifier_snrm2_seed73001,channel.carrier.initial_phase_abs_mean_rad,1.55227
learned_classifier_snrm2_seed73001,learned_classifier_snrm2_seed73001,Learned blind-carrier classifier · -2 dB · seed 73001,learned_classifier,Learned blind-carrier classifier,learned_classifier,73001,snr_db=m2,paired held-out symbol/carrier/noise seed,candidate,20260727T150357Z_modulation_recognition_blind_carrier__learned_classifier_snrm2_seed73001,channel.snr_db,-2
learned_classifier_snrm2_seed73001,learned_classifier_snrm2_seed73001,Learned blind-carrier classifier · -2 dB · seed 73001,learned_classifier,Learned blind-carrier classifier,learned_classifier,73001,snr_db=m2,paired held-out symbol/carrier/noise seed,candidate,20260727T150357Z_modulation_recognition_blind_carrier__learned_classifier_snrm2_seed73001,channel.snr_db_max,-2
learned_classifier_snrm2_seed73001,learned_classifier_snrm2_seed73001,Learned blind-carrier classifier · -2 dB · seed 73001,learned_classifier,Learned blind-carrier classifier,learned_classifier,73001,snr_db=m2,paired held-out symbol/carrier/noise seed,candidate,20260727T150357Z_modulation_recognition_blind_carrier__learned_classifier_snrm2_seed73001,channel.snr_db_min,-2
learned_classifier_snrm2_seed73001,learned_classifier_snrm2_seed73001,Learned blind-carrier classifier · -2 dB · seed 73001,learned_classifier,Learned blind-carrier classifier,learned_classifier,73001,snr_db=m2,paired held-out symbol/carrier/noise seed,candidate,20260727T150357Z_modulation_recognition_blind_carrier__learned_classifier_snrm2_seed73001,classification.balanced_accuracy,0.427083
learned_classifier_snrm2_seed73001,learned_classifier_snrm2_seed73001,Learned blind-carrier classifier · -2 dB · seed 73001,learned_classifier,Learned blind-carrier classifier,learned_classifier,73001,snr_db=m2,paired held-out symbol/carrier/noise seed,candidate,20260727T150357Z_modulation_recognition_blind_carrier__learned_classifier_snrm2_seed73001,memory.run.end_rss_bytes,741289984
learned_classifier_snrm2_seed73001,learned_classifier_snrm2_seed73001,Learned blind-carrier classifier · -2 dB · seed 73001,learned_classifier,Learned blind-carrier classifier,learned_classifier,73001,snr_db=m2,paired held-out symbol/carrier/noise seed,candidate,20260727T150357Z_modulation_recognition_blind_carrier__learned_classifier_snrm2_seed73001,memory.run.peak_rss_bytes,820609024
learned_classifier_snrm2_seed73001,learned_classifier_snrm2_seed73001,Learned blind-carrier classifier · -2 dB · seed 73001,learned_classifier,Learned blind-carrier classifier,learned_classifier,73001,snr_db=m2,paired held-out symbol/carrier/noise seed,candidate,20260727T150357Z_modulation_recognition_blind_carrier__learned_classifier_snrm2_seed73001,memory.run.peak_rss_delta_bytes,73506816
learned_classifier_snrm2_seed73001,learned_classifier_snrm2_seed73001,Learned blind-carrier classifier · -2 dB · seed 73001,learned_classifier,Learned blind-carrier classifier,learned_classifier,73001,snr_db=m2,paired held-out symbol/carrier/noise seed,candidate,20260727T150357Z_modulation_recognition_blind_carrier__learned_classifier_snrm2_seed73001,memory.run.sampler_interval_s,0.05
learned_classifier_snrm2_seed73001,learned_classifier_snrm2_seed73001,Learned blind-carrier classifier · -2 dB · seed 73001,learned_classifier,Learned blind-carrier classifier,learned_classifier,73001,snr_db=m2,paired held-out symbol/carrier/noise seed,candidate,20260727T150357Z_modulation_recognition_blind_carrier__learned_classifier_snrm2_seed73001,memory.run.start_rss_bytes,747102208
learned_classifier_snrm2_seed73001,learned_classifier_snrm2_seed73001,Learned blind-carrier classifier · -2 dB · seed 73001,learned_classifier,Learned blind-carrier classifier,learned_classifier,73001,snr_db=m2,paired held-out symbol/carrier/noise seed,candidate,20260727T150357Z_modulation_recognition_blind_carrier__learned_classifier_snrm2_seed73001,modulation_recognition.accuracy,0.427083
learned_classifier_snrm2_seed73001,learned_classifier_snrm2_seed73001,Learned blind-carrier classifier · -2 dB · seed 73001,learned_classifier,Learned blind-carrier classifier,learned_classifier,73001,snr_db=m2,paired held-out symbol/carrier/noise seed,candidate,20260727T150357Z_modulation_recognition_blind_carrier__learned_classifier_snrm2_seed73001,modulation_recognition.balanced_accuracy,0.427083
learned_classifier_snrm2_seed73001,learned_classifier_snrm2_seed73001,Learned blind-carrier classifier · -2 dB · seed 73001,learned_classifier,Learned blind-carrier classifier,learned_classifier,73001,snr_db=m2,paired held-out symbol/carrier/noise seed,candidate,20260727T150357Z_modulation_recognition_blind_carrier__learned_classifier_snrm2_seed73001,modulation_recognition.frame_count,1536
learned_classifier_snrm2_seed73001,learned_classifier_snrm2_seed73001,Learned blind-carrier classifier · -2 dB · seed 73001,learned_classifier,Learned blind-carrier classifier,learned_classifier,73001,snr_db=m2,paired held-out symbol/carrier/noise seed,candidate,20260727T150357Z_modulation_recognition_blind_carrier__learned_classifier_snrm2_seed73001,modulation_recognition.macro_f1,0.386777
learned_classifier_snrm2_seed73001,learned_classifier_snrm2_seed73001,Learned blind-carrier classifier · -2 dB · seed 73001,learned_classifier,Learned blind-carrier classifier,learned_classifier,73001,snr_db=m2,paired held-out symbol/carrier/noise seed,candidate,20260727T150357Z_modulation_recognition_blind_carrier__learned_classifier_snrm2_seed73001,modulation_recognition.predicted_frame_count,1536
learned_classifier_snrm2_seed73001,learned_classifier_snrm2_seed73001,Learned blind-carrier classifier · -2 dB · seed 73001,learned_classifier,Learned blind-carrier classifier,learned_classifier,73001,snr_db=m2,paired held-out symbol/carrier/noise seed,candidate,20260727T150357Z_modulation_recognition_blind_carrier__learned_classifier_snrm2_seed73001,modulation_recognition.symbols_per_frame,128
learned_classifier_snrm2_seed73001,learned_classifier_snrm2_seed73001,Learned blind-carrier classifier · -2 dB · seed 73001,learned_classifier,Learned blind-carrier classifier,learned_classifier,73001,snr_db=m2,paired held-out symbol/carrier/noise seed,candidate,20260727T150357Z_modulation_recognition_blind_carrier__learned_classifier_snrm2_seed73001,steps.data.modulation_recognition.frame_count,1536
learned_classifier_snrm2_seed73001,learned_classifier_snrm2_seed73001,Learned blind-carrier classifier · -2 dB · seed 73001,learned_classifier,Learned blind-carrier classifier,learned_classifier,73001,snr_db=m2,paired held-out symbol/carrier/noise seed,candidate,20260727T150357Z_modulation_recognition_blind_carrier__learned_classifier_snrm2_seed73001,steps.data.modulation_recognition.symbols_per_frame,128
learned_classifier_snrm2_seed73001,learned_classifier_snrm2_seed73001,Learned blind-carrier classifier · -2 dB · seed 73001,learned_classifier,Learned blind-carrier classifier,learned_classifier,73001,snr_db=m2,paired held-out symbol/carrier/noise seed,candidate,20260727T150357Z_modulation_recognition_blind_carrier__learned_classifier_snrm2_seed73001,steps.data.timing.step.wall_time_s,0.058065
learned_classifier_snrm2_seed73001,learned_classifier_snrm2_seed73001,Learned blind-carrier classifier · -2 dB · seed 73001,learned_classifier,Learned blind-carrier classifier,learned_classifier,73001,snr_db=m2,paired held-out symbol/carrier/noise seed,candidate,20260727T150357Z_modulation_recognition_blind_carrier__learned_classifier_snrm2_seed73001,steps.evaluation.channel.snr_db,-2
learned_classifier_snrm2_seed73001,learned_classifier_snrm2_seed73001,Learned blind-carrier classifier · -2 dB · seed 73001,learned_classifier,Learned blind-carrier classifier,learned_classifier,73001,snr_db=m2,paired held-out symbol/carrier/noise seed,candidate,20260727T150357Z_modulation_recognition_blind_carrier__learned_classifier_snrm2_seed73001,steps.evaluation.classification.balanced_accuracy,0.427083
learned_classifier_snrm2_seed73001,learned_classifier_snrm2_seed73001,Learned blind-carrier classifier · -2 dB · seed 73001,learned_classifier,Learned blind-carrier classifier,learned_classifier,73001,snr_db=m2,paired held-out symbol/carrier/noise seed,candidate,20260727T150357Z_modulation_recognition_blind_carrier__learned_classifier_snrm2_seed73001,steps.evaluation.modulation_recognition.accuracy,0.427083
learned_classifier_snrm2_seed73001,learned_classifier_snrm2_seed73001,Learned blind-carrier classifier · -2 dB · seed 73001,learned_classifier,Learned blind-carrier classifier,learned_classifier,73001,snr_db=m2,paired held-out symbol/carrier/noise seed,candidate,20260727T150357Z_modulation_recognition_blind_carrier__learned_classifier_snrm2_seed73001,steps.evaluation.modulation_recognition.balanced_accuracy,0.427083
learned_classifier_snrm2_seed73001,learned_classifier_snrm2_seed73001,Learned blind-carrier classifier · -2 dB · seed 73001,learned_classifier,Learned blind-carrier classifier,learned_classifier,73001,snr_db=m2,paired held-out symbol/carrier/noise seed,candidate,20260727T150357Z_modulation_recognition_blind_carrier__learned_classifier_snrm2_seed73001,steps.evaluation.modulation_recognition.macro_f1,0.386777
learned_classifier_snrm2_seed73001,learned_classifier_snrm2_seed73001,Learned blind-carrier classifier · -2 dB · seed 73001,learned_classifier,Learned blind-carrier classifier,learned_classifier,73001,snr_db=m2,paired held-out symbol/carrier/noise seed,candidate,20260727T150357Z_modulation_recognition_blind_carrier__learned_classifier_snrm2_seed73001,steps.evaluation.task.accuracy,0.427083
learned_classifier_snrm2_seed73001,learned_classifier_snrm2_seed73001,Learned blind-carrier classifier · -2 dB · seed 73001,learned_classifier,Learned blind-carrier classifier,learned_classifier,73001,snr_db=m2,paired held-out symbol/carrier/noise seed,candidate,20260727T150357Z_modulation_recognition_blind_carrier__learned_classifier_snrm2_seed73001,steps.evaluation.task.score,0.386777
learned_classifier_snrm2_seed73001,learned_classifier_snrm2_seed73001,Learned blind-carrier classifier · -2 dB · seed 73001,learned_classifier,Learned blind-carrier classifier,learned_classifier,73001,snr_db=m2,paired held-out symbol/carrier/noise seed,candidate,20260727T150357Z_modulation_recognition_blind_carrier__learned_classifier_snrm2_seed73001,steps.evaluation.timing.step.wall_time_s,0.007483
learned_classifier_snrm2_seed73001,learned_classifier_snrm2_seed73001,Learned blind-carrier classifier · -2 dB · seed 73001,learned_classifier,Learned blind-carrier classifier,learned_classifier,73001,snr_db=m2,paired held-out symbol/carrier/noise seed,candidate,20260727T150357Z_modulation_recognition_blind_carrier__learned_classifier_snrm2_seed73001,steps.observation.channel.carrier.cfo_abs_mean_cycles_per_symbol,0.003047
learned_classifier_snrm2_seed73001,learned_classifier_snrm2_seed73001,Learned blind-carrier classifier · -2 dB · seed 73001,learned_classifier,Learned blind-carrier classifier,learned_classifier,73001,snr_db=m2,paired held-out symbol/carrier/noise seed,candidate,20260727T150357Z_modulation_recognition_blind_carrier__learned_classifier_snrm2_seed73001,steps.observation.channel.carrier.initial_phase_abs_mean_rad,1.55227
learned_classifier_snrm2_seed73001,learned_classifier_snrm2_seed73001,Learned blind-carrier classifier · -2 dB · seed 73001,learned_classifier,Learned blind-carrier classifier,learned_classifier,73001,snr_db=m2,paired held-out symbol/carrier/noise seed,candidate,20260727T150357Z_modulation_recognition_blind_carrier__learned_classifier_snrm2_seed73001,steps.observation.channel.snr_db,-2
learned_classifier_snrm2_seed73001,learned_classifier_snrm2_seed73001,Learned blind-carrier classifier · -2 dB · seed 73001,learned_classifier,Learned blind-carrier classifier,learned_classifier,73001,snr_db=m2,paired held-out symbol/carrier/noise seed,candidate,20260727T150357Z_modulation_recognition_blind_carrier__learned_classifier_snrm2_seed73001,steps.observation.channel.snr_db_max,-2
learned_classifier_snrm2_seed73001,learned_classifier_snrm2_seed73001,Learned blind-carrier classifier · -2 dB · seed 73001,learned_classifier,Learned blind-carrier classifier,learned_classifier,73001,snr_db=m2,paired held-out symbol/carrier/noise seed,candidate,20260727T150357Z_modulation_recognition_blind_carrier__learned_classifier_snrm2_seed73001,steps.observation.channel.snr_db_min,-2
learned_classifier_snrm2_seed73001,learned_classifier_snrm2_seed73001,Learned blind-carrier classifier · -2 dB · seed 73001,learned_classifier,Learned blind-carrier classifier,learned_classifier,73001,snr_db=m2,paired held-out symbol/carrier/noise seed,candidate,20260727T150357Z_modulation_recognition_blind_carrier__learned_classifier_snrm2_seed73001,steps.observation.modulation_recognition.frame_count,1536
learned_classifier_snrm2_seed73001,learned_classifier_snrm2_seed73001,Learned blind-carrier classifier · -2 dB · seed 73001,learned_classifier,Learned blind-carrier classifier,learned_classifier,73001,snr_db=m2,paired held-out symbol/carrier/noise seed,candidate,20260727T150357Z_modulation_recognition_blind_carrier__learned_classifier_snrm2_seed73001,steps.observation.timing.step.wall_time_s,0.083224
learned_classifier_snrm2_seed73001,learned_classifier_snrm2_seed73001,Learned blind-carrier classifier · -2 dB · seed 73001,learned_classifier,Learned blind-carrier classifier,learned_classifier,73001,snr_db=m2,paired held-out symbol/carrier/noise seed,candidate,20260727T150357Z_modulation_recognition_blind_carrier__learned_classifier_snrm2_seed73001,steps.receiver.modulation_recognition.predicted_frame_count,1536
learned_classifier_snrm2_seed73001,learned_classifier_snrm2_seed73001,Learned blind-carrier classifier · -2 dB · seed 73001,learned_classifier,Learned blind-carrier classifier,learned_classifier,73001,snr_db=m2,paired held-out symbol/carrier/noise seed,candidate,20260727T150357Z_modulation_recognition_blind_carrier__learned_classifier_snrm2_seed73001,steps.receiver.timing.step.wall_time_s,0.707413
learned_classifier_snrm2_seed73001,learned_classifier_snrm2_seed73001,Learned blind-carrier classifier · -2 dB · seed 73001,learned_classifier,Learned blind-carrier classifier,learned_classifier,73001,snr_db=m2,paired held-out symbol/carrier/noise seed,candidate,20260727T150357Z_modulation_recognition_blind_carrier__learned_classifier_snrm2_seed73001,task.accuracy,0.427083
learned_classifier_snrm2_seed73001,learned_classifier_snrm2_seed73001,Learned blind-carrier classifier · -2 dB · seed 73001,learned_classifier,Learned blind-carrier classifier,learned_classifier,73001,snr_db=m2,paired held-out symbol/carrier/noise seed,candidate,20260727T150357Z_modulation_recognition_blind_carrier__learned_classifier_snrm2_seed73001,task.score,0.386777
learned_classifier_snr2_seed71001,learned_classifier_snr2_seed71001,Learned blind-carrier classifier · 2 dB · seed 71001,learned_classifier,Learned blind-carrier classifier,learned_classifier,71001,snr_db=2,paired held-out symbol/carrier/noise seed,candidate,20260727T150402Z_modulation_recognition_blind_carrier__learned_classifier_snr2_seed71001,channel.carrier.cfo_abs_mean_cycles_per_symbol,0.002954
learned_classifier_snr2_seed71001,learned_classifier_snr2_seed71001,Learned blind-carrier classifier · 2 dB · seed 71001,learned_classifier,Learned blind-carrier classifier,learned_classifier,71001,snr_db=2,paired held-out symbol/carrier/noise seed,candidate,20260727T150402Z_modulation_recognition_blind_carrier__learned_classifier_snr2_seed71001,channel.carrier.initial_phase_abs_mean_rad,1.552568
learned_classifier_snr2_seed71001,learned_classifier_snr2_seed71001,Learned blind-carrier classifier · 2 dB · seed 71001,learned_classifier,Learned blind-carrier classifier,learned_classifier,71001,snr_db=2,paired held-out symbol/carrier/noise seed,candidate,20260727T150402Z_modulation_recognition_blind_carrier__learned_classifier_snr2_seed71001,channel.snr_db,2
learned_classifier_snr2_seed71001,learned_classifier_snr2_seed71001,Learned blind-carrier classifier · 2 dB · seed 71001,learned_classifier,Learned blind-carrier classifier,learned_classifier,71001,snr_db=2,paired held-out symbol/carrier/noise seed,candidate,20260727T150402Z_modulation_recognition_blind_carrier__learned_classifier_snr2_seed71001,channel.snr_db_max,2
learned_classifier_snr2_seed71001,learned_classifier_snr2_seed71001,Learned blind-carrier classifier · 2 dB · seed 71001,learned_classifier,Learned blind-carrier classifier,learned_classifier,71001,snr_db=2,paired held-out symbol/carrier/noise seed,candidate,20260727T150402Z_modulation_recognition_blind_carrier__learned_classifier_snr2_seed71001,channel.snr_db_min,2
learned_classifier_snr2_seed71001,learned_classifier_snr2_seed71001,Learned blind-carrier classifier · 2 dB · seed 71001,learned_classifier,Learned blind-carrier classifier,learned_classifier,71001,snr_db=2,paired held-out symbol/carrier/noise seed,candidate,20260727T150402Z_modulation_recognition_blind_carrier__learned_classifier_snr2_seed71001,classification.balanced_accuracy,0.684245
learned_classifier_snr2_seed71001,learned_classifier_snr2_seed71001,Learned blind-carrier classifier · 2 dB · seed 71001,learned_classifier,Learned blind-carrier classifier,learned_classifier,71001,snr_db=2,paired held-out symbol/carrier/noise seed,candidate,20260727T150402Z_modulation_recognition_blind_carrier__learned_classifier_snr2_seed71001,memory.run.end_rss_bytes,746668032
learned_classifier_snr2_seed71001,learned_classifier_snr2_seed71001,Learned blind-carrier classifier · 2 dB · seed 71001,learned_classifier,Learned blind-carrier classifier,learned_classifier,71001,snr_db=2,paired held-out symbol/carrier/noise seed,candidate,20260727T150402Z_modulation_recognition_blind_carrier__learned_classifier_snr2_seed71001,memory.run.peak_rss_bytes,848777216
learned_classifier_snr2_seed71001,learned_classifier_snr2_seed71001,Learned blind-carrier classifier · 2 dB · seed 71001,learned_classifier,Learned blind-carrier classifier,learned_classifier,71001,snr_db=2,paired held-out symbol/carrier/noise seed,candidate,20260727T150402Z_modulation_recognition_blind_carrier__learned_classifier_snr2_seed71001,memory.run.peak_rss_delta_bytes,95948800
learned_classifier_snr2_seed71001,learned_classifier_snr2_seed71001,Learned blind-carrier classifier · 2 dB · seed 71001,learned_classifier,Learned blind-carrier classifier,learned_classifier,71001,snr_db=2,paired held-out symbol/carrier/noise seed,candidate,20260727T150402Z_modulation_recognition_blind_carrier__learned_classifier_snr2_seed71001,memory.run.sampler_interval_s,0.05
learned_classifier_snr2_seed71001,learned_classifier_snr2_seed71001,Learned blind-carrier classifier · 2 dB · seed 71001,learned_classifier,Learned blind-carrier classifier,learned_classifier,71001,snr_db=2,paired held-out symbol/carrier/noise seed,candidate,20260727T150402Z_modulation_recognition_blind_carrier__learned_classifier_snr2_seed71001,memory.run.start_rss_bytes,752828416
learned_classifier_snr2_seed71001,learned_classifier_snr2_seed71001,Learned blind-carrier classifier · 2 dB · seed 71001,learned_classifier,Learned blind-carrier classifier,learned_classifier,71001,snr_db=2,paired held-out symbol/carrier/noise seed,candidate,20260727T150402Z_modulation_recognition_blind_carrier__learned_classifier_snr2_seed71001,modulation_recognition.accuracy,0.684245
learned_classifier_snr2_seed71001,learned_classifier_snr2_seed71001,Learned blind-carrier classifier · 2 dB · seed 71001,learned_classifier,Learned blind-carrier classifier,learned_classifier,71001,snr_db=2,paired held-out symbol/carrier/noise seed,candidate,20260727T150402Z_modulation_recognition_blind_carrier__learned_classifier_snr2_seed71001,modulation_recognition.balanced_accuracy,0.684245
learned_classifier_snr2_seed71001,learned_classifier_snr2_seed71001,Learned blind-carrier classifier · 2 dB · seed 71001,learned_classifier,Learned blind-carrier classifier,learned_classifier,71001,snr_db=2,paired held-out symbol/carrier/noise seed,candidate,20260727T150402Z_modulation_recognition_blind_carrier__learned_classifier_snr2_seed71001,modulation_recognition.frame_count,1536
learned_classifier_snr2_seed71001,learned_classifier_snr2_seed71001,Learned blind-carrier classifier · 2 dB · seed 71001,learned_classifier,Learned blind-carrier classifier,learned_classifier,71001,snr_db=2,paired held-out symbol/carrier/noise seed,candidate,20260727T150402Z_modulation_recognition_blind_carrier__learned_classifier_snr2_seed71001,modulation_recognition.macro_f1,0.681801
learned_classifier_snr2_seed71001,learned_classifier_snr2_seed71001,Learned blind-carrier classifier · 2 dB · seed 71001,learned_classifier,Learned blind-carrier classifier,learned_classifier,71001,snr_db=2,paired held-out symbol/carrier/noise seed,candidate,20260727T150402Z_modulation_recognition_blind_carrier__learned_classifier_snr2_seed71001,modulation_recognition.predicted_frame_count,1536
learned_classifier_snr2_seed71001,learned_classifier_snr2_seed71001,Learned blind-carrier classifier · 2 dB · seed 71001,learned_classifier,Learned blind-carrier classifier,learned_classifier,71001,snr_db=2,paired held-out symbol/carrier/noise seed,candidate,20260727T150402Z_modulation_recognition_blind_carrier__learned_classifier_snr2_seed71001,modulation_recognition.symbols_per_frame,128
learned_classifier_snr2_seed71001,learned_classifier_snr2_seed71001,Learned blind-carrier classifier · 2 dB · seed 71001,learned_classifier,Learned blind-carrier classifier,learned_classifier,71001,snr_db=2,paired held-out symbol/carrier/noise seed,candidate,20260727T150402Z_modulation_recognition_blind_carrier__learned_classifier_snr2_seed71001,steps.data.modulation_recognition.frame_count,1536
learned_classifier_snr2_seed71001,learned_classifier_snr2_seed71001,Learned blind-carrier classifier · 2 dB · seed 71001,learned_classifier,Learned blind-carrier classifier,learned_classifier,71001,snr_db=2,paired held-out symbol/carrier/noise seed,candidate,20260727T150402Z_modulation_recognition_blind_carrier__learned_classifier_snr2_seed71001,steps.data.modulation_recognition.symbols_per_frame,128
learned_classifier_snr2_seed71001,learned_classifier_snr2_seed71001,Learned blind-carrier classifier · 2 dB · seed 71001,learned_classifier,Learned blind-carrier classifier,learned_classifier,71001,snr_db=2,paired held-out symbol/carrier/noise seed,candidate,20260727T150402Z_modulation_recognition_blind_carrier__learned_classifier_snr2_seed71001,steps.data.timing.step.wall_time_s,0.065747
learned_classifier_snr2_seed71001,learned_classifier_snr2_seed71001,Learned blind-carrier classifier · 2 dB · seed 71001,learned_classifier,Learned blind-carrier classifier,learned_classifier,71001,snr_db=2,paired held-out symbol/carrier/noise seed,candidate,20260727T150402Z_modulation_recognition_blind_carrier__learned_classifier_snr2_seed71001,steps.evaluation.channel.snr_db,2
learned_classifier_snr2_seed71001,learned_classifier_snr2_seed71001,Learned blind-carrier classifier · 2 dB · seed 71001,learned_classifier,Learned blind-carrier classifier,learned_classifier,71001,snr_db=2,paired held-out symbol/carrier/noise seed,candidate,20260727T150402Z_modulation_recognition_blind_carrier__learned_classifier_snr2_seed71001,steps.evaluation.classification.balanced_accuracy,0.684245
learned_classifier_snr2_seed71001,learned_classifier_snr2_seed71001,Learned blind-carrier classifier · 2 dB · seed 71001,learned_classifier,Learned blind-carrier classifier,learned_classifier,71001,snr_db=2,paired held-out symbol/carrier/noise seed,candidate,20260727T150402Z_modulation_recognition_blind_carrier__learned_classifier_snr2_seed71001,steps.evaluation.modulation_recognition.accuracy,0.684245
learned_classifier_snr2_seed71001,learned_classifier_snr2_seed71001,Learned blind-carrier classifier · 2 dB · seed 71001,learned_classifier,Learned blind-carrier classifier,learned_classifier,71001,snr_db=2,paired held-out symbol/carrier/noise seed,candidate,20260727T150402Z_modulation_recognition_blind_carrier__learned_classifier_snr2_seed71001,steps.evaluation.modulation_recognition.balanced_accuracy,0.684245
learned_classifier_snr2_seed71001,learned_classifier_snr2_seed71001,Learned blind-carrier classifier · 2 dB · seed 71001,learned_classifier,Learned blind-carrier classifier,learned_classifier,71001,snr_db=2,paired held-out symbol/carrier/noise seed,candidate,20260727T150402Z_modulation_recognition_blind_carrier__learned_classifier_snr2_seed71001,steps.evaluation.modulation_recognition.macro_f1,0.681801
learned_classifier_snr2_seed71001,learned_classifier_snr2_seed71001,Learned blind-carrier classifier · 2 dB · seed 71001,learned_classifier,Learned blind-carrier classifier,learned_classifier,71001,snr_db=2,paired held-out symbol/carrier/noise seed,candidate,20260727T150402Z_modulation_recognition_blind_carrier__learned_classifier_snr2_seed71001,steps.evaluation.task.accuracy,0.684245
learned_classifier_snr2_seed71001,learned_classifier_snr2_seed71001,Learned blind-carrier classifier · 2 dB · seed 71001,learned_classifier,Learned blind-carrier classifier,learned_classifier,71001,snr_db=2,paired held-out symbol/carrier/noise seed,candidate,20260727T150402Z_modulation_recognition_blind_carrier__learned_classifier_snr2_seed71001,steps.evaluation.task.score,0.681801
learned_classifier_snr2_seed71001,learned_classifier_snr2_seed71001,Learned blind-carrier classifier · 2 dB · seed 71001,learned_classifier,Learned blind-carrier classifier,learned_classifier,71001,snr_db=2,paired held-out symbol/carrier/noise seed,candidate,20260727T150402Z_modulation_recognition_blind_carrier__learned_classifier_snr2_seed71001,steps.evaluation.timing.step.wall_time_s,0.007625
learned_classifier_snr2_seed71001,learned_classifier_snr2_seed71001,Learned blind-carrier classifier · 2 dB · seed 71001,learned_classifier,Learned blind-carrier classifier,learned_classifier,71001,snr_db=2,paired held-out symbol/carrier/noise seed,candidate,20260727T150402Z_modulation_recognition_blind_carrier__learned_classifier_snr2_seed71001,steps.observation.channel.carrier.cfo_abs_mean_cycles_per_symbol,0.002954
learned_classifier_snr2_seed71001,learned_classifier_snr2_seed71001,Learned blind-carrier classifier · 2 dB · seed 71001,learned_classifier,Learned blind-carrier classifier,learned_classifier,71001,snr_db=2,paired held-out symbol/carrier/noise seed,candidate,20260727T150402Z_modulation_recognition_blind_carrier__learned_classifier_snr2_seed71001,steps.observation.channel.carrier.initial_phase_abs_mean_rad,1.552568
learned_classifier_snr2_seed71001,learned_classifier_snr2_seed71001,Learned blind-carrier classifier · 2 dB · seed 71001,learned_classifier,Learned blind-carrier classifier,learned_classifier,71001,snr_db=2,paired held-out symbol/carrier/noise seed,candidate,20260727T150402Z_modulation_recognition_blind_carrier__learned_classifier_snr2_seed71001,steps.observation.channel.snr_db,2
learned_classifier_snr2_seed71001,learned_classifier_snr2_seed71001,Learned blind-carrier classifier · 2 dB · seed 71001,learned_classifier,Learned blind-carrier classifier,learned_classifier,71001,snr_db=2,paired held-out symbol/carrier/noise seed,candidate,20260727T150402Z_modulation_recognition_blind_carrier__learned_classifier_snr2_seed71001,steps.observation.channel.snr_db_max,2
learned_classifier_snr2_seed71001,learned_classifier_snr2_seed71001,Learned blind-carrier classifier · 2 dB · seed 71001,learned_classifier,Learned blind-carrier classifier,learned_classifier,71001,snr_db=2,paired held-out symbol/carrier/noise seed,candidate,20260727T150402Z_modulation_recognition_blind_carrier__learned_classifier_snr2_seed71001,steps.observation.channel.snr_db_min,2
learned_classifier_snr2_seed71001,learned_classifier_snr2_seed71001,Learned blind-carrier classifier · 2 dB · seed 71001,learned_classifier,Learned blind-carrier classifier,learned_classifier,71001,snr_db=2,paired held-out symbol/carrier/noise seed,candidate,20260727T150402Z_modulation_recognition_blind_carrier__learned_classifier_snr2_seed71001,steps.observation.modulation_recognition.frame_count,1536
learned_classifier_snr2_seed71001,learned_classifier_snr2_seed71001,Learned blind-carrier classifier · 2 dB · seed 71001,learned_classifier,Learned blind-carrier classifier,learned_classifier,71001,snr_db=2,paired held-out symbol/carrier/noise seed,candidate,20260727T150402Z_modulation_recognition_blind_carrier__learned_classifier_snr2_seed71001,steps.observation.timing.step.wall_time_s,0.101835
learned_classifier_snr2_seed71001,learned_classifier_snr2_seed71001,Learned blind-carrier classifier · 2 dB · seed 71001,learned_classifier,Learned blind-carrier classifier,learned_classifier,71001,snr_db=2,paired held-out symbol/carrier/noise seed,candidate,20260727T150402Z_modulation_recognition_blind_carrier__learned_classifier_snr2_seed71001,steps.receiver.modulation_recognition.predicted_frame_count,1536
learned_classifier_snr2_seed71001,learned_classifier_snr2_seed71001,Learned blind-carrier classifier · 2 dB · seed 71001,learned_classifier,Learned blind-carrier classifier,learned_classifier,71001,snr_db=2,paired held-out symbol/carrier/noise seed,candidate,20260727T150402Z_modulation_recognition_blind_carrier__learned_classifier_snr2_seed71001,steps.receiver.timing.step.wall_time_s,0.77999
learned_classifier_snr2_seed71001,learned_classifier_snr2_seed71001,Learned blind-carrier classifier · 2 dB · seed 71001,learned_classifier,Learned blind-carrier classifier,learned_classifier,71001,snr_db=2,paired held-out symbol/carrier/noise seed,candidate,20260727T150402Z_modulation_recognition_blind_carrier__learned_classifier_snr2_seed71001,task.accuracy,0.684245
learned_classifier_snr2_seed71001,learned_classifier_snr2_seed71001,Learned blind-carrier classifier · 2 dB · seed 71001,learned_classifier,Learned blind-carrier classifier,learned_classifier,71001,snr_db=2,paired held-out symbol/carrier/noise seed,candidate,20260727T150402Z_modulation_recognition_blind_carrier__learned_classifier_snr2_seed71001,task.score,0.681801
learned_classifier_snr2_seed72001,learned_classifier_snr2_seed72001,Learned blind-carrier classifier · 2 dB · seed 72001,learned_classifier,Learned blind-carrier classifier,learned_classifier,72001,snr_db=2,paired held-out symbol/carrier/noise seed,candidate,20260727T150408Z_modulation_recognition_blind_carrier__learned_classifier_snr2_seed72001,channel.carrier.cfo_abs_mean_cycles_per_symbol,0.002995
learned_classifier_snr2_seed72001,learned_classifier_snr2_seed72001,Learned blind-carrier classifier · 2 dB · seed 72001,learned_classifier,Learned blind-carrier classifier,learned_classifier,72001,snr_db=2,paired held-out symbol/carrier/noise seed,candidate,20260727T150408Z_modulation_recognition_blind_carrier__learned_classifier_snr2_seed72001,channel.carrier.initial_phase_abs_mean_rad,1.588569
learned_classifier_snr2_seed72001,learned_classifier_snr2_seed72001,Learned blind-carrier classifier · 2 dB · seed 72001,learned_classifier,Learned blind-carrier classifier,learned_classifier,72001,snr_db=2,paired held-out symbol/carrier/noise seed,candidate,20260727T150408Z_modulation_recognition_blind_carrier__learned_classifier_snr2_seed72001,channel.snr_db,2
learned_classifier_snr2_seed72001,learned_classifier_snr2_seed72001,Learned blind-carrier classifier · 2 dB · seed 72001,learned_classifier,Learned blind-carrier classifier,learned_classifier,72001,snr_db=2,paired held-out symbol/carrier/noise seed,candidate,20260727T150408Z_modulation_recognition_blind_carrier__learned_classifier_snr2_seed72001,channel.snr_db_max,2
learned_classifier_snr2_seed72001,learned_classifier_snr2_seed72001,Learned blind-carrier classifier · 2 dB · seed 72001,learned_classifier,Learned blind-carrier classifier,learned_classifier,72001,snr_db=2,paired held-out symbol/carrier/noise seed,candidate,20260727T150408Z_modulation_recognition_blind_carrier__learned_classifier_snr2_seed72001,channel.snr_db_min,2
learned_classifier_snr2_seed72001,learned_classifier_snr2_seed72001,Learned blind-carrier classifier · 2 dB · seed 72001,learned_classifier,Learned blind-carrier classifier,learned_classifier,72001,snr_db=2,paired held-out symbol/carrier/noise seed,candidate,20260727T150408Z_modulation_recognition_blind_carrier__learned_classifier_snr2_seed72001,classification.balanced_accuracy,0.673177
learned_classifier_snr2_seed72001,learned_classifier_snr2_seed72001,Learned blind-carrier classifier · 2 dB · seed 72001,learned_classifier,Learned blind-carrier classifier,learned_classifier,72001,snr_db=2,paired held-out symbol/carrier/noise seed,candidate,20260727T150408Z_modulation_recognition_blind_carrier__learned_classifier_snr2_seed72001,memory.run.end_rss_bytes,752492544
learned_classifier_snr2_seed72001,learned_classifier_snr2_seed72001,Learned blind-carrier classifier · 2 dB · seed 72001,learned_classifier,Learned blind-carrier classifier,learned_classifier,72001,snr_db=2,paired held-out symbol/carrier/noise seed,candidate,20260727T150408Z_modulation_recognition_blind_carrier__learned_classifier_snr2_seed72001,memory.run.peak_rss_bytes,829431808
learned_classifier_snr2_seed72001,learned_classifier_snr2_seed72001,Learned blind-carrier classifier · 2 dB · seed 72001,learned_classifier,Learned blind-carrier classifier,learned_classifier,72001,snr_db=2,paired held-out symbol/carrier/noise seed,candidate,20260727T150408Z_modulation_recognition_blind_carrier__learned_classifier_snr2_seed72001,memory.run.peak_rss_delta_bytes,70782976
learned_classifier_snr2_seed72001,learned_classifier_snr2_seed72001,Learned blind-carrier classifier · 2 dB · seed 72001,learned_classifier,Learned blind-carrier classifier,learned_classifier,72001,snr_db=2,paired held-out symbol/carrier/noise seed,candidate,20260727T150408Z_modulation_recognition_blind_carrier__learned_classifier_snr2_seed72001,memory.run.sampler_interval_s,0.05
learned_classifier_snr2_seed72001,learned_classifier_snr2_seed72001,Learned blind-carrier classifier · 2 dB · seed 72001,learned_classifier,Learned blind-carrier classifier,learned_classifier,72001,snr_db=2,paired held-out symbol/carrier/noise seed,candidate,20260727T150408Z_modulation_recognition_blind_carrier__learned_classifier_snr2_seed72001,memory.run.start_rss_bytes,758648832
learned_classifier_snr2_seed72001,learned_classifier_snr2_seed72001,Learned blind-carrier classifier · 2 dB · seed 72001,learned_classifier,Learned blind-carrier classifier,learned_classifier,72001,snr_db=2,paired held-out symbol/carrier/noise seed,candidate,20260727T150408Z_modulation_recognition_blind_carrier__learned_classifier_snr2_seed72001,modulation_recognition.accuracy,0.673177
learned_classifier_snr2_seed72001,learned_classifier_snr2_seed72001,Learned blind-carrier classifier · 2 dB · seed 72001,learned_classifier,Learned blind-carrier classifier,learned_classifier,72001,snr_db=2,paired held-out symbol/carrier/noise seed,candidate,20260727T150408Z_modulation_recognition_blind_carrier__learned_classifier_snr2_seed72001,modulation_recognition.balanced_accuracy,0.673177
learned_classifier_snr2_seed72001,learned_classifier_snr2_seed72001,Learned blind-carrier classifier · 2 dB · seed 72001,learned_classifier,Learned blind-carrier classifier,learned_classifier,72001,snr_db=2,paired held-out symbol/carrier/noise seed,candidate,20260727T150408Z_modulation_recognition_blind_carrier__learned_classifier_snr2_seed72001,modulation_recognition.frame_count,1536
learned_classifier_snr2_seed72001,learned_classifier_snr2_seed72001,Learned blind-carrier classifier · 2 dB · seed 72001,learned_classifier,Learned blind-carrier classifier,learned_classifier,72001,snr_db=2,paired held-out symbol/carrier/noise seed,candidate,20260727T150408Z_modulation_recognition_blind_carrier__learned_classifier_snr2_seed72001,modulation_recognition.macro_f1,0.666999
learned_classifier_snr2_seed72001,learned_classifier_snr2_seed72001,Learned blind-carrier classifier · 2 dB · seed 72001,learned_classifier,Learned blind-carrier classifier,learned_classifier,72001,snr_db=2,paired held-out symbol/carrier/noise seed,candidate,20260727T150408Z_modulation_recognition_blind_carrier__learned_classifier_snr2_seed72001,modulation_recognition.predicted_frame_count,1536
learned_classifier_snr2_seed72001,learned_classifier_snr2_seed72001,Learned blind-carrier classifier · 2 dB · seed 72001,learned_classifier,Learned blind-carrier classifier,learned_classifier,72001,snr_db=2,paired held-out symbol/carrier/noise seed,candidate,20260727T150408Z_modulation_recognition_blind_carrier__learned_classifier_snr2_seed72001,modulation_recognition.symbols_per_frame,128
learned_classifier_snr2_seed72001,learned_classifier_snr2_seed72001,Learned blind-carrier classifier · 2 dB · seed 72001,learned_classifier,Learned blind-carrier classifier,learned_classifier,72001,snr_db=2,paired held-out symbol/carrier/noise seed,candidate,20260727T150408Z_modulation_recognition_blind_carrier__learned_classifier_snr2_seed72001,steps.data.modulation_recognition.frame_count,1536
learned_classifier_snr2_seed72001,learned_classifier_snr2_seed72001,Learned blind-carrier classifier · 2 dB · seed 72001,learned_classifier,Learned blind-carrier classifier,learned_classifier,72001,snr_db=2,paired held-out symbol/carrier/noise seed,candidate,20260727T150408Z_modulation_recognition_blind_carrier__learned_classifier_snr2_seed72001,steps.data.modulation_recognition.symbols_per_frame,128
learned_classifier_snr2_seed72001,learned_classifier_snr2_seed72001,Learned blind-carrier classifier · 2 dB · seed 72001,learned_classifier,Learned blind-carrier classifier,learned_classifier,72001,snr_db=2,paired held-out symbol/carrier/noise seed,candidate,20260727T150408Z_modulation_recognition_blind_carrier__learned_classifier_snr2_seed72001,steps.data.timing.step.wall_time_s,0.066453
learned_classifier_snr2_seed72001,learned_classifier_snr2_seed72001,Learned blind-carrier classifier · 2 dB · seed 72001,learned_classifier,Learned blind-carrier classifier,learned_classifier,72001,snr_db=2,paired held-out symbol/carrier/noise seed,candidate,20260727T150408Z_modulation_recognition_blind_carrier__learned_classifier_snr2_seed72001,steps.evaluation.channel.snr_db,2
learned_classifier_snr2_seed72001,learned_classifier_snr2_seed72001,Learned blind-carrier classifier · 2 dB · seed 72001,learned_classifier,Learned blind-carrier classifier,learned_classifier,72001,snr_db=2,paired held-out symbol/carrier/noise seed,candidate,20260727T150408Z_modulation_recognition_blind_carrier__learned_classifier_snr2_seed72001,steps.evaluation.classification.balanced_accuracy,0.673177
learned_classifier_snr2_seed72001,learned_classifier_snr2_seed72001,Learned blind-carrier classifier · 2 dB · seed 72001,learned_classifier,Learned blind-carrier classifier,learned_classifier,72001,snr_db=2,paired held-out symbol/carrier/noise seed,candidate,20260727T150408Z_modulation_recognition_blind_carrier__learned_classifier_snr2_seed72001,steps.evaluation.modulation_recognition.accuracy,0.673177
learned_classifier_snr2_seed72001,learned_classifier_snr2_seed72001,Learned blind-carrier classifier · 2 dB · seed 72001,learned_classifier,Learned blind-carrier classifier,learned_classifier,72001,snr_db=2,paired held-out symbol/carrier/noise seed,candidate,20260727T150408Z_modulation_recognition_blind_carrier__learned_classifier_snr2_seed72001,steps.evaluation.modulation_recognition.balanced_accuracy,0.673177
learned_classifier_snr2_seed72001,learned_classifier_snr2_seed72001,Learned blind-carrier classifier · 2 dB · seed 72001,learned_classifier,Learned blind-carrier classifier,learned_classifier,72001,snr_db=2,paired held-out symbol/carrier/noise seed,candidate,20260727T150408Z_modulation_recognition_blind_carrier__learned_classifier_snr2_seed72001,steps.evaluation.modulation_recognition.macro_f1,0.666999
learned_classifier_snr2_seed72001,learned_classifier_snr2_seed72001,Learned blind-carrier classifier · 2 dB · seed 72001,learned_classifier,Learned blind-carrier classifier,learned_classifier,72001,snr_db=2,paired held-out symbol/carrier/noise seed,candidate,20260727T150408Z_modulation_recognition_blind_carrier__learned_classifier_snr2_seed72001,steps.evaluation.task.accuracy,0.673177
learned_classifier_snr2_seed72001,learned_classifier_snr2_seed72001,Learned blind-carrier classifier · 2 dB · seed 72001,learned_classifier,Learned blind-carrier classifier,learned_classifier,72001,snr_db=2,paired held-out symbol/carrier/noise seed,candidate,20260727T150408Z_modulation_recognition_blind_carrier__learned_classifier_snr2_seed72001,steps.evaluation.task.score,0.666999
learned_classifier_snr2_seed72001,learned_classifier_snr2_seed72001,Learned blind-carrier classifier · 2 dB · seed 72001,learned_classifier,Learned blind-carrier classifier,learned_classifier,72001,snr_db=2,paired held-out symbol/carrier/noise seed,candidate,20260727T150408Z_modulation_recognition_blind_carrier__learned_classifier_snr2_seed72001,steps.evaluation.timing.step.wall_time_s,0.008923
learned_classifier_snr2_seed72001,learned_classifier_snr2_seed72001,Learned blind-carrier classifier · 2 dB · seed 72001,learned_classifier,Learned blind-carrier classifier,learned_classifier,72001,snr_db=2,paired held-out symbol/carrier/noise seed,candidate,20260727T150408Z_modulation_recognition_blind_carrier__learned_classifier_snr2_seed72001,steps.observation.channel.carrier.cfo_abs_mean_cycles_per_symbol,0.002995
learned_classifier_snr2_seed72001,learned_classifier_snr2_seed72001,Learned blind-carrier classifier · 2 dB · seed 72001,learned_classifier,Learned blind-carrier classifier,learned_classifier,72001,snr_db=2,paired held-out symbol/carrier/noise seed,candidate,20260727T150408Z_modulation_recognition_blind_carrier__learned_classifier_snr2_seed72001,steps.observation.channel.carrier.initial_phase_abs_mean_rad,1.588569
learned_classifier_snr2_seed72001,learned_classifier_snr2_seed72001,Learned blind-carrier classifier · 2 dB · seed 72001,learned_classifier,Learned blind-carrier classifier,learned_classifier,72001,snr_db=2,paired held-out symbol/carrier/noise seed,candidate,20260727T150408Z_modulation_recognition_blind_carrier__learned_classifier_snr2_seed72001,steps.observation.channel.snr_db,2
learned_classifier_snr2_seed72001,learned_classifier_snr2_seed72001,Learned blind-carrier classifier · 2 dB · seed 72001,learned_classifier,Learned blind-carrier classifier,learned_classifier,72001,snr_db=2,paired held-out symbol/carrier/noise seed,candidate,20260727T150408Z_modulation_recognition_blind_carrier__learned_classifier_snr2_seed72001,steps.observation.channel.snr_db_max,2
learned_classifier_snr2_seed72001,learned_classifier_snr2_seed72001,Learned blind-carrier classifier · 2 dB · seed 72001,learned_classifier,Learned blind-carrier classifier,learned_classifier,72001,snr_db=2,paired held-out symbol/carrier/noise seed,candidate,20260727T150408Z_modulation_recognition_blind_carrier__learned_classifier_snr2_seed72001,steps.observation.channel.snr_db_min,2
learned_classifier_snr2_seed72001,learned_classifier_snr2_seed72001,Learned blind-carrier classifier · 2 dB · seed 72001,learned_classifier,Learned blind-carrier classifier,learned_classifier,72001,snr_db=2,paired held-out symbol/carrier/noise seed,candidate,20260727T150408Z_modulation_recognition_blind_carrier__learned_classifier_snr2_seed72001,steps.observation.modulation_recognition.frame_count,1536
learned_classifier_snr2_seed72001,learned_classifier_snr2_seed72001,Learned blind-carrier classifier · 2 dB · seed 72001,learned_classifier,Learned blind-carrier classifier,learned_classifier,72001,snr_db=2,paired held-out symbol/carrier/noise seed,candidate,20260727T150408Z_modulation_recognition_blind_carrier__learned_classifier_snr2_seed72001,steps.observation.timing.step.wall_time_s,0.102834
learned_classifier_snr2_seed72001,learned_classifier_snr2_seed72001,Learned blind-carrier classifier · 2 dB · seed 72001,learned_classifier,Learned blind-carrier classifier,learned_classifier,72001,snr_db=2,paired held-out symbol/carrier/noise seed,candidate,20260727T150408Z_modulation_recognition_blind_carrier__learned_classifier_snr2_seed72001,steps.receiver.modulation_recognition.predicted_frame_count,1536
learned_classifier_snr2_seed72001,learned_classifier_snr2_seed72001,Learned blind-carrier classifier · 2 dB · seed 72001,learned_classifier,Learned blind-carrier classifier,learned_classifier,72001,snr_db=2,paired held-out symbol/carrier/noise seed,candidate,20260727T150408Z_modulation_recognition_blind_carrier__learned_classifier_snr2_seed72001,steps.receiver.timing.step.wall_time_s,0.771274
learned_classifier_snr2_seed72001,learned_classifier_snr2_seed72001,Learned blind-carrier classifier · 2 dB · seed 72001,learned_classifier,Learned blind-carrier classifier,learned_classifier,72001,snr_db=2,paired held-out symbol/carrier/noise seed,candidate,20260727T150408Z_modulation_recognition_blind_carrier__learned_classifier_snr2_seed72001,task.accuracy,0.673177
learned_classifier_snr2_seed72001,learned_classifier_snr2_seed72001,Learned blind-carrier classifier · 2 dB · seed 72001,learned_classifier,Learned blind-carrier classifier,learned_classifier,72001,snr_db=2,paired held-out symbol/carrier/noise seed,candidate,20260727T150408Z_modulation_recognition_blind_carrier__learned_classifier_snr2_seed72001,task.score,0.666999
learned_classifier_snr2_seed73001,learned_classifier_snr2_seed73001,Learned blind-carrier classifier · 2 dB · seed 73001,learned_classifier,Learned blind-carrier classifier,learned_classifier,73001,snr_db=2,paired held-out symbol/carrier/noise seed,candidate,20260727T150414Z_modulation_recognition_blind_carrier__learned_classifier_snr2_seed73001,channel.carrier.cfo_abs_mean_cycles_per_symbol,0.003047
learned_classifier_snr2_seed73001,learned_classifier_snr2_seed73001,Learned blind-carrier classifier · 2 dB · seed 73001,learned_classifier,Learned blind-carrier classifier,learned_classifier,73001,snr_db=2,paired held-out symbol/carrier/noise seed,candidate,20260727T150414Z_modulation_recognition_blind_carrier__learned_classifier_snr2_seed73001,channel.carrier.initial_phase_abs_mean_rad,1.55227
learned_classifier_snr2_seed73001,learned_classifier_snr2_seed73001,Learned blind-carrier classifier · 2 dB · seed 73001,learned_classifier,Learned blind-carrier classifier,learned_classifier,73001,snr_db=2,paired held-out symbol/carrier/noise seed,candidate,20260727T150414Z_modulation_recognition_blind_carrier__learned_classifier_snr2_seed73001,channel.snr_db,2
learned_classifier_snr2_seed73001,learned_classifier_snr2_seed73001,Learned blind-carrier classifier · 2 dB · seed 73001,learned_classifier,Learned blind-carrier classifier,learned_classifier,73001,snr_db=2,paired held-out symbol/carrier/noise seed,candidate,20260727T150414Z_modulation_recognition_blind_carrier__learned_classifier_snr2_seed73001,channel.snr_db_max,2
learned_classifier_snr2_seed73001,learned_classifier_snr2_seed73001,Learned blind-carrier classifier · 2 dB · seed 73001,learned_classifier,Learned blind-carrier classifier,learned_classifier,73001,snr_db=2,paired held-out symbol/carrier/noise seed,candidate,20260727T150414Z_modulation_recognition_blind_carrier__learned_classifier_snr2_seed73001,channel.snr_db_min,2
learned_classifier_snr2_seed73001,learned_classifier_snr2_seed73001,Learned blind-carrier classifier · 2 dB · seed 73001,learned_classifier,Learned blind-carrier classifier,learned_classifier,73001,snr_db=2,paired held-out symbol/carrier/noise seed,candidate,20260727T150414Z_modulation_recognition_blind_carrier__learned_classifier_snr2_seed73001,classification.balanced_accuracy,0.679036
learned_classifier_snr2_seed73001,learned_classifier_snr2_seed73001,Learned blind-carrier classifier · 2 dB · seed 73001,learned_classifier,Learned blind-carrier classifier,learned_classifier,73001,snr_db=2,paired held-out symbol/carrier/noise seed,candidate,20260727T150414Z_modulation_recognition_blind_carrier__learned_classifier_snr2_seed73001,memory.run.end_rss_bytes,758263808
learned_classifier_snr2_seed73001,learned_classifier_snr2_seed73001,Learned blind-carrier classifier · 2 dB · seed 73001,learned_classifier,Learned blind-carrier classifier,learned_classifier,73001,snr_db=2,paired held-out symbol/carrier/noise seed,candidate,20260727T150414Z_modulation_recognition_blind_carrier__learned_classifier_snr2_seed73001,memory.run.peak_rss_bytes,860368896
learned_classifier_snr2_seed73001,learned_classifier_snr2_seed73001,Learned blind-carrier classifier · 2 dB · seed 73001,learned_classifier,Learned blind-carrier classifier,learned_classifier,73001,snr_db=2,paired held-out symbol/carrier/noise seed,candidate,20260727T150414Z_modulation_recognition_blind_carrier__learned_classifier_snr2_seed73001,memory.run.peak_rss_delta_bytes,95948800
learned_classifier_snr2_seed73001,learned_classifier_snr2_seed73001,Learned blind-carrier classifier · 2 dB · seed 73001,learned_classifier,Learned blind-carrier classifier,learned_classifier,73001,snr_db=2,paired held-out symbol/carrier/noise seed,candidate,20260727T150414Z_modulation_recognition_blind_carrier__learned_classifier_snr2_seed73001,memory.run.sampler_interval_s,0.05
learned_classifier_snr2_seed73001,learned_classifier_snr2_seed73001,Learned blind-carrier classifier · 2 dB · seed 73001,learned_classifier,Learned blind-carrier classifier,learned_classifier,73001,snr_db=2,paired held-out symbol/carrier/noise seed,candidate,20260727T150414Z_modulation_recognition_blind_carrier__learned_classifier_snr2_seed73001,memory.run.start_rss_bytes,764420096
learned_classifier_snr2_seed73001,learned_classifier_snr2_seed73001,Learned blind-carrier classifier · 2 dB · seed 73001,learned_classifier,Learned blind-carrier classifier,learned_classifier,73001,snr_db=2,paired held-out symbol/carrier/noise seed,candidate,20260727T150414Z_modulation_recognition_blind_carrier__learned_classifier_snr2_seed73001,modulation_recognition.accuracy,0.679036
learned_classifier_snr2_seed73001,learned_classifier_snr2_seed73001,Learned blind-carrier classifier · 2 dB · seed 73001,learned_classifier,Learned blind-carrier classifier,learned_classifier,73001,snr_db=2,paired held-out symbol/carrier/noise seed,candidate,20260727T150414Z_modulation_recognition_blind_carrier__learned_classifier_snr2_seed73001,modulation_recognition.balanced_accuracy,0.679036
learned_classifier_snr2_seed73001,learned_classifier_snr2_seed73001,Learned blind-carrier classifier · 2 dB · seed 73001,learned_classifier,Learned blind-carrier classifier,learned_classifier,73001,snr_db=2,paired held-out symbol/carrier/noise seed,candidate,20260727T150414Z_modulation_recognition_blind_carrier__learned_classifier_snr2_seed73001,modulation_recognition.frame_count,1536
learned_classifier_snr2_seed73001,learned_classifier_snr2_seed73001,Learned blind-carrier classifier · 2 dB · seed 73001,learned_classifier,Learned blind-carrier classifier,learned_classifier,73001,snr_db=2,paired held-out symbol/carrier/noise seed,candidate,20260727T150414Z_modulation_recognition_blind_carrier__learned_classifier_snr2_seed73001,modulation_recognition.macro_f1,0.677422
learned_classifier_snr2_seed73001,learned_classifier_snr2_seed73001,Learned blind-carrier classifier · 2 dB · seed 73001,learned_classifier,Learned blind-carrier classifier,learned_classifier,73001,snr_db=2,paired held-out symbol/carrier/noise seed,candidate,20260727T150414Z_modulation_recognition_blind_carrier__learned_classifier_snr2_seed73001,modulation_recognition.predicted_frame_count,1536
learned_classifier_snr2_seed73001,learned_classifier_snr2_seed73001,Learned blind-carrier classifier · 2 dB · seed 73001,learned_classifier,Learned blind-carrier classifier,learned_classifier,73001,snr_db=2,paired held-out symbol/carrier/noise seed,candidate,20260727T150414Z_modulation_recognition_blind_carrier__learned_classifier_snr2_seed73001,modulation_recognition.symbols_per_frame,128
learned_classifier_snr2_seed73001,learned_classifier_snr2_seed73001,Learned blind-carrier classifier · 2 dB · seed 73001,learned_classifier,Learned blind-carrier classifier,learned_classifier,73001,snr_db=2,paired held-out symbol/carrier/noise seed,candidate,20260727T150414Z_modulation_recognition_blind_carrier__learned_classifier_snr2_seed73001,steps.data.modulation_recognition.frame_count,1536
learned_classifier_snr2_seed73001,learned_classifier_snr2_seed73001,Learned blind-carrier classifier · 2 dB · seed 73001,learned_classifier,Learned blind-carrier classifier,learned_classifier,73001,snr_db=2,paired held-out symbol/carrier/noise seed,candidate,20260727T150414Z_modulation_recognition_blind_carrier__learned_classifier_snr2_seed73001,steps.data.modulation_recognition.symbols_per_frame,128
learned_classifier_snr2_seed73001,learned_classifier_snr2_seed73001,Learned blind-carrier classifier · 2 dB · seed 73001,learned_classifier,Learned blind-carrier classifier,learned_classifier,73001,snr_db=2,paired held-out symbol/carrier/noise seed,candidate,20260727T150414Z_modulation_recognition_blind_carrier__learned_classifier_snr2_seed73001,steps.data.timing.step.wall_time_s,0.067036
learned_classifier_snr2_seed73001,learned_classifier_snr2_seed73001,Learned blind-carrier classifier · 2 dB · seed 73001,learned_classifier,Learned blind-carrier classifier,learned_classifier,73001,snr_db=2,paired held-out symbol/carrier/noise seed,candidate,20260727T150414Z_modulation_recognition_blind_carrier__learned_classifier_snr2_seed73001,steps.evaluation.channel.snr_db,2
learned_classifier_snr2_seed73001,learned_classifier_snr2_seed73001,Learned blind-carrier classifier · 2 dB · seed 73001,learned_classifier,Learned blind-carrier classifier,learned_classifier,73001,snr_db=2,paired held-out symbol/carrier/noise seed,candidate,20260727T150414Z_modulation_recognition_blind_carrier__learned_classifier_snr2_seed73001,steps.evaluation.classification.balanced_accuracy,0.679036
learned_classifier_snr2_seed73001,learned_classifier_snr2_seed73001,Learned blind-carrier classifier · 2 dB · seed 73001,learned_classifier,Learned blind-carrier classifier,learned_classifier,73001,snr_db=2,paired held-out symbol/carrier/noise seed,candidate,20260727T150414Z_modulation_recognition_blind_carrier__learned_classifier_snr2_seed73001,steps.evaluation.modulation_recognition.accuracy,0.679036
learned_classifier_snr2_seed73001,learned_classifier_snr2_seed73001,Learned blind-carrier classifier · 2 dB · seed 73001,learned_classifier,Learned blind-carrier classifier,learned_classifier,73001,snr_db=2,paired held-out symbol/carrier/noise seed,candidate,20260727T150414Z_modulation_recognition_blind_carrier__learned_classifier_snr2_seed73001,steps.evaluation.modulation_recognition.balanced_accuracy,0.679036
learned_classifier_snr2_seed73001,learned_classifier_snr2_seed73001,Learned blind-carrier classifier · 2 dB · seed 73001,learned_classifier,Learned blind-carrier classifier,learned_classifier,73001,snr_db=2,paired held-out symbol/carrier/noise seed,candidate,20260727T150414Z_modulation_recognition_blind_carrier__learned_classifier_snr2_seed73001,steps.evaluation.modulation_recognition.macro_f1,0.677422
learned_classifier_snr2_seed73001,learned_classifier_snr2_seed73001,Learned blind-carrier classifier · 2 dB · seed 73001,learned_classifier,Learned blind-carrier classifier,learned_classifier,73001,snr_db=2,paired held-out symbol/carrier/noise seed,candidate,20260727T150414Z_modulation_recognition_blind_carrier__learned_classifier_snr2_seed73001,steps.evaluation.task.accuracy,0.679036
learned_classifier_snr2_seed73001,learned_classifier_snr2_seed73001,Learned blind-carrier classifier · 2 dB · seed 73001,learned_classifier,Learned blind-carrier classifier,learned_classifier,73001,snr_db=2,paired held-out symbol/carrier/noise seed,candidate,20260727T150414Z_modulation_recognition_blind_carrier__learned_classifier_snr2_seed73001,steps.evaluation.task.score,0.677422
learned_classifier_snr2_seed73001,learned_classifier_snr2_seed73001,Learned blind-carrier classifier · 2 dB · seed 73001,learned_classifier,Learned blind-carrier classifier,learned_classifier,73001,snr_db=2,paired held-out symbol/carrier/noise seed,candidate,20260727T150414Z_modulation_recognition_blind_carrier__learned_classifier_snr2_seed73001,steps.evaluation.timing.step.wall_time_s,0.006875
learned_classifier_snr2_seed73001,learned_classifier_snr2_seed73001,Learned blind-carrier classifier · 2 dB · seed 73001,learned_classifier,Learned blind-carrier classifier,learned_classifier,73001,snr_db=2,paired held-out symbol/carrier/noise seed,candidate,20260727T150414Z_modulation_recognition_blind_carrier__learned_classifier_snr2_seed73001,steps.observation.channel.carrier.cfo_abs_mean_cycles_per_symbol,0.003047
learned_classifier_snr2_seed73001,learned_classifier_snr2_seed73001,Learned blind-carrier classifier · 2 dB · seed 73001,learned_classifier,Learned blind-carrier classifier,learned_classifier,73001,snr_db=2,paired held-out symbol/carrier/noise seed,candidate,20260727T150414Z_modulation_recognition_blind_carrier__learned_classifier_snr2_seed73001,steps.observation.channel.carrier.initial_phase_abs_mean_rad,1.55227
learned_classifier_snr2_seed73001,learned_classifier_snr2_seed73001,Learned blind-carrier classifier · 2 dB · seed 73001,learned_classifier,Learned blind-carrier classifier,learned_classifier,73001,snr_db=2,paired held-out symbol/carrier/noise seed,candidate,20260727T150414Z_modulation_recognition_blind_carrier__learned_classifier_snr2_seed73001,steps.observation.channel.snr_db,2
learned_classifier_snr2_seed73001,learned_classifier_snr2_seed73001,Learned blind-carrier classifier · 2 dB · seed 73001,learned_classifier,Learned blind-carrier classifier,learned_classifier,73001,snr_db=2,paired held-out symbol/carrier/noise seed,candidate,20260727T150414Z_modulation_recognition_blind_carrier__learned_classifier_snr2_seed73001,steps.observation.channel.snr_db_max,2
learned_classifier_snr2_seed73001,learned_classifier_snr2_seed73001,Learned blind-carrier classifier · 2 dB · seed 73001,learned_classifier,Learned blind-carrier classifier,learned_classifier,73001,snr_db=2,paired held-out symbol/carrier/noise seed,candidate,20260727T150414Z_modulation_recognition_blind_carrier__learned_classifier_snr2_seed73001,steps.observation.channel.snr_db_min,2
learned_classifier_snr2_seed73001,learned_classifier_snr2_seed73001,Learned blind-carrier classifier · 2 dB · seed 73001,learned_classifier,Learned blind-carrier classifier,learned_classifier,73001,snr_db=2,paired held-out symbol/carrier/noise seed,candidate,20260727T150414Z_modulation_recognition_blind_carrier__learned_classifier_snr2_seed73001,steps.observation.modulation_recognition.frame_count,1536
learned_classifier_snr2_seed73001,learned_classifier_snr2_seed73001,Learned blind-carrier classifier · 2 dB · seed 73001,learned_classifier,Learned blind-carrier classifier,learned_classifier,73001,snr_db=2,paired held-out symbol/carrier/noise seed,candidate,20260727T150414Z_modulation_recognition_blind_carrier__learned_classifier_snr2_seed73001,steps.observation.timing.step.wall_time_s,0.09624
learned_classifier_snr2_seed73001,learned_classifier_snr2_seed73001,Learned blind-carrier classifier · 2 dB · seed 73001,learned_classifier,Learned blind-carrier classifier,learned_classifier,73001,snr_db=2,paired held-out symbol/carrier/noise seed,candidate,20260727T150414Z_modulation_recognition_blind_carrier__learned_classifier_snr2_seed73001,steps.receiver.modulation_recognition.predicted_frame_count,1536
learned_classifier_snr2_seed73001,learned_classifier_snr2_seed73001,Learned blind-carrier classifier · 2 dB · seed 73001,learned_classifier,Learned blind-carrier classifier,learned_classifier,73001,snr_db=2,paired held-out symbol/carrier/noise seed,candidate,20260727T150414Z_modulation_recognition_blind_carrier__learned_classifier_snr2_seed73001,steps.receiver.timing.step.wall_time_s,0.798236
learned_classifier_snr2_seed73001,learned_classifier_snr2_seed73001,Learned blind-carrier classifier · 2 dB · seed 73001,learned_classifier,Learned blind-carrier classifier,learned_classifier,73001,snr_db=2,paired held-out symbol/carrier/noise seed,candidate,20260727T150414Z_modulation_recognition_blind_carrier__learned_classifier_snr2_seed73001,task.accuracy,0.679036
learned_classifier_snr2_seed73001,learned_classifier_snr2_seed73001,Learned blind-carrier classifier · 2 dB · seed 73001,learned_classifier,Learned blind-carrier classifier,learned_classifier,73001,snr_db=2,paired held-out symbol/carrier/noise seed,candidate,20260727T150414Z_modulation_recognition_blind_carrier__learned_classifier_snr2_seed73001,task.score,0.677422
learned_classifier_snr6_seed71001,learned_classifier_snr6_seed71001,Learned blind-carrier classifier · 6 dB · seed 71001,learned_classifier,Learned blind-carrier classifier,learned_classifier,71001,snr_db=6,paired held-out symbol/carrier/noise seed,candidate,20260727T150420Z_modulation_recognition_blind_carrier__learned_classifier_snr6_seed71001,channel.carrier.cfo_abs_mean_cycles_per_symbol,0.002954
learned_classifier_snr6_seed71001,learned_classifier_snr6_seed71001,Learned blind-carrier classifier · 6 dB · seed 71001,learned_classifier,Learned blind-carrier classifier,learned_classifier,71001,snr_db=6,paired held-out symbol/carrier/noise seed,candidate,20260727T150420Z_modulation_recognition_blind_carrier__learned_classifier_snr6_seed71001,channel.carrier.initial_phase_abs_mean_rad,1.552568
learned_classifier_snr6_seed71001,learned_classifier_snr6_seed71001,Learned blind-carrier classifier · 6 dB · seed 71001,learned_classifier,Learned blind-carrier classifier,learned_classifier,71001,snr_db=6,paired held-out symbol/carrier/noise seed,candidate,20260727T150420Z_modulation_recognition_blind_carrier__learned_classifier_snr6_seed71001,channel.snr_db,6
learned_classifier_snr6_seed71001,learned_classifier_snr6_seed71001,Learned blind-carrier classifier · 6 dB · seed 71001,learned_classifier,Learned blind-carrier classifier,learned_classifier,71001,snr_db=6,paired held-out symbol/carrier/noise seed,candidate,20260727T150420Z_modulation_recognition_blind_carrier__learned_classifier_snr6_seed71001,channel.snr_db_max,6
learned_classifier_snr6_seed71001,learned_classifier_snr6_seed71001,Learned blind-carrier classifier · 6 dB · seed 71001,learned_classifier,Learned blind-carrier classifier,learned_classifier,71001,snr_db=6,paired held-out symbol/carrier/noise seed,candidate,20260727T150420Z_modulation_recognition_blind_carrier__learned_classifier_snr6_seed71001,channel.snr_db_min,6
learned_classifier_snr6_seed71001,learned_classifier_snr6_seed71001,Learned blind-carrier classifier · 6 dB · seed 71001,learned_classifier,Learned blind-carrier classifier,learned_classifier,71001,snr_db=6,paired held-out symbol/carrier/noise seed,candidate,20260727T150420Z_modulation_recognition_blind_carrier__learned_classifier_snr6_seed71001,classification.balanced_accuracy,0.820964
learned_classifier_snr6_seed71001,learned_classifier_snr6_seed71001,Learned blind-carrier classifier · 6 dB · seed 71001,learned_classifier,Learned blind-carrier classifier,learned_classifier,71001,snr_db=6,paired held-out symbol/carrier/noise seed,candidate,20260727T150420Z_modulation_recognition_blind_carrier__learned_classifier_snr6_seed71001,memory.run.end_rss_bytes,763252736
learned_classifier_snr6_seed71001,learned_classifier_snr6_seed71001,Learned blind-carrier classifier · 6 dB · seed 71001,learned_classifier,Learned blind-carrier classifier,learned_classifier,71001,snr_db=6,paired held-out symbol/carrier/noise seed,candidate,20260727T150420Z_modulation_recognition_blind_carrier__learned_classifier_snr6_seed71001,memory.run.peak_rss_bytes,844906496
learned_classifier_snr6_seed71001,learned_classifier_snr6_seed71001,Learned blind-carrier classifier · 6 dB · seed 71001,learned_classifier,Learned blind-carrier classifier,learned_classifier,71001,snr_db=6,paired held-out symbol/carrier/noise seed,candidate,20260727T150420Z_modulation_recognition_blind_carrier__learned_classifier_snr6_seed71001,memory.run.peak_rss_delta_bytes,70774784
learned_classifier_snr6_seed71001,learned_classifier_snr6_seed71001,Learned blind-carrier classifier · 6 dB · seed 71001,learned_classifier,Learned blind-carrier classifier,learned_classifier,71001,snr_db=6,paired held-out symbol/carrier/noise seed,candidate,20260727T150420Z_modulation_recognition_blind_carrier__learned_classifier_snr6_seed71001,memory.run.sampler_interval_s,0.05
learned_classifier_snr6_seed71001,learned_classifier_snr6_seed71001,Learned blind-carrier classifier · 6 dB · seed 71001,learned_classifier,Learned blind-carrier classifier,learned_classifier,71001,snr_db=6,paired held-out symbol/carrier/noise seed,candidate,20260727T150420Z_modulation_recognition_blind_carrier__learned_classifier_snr6_seed71001,memory.run.start_rss_bytes,774131712
learned_classifier_snr6_seed71001,learned_classifier_snr6_seed71001,Learned blind-carrier classifier · 6 dB · seed 71001,learned_classifier,Learned blind-carrier classifier,learned_classifier,71001,snr_db=6,paired held-out symbol/carrier/noise seed,candidate,20260727T150420Z_modulation_recognition_blind_carrier__learned_classifier_snr6_seed71001,modulation_recognition.accuracy,0.820964
learned_classifier_snr6_seed71001,learned_classifier_snr6_seed71001,Learned blind-carrier classifier · 6 dB · seed 71001,learned_classifier,Learned blind-carrier classifier,learned_classifier,71001,snr_db=6,paired held-out symbol/carrier/noise seed,candidate,20260727T150420Z_modulation_recognition_blind_carrier__learned_classifier_snr6_seed71001,modulation_recognition.balanced_accuracy,0.820964
learned_classifier_snr6_seed71001,learned_classifier_snr6_seed71001,Learned blind-carrier classifier · 6 dB · seed 71001,learned_classifier,Learned blind-carrier classifier,learned_classifier,71001,snr_db=6,paired held-out symbol/carrier/noise seed,candidate,20260727T150420Z_modulation_recognition_blind_carrier__learned_classifier_snr6_seed71001,modulation_recognition.frame_count,1536
learned_classifier_snr6_seed71001,learned_classifier_snr6_seed71001,Learned blind-carrier classifier · 6 dB · seed 71001,learned_classifier,Learned blind-carrier classifier,learned_classifier,71001,snr_db=6,paired held-out symbol/carrier/noise seed,candidate,20260727T150420Z_modulation_recognition_blind_carrier__learned_classifier_snr6_seed71001,modulation_recognition.macro_f1,0.820602
learned_classifier_snr6_seed71001,learned_classifier_snr6_seed71001,Learned blind-carrier classifier · 6 dB · seed 71001,learned_classifier,Learned blind-carrier classifier,learned_classifier,71001,snr_db=6,paired held-out symbol/carrier/noise seed,candidate,20260727T150420Z_modulation_recognition_blind_carrier__learned_classifier_snr6_seed71001,modulation_recognition.predicted_frame_count,1536
learned_classifier_snr6_seed71001,learned_classifier_snr6_seed71001,Learned blind-carrier classifier · 6 dB · seed 71001,learned_classifier,Learned blind-carrier classifier,learned_classifier,71001,snr_db=6,paired held-out symbol/carrier/noise seed,candidate,20260727T150420Z_modulation_recognition_blind_carrier__learned_classifier_snr6_seed71001,modulation_recognition.symbols_per_frame,128
learned_classifier_snr6_seed71001,learned_classifier_snr6_seed71001,Learned blind-carrier classifier · 6 dB · seed 71001,learned_classifier,Learned blind-carrier classifier,learned_classifier,71001,snr_db=6,paired held-out symbol/carrier/noise seed,candidate,20260727T150420Z_modulation_recognition_blind_carrier__learned_classifier_snr6_seed71001,steps.data.modulation_recognition.frame_count,1536
learned_classifier_snr6_seed71001,learned_classifier_snr6_seed71001,Learned blind-carrier classifier · 6 dB · seed 71001,learned_classifier,Learned blind-carrier classifier,learned_classifier,71001,snr_db=6,paired held-out symbol/carrier/noise seed,candidate,20260727T150420Z_modulation_recognition_blind_carrier__learned_classifier_snr6_seed71001,steps.data.modulation_recognition.symbols_per_frame,128
learned_classifier_snr6_seed71001,learned_classifier_snr6_seed71001,Learned blind-carrier classifier · 6 dB · seed 71001,learned_classifier,Learned blind-carrier classifier,learned_classifier,71001,snr_db=6,paired held-out symbol/carrier/noise seed,candidate,20260727T150420Z_modulation_recognition_blind_carrier__learned_classifier_snr6_seed71001,steps.data.timing.step.wall_time_s,0.06612
learned_classifier_snr6_seed71001,learned_classifier_snr6_seed71001,Learned blind-carrier classifier · 6 dB · seed 71001,learned_classifier,Learned blind-carrier classifier,learned_classifier,71001,snr_db=6,paired held-out symbol/carrier/noise seed,candidate,20260727T150420Z_modulation_recognition_blind_carrier__learned_classifier_snr6_seed71001,steps.evaluation.channel.snr_db,6
learned_classifier_snr6_seed71001,learned_classifier_snr6_seed71001,Learned blind-carrier classifier · 6 dB · seed 71001,learned_classifier,Learned blind-carrier classifier,learned_classifier,71001,snr_db=6,paired held-out symbol/carrier/noise seed,candidate,20260727T150420Z_modulation_recognition_blind_carrier__learned_classifier_snr6_seed71001,steps.evaluation.classification.balanced_accuracy,0.820964
learned_classifier_snr6_seed71001,learned_classifier_snr6_seed71001,Learned blind-carrier classifier · 6 dB · seed 71001,learned_classifier,Learned blind-carrier classifier,learned_classifier,71001,snr_db=6,paired held-out symbol/carrier/noise seed,candidate,20260727T150420Z_modulation_recognition_blind_carrier__learned_classifier_snr6_seed71001,steps.evaluation.modulation_recognition.accuracy,0.820964
learned_classifier_snr6_seed71001,learned_classifier_snr6_seed71001,Learned blind-carrier classifier · 6 dB · seed 71001,learned_classifier,Learned blind-carrier classifier,learned_classifier,71001,snr_db=6,paired held-out symbol/carrier/noise seed,candidate,20260727T150420Z_modulation_recognition_blind_carrier__learned_classifier_snr6_seed71001,steps.evaluation.modulation_recognition.balanced_accuracy,0.820964
learned_classifier_snr6_seed71001,learned_classifier_snr6_seed71001,Learned blind-carrier classifier · 6 dB · seed 71001,learned_classifier,Learned blind-carrier classifier,learned_classifier,71001,snr_db=6,paired held-out symbol/carrier/noise seed,candidate,20260727T150420Z_modulation_recognition_blind_carrier__learned_classifier_snr6_seed71001,steps.evaluation.modulation_recognition.macro_f1,0.820602
learned_classifier_snr6_seed71001,learned_classifier_snr6_seed71001,Learned blind-carrier classifier · 6 dB · seed 71001,learned_classifier,Learned blind-carrier classifier,learned_classifier,71001,snr_db=6,paired held-out symbol/carrier/noise seed,candidate,20260727T150420Z_modulation_recognition_blind_carrier__learned_classifier_snr6_seed71001,steps.evaluation.task.accuracy,0.820964
learned_classifier_snr6_seed71001,learned_classifier_snr6_seed71001,Learned blind-carrier classifier · 6 dB · seed 71001,learned_classifier,Learned blind-carrier classifier,learned_classifier,71001,snr_db=6,paired held-out symbol/carrier/noise seed,candidate,20260727T150420Z_modulation_recognition_blind_carrier__learned_classifier_snr6_seed71001,steps.evaluation.task.score,0.820602
learned_classifier_snr6_seed71001,learned_classifier_snr6_seed71001,Learned blind-carrier classifier · 6 dB · seed 71001,learned_classifier,Learned blind-carrier classifier,learned_classifier,71001,snr_db=6,paired held-out symbol/carrier/noise seed,candidate,20260727T150420Z_modulation_recognition_blind_carrier__learned_classifier_snr6_seed71001,steps.evaluation.timing.step.wall_time_s,0.007288
learned_classifier_snr6_seed71001,learned_classifier_snr6_seed71001,Learned blind-carrier classifier · 6 dB · seed 71001,learned_classifier,Learned blind-carrier classifier,learned_classifier,71001,snr_db=6,paired held-out symbol/carrier/noise seed,candidate,20260727T150420Z_modulation_recognition_blind_carrier__learned_classifier_snr6_seed71001,steps.observation.channel.carrier.cfo_abs_mean_cycles_per_symbol,0.002954
learned_classifier_snr6_seed71001,learned_classifier_snr6_seed71001,Learned blind-carrier classifier · 6 dB · seed 71001,learned_classifier,Learned blind-carrier classifier,learned_classifier,71001,snr_db=6,paired held-out symbol/carrier/noise seed,candidate,20260727T150420Z_modulation_recognition_blind_carrier__learned_classifier_snr6_seed71001,steps.observation.channel.carrier.initial_phase_abs_mean_rad,1.552568
learned_classifier_snr6_seed71001,learned_classifier_snr6_seed71001,Learned blind-carrier classifier · 6 dB · seed 71001,learned_classifier,Learned blind-carrier classifier,learned_classifier,71001,snr_db=6,paired held-out symbol/carrier/noise seed,candidate,20260727T150420Z_modulation_recognition_blind_carrier__learned_classifier_snr6_seed71001,steps.observation.channel.snr_db,6
learned_classifier_snr6_seed71001,learned_classifier_snr6_seed71001,Learned blind-carrier classifier · 6 dB · seed 71001,learned_classifier,Learned blind-carrier classifier,learned_classifier,71001,snr_db=6,paired held-out symbol/carrier/noise seed,candidate,20260727T150420Z_modulation_recognition_blind_carrier__learned_classifier_snr6_seed71001,steps.observation.channel.snr_db_max,6
learned_classifier_snr6_seed71001,learned_classifier_snr6_seed71001,Learned blind-carrier classifier · 6 dB · seed 71001,learned_classifier,Learned blind-carrier classifier,learned_classifier,71001,snr_db=6,paired held-out symbol/carrier/noise seed,candidate,20260727T150420Z_modulation_recognition_blind_carrier__learned_classifier_snr6_seed71001,steps.observation.channel.snr_db_min,6
learned_classifier_snr6_seed71001,learned_classifier_snr6_seed71001,Learned blind-carrier classifier · 6 dB · seed 71001,learned_classifier,Learned blind-carrier classifier,learned_classifier,71001,snr_db=6,paired held-out symbol/carrier/noise seed,candidate,20260727T150420Z_modulation_recognition_blind_carrier__learned_classifier_snr6_seed71001,steps.observation.modulation_recognition.frame_count,1536
learned_classifier_snr6_seed71001,learned_classifier_snr6_seed71001,Learned blind-carrier classifier · 6 dB · seed 71001,learned_classifier,Learned blind-carrier classifier,learned_classifier,71001,snr_db=6,paired held-out symbol/carrier/noise seed,candidate,20260727T150420Z_modulation_recognition_blind_carrier__learned_classifier_snr6_seed71001,steps.observation.timing.step.wall_time_s,0.097528
learned_classifier_snr6_seed71001,learned_classifier_snr6_seed71001,Learned blind-carrier classifier · 6 dB · seed 71001,learned_classifier,Learned blind-carrier classifier,learned_classifier,71001,snr_db=6,paired held-out symbol/carrier/noise seed,candidate,20260727T150420Z_modulation_recognition_blind_carrier__learned_classifier_snr6_seed71001,steps.receiver.modulation_recognition.predicted_frame_count,1536
learned_classifier_snr6_seed71001,learned_classifier_snr6_seed71001,Learned blind-carrier classifier · 6 dB · seed 71001,learned_classifier,Learned blind-carrier classifier,learned_classifier,71001,snr_db=6,paired held-out symbol/carrier/noise seed,candidate,20260727T150420Z_modulation_recognition_blind_carrier__learned_classifier_snr6_seed71001,steps.receiver.timing.step.wall_time_s,0.725484
learned_classifier_snr6_seed71001,learned_classifier_snr6_seed71001,Learned blind-carrier classifier · 6 dB · seed 71001,learned_classifier,Learned blind-carrier classifier,learned_classifier,71001,snr_db=6,paired held-out symbol/carrier/noise seed,candidate,20260727T150420Z_modulation_recognition_blind_carrier__learned_classifier_snr6_seed71001,task.accuracy,0.820964
learned_classifier_snr6_seed71001,learned_classifier_snr6_seed71001,Learned blind-carrier classifier · 6 dB · seed 71001,learned_classifier,Learned blind-carrier classifier,learned_classifier,71001,snr_db=6,paired held-out symbol/carrier/noise seed,candidate,20260727T150420Z_modulation_recognition_blind_carrier__learned_classifier_snr6_seed71001,task.score,0.820602
learned_classifier_snr6_seed72001,learned_classifier_snr6_seed72001,Learned blind-carrier classifier · 6 dB · seed 72001,learned_classifier,Learned blind-carrier classifier,learned_classifier,72001,snr_db=6,paired held-out symbol/carrier/noise seed,candidate,20260727T150427Z_modulation_recognition_blind_carrier__learned_classifier_snr6_seed72001,channel.carrier.cfo_abs_mean_cycles_per_symbol,0.002995
learned_classifier_snr6_seed72001,learned_classifier_snr6_seed72001,Learned blind-carrier classifier · 6 dB · seed 72001,learned_classifier,Learned blind-carrier classifier,learned_classifier,72001,snr_db=6,paired held-out symbol/carrier/noise seed,candidate,20260727T150427Z_modulation_recognition_blind_carrier__learned_classifier_snr6_seed72001,channel.carrier.initial_phase_abs_mean_rad,1.588569
learned_classifier_snr6_seed72001,learned_classifier_snr6_seed72001,Learned blind-carrier classifier · 6 dB · seed 72001,learned_classifier,Learned blind-carrier classifier,learned_classifier,72001,snr_db=6,paired held-out symbol/carrier/noise seed,candidate,20260727T150427Z_modulation_recognition_blind_carrier__learned_classifier_snr6_seed72001,channel.snr_db,6
learned_classifier_snr6_seed72001,learned_classifier_snr6_seed72001,Learned blind-carrier classifier · 6 dB · seed 72001,learned_classifier,Learned blind-carrier classifier,learned_classifier,72001,snr_db=6,paired held-out symbol/carrier/noise seed,candidate,20260727T150427Z_modulation_recognition_blind_carrier__learned_classifier_snr6_seed72001,channel.snr_db_max,6
learned_classifier_snr6_seed72001,learned_classifier_snr6_seed72001,Learned blind-carrier classifier · 6 dB · seed 72001,learned_classifier,Learned blind-carrier classifier,learned_classifier,72001,snr_db=6,paired held-out symbol/carrier/noise seed,candidate,20260727T150427Z_modulation_recognition_blind_carrier__learned_classifier_snr6_seed72001,channel.snr_db_min,6
learned_classifier_snr6_seed72001,learned_classifier_snr6_seed72001,Learned blind-carrier classifier · 6 dB · seed 72001,learned_classifier,Learned blind-carrier classifier,learned_classifier,72001,snr_db=6,paired held-out symbol/carrier/noise seed,candidate,20260727T150427Z_modulation_recognition_blind_carrier__learned_classifier_snr6_seed72001,classification.balanced_accuracy,0.820964
learned_classifier_snr6_seed72001,learned_classifier_snr6_seed72001,Learned blind-carrier classifier · 6 dB · seed 72001,learned_classifier,Learned blind-carrier classifier,learned_classifier,72001,snr_db=6,paired held-out symbol/carrier/noise seed,candidate,20260727T150427Z_modulation_recognition_blind_carrier__learned_classifier_snr6_seed72001,memory.run.end_rss_bytes,769794048
learned_classifier_snr6_seed72001,learned_classifier_snr6_seed72001,Learned blind-carrier classifier · 6 dB · seed 72001,learned_classifier,Learned blind-carrier classifier,learned_classifier,72001,snr_db=6,paired held-out symbol/carrier/noise seed,candidate,20260727T150427Z_modulation_recognition_blind_carrier__learned_classifier_snr6_seed72001,memory.run.peak_rss_bytes,871895040
learned_classifier_snr6_seed72001,learned_classifier_snr6_seed72001,Learned blind-carrier classifier · 6 dB · seed 72001,learned_classifier,Learned blind-carrier classifier,learned_classifier,72001,snr_db=6,paired held-out symbol/carrier/noise seed,candidate,20260727T150427Z_modulation_recognition_blind_carrier__learned_classifier_snr6_seed72001,memory.run.peak_rss_delta_bytes,95948800
learned_classifier_snr6_seed72001,learned_classifier_snr6_seed72001,Learned blind-carrier classifier · 6 dB · seed 72001,learned_classifier,Learned blind-carrier classifier,learned_classifier,72001,snr_db=6,paired held-out symbol/carrier/noise seed,candidate,20260727T150427Z_modulation_recognition_blind_carrier__learned_classifier_snr6_seed72001,memory.run.sampler_interval_s,0.05
learned_classifier_snr6_seed72001,learned_classifier_snr6_seed72001,Learned blind-carrier classifier · 6 dB · seed 72001,learned_classifier,Learned blind-carrier classifier,learned_classifier,72001,snr_db=6,paired held-out symbol/carrier/noise seed,candidate,20260727T150427Z_modulation_recognition_blind_carrier__learned_classifier_snr6_seed72001,memory.run.start_rss_bytes,775946240
learned_classifier_snr6_seed72001,learned_classifier_snr6_seed72001,Learned blind-carrier classifier · 6 dB · seed 72001,learned_classifier,Learned blind-carrier classifier,learned_classifier,72001,snr_db=6,paired held-out symbol/carrier/noise seed,candidate,20260727T150427Z_modulation_recognition_blind_carrier__learned_classifier_snr6_seed72001,modulation_recognition.accuracy,0.820964
learned_classifier_snr6_seed72001,learned_classifier_snr6_seed72001,Learned blind-carrier classifier · 6 dB · seed 72001,learned_classifier,Learned blind-carrier classifier,learned_classifier,72001,snr_db=6,paired held-out symbol/carrier/noise seed,candidate,20260727T150427Z_modulation_recognition_blind_carrier__learned_classifier_snr6_seed72001,modulation_recognition.balanced_accuracy,0.820964
learned_classifier_snr6_seed72001,learned_classifier_snr6_seed72001,Learned blind-carrier classifier · 6 dB · seed 72001,learned_classifier,Learned blind-carrier classifier,learned_classifier,72001,snr_db=6,paired held-out symbol/carrier/noise seed,candidate,20260727T150427Z_modulation_recognition_blind_carrier__learned_classifier_snr6_seed72001,modulation_recognition.frame_count,1536
learned_classifier_snr6_seed72001,learned_classifier_snr6_seed72001,Learned blind-carrier classifier · 6 dB · seed 72001,learned_classifier,Learned blind-carrier classifier,learned_classifier,72001,snr_db=6,paired held-out symbol/carrier/noise seed,candidate,20260727T150427Z_modulation_recognition_blind_carrier__learned_classifier_snr6_seed72001,modulation_recognition.macro_f1,0.820707
learned_classifier_snr6_seed72001,learned_classifier_snr6_seed72001,Learned blind-carrier classifier · 6 dB · seed 72001,learned_classifier,Learned blind-carrier classifier,learned_classifier,72001,snr_db=6,paired held-out symbol/carrier/noise seed,candidate,20260727T150427Z_modulation_recognition_blind_carrier__learned_classifier_snr6_seed72001,modulation_recognition.predicted_frame_count,1536
learned_classifier_snr6_seed72001,learned_classifier_snr6_seed72001,Learned blind-carrier classifier · 6 dB · seed 72001,learned_classifier,Learned blind-carrier classifier,learned_classifier,72001,snr_db=6,paired held-out symbol/carrier/noise seed,candidate,20260727T150427Z_modulation_recognition_blind_carrier__learned_classifier_snr6_seed72001,modulation_recognition.symbols_per_frame,128
learned_classifier_snr6_seed72001,learned_classifier_snr6_seed72001,Learned blind-carrier classifier · 6 dB · seed 72001,learned_classifier,Learned blind-carrier classifier,learned_classifier,72001,snr_db=6,paired held-out symbol/carrier/noise seed,candidate,20260727T150427Z_modulation_recognition_blind_carrier__learned_classifier_snr6_seed72001,steps.data.modulation_recognition.frame_count,1536
learned_classifier_snr6_seed72001,learned_classifier_snr6_seed72001,Learned blind-carrier classifier · 6 dB · seed 72001,learned_classifier,Learned blind-carrier classifier,learned_classifier,72001,snr_db=6,paired held-out symbol/carrier/noise seed,candidate,20260727T150427Z_modulation_recognition_blind_carrier__learned_classifier_snr6_seed72001,steps.data.modulation_recognition.symbols_per_frame,128
learned_classifier_snr6_seed72001,learned_classifier_snr6_seed72001,Learned blind-carrier classifier · 6 dB · seed 72001,learned_classifier,Learned blind-carrier classifier,learned_classifier,72001,snr_db=6,paired held-out symbol/carrier/noise seed,candidate,20260727T150427Z_modulation_recognition_blind_carrier__learned_classifier_snr6_seed72001,steps.data.timing.step.wall_time_s,0.066791
learned_classifier_snr6_seed72001,learned_classifier_snr6_seed72001,Learned blind-carrier classifier · 6 dB · seed 72001,learned_classifier,Learned blind-carrier classifier,learned_classifier,72001,snr_db=6,paired held-out symbol/carrier/noise seed,candidate,20260727T150427Z_modulation_recognition_blind_carrier__learned_classifier_snr6_seed72001,steps.evaluation.channel.snr_db,6
learned_classifier_snr6_seed72001,learned_classifier_snr6_seed72001,Learned blind-carrier classifier · 6 dB · seed 72001,learned_classifier,Learned blind-carrier classifier,learned_classifier,72001,snr_db=6,paired held-out symbol/carrier/noise seed,candidate,20260727T150427Z_modulation_recognition_blind_carrier__learned_classifier_snr6_seed72001,steps.evaluation.classification.balanced_accuracy,0.820964
learned_classifier_snr6_seed72001,learned_classifier_snr6_seed72001,Learned blind-carrier classifier · 6 dB · seed 72001,learned_classifier,Learned blind-carrier classifier,learned_classifier,72001,snr_db=6,paired held-out symbol/carrier/noise seed,candidate,20260727T150427Z_modulation_recognition_blind_carrier__learned_classifier_snr6_seed72001,steps.evaluation.modulation_recognition.accuracy,0.820964
learned_classifier_snr6_seed72001,learned_classifier_snr6_seed72001,Learned blind-carrier classifier · 6 dB · seed 72001,learned_classifier,Learned blind-carrier classifier,learned_classifier,72001,snr_db=6,paired held-out symbol/carrier/noise seed,candidate,20260727T150427Z_modulation_recognition_blind_carrier__learned_classifier_snr6_seed72001,steps.evaluation.modulation_recognition.balanced_accuracy,0.820964
learned_classifier_snr6_seed72001,learned_classifier_snr6_seed72001,Learned blind-carrier classifier · 6 dB · seed 72001,learned_classifier,Learned blind-carrier classifier,learned_classifier,72001,snr_db=6,paired held-out symbol/carrier/noise seed,candidate,20260727T150427Z_modulation_recognition_blind_carrier__learned_classifier_snr6_seed72001,steps.evaluation.modulation_recognition.macro_f1,0.820707
learned_classifier_snr6_seed72001,learned_classifier_snr6_seed72001,Learned blind-carrier classifier · 6 dB · seed 72001,learned_classifier,Learned blind-carrier classifier,learned_classifier,72001,snr_db=6,paired held-out symbol/carrier/noise seed,candidate,20260727T150427Z_modulation_recognition_blind_carrier__learned_classifier_snr6_seed72001,steps.evaluation.task.accuracy,0.820964
learned_classifier_snr6_seed72001,learned_classifier_snr6_seed72001,Learned blind-carrier classifier · 6 dB · seed 72001,learned_classifier,Learned blind-carrier classifier,learned_classifier,72001,snr_db=6,paired held-out symbol/carrier/noise seed,candidate,20260727T150427Z_modulation_recognition_blind_carrier__learned_classifier_snr6_seed72001,steps.evaluation.task.score,0.820707
learned_classifier_snr6_seed72001,learned_classifier_snr6_seed72001,Learned blind-carrier classifier · 6 dB · seed 72001,learned_classifier,Learned blind-carrier classifier,learned_classifier,72001,snr_db=6,paired held-out symbol/carrier/noise seed,candidate,20260727T150427Z_modulation_recognition_blind_carrier__learned_classifier_snr6_seed72001,steps.evaluation.timing.step.wall_time_s,0.010042
learned_classifier_snr6_seed72001,learned_classifier_snr6_seed72001,Learned blind-carrier classifier · 6 dB · seed 72001,learned_classifier,Learned blind-carrier classifier,learned_classifier,72001,snr_db=6,paired held-out symbol/carrier/noise seed,candidate,20260727T150427Z_modulation_recognition_blind_carrier__learned_classifier_snr6_seed72001,steps.observation.channel.carrier.cfo_abs_mean_cycles_per_symbol,0.002995
learned_classifier_snr6_seed72001,learned_classifier_snr6_seed72001,Learned blind-carrier classifier · 6 dB · seed 72001,learned_classifier,Learned blind-carrier classifier,learned_classifier,72001,snr_db=6,paired held-out symbol/carrier/noise seed,candidate,20260727T150427Z_modulation_recognition_blind_carrier__learned_classifier_snr6_seed72001,steps.observation.channel.carrier.initial_phase_abs_mean_rad,1.588569
learned_classifier_snr6_seed72001,learned_classifier_snr6_seed72001,Learned blind-carrier classifier · 6 dB · seed 72001,learned_classifier,Learned blind-carrier classifier,learned_classifier,72001,snr_db=6,paired held-out symbol/carrier/noise seed,candidate,20260727T150427Z_modulation_recognition_blind_carrier__learned_classifier_snr6_seed72001,steps.observation.channel.snr_db,6
learned_classifier_snr6_seed72001,learned_classifier_snr6_seed72001,Learned blind-carrier classifier · 6 dB · seed 72001,learned_classifier,Learned blind-carrier classifier,learned_classifier,72001,snr_db=6,paired held-out symbol/carrier/noise seed,candidate,20260727T150427Z_modulation_recognition_blind_carrier__learned_classifier_snr6_seed72001,steps.observation.channel.snr_db_max,6
learned_classifier_snr6_seed72001,learned_classifier_snr6_seed72001,Learned blind-carrier classifier · 6 dB · seed 72001,learned_classifier,Learned blind-carrier classifier,learned_classifier,72001,snr_db=6,paired held-out symbol/carrier/noise seed,candidate,20260727T150427Z_modulation_recognition_blind_carrier__learned_classifier_snr6_seed72001,steps.observation.channel.snr_db_min,6
learned_classifier_snr6_seed72001,learned_classifier_snr6_seed72001,Learned blind-carrier classifier · 6 dB · seed 72001,learned_classifier,Learned blind-carrier classifier,learned_classifier,72001,snr_db=6,paired held-out symbol/carrier/noise seed,candidate,20260727T150427Z_modulation_recognition_blind_carrier__learned_classifier_snr6_seed72001,steps.observation.modulation_recognition.frame_count,1536
learned_classifier_snr6_seed72001,learned_classifier_snr6_seed72001,Learned blind-carrier classifier · 6 dB · seed 72001,learned_classifier,Learned blind-carrier classifier,learned_classifier,72001,snr_db=6,paired held-out symbol/carrier/noise seed,candidate,20260727T150427Z_modulation_recognition_blind_carrier__learned_classifier_snr6_seed72001,steps.observation.timing.step.wall_time_s,0.098946
learned_classifier_snr6_seed72001,learned_classifier_snr6_seed72001,Learned blind-carrier classifier · 6 dB · seed 72001,learned_classifier,Learned blind-carrier classifier,learned_classifier,72001,snr_db=6,paired held-out symbol/carrier/noise seed,candidate,20260727T150427Z_modulation_recognition_blind_carrier__learned_classifier_snr6_seed72001,steps.receiver.modulation_recognition.predicted_frame_count,1536
learned_classifier_snr6_seed72001,learned_classifier_snr6_seed72001,Learned blind-carrier classifier · 6 dB · seed 72001,learned_classifier,Learned blind-carrier classifier,learned_classifier,72001,snr_db=6,paired held-out symbol/carrier/noise seed,candidate,20260727T150427Z_modulation_recognition_blind_carrier__learned_classifier_snr6_seed72001,steps.receiver.timing.step.wall_time_s,0.753406
learned_classifier_snr6_seed72001,learned_classifier_snr6_seed72001,Learned blind-carrier classifier · 6 dB · seed 72001,learned_classifier,Learned blind-carrier classifier,learned_classifier,72001,snr_db=6,paired held-out symbol/carrier/noise seed,candidate,20260727T150427Z_modulation_recognition_blind_carrier__learned_classifier_snr6_seed72001,task.accuracy,0.820964
learned_classifier_snr6_seed72001,learned_classifier_snr6_seed72001,Learned blind-carrier classifier · 6 dB · seed 72001,learned_classifier,Learned blind-carrier classifier,learned_classifier,72001,snr_db=6,paired held-out symbol/carrier/noise seed,candidate,20260727T150427Z_modulation_recognition_blind_carrier__learned_classifier_snr6_seed72001,task.score,0.820707
learned_classifier_snr6_seed73001,learned_classifier_snr6_seed73001,Learned blind-carrier classifier · 6 dB · seed 73001,learned_classifier,Learned blind-carrier classifier,learned_classifier,73001,snr_db=6,paired held-out symbol/carrier/noise seed,candidate,20260727T150434Z_modulation_recognition_blind_carrier__learned_classifier_snr6_seed73001,channel.carrier.cfo_abs_mean_cycles_per_symbol,0.003047
learned_classifier_snr6_seed73001,learned_classifier_snr6_seed73001,Learned blind-carrier classifier · 6 dB · seed 73001,learned_classifier,Learned blind-carrier classifier,learned_classifier,73001,snr_db=6,paired held-out symbol/carrier/noise seed,candidate,20260727T150434Z_modulation_recognition_blind_carrier__learned_classifier_snr6_seed73001,channel.carrier.initial_phase_abs_mean_rad,1.55227
learned_classifier_snr6_seed73001,learned_classifier_snr6_seed73001,Learned blind-carrier classifier · 6 dB · seed 73001,learned_classifier,Learned blind-carrier classifier,learned_classifier,73001,snr_db=6,paired held-out symbol/carrier/noise seed,candidate,20260727T150434Z_modulation_recognition_blind_carrier__learned_classifier_snr6_seed73001,channel.snr_db,6
learned_classifier_snr6_seed73001,learned_classifier_snr6_seed73001,Learned blind-carrier classifier · 6 dB · seed 73001,learned_classifier,Learned blind-carrier classifier,learned_classifier,73001,snr_db=6,paired held-out symbol/carrier/noise seed,candidate,20260727T150434Z_modulation_recognition_blind_carrier__learned_classifier_snr6_seed73001,channel.snr_db_max,6
learned_classifier_snr6_seed73001,learned_classifier_snr6_seed73001,Learned blind-carrier classifier · 6 dB · seed 73001,learned_classifier,Learned blind-carrier classifier,learned_classifier,73001,snr_db=6,paired held-out symbol/carrier/noise seed,candidate,20260727T150434Z_modulation_recognition_blind_carrier__learned_classifier_snr6_seed73001,channel.snr_db_min,6
learned_classifier_snr6_seed73001,learned_classifier_snr6_seed73001,Learned blind-carrier classifier · 6 dB · seed 73001,learned_classifier,Learned blind-carrier classifier,learned_classifier,73001,snr_db=6,paired held-out symbol/carrier/noise seed,candidate,20260727T150434Z_modulation_recognition_blind_carrier__learned_classifier_snr6_seed73001,classification.balanced_accuracy,0.82487
learned_classifier_snr6_seed73001,learned_classifier_snr6_seed73001,Learned blind-carrier classifier · 6 dB · seed 73001,learned_classifier,Learned blind-carrier classifier,learned_classifier,73001,snr_db=6,paired held-out symbol/carrier/noise seed,candidate,20260727T150434Z_modulation_recognition_blind_carrier__learned_classifier_snr6_seed73001,memory.run.end_rss_bytes,773726208
learned_classifier_snr6_seed73001,learned_classifier_snr6_seed73001,Learned blind-carrier classifier · 6 dB · seed 73001,learned_classifier,Learned blind-carrier classifier,learned_classifier,73001,snr_db=6,paired held-out symbol/carrier/noise seed,candidate,20260727T150434Z_modulation_recognition_blind_carrier__learned_classifier_snr6_seed73001,memory.run.peak_rss_bytes,853807104
learned_classifier_snr6_seed73001,learned_classifier_snr6_seed73001,Learned blind-carrier classifier · 6 dB · seed 73001,learned_classifier,Learned blind-carrier classifier,learned_classifier,73001,snr_db=6,paired held-out symbol/carrier/noise seed,candidate,20260727T150434Z_modulation_recognition_blind_carrier__learned_classifier_snr6_seed73001,memory.run.peak_rss_delta_bytes,69206016
learned_classifier_snr6_seed73001,learned_classifier_snr6_seed73001,Learned blind-carrier classifier · 6 dB · seed 73001,learned_classifier,Learned blind-carrier classifier,learned_classifier,73001,snr_db=6,paired held-out symbol/carrier/noise seed,candidate,20260727T150434Z_modulation_recognition_blind_carrier__learned_classifier_snr6_seed73001,memory.run.sampler_interval_s,0.05
learned_classifier_snr6_seed73001,learned_classifier_snr6_seed73001,Learned blind-carrier classifier · 6 dB · seed 73001,learned_classifier,Learned blind-carrier classifier,learned_classifier,73001,snr_db=6,paired held-out symbol/carrier/noise seed,candidate,20260727T150434Z_modulation_recognition_blind_carrier__learned_classifier_snr6_seed73001,memory.run.start_rss_bytes,784601088
learned_classifier_snr6_seed73001,learned_classifier_snr6_seed73001,Learned blind-carrier classifier · 6 dB · seed 73001,learned_classifier,Learned blind-carrier classifier,learned_classifier,73001,snr_db=6,paired held-out symbol/carrier/noise seed,candidate,20260727T150434Z_modulation_recognition_blind_carrier__learned_classifier_snr6_seed73001,modulation_recognition.accuracy,0.82487
learned_classifier_snr6_seed73001,learned_classifier_snr6_seed73001,Learned blind-carrier classifier · 6 dB · seed 73001,learned_classifier,Learned blind-carrier classifier,learned_classifier,73001,snr_db=6,paired held-out symbol/carrier/noise seed,candidate,20260727T150434Z_modulation_recognition_blind_carrier__learned_classifier_snr6_seed73001,modulation_recognition.balanced_accuracy,0.82487
learned_classifier_snr6_seed73001,learned_classifier_snr6_seed73001,Learned blind-carrier classifier · 6 dB · seed 73001,learned_classifier,Learned blind-carrier classifier,learned_classifier,73001,snr_db=6,paired held-out symbol/carrier/noise seed,candidate,20260727T150434Z_modulation_recognition_blind_carrier__learned_classifier_snr6_seed73001,modulation_recognition.frame_count,1536
learned_classifier_snr6_seed73001,learned_classifier_snr6_seed73001,Learned blind-carrier classifier · 6 dB · seed 73001,learned_classifier,Learned blind-carrier classifier,learned_classifier,73001,snr_db=6,paired held-out symbol/carrier/noise seed,candidate,20260727T150434Z_modulation_recognition_blind_carrier__learned_classifier_snr6_seed73001,modulation_recognition.macro_f1,0.824605
learned_classifier_snr6_seed73001,learned_classifier_snr6_seed73001,Learned blind-carrier classifier · 6 dB · seed 73001,learned_classifier,Learned blind-carrier classifier,learned_classifier,73001,snr_db=6,paired held-out symbol/carrier/noise seed,candidate,20260727T150434Z_modulation_recognition_blind_carrier__learned_classifier_snr6_seed73001,modulation_recognition.predicted_frame_count,1536
learned_classifier_snr6_seed73001,learned_classifier_snr6_seed73001,Learned blind-carrier classifier · 6 dB · seed 73001,learned_classifier,Learned blind-carrier classifier,learned_classifier,73001,snr_db=6,paired held-out symbol/carrier/noise seed,candidate,20260727T150434Z_modulation_recognition_blind_carrier__learned_classifier_snr6_seed73001,modulation_recognition.symbols_per_frame,128
learned_classifier_snr6_seed73001,learned_classifier_snr6_seed73001,Learned blind-carrier classifier · 6 dB · seed 73001,learned_classifier,Learned blind-carrier classifier,learned_classifier,73001,snr_db=6,paired held-out symbol/carrier/noise seed,candidate,20260727T150434Z_modulation_recognition_blind_carrier__learned_classifier_snr6_seed73001,steps.data.modulation_recognition.frame_count,1536
learned_classifier_snr6_seed73001,learned_classifier_snr6_seed73001,Learned blind-carrier classifier · 6 dB · seed 73001,learned_classifier,Learned blind-carrier classifier,learned_classifier,73001,snr_db=6,paired held-out symbol/carrier/noise seed,candidate,20260727T150434Z_modulation_recognition_blind_carrier__learned_classifier_snr6_seed73001,steps.data.modulation_recognition.symbols_per_frame,128
learned_classifier_snr6_seed73001,learned_classifier_snr6_seed73001,Learned blind-carrier classifier · 6 dB · seed 73001,learned_classifier,Learned blind-carrier classifier,learned_classifier,73001,snr_db=6,paired held-out symbol/carrier/noise seed,candidate,20260727T150434Z_modulation_recognition_blind_carrier__learned_classifier_snr6_seed73001,steps.data.timing.step.wall_time_s,0.06852
learned_classifier_snr6_seed73001,learned_classifier_snr6_seed73001,Learned blind-carrier classifier · 6 dB · seed 73001,learned_classifier,Learned blind-carrier classifier,learned_classifier,73001,snr_db=6,paired held-out symbol/carrier/noise seed,candidate,20260727T150434Z_modulation_recognition_blind_carrier__learned_classifier_snr6_seed73001,steps.evaluation.channel.snr_db,6
learned_classifier_snr6_seed73001,learned_classifier_snr6_seed73001,Learned blind-carrier classifier · 6 dB · seed 73001,learned_classifier,Learned blind-carrier classifier,learned_classifier,73001,snr_db=6,paired held-out symbol/carrier/noise seed,candidate,20260727T150434Z_modulation_recognition_blind_carrier__learned_classifier_snr6_seed73001,steps.evaluation.classification.balanced_accuracy,0.82487
learned_classifier_snr6_seed73001,learned_classifier_snr6_seed73001,Learned blind-carrier classifier · 6 dB · seed 73001,learned_classifier,Learned blind-carrier classifier,learned_classifier,73001,snr_db=6,paired held-out symbol/carrier/noise seed,candidate,20260727T150434Z_modulation_recognition_blind_carrier__learned_classifier_snr6_seed73001,steps.evaluation.modulation_recognition.accuracy,0.82487
learned_classifier_snr6_seed73001,learned_classifier_snr6_seed73001,Learned blind-carrier classifier · 6 dB · seed 73001,learned_classifier,Learned blind-carrier classifier,learned_classifier,73001,snr_db=6,paired held-out symbol/carrier/noise seed,candidate,20260727T150434Z_modulation_recognition_blind_carrier__learned_classifier_snr6_seed73001,steps.evaluation.modulation_recognition.balanced_accuracy,0.82487
learned_classifier_snr6_seed73001,learned_classifier_snr6_seed73001,Learned blind-carrier classifier · 6 dB · seed 73001,learned_classifier,Learned blind-carrier classifier,learned_classifier,73001,snr_db=6,paired held-out symbol/carrier/noise seed,candidate,20260727T150434Z_modulation_recognition_blind_carrier__learned_classifier_snr6_seed73001,steps.evaluation.modulation_recognition.macro_f1,0.824605
learned_classifier_snr6_seed73001,learned_classifier_snr6_seed73001,Learned blind-carrier classifier · 6 dB · seed 73001,learned_classifier,Learned blind-carrier classifier,learned_classifier,73001,snr_db=6,paired held-out symbol/carrier/noise seed,candidate,20260727T150434Z_modulation_recognition_blind_carrier__learned_classifier_snr6_seed73001,steps.evaluation.task.accuracy,0.82487
learned_classifier_snr6_seed73001,learned_classifier_snr6_seed73001,Learned blind-carrier classifier · 6 dB · seed 73001,learned_classifier,Learned blind-carrier classifier,learned_classifier,73001,snr_db=6,paired held-out symbol/carrier/noise seed,candidate,20260727T150434Z_modulation_recognition_blind_carrier__learned_classifier_snr6_seed73001,steps.evaluation.task.score,0.824605
learned_classifier_snr6_seed73001,learned_classifier_snr6_seed73001,Learned blind-carrier classifier · 6 dB · seed 73001,learned_classifier,Learned blind-carrier classifier,learned_classifier,73001,snr_db=6,paired held-out symbol/carrier/noise seed,candidate,20260727T150434Z_modulation_recognition_blind_carrier__learned_classifier_snr6_seed73001,steps.evaluation.timing.step.wall_time_s,0.007072
learned_classifier_snr6_seed73001,learned_classifier_snr6_seed73001,Learned blind-carrier classifier · 6 dB · seed 73001,learned_classifier,Learned blind-carrier classifier,learned_classifier,73001,snr_db=6,paired held-out symbol/carrier/noise seed,candidate,20260727T150434Z_modulation_recognition_blind_carrier__learned_classifier_snr6_seed73001,steps.observation.channel.carrier.cfo_abs_mean_cycles_per_symbol,0.003047
learned_classifier_snr6_seed73001,learned_classifier_snr6_seed73001,Learned blind-carrier classifier · 6 dB · seed 73001,learned_classifier,Learned blind-carrier classifier,learned_classifier,73001,snr_db=6,paired held-out symbol/carrier/noise seed,candidate,20260727T150434Z_modulation_recognition_blind_carrier__learned_classifier_snr6_seed73001,steps.observation.channel.carrier.initial_phase_abs_mean_rad,1.55227
learned_classifier_snr6_seed73001,learned_classifier_snr6_seed73001,Learned blind-carrier classifier · 6 dB · seed 73001,learned_classifier,Learned blind-carrier classifier,learned_classifier,73001,snr_db=6,paired held-out symbol/carrier/noise seed,candidate,20260727T150434Z_modulation_recognition_blind_carrier__learned_classifier_snr6_seed73001,steps.observation.channel.snr_db,6
learned_classifier_snr6_seed73001,learned_classifier_snr6_seed73001,Learned blind-carrier classifier · 6 dB · seed 73001,learned_classifier,Learned blind-carrier classifier,learned_classifier,73001,snr_db=6,paired held-out symbol/carrier/noise seed,candidate,20260727T150434Z_modulation_recognition_blind_carrier__learned_classifier_snr6_seed73001,steps.observation.channel.snr_db_max,6
learned_classifier_snr6_seed73001,learned_classifier_snr6_seed73001,Learned blind-carrier classifier · 6 dB · seed 73001,learned_classifier,Learned blind-carrier classifier,learned_classifier,73001,snr_db=6,paired held-out symbol/carrier/noise seed,candidate,20260727T150434Z_modulation_recognition_blind_carrier__learned_classifier_snr6_seed73001,steps.observation.channel.snr_db_min,6
learned_classifier_snr6_seed73001,learned_classifier_snr6_seed73001,Learned blind-carrier classifier · 6 dB · seed 73001,learned_classifier,Learned blind-carrier classifier,learned_classifier,73001,snr_db=6,paired held-out symbol/carrier/noise seed,candidate,20260727T150434Z_modulation_recognition_blind_carrier__learned_classifier_snr6_seed73001,steps.observation.modulation_recognition.frame_count,1536
learned_classifier_snr6_seed73001,learned_classifier_snr6_seed73001,Learned blind-carrier classifier · 6 dB · seed 73001,learned_classifier,Learned blind-carrier classifier,learned_classifier,73001,snr_db=6,paired held-out symbol/carrier/noise seed,candidate,20260727T150434Z_modulation_recognition_blind_carrier__learned_classifier_snr6_seed73001,steps.observation.timing.step.wall_time_s,0.09988
learned_classifier_snr6_seed73001,learned_classifier_snr6_seed73001,Learned blind-carrier classifier · 6 dB · seed 73001,learned_classifier,Learned blind-carrier classifier,learned_classifier,73001,snr_db=6,paired held-out symbol/carrier/noise seed,candidate,20260727T150434Z_modulation_recognition_blind_carrier__learned_classifier_snr6_seed73001,steps.receiver.modulation_recognition.predicted_frame_count,1536
learned_classifier_snr6_seed73001,learned_classifier_snr6_seed73001,Learned blind-carrier classifier · 6 dB · seed 73001,learned_classifier,Learned blind-carrier classifier,learned_classifier,73001,snr_db=6,paired held-out symbol/carrier/noise seed,candidate,20260727T150434Z_modulation_recognition_blind_carrier__learned_classifier_snr6_seed73001,steps.receiver.timing.step.wall_time_s,0.799382
learned_classifier_snr6_seed73001,learned_classifier_snr6_seed73001,Learned blind-carrier classifier · 6 dB · seed 73001,learned_classifier,Learned blind-carrier classifier,learned_classifier,73001,snr_db=6,paired held-out symbol/carrier/noise seed,candidate,20260727T150434Z_modulation_recognition_blind_carrier__learned_classifier_snr6_seed73001,task.accuracy,0.82487
learned_classifier_snr6_seed73001,learned_classifier_snr6_seed73001,Learned blind-carrier classifier · 6 dB · seed 73001,learned_classifier,Learned blind-carrier classifier,learned_classifier,73001,snr_db=6,paired held-out symbol/carrier/noise seed,candidate,20260727T150434Z_modulation_recognition_blind_carrier__learned_classifier_snr6_seed73001,task.score,0.824605
learned_classifier_snr10_seed71001,learned_classifier_snr10_seed71001,Learned blind-carrier classifier · 10 dB · seed 71001,learned_classifier,Learned blind-carrier classifier,learned_classifier,71001,snr_db=10,paired held-out symbol/carrier/noise seed,candidate,20260727T150441Z_modulation_recognition_blind_carrier__learned_classifier_snr10_seed71001,channel.carrier.cfo_abs_mean_cycles_per_symbol,0.002954
learned_classifier_snr10_seed71001,learned_classifier_snr10_seed71001,Learned blind-carrier classifier · 10 dB · seed 71001,learned_classifier,Learned blind-carrier classifier,learned_classifier,71001,snr_db=10,paired held-out symbol/carrier/noise seed,candidate,20260727T150441Z_modulation_recognition_blind_carrier__learned_classifier_snr10_seed71001,channel.carrier.initial_phase_abs_mean_rad,1.552568
learned_classifier_snr10_seed71001,learned_classifier_snr10_seed71001,Learned blind-carrier classifier · 10 dB · seed 71001,learned_classifier,Learned blind-carrier classifier,learned_classifier,71001,snr_db=10,paired held-out symbol/carrier/noise seed,candidate,20260727T150441Z_modulation_recognition_blind_carrier__learned_classifier_snr10_seed71001,channel.snr_db,10
learned_classifier_snr10_seed71001,learned_classifier_snr10_seed71001,Learned blind-carrier classifier · 10 dB · seed 71001,learned_classifier,Learned blind-carrier classifier,learned_classifier,71001,snr_db=10,paired held-out symbol/carrier/noise seed,candidate,20260727T150441Z_modulation_recognition_blind_carrier__learned_classifier_snr10_seed71001,channel.snr_db_max,10
learned_classifier_snr10_seed71001,learned_classifier_snr10_seed71001,Learned blind-carrier classifier · 10 dB · seed 71001,learned_classifier,Learned blind-carrier classifier,learned_classifier,71001,snr_db=10,paired held-out symbol/carrier/noise seed,candidate,20260727T150441Z_modulation_recognition_blind_carrier__learned_classifier_snr10_seed71001,channel.snr_db_min,10
learned_classifier_snr10_seed71001,learned_classifier_snr10_seed71001,Learned blind-carrier classifier · 10 dB · seed 71001,learned_classifier,Learned blind-carrier classifier,learned_classifier,71001,snr_db=10,paired held-out symbol/carrier/noise seed,candidate,20260727T150441Z_modulation_recognition_blind_carrier__learned_classifier_snr10_seed71001,classification.balanced_accuracy,0.97526
learned_classifier_snr10_seed71001,learned_classifier_snr10_seed71001,Learned blind-carrier classifier · 10 dB · seed 71001,learned_classifier,Learned blind-carrier classifier,learned_classifier,71001,snr_db=10,paired held-out symbol/carrier/noise seed,candidate,20260727T150441Z_modulation_recognition_blind_carrier__learned_classifier_snr10_seed71001,memory.run.end_rss_bytes,779497472
learned_classifier_snr10_seed71001,learned_classifier_snr10_seed71001,Learned blind-carrier classifier · 10 dB · seed 71001,learned_classifier,Learned blind-carrier classifier,learned_classifier,71001,snr_db=10,paired held-out symbol/carrier/noise seed,candidate,20260727T150441Z_modulation_recognition_blind_carrier__learned_classifier_snr10_seed71001,memory.run.peak_rss_bytes,884752384
learned_classifier_snr10_seed71001,learned_classifier_snr10_seed71001,Learned blind-carrier classifier · 10 dB · seed 71001,learned_classifier,Learned blind-carrier classifier,learned_classifier,71001,snr_db=10,paired held-out symbol/carrier/noise seed,candidate,20260727T150441Z_modulation_recognition_blind_carrier__learned_classifier_snr10_seed71001,memory.run.peak_rss_delta_bytes,94371840
learned_classifier_snr10_seed71001,learned_classifier_snr10_seed71001,Learned blind-carrier classifier · 10 dB · seed 71001,learned_classifier,Learned blind-carrier classifier,learned_classifier,71001,snr_db=10,paired held-out symbol/carrier/noise seed,candidate,20260727T150441Z_modulation_recognition_blind_carrier__learned_classifier_snr10_seed71001,memory.run.sampler_interval_s,0.05
learned_classifier_snr10_seed71001,learned_classifier_snr10_seed71001,Learned blind-carrier classifier · 10 dB · seed 71001,learned_classifier,Learned blind-carrier classifier,learned_classifier,71001,snr_db=10,paired held-out symbol/carrier/noise seed,candidate,20260727T150441Z_modulation_recognition_blind_carrier__learned_classifier_snr10_seed71001,memory.run.start_rss_bytes,790380544
learned_classifier_snr10_seed71001,learned_classifier_snr10_seed71001,Learned blind-carrier classifier · 10 dB · seed 71001,learned_classifier,Learned blind-carrier classifier,learned_classifier,71001,snr_db=10,paired held-out symbol/carrier/noise seed,candidate,20260727T150441Z_modulation_recognition_blind_carrier__learned_classifier_snr10_seed71001,modulation_recognition.accuracy,0.97526
learned_classifier_snr10_seed71001,learned_classifier_snr10_seed71001,Learned blind-carrier classifier · 10 dB · seed 71001,learned_classifier,Learned blind-carrier classifier,learned_classifier,71001,snr_db=10,paired held-out symbol/carrier/noise seed,candidate,20260727T150441Z_modulation_recognition_blind_carrier__learned_classifier_snr10_seed71001,modulation_recognition.balanced_accuracy,0.97526
learned_classifier_snr10_seed71001,learned_classifier_snr10_seed71001,Learned blind-carrier classifier · 10 dB · seed 71001,learned_classifier,Learned blind-carrier classifier,learned_classifier,71001,snr_db=10,paired held-out symbol/carrier/noise seed,candidate,20260727T150441Z_modulation_recognition_blind_carrier__learned_classifier_snr10_seed71001,modulation_recognition.frame_count,1536
learned_classifier_snr10_seed71001,learned_classifier_snr10_seed71001,Learned blind-carrier classifier · 10 dB · seed 71001,learned_classifier,Learned blind-carrier classifier,learned_classifier,71001,snr_db=10,paired held-out symbol/carrier/noise seed,candidate,20260727T150441Z_modulation_recognition_blind_carrier__learned_classifier_snr10_seed71001,modulation_recognition.macro_f1,0.975226
learned_classifier_snr10_seed71001,learned_classifier_snr10_seed71001,Learned blind-carrier classifier · 10 dB · seed 71001,learned_classifier,Learned blind-carrier classifier,learned_classifier,71001,snr_db=10,paired held-out symbol/carrier/noise seed,candidate,20260727T150441Z_modulation_recognition_blind_carrier__learned_classifier_snr10_seed71001,modulation_recognition.predicted_frame_count,1536
learned_classifier_snr10_seed71001,learned_classifier_snr10_seed71001,Learned blind-carrier classifier · 10 dB · seed 71001,learned_classifier,Learned blind-carrier classifier,learned_classifier,71001,snr_db=10,paired held-out symbol/carrier/noise seed,candidate,20260727T150441Z_modulation_recognition_blind_carrier__learned_classifier_snr10_seed71001,modulation_recognition.symbols_per_frame,128
learned_classifier_snr10_seed71001,learned_classifier_snr10_seed71001,Learned blind-carrier classifier · 10 dB · seed 71001,learned_classifier,Learned blind-carrier classifier,learned_classifier,71001,snr_db=10,paired held-out symbol/carrier/noise seed,candidate,20260727T150441Z_modulation_recognition_blind_carrier__learned_classifier_snr10_seed71001,steps.data.modulation_recognition.frame_count,1536
learned_classifier_snr10_seed71001,learned_classifier_snr10_seed71001,Learned blind-carrier classifier · 10 dB · seed 71001,learned_classifier,Learned blind-carrier classifier,learned_classifier,71001,snr_db=10,paired held-out symbol/carrier/noise seed,candidate,20260727T150441Z_modulation_recognition_blind_carrier__learned_classifier_snr10_seed71001,steps.data.modulation_recognition.symbols_per_frame,128
learned_classifier_snr10_seed71001,learned_classifier_snr10_seed71001,Learned blind-carrier classifier · 10 dB · seed 71001,learned_classifier,Learned blind-carrier classifier,learned_classifier,71001,snr_db=10,paired held-out symbol/carrier/noise seed,candidate,20260727T150441Z_modulation_recognition_blind_carrier__learned_classifier_snr10_seed71001,steps.data.timing.step.wall_time_s,0.066141
learned_classifier_snr10_seed71001,learned_classifier_snr10_seed71001,Learned blind-carrier classifier · 10 dB · seed 71001,learned_classifier,Learned blind-carrier classifier,learned_classifier,71001,snr_db=10,paired held-out symbol/carrier/noise seed,candidate,20260727T150441Z_modulation_recognition_blind_carrier__learned_classifier_snr10_seed71001,steps.evaluation.channel.snr_db,10
learned_classifier_snr10_seed71001,learned_classifier_snr10_seed71001,Learned blind-carrier classifier · 10 dB · seed 71001,learned_classifier,Learned blind-carrier classifier,learned_classifier,71001,snr_db=10,paired held-out symbol/carrier/noise seed,candidate,20260727T150441Z_modulation_recognition_blind_carrier__learned_classifier_snr10_seed71001,steps.evaluation.classification.balanced_accuracy,0.97526
learned_classifier_snr10_seed71001,learned_classifier_snr10_seed71001,Learned blind-carrier classifier · 10 dB · seed 71001,learned_classifier,Learned blind-carrier classifier,learned_classifier,71001,snr_db=10,paired held-out symbol/carrier/noise seed,candidate,20260727T150441Z_modulation_recognition_blind_carrier__learned_classifier_snr10_seed71001,steps.evaluation.modulation_recognition.accuracy,0.97526
learned_classifier_snr10_seed71001,learned_classifier_snr10_seed71001,Learned blind-carrier classifier · 10 dB · seed 71001,learned_classifier,Learned blind-carrier classifier,learned_classifier,71001,snr_db=10,paired held-out symbol/carrier/noise seed,candidate,20260727T150441Z_modulation_recognition_blind_carrier__learned_classifier_snr10_seed71001,steps.evaluation.modulation_recognition.balanced_accuracy,0.97526
learned_classifier_snr10_seed71001,learned_classifier_snr10_seed71001,Learned blind-carrier classifier · 10 dB · seed 71001,learned_classifier,Learned blind-carrier classifier,learned_classifier,71001,snr_db=10,paired held-out symbol/carrier/noise seed,candidate,20260727T150441Z_modulation_recognition_blind_carrier__learned_classifier_snr10_seed71001,steps.evaluation.modulation_recognition.macro_f1,0.975226
learned_classifier_snr10_seed71001,learned_classifier_snr10_seed71001,Learned blind-carrier classifier · 10 dB · seed 71001,learned_classifier,Learned blind-carrier classifier,learned_classifier,71001,snr_db=10,paired held-out symbol/carrier/noise seed,candidate,20260727T150441Z_modulation_recognition_blind_carrier__learned_classifier_snr10_seed71001,steps.evaluation.task.accuracy,0.97526
learned_classifier_snr10_seed71001,learned_classifier_snr10_seed71001,Learned blind-carrier classifier · 10 dB · seed 71001,learned_classifier,Learned blind-carrier classifier,learned_classifier,71001,snr_db=10,paired held-out symbol/carrier/noise seed,candidate,20260727T150441Z_modulation_recognition_blind_carrier__learned_classifier_snr10_seed71001,steps.evaluation.task.score,0.975226
learned_classifier_snr10_seed71001,learned_classifier_snr10_seed71001,Learned blind-carrier classifier · 10 dB · seed 71001,learned_classifier,Learned blind-carrier classifier,learned_classifier,71001,snr_db=10,paired held-out symbol/carrier/noise seed,candidate,20260727T150441Z_modulation_recognition_blind_carrier__learned_classifier_snr10_seed71001,steps.evaluation.timing.step.wall_time_s,0.006803
learned_classifier_snr10_seed71001,learned_classifier_snr10_seed71001,Learned blind-carrier classifier · 10 dB · seed 71001,learned_classifier,Learned blind-carrier classifier,learned_classifier,71001,snr_db=10,paired held-out symbol/carrier/noise seed,candidate,20260727T150441Z_modulation_recognition_blind_carrier__learned_classifier_snr10_seed71001,steps.observation.channel.carrier.cfo_abs_mean_cycles_per_symbol,0.002954
learned_classifier_snr10_seed71001,learned_classifier_snr10_seed71001,Learned blind-carrier classifier · 10 dB · seed 71001,learned_classifier,Learned blind-carrier classifier,learned_classifier,71001,snr_db=10,paired held-out symbol/carrier/noise seed,candidate,20260727T150441Z_modulation_recognition_blind_carrier__learned_classifier_snr10_seed71001,steps.observation.channel.carrier.initial_phase_abs_mean_rad,1.552568
learned_classifier_snr10_seed71001,learned_classifier_snr10_seed71001,Learned blind-carrier classifier · 10 dB · seed 71001,learned_classifier,Learned blind-carrier classifier,learned_classifier,71001,snr_db=10,paired held-out symbol/carrier/noise seed,candidate,20260727T150441Z_modulation_recognition_blind_carrier__learned_classifier_snr10_seed71001,steps.observation.channel.snr_db,10
learned_classifier_snr10_seed71001,learned_classifier_snr10_seed71001,Learned blind-carrier classifier · 10 dB · seed 71001,learned_classifier,Learned blind-carrier classifier,learned_classifier,71001,snr_db=10,paired held-out symbol/carrier/noise seed,candidate,20260727T150441Z_modulation_recognition_blind_carrier__learned_classifier_snr10_seed71001,steps.observation.channel.snr_db_max,10
learned_classifier_snr10_seed71001,learned_classifier_snr10_seed71001,Learned blind-carrier classifier · 10 dB · seed 71001,learned_classifier,Learned blind-carrier classifier,learned_classifier,71001,snr_db=10,paired held-out symbol/carrier/noise seed,candidate,20260727T150441Z_modulation_recognition_blind_carrier__learned_classifier_snr10_seed71001,steps.observation.channel.snr_db_min,10
learned_classifier_snr10_seed71001,learned_classifier_snr10_seed71001,Learned blind-carrier classifier · 10 dB · seed 71001,learned_classifier,Learned blind-carrier classifier,learned_classifier,71001,snr_db=10,paired held-out symbol/carrier/noise seed,candidate,20260727T150441Z_modulation_recognition_blind_carrier__learned_classifier_snr10_seed71001,steps.observation.modulation_recognition.frame_count,1536
learned_classifier_snr10_seed71001,learned_classifier_snr10_seed71001,Learned blind-carrier classifier · 10 dB · seed 71001,learned_classifier,Learned blind-carrier classifier,learned_classifier,71001,snr_db=10,paired held-out symbol/carrier/noise seed,candidate,20260727T150441Z_modulation_recognition_blind_carrier__learned_classifier_snr10_seed71001,steps.observation.timing.step.wall_time_s,0.094112
learned_classifier_snr10_seed71001,learned_classifier_snr10_seed71001,Learned blind-carrier classifier · 10 dB · seed 71001,learned_classifier,Learned blind-carrier classifier,learned_classifier,71001,snr_db=10,paired held-out symbol/carrier/noise seed,candidate,20260727T150441Z_modulation_recognition_blind_carrier__learned_classifier_snr10_seed71001,steps.receiver.modulation_recognition.predicted_frame_count,1536
learned_classifier_snr10_seed71001,learned_classifier_snr10_seed71001,Learned blind-carrier classifier · 10 dB · seed 71001,learned_classifier,Learned blind-carrier classifier,learned_classifier,71001,snr_db=10,paired held-out symbol/carrier/noise seed,candidate,20260727T150441Z_modulation_recognition_blind_carrier__learned_classifier_snr10_seed71001,steps.receiver.timing.step.wall_time_s,0.76639
learned_classifier_snr10_seed71001,learned_classifier_snr10_seed71001,Learned blind-carrier classifier · 10 dB · seed 71001,learned_classifier,Learned blind-carrier classifier,learned_classifier,71001,snr_db=10,paired held-out symbol/carrier/noise seed,candidate,20260727T150441Z_modulation_recognition_blind_carrier__learned_classifier_snr10_seed71001,task.accuracy,0.97526
learned_classifier_snr10_seed71001,learned_classifier_snr10_seed71001,Learned blind-carrier classifier · 10 dB · seed 71001,learned_classifier,Learned blind-carrier classifier,learned_classifier,71001,snr_db=10,paired held-out symbol/carrier/noise seed,candidate,20260727T150441Z_modulation_recognition_blind_carrier__learned_classifier_snr10_seed71001,task.score,0.975226
learned_classifier_snr10_seed72001,learned_classifier_snr10_seed72001,Learned blind-carrier classifier · 10 dB · seed 72001,learned_classifier,Learned blind-carrier classifier,learned_classifier,72001,snr_db=10,paired held-out symbol/carrier/noise seed,candidate,20260727T150449Z_modulation_recognition_blind_carrier__learned_classifier_snr10_seed72001,channel.carrier.cfo_abs_mean_cycles_per_symbol,0.002995
learned_classifier_snr10_seed72001,learned_classifier_snr10_seed72001,Learned blind-carrier classifier · 10 dB · seed 72001,learned_classifier,Learned blind-carrier classifier,learned_classifier,72001,snr_db=10,paired held-out symbol/carrier/noise seed,candidate,20260727T150449Z_modulation_recognition_blind_carrier__learned_classifier_snr10_seed72001,channel.carrier.initial_phase_abs_mean_rad,1.588569
learned_classifier_snr10_seed72001,learned_classifier_snr10_seed72001,Learned blind-carrier classifier · 10 dB · seed 72001,learned_classifier,Learned blind-carrier classifier,learned_classifier,72001,snr_db=10,paired held-out symbol/carrier/noise seed,candidate,20260727T150449Z_modulation_recognition_blind_carrier__learned_classifier_snr10_seed72001,channel.snr_db,10
learned_classifier_snr10_seed72001,learned_classifier_snr10_seed72001,Learned blind-carrier classifier · 10 dB · seed 72001,learned_classifier,Learned blind-carrier classifier,learned_classifier,72001,snr_db=10,paired held-out symbol/carrier/noise seed,candidate,20260727T150449Z_modulation_recognition_blind_carrier__learned_classifier_snr10_seed72001,channel.snr_db_max,10
learned_classifier_snr10_seed72001,learned_classifier_snr10_seed72001,Learned blind-carrier classifier · 10 dB · seed 72001,learned_classifier,Learned blind-carrier classifier,learned_classifier,72001,snr_db=10,paired held-out symbol/carrier/noise seed,candidate,20260727T150449Z_modulation_recognition_blind_carrier__learned_classifier_snr10_seed72001,channel.snr_db_min,10
learned_classifier_snr10_seed72001,learned_classifier_snr10_seed72001,Learned blind-carrier classifier · 10 dB · seed 72001,learned_classifier,Learned blind-carrier classifier,learned_classifier,72001,snr_db=10,paired held-out symbol/carrier/noise seed,candidate,20260727T150449Z_modulation_recognition_blind_carrier__learned_classifier_snr10_seed72001,classification.balanced_accuracy,0.973958
learned_classifier_snr10_seed72001,learned_classifier_snr10_seed72001,Learned blind-carrier classifier · 10 dB · seed 72001,learned_classifier,Learned blind-carrier classifier,learned_classifier,72001,snr_db=10,paired held-out symbol/carrier/noise seed,candidate,20260727T150449Z_modulation_recognition_blind_carrier__learned_classifier_snr10_seed72001,memory.run.end_rss_bytes,785256448
learned_classifier_snr10_seed72001,learned_classifier_snr10_seed72001,Learned blind-carrier classifier · 10 dB · seed 72001,learned_classifier,Learned blind-carrier classifier,learned_classifier,72001,snr_db=10,paired held-out symbol/carrier/noise seed,candidate,20260727T150449Z_modulation_recognition_blind_carrier__learned_classifier_snr10_seed72001,memory.run.peak_rss_bytes,866906112
learned_classifier_snr10_seed72001,learned_classifier_snr10_seed72001,Learned blind-carrier classifier · 10 dB · seed 72001,learned_classifier,Learned blind-carrier classifier,learned_classifier,72001,snr_db=10,paired held-out symbol/carrier/noise seed,candidate,20260727T150449Z_modulation_recognition_blind_carrier__learned_classifier_snr10_seed72001,memory.run.peak_rss_delta_bytes,70782976
learned_classifier_snr10_seed72001,learned_classifier_snr10_seed72001,Learned blind-carrier classifier · 10 dB · seed 72001,learned_classifier,Learned blind-carrier classifier,learned_classifier,72001,snr_db=10,paired held-out symbol/carrier/noise seed,candidate,20260727T150449Z_modulation_recognition_blind_carrier__learned_classifier_snr10_seed72001,memory.run.sampler_interval_s,0.05
learned_classifier_snr10_seed72001,learned_classifier_snr10_seed72001,Learned blind-carrier classifier · 10 dB · seed 72001,learned_classifier,Learned blind-carrier classifier,learned_classifier,72001,snr_db=10,paired held-out symbol/carrier/noise seed,candidate,20260727T150449Z_modulation_recognition_blind_carrier__learned_classifier_snr10_seed72001,memory.run.start_rss_bytes,796123136
learned_classifier_snr10_seed72001,learned_classifier_snr10_seed72001,Learned blind-carrier classifier · 10 dB · seed 72001,learned_classifier,Learned blind-carrier classifier,learned_classifier,72001,snr_db=10,paired held-out symbol/carrier/noise seed,candidate,20260727T150449Z_modulation_recognition_blind_carrier__learned_classifier_snr10_seed72001,modulation_recognition.accuracy,0.973958
learned_classifier_snr10_seed72001,learned_classifier_snr10_seed72001,Learned blind-carrier classifier · 10 dB · seed 72001,learned_classifier,Learned blind-carrier classifier,learned_classifier,72001,snr_db=10,paired held-out symbol/carrier/noise seed,candidate,20260727T150449Z_modulation_recognition_blind_carrier__learned_classifier_snr10_seed72001,modulation_recognition.balanced_accuracy,0.973958
learned_classifier_snr10_seed72001,learned_classifier_snr10_seed72001,Learned blind-carrier classifier · 10 dB · seed 72001,learned_classifier,Learned blind-carrier classifier,learned_classifier,72001,snr_db=10,paired held-out symbol/carrier/noise seed,candidate,20260727T150449Z_modulation_recognition_blind_carrier__learned_classifier_snr10_seed72001,modulation_recognition.frame_count,1536
learned_classifier_snr10_seed72001,learned_classifier_snr10_seed72001,Learned blind-carrier classifier · 10 dB · seed 72001,learned_classifier,Learned blind-carrier classifier,learned_classifier,72001,snr_db=10,paired held-out symbol/carrier/noise seed,candidate,20260727T150449Z_modulation_recognition_blind_carrier__learned_classifier_snr10_seed72001,modulation_recognition.macro_f1,0.973919
learned_classifier_snr10_seed72001,learned_classifier_snr10_seed72001,Learned blind-carrier classifier · 10 dB · seed 72001,learned_classifier,Learned blind-carrier classifier,learned_classifier,72001,snr_db=10,paired held-out symbol/carrier/noise seed,candidate,20260727T150449Z_modulation_recognition_blind_carrier__learned_classifier_snr10_seed72001,modulation_recognition.predicted_frame_count,1536
learned_classifier_snr10_seed72001,learned_classifier_snr10_seed72001,Learned blind-carrier classifier · 10 dB · seed 72001,learned_classifier,Learned blind-carrier classifier,learned_classifier,72001,snr_db=10,paired held-out symbol/carrier/noise seed,candidate,20260727T150449Z_modulation_recognition_blind_carrier__learned_classifier_snr10_seed72001,modulation_recognition.symbols_per_frame,128
learned_classifier_snr10_seed72001,learned_classifier_snr10_seed72001,Learned blind-carrier classifier · 10 dB · seed 72001,learned_classifier,Learned blind-carrier classifier,learned_classifier,72001,snr_db=10,paired held-out symbol/carrier/noise seed,candidate,20260727T150449Z_modulation_recognition_blind_carrier__learned_classifier_snr10_seed72001,steps.data.modulation_recognition.frame_count,1536
learned_classifier_snr10_seed72001,learned_classifier_snr10_seed72001,Learned blind-carrier classifier · 10 dB · seed 72001,learned_classifier,Learned blind-carrier classifier,learned_classifier,72001,snr_db=10,paired held-out symbol/carrier/noise seed,candidate,20260727T150449Z_modulation_recognition_blind_carrier__learned_classifier_snr10_seed72001,steps.data.modulation_recognition.symbols_per_frame,128
learned_classifier_snr10_seed72001,learned_classifier_snr10_seed72001,Learned blind-carrier classifier · 10 dB · seed 72001,learned_classifier,Learned blind-carrier classifier,learned_classifier,72001,snr_db=10,paired held-out symbol/carrier/noise seed,candidate,20260727T150449Z_modulation_recognition_blind_carrier__learned_classifier_snr10_seed72001,steps.data.timing.step.wall_time_s,0.06472
learned_classifier_snr10_seed72001,learned_classifier_snr10_seed72001,Learned blind-carrier classifier · 10 dB · seed 72001,learned_classifier,Learned blind-carrier classifier,learned_classifier,72001,snr_db=10,paired held-out symbol/carrier/noise seed,candidate,20260727T150449Z_modulation_recognition_blind_carrier__learned_classifier_snr10_seed72001,steps.evaluation.channel.snr_db,10
learned_classifier_snr10_seed72001,learned_classifier_snr10_seed72001,Learned blind-carrier classifier · 10 dB · seed 72001,learned_classifier,Learned blind-carrier classifier,learned_classifier,72001,snr_db=10,paired held-out symbol/carrier/noise seed,candidate,20260727T150449Z_modulation_recognition_blind_carrier__learned_classifier_snr10_seed72001,steps.evaluation.classification.balanced_accuracy,0.973958
learned_classifier_snr10_seed72001,learned_classifier_snr10_seed72001,Learned blind-carrier classifier · 10 dB · seed 72001,learned_classifier,Learned blind-carrier classifier,learned_classifier,72001,snr_db=10,paired held-out symbol/carrier/noise seed,candidate,20260727T150449Z_modulation_recognition_blind_carrier__learned_classifier_snr10_seed72001,steps.evaluation.modulation_recognition.accuracy,0.973958
learned_classifier_snr10_seed72001,learned_classifier_snr10_seed72001,Learned blind-carrier classifier · 10 dB · seed 72001,learned_classifier,Learned blind-carrier classifier,learned_classifier,72001,snr_db=10,paired held-out symbol/carrier/noise seed,candidate,20260727T150449Z_modulation_recognition_blind_carrier__learned_classifier_snr10_seed72001,steps.evaluation.modulation_recognition.balanced_accuracy,0.973958
learned_classifier_snr10_seed72001,learned_classifier_snr10_seed72001,Learned blind-carrier classifier · 10 dB · seed 72001,learned_classifier,Learned blind-carrier classifier,learned_classifier,72001,snr_db=10,paired held-out symbol/carrier/noise seed,candidate,20260727T150449Z_modulation_recognition_blind_carrier__learned_classifier_snr10_seed72001,steps.evaluation.modulation_recognition.macro_f1,0.973919
learned_classifier_snr10_seed72001,learned_classifier_snr10_seed72001,Learned blind-carrier classifier · 10 dB · seed 72001,learned_classifier,Learned blind-carrier classifier,learned_classifier,72001,snr_db=10,paired held-out symbol/carrier/noise seed,candidate,20260727T150449Z_modulation_recognition_blind_carrier__learned_classifier_snr10_seed72001,steps.evaluation.task.accuracy,0.973958
learned_classifier_snr10_seed72001,learned_classifier_snr10_seed72001,Learned blind-carrier classifier · 10 dB · seed 72001,learned_classifier,Learned blind-carrier classifier,learned_classifier,72001,snr_db=10,paired held-out symbol/carrier/noise seed,candidate,20260727T150449Z_modulation_recognition_blind_carrier__learned_classifier_snr10_seed72001,steps.evaluation.task.score,0.973919
learned_classifier_snr10_seed72001,learned_classifier_snr10_seed72001,Learned blind-carrier classifier · 10 dB · seed 72001,learned_classifier,Learned blind-carrier classifier,learned_classifier,72001,snr_db=10,paired held-out symbol/carrier/noise seed,candidate,20260727T150449Z_modulation_recognition_blind_carrier__learned_classifier_snr10_seed72001,steps.evaluation.timing.step.wall_time_s,0.007435
learned_classifier_snr10_seed72001,learned_classifier_snr10_seed72001,Learned blind-carrier classifier · 10 dB · seed 72001,learned_classifier,Learned blind-carrier classifier,learned_classifier,72001,snr_db=10,paired held-out symbol/carrier/noise seed,candidate,20260727T150449Z_modulation_recognition_blind_carrier__learned_classifier_snr10_seed72001,steps.observation.channel.carrier.cfo_abs_mean_cycles_per_symbol,0.002995
learned_classifier_snr10_seed72001,learned_classifier_snr10_seed72001,Learned blind-carrier classifier · 10 dB · seed 72001,learned_classifier,Learned blind-carrier classifier,learned_classifier,72001,snr_db=10,paired held-out symbol/carrier/noise seed,candidate,20260727T150449Z_modulation_recognition_blind_carrier__learned_classifier_snr10_seed72001,steps.observation.channel.carrier.initial_phase_abs_mean_rad,1.588569
learned_classifier_snr10_seed72001,learned_classifier_snr10_seed72001,Learned blind-carrier classifier · 10 dB · seed 72001,learned_classifier,Learned blind-carrier classifier,learned_classifier,72001,snr_db=10,paired held-out symbol/carrier/noise seed,candidate,20260727T150449Z_modulation_recognition_blind_carrier__learned_classifier_snr10_seed72001,steps.observation.channel.snr_db,10
learned_classifier_snr10_seed72001,learned_classifier_snr10_seed72001,Learned blind-carrier classifier · 10 dB · seed 72001,learned_classifier,Learned blind-carrier classifier,learned_classifier,72001,snr_db=10,paired held-out symbol/carrier/noise seed,candidate,20260727T150449Z_modulation_recognition_blind_carrier__learned_classifier_snr10_seed72001,steps.observation.channel.snr_db_max,10
learned_classifier_snr10_seed72001,learned_classifier_snr10_seed72001,Learned blind-carrier classifier · 10 dB · seed 72001,learned_classifier,Learned blind-carrier classifier,learned_classifier,72001,snr_db=10,paired held-out symbol/carrier/noise seed,candidate,20260727T150449Z_modulation_recognition_blind_carrier__learned_classifier_snr10_seed72001,steps.observation.channel.snr_db_min,10
learned_classifier_snr10_seed72001,learned_classifier_snr10_seed72001,Learned blind-carrier classifier · 10 dB · seed 72001,learned_classifier,Learned blind-carrier classifier,learned_classifier,72001,snr_db=10,paired held-out symbol/carrier/noise seed,candidate,20260727T150449Z_modulation_recognition_blind_carrier__learned_classifier_snr10_seed72001,steps.observation.modulation_recognition.frame_count,1536
learned_classifier_snr10_seed72001,learned_classifier_snr10_seed72001,Learned blind-carrier classifier · 10 dB · seed 72001,learned_classifier,Learned blind-carrier classifier,learned_classifier,72001,snr_db=10,paired held-out symbol/carrier/noise seed,candidate,20260727T150449Z_modulation_recognition_blind_carrier__learned_classifier_snr10_seed72001,steps.observation.timing.step.wall_time_s,0.100127
learned_classifier_snr10_seed72001,learned_classifier_snr10_seed72001,Learned blind-carrier classifier · 10 dB · seed 72001,learned_classifier,Learned blind-carrier classifier,learned_classifier,72001,snr_db=10,paired held-out symbol/carrier/noise seed,candidate,20260727T150449Z_modulation_recognition_blind_carrier__learned_classifier_snr10_seed72001,steps.receiver.modulation_recognition.predicted_frame_count,1536
learned_classifier_snr10_seed72001,learned_classifier_snr10_seed72001,Learned blind-carrier classifier · 10 dB · seed 72001,learned_classifier,Learned blind-carrier classifier,learned_classifier,72001,snr_db=10,paired held-out symbol/carrier/noise seed,candidate,20260727T150449Z_modulation_recognition_blind_carrier__learned_classifier_snr10_seed72001,steps.receiver.timing.step.wall_time_s,0.722195
learned_classifier_snr10_seed72001,learned_classifier_snr10_seed72001,Learned blind-carrier classifier · 10 dB · seed 72001,learned_classifier,Learned blind-carrier classifier,learned_classifier,72001,snr_db=10,paired held-out symbol/carrier/noise seed,candidate,20260727T150449Z_modulation_recognition_blind_carrier__learned_classifier_snr10_seed72001,task.accuracy,0.973958
learned_classifier_snr10_seed72001,learned_classifier_snr10_seed72001,Learned blind-carrier classifier · 10 dB · seed 72001,learned_classifier,Learned blind-carrier classifier,learned_classifier,72001,snr_db=10,paired held-out symbol/carrier/noise seed,candidate,20260727T150449Z_modulation_recognition_blind_carrier__learned_classifier_snr10_seed72001,task.score,0.973919
learned_classifier_snr10_seed73001,learned_classifier_snr10_seed73001,Learned blind-carrier classifier · 10 dB · seed 73001,learned_classifier,Learned blind-carrier classifier,learned_classifier,73001,snr_db=10,paired held-out symbol/carrier/noise seed,candidate,20260727T150457Z_modulation_recognition_blind_carrier__learned_classifier_snr10_seed73001,channel.carrier.cfo_abs_mean_cycles_per_symbol,0.003047
learned_classifier_snr10_seed73001,learned_classifier_snr10_seed73001,Learned blind-carrier classifier · 10 dB · seed 73001,learned_classifier,Learned blind-carrier classifier,learned_classifier,73001,snr_db=10,paired held-out symbol/carrier/noise seed,candidate,20260727T150457Z_modulation_recognition_blind_carrier__learned_classifier_snr10_seed73001,channel.carrier.initial_phase_abs_mean_rad,1.55227
learned_classifier_snr10_seed73001,learned_classifier_snr10_seed73001,Learned blind-carrier classifier · 10 dB · seed 73001,learned_classifier,Learned blind-carrier classifier,learned_classifier,73001,snr_db=10,paired held-out symbol/carrier/noise seed,candidate,20260727T150457Z_modulation_recognition_blind_carrier__learned_classifier_snr10_seed73001,channel.snr_db,10
learned_classifier_snr10_seed73001,learned_classifier_snr10_seed73001,Learned blind-carrier classifier · 10 dB · seed 73001,learned_classifier,Learned blind-carrier classifier,learned_classifier,73001,snr_db=10,paired held-out symbol/carrier/noise seed,candidate,20260727T150457Z_modulation_recognition_blind_carrier__learned_classifier_snr10_seed73001,channel.snr_db_max,10
learned_classifier_snr10_seed73001,learned_classifier_snr10_seed73001,Learned blind-carrier classifier · 10 dB · seed 73001,learned_classifier,Learned blind-carrier classifier,learned_classifier,73001,snr_db=10,paired held-out symbol/carrier/noise seed,candidate,20260727T150457Z_modulation_recognition_blind_carrier__learned_classifier_snr10_seed73001,channel.snr_db_min,10
learned_classifier_snr10_seed73001,learned_classifier_snr10_seed73001,Learned blind-carrier classifier · 10 dB · seed 73001,learned_classifier,Learned blind-carrier classifier,learned_classifier,73001,snr_db=10,paired held-out symbol/carrier/noise seed,candidate,20260727T150457Z_modulation_recognition_blind_carrier__learned_classifier_snr10_seed73001,classification.balanced_accuracy,0.979818
learned_classifier_snr10_seed73001,learned_classifier_snr10_seed73001,Learned blind-carrier classifier · 10 dB · seed 73001,learned_classifier,Learned blind-carrier classifier,learned_classifier,73001,snr_db=10,paired held-out symbol/carrier/noise seed,candidate,20260727T150457Z_modulation_recognition_blind_carrier__learned_classifier_snr10_seed73001,memory.run.end_rss_bytes,793321472
learned_classifier_snr10_seed73001,learned_classifier_snr10_seed73001,Learned blind-carrier classifier · 10 dB · seed 73001,learned_classifier,Learned blind-carrier classifier,learned_classifier,73001,snr_db=10,paired held-out symbol/carrier/noise seed,candidate,20260727T150457Z_modulation_recognition_blind_carrier__learned_classifier_snr10_seed73001,memory.run.peak_rss_bytes,900149248
learned_classifier_snr10_seed73001,learned_classifier_snr10_seed73001,Learned blind-carrier classifier · 10 dB · seed 73001,learned_classifier,Learned blind-carrier classifier,learned_classifier,73001,snr_db=10,paired held-out symbol/carrier/noise seed,candidate,20260727T150457Z_modulation_recognition_blind_carrier__learned_classifier_snr10_seed73001,memory.run.peak_rss_delta_bytes,95944704
learned_classifier_snr10_seed73001,learned_classifier_snr10_seed73001,Learned blind-carrier classifier · 10 dB · seed 73001,learned_classifier,Learned blind-carrier classifier,learned_classifier,73001,snr_db=10,paired held-out symbol/carrier/noise seed,candidate,20260727T150457Z_modulation_recognition_blind_carrier__learned_classifier_snr10_seed73001,memory.run.sampler_interval_s,0.05
learned_classifier_snr10_seed73001,learned_classifier_snr10_seed73001,Learned blind-carrier classifier · 10 dB · seed 73001,learned_classifier,Learned blind-carrier classifier,learned_classifier,73001,snr_db=10,paired held-out symbol/carrier/noise seed,candidate,20260727T150457Z_modulation_recognition_blind_carrier__learned_classifier_snr10_seed73001,memory.run.start_rss_bytes,804204544
learned_classifier_snr10_seed73001,learned_classifier_snr10_seed73001,Learned blind-carrier classifier · 10 dB · seed 73001,learned_classifier,Learned blind-carrier classifier,learned_classifier,73001,snr_db=10,paired held-out symbol/carrier/noise seed,candidate,20260727T150457Z_modulation_recognition_blind_carrier__learned_classifier_snr10_seed73001,modulation_recognition.accuracy,0.979818
learned_classifier_snr10_seed73001,learned_classifier_snr10_seed73001,Learned blind-carrier classifier · 10 dB · seed 73001,learned_classifier,Learned blind-carrier classifier,learned_classifier,73001,snr_db=10,paired held-out symbol/carrier/noise seed,candidate,20260727T150457Z_modulation_recognition_blind_carrier__learned_classifier_snr10_seed73001,modulation_recognition.balanced_accuracy,0.979818
learned_classifier_snr10_seed73001,learned_classifier_snr10_seed73001,Learned blind-carrier classifier · 10 dB · seed 73001,learned_classifier,Learned blind-carrier classifier,learned_classifier,73001,snr_db=10,paired held-out symbol/carrier/noise seed,candidate,20260727T150457Z_modulation_recognition_blind_carrier__learned_classifier_snr10_seed73001,modulation_recognition.frame_count,1536
learned_classifier_snr10_seed73001,learned_classifier_snr10_seed73001,Learned blind-carrier classifier · 10 dB · seed 73001,learned_classifier,Learned blind-carrier classifier,learned_classifier,73001,snr_db=10,paired held-out symbol/carrier/noise seed,candidate,20260727T150457Z_modulation_recognition_blind_carrier__learned_classifier_snr10_seed73001,modulation_recognition.macro_f1,0.979799
learned_classifier_snr10_seed73001,learned_classifier_snr10_seed73001,Learned blind-carrier classifier · 10 dB · seed 73001,learned_classifier,Learned blind-carrier classifier,learned_classifier,73001,snr_db=10,paired held-out symbol/carrier/noise seed,candidate,20260727T150457Z_modulation_recognition_blind_carrier__learned_classifier_snr10_seed73001,modulation_recognition.predicted_frame_count,1536
learned_classifier_snr10_seed73001,learned_classifier_snr10_seed73001,Learned blind-carrier classifier · 10 dB · seed 73001,learned_classifier,Learned blind-carrier classifier,learned_classifier,73001,snr_db=10,paired held-out symbol/carrier/noise seed,candidate,20260727T150457Z_modulation_recognition_blind_carrier__learned_classifier_snr10_seed73001,modulation_recognition.symbols_per_frame,128
learned_classifier_snr10_seed73001,learned_classifier_snr10_seed73001,Learned blind-carrier classifier · 10 dB · seed 73001,learned_classifier,Learned blind-carrier classifier,learned_classifier,73001,snr_db=10,paired held-out symbol/carrier/noise seed,candidate,20260727T150457Z_modulation_recognition_blind_carrier__learned_classifier_snr10_seed73001,steps.data.modulation_recognition.frame_count,1536
learned_classifier_snr10_seed73001,learned_classifier_snr10_seed73001,Learned blind-carrier classifier · 10 dB · seed 73001,learned_classifier,Learned blind-carrier classifier,learned_classifier,73001,snr_db=10,paired held-out symbol/carrier/noise seed,candidate,20260727T150457Z_modulation_recognition_blind_carrier__learned_classifier_snr10_seed73001,steps.data.modulation_recognition.symbols_per_frame,128
learned_classifier_snr10_seed73001,learned_classifier_snr10_seed73001,Learned blind-carrier classifier · 10 dB · seed 73001,learned_classifier,Learned blind-carrier classifier,learned_classifier,73001,snr_db=10,paired held-out symbol/carrier/noise seed,candidate,20260727T150457Z_modulation_recognition_blind_carrier__learned_classifier_snr10_seed73001,steps.data.timing.step.wall_time_s,0.065338
learned_classifier_snr10_seed73001,learned_classifier_snr10_seed73001,Learned blind-carrier classifier · 10 dB · seed 73001,learned_classifier,Learned blind-carrier classifier,learned_classifier,73001,snr_db=10,paired held-out symbol/carrier/noise seed,candidate,20260727T150457Z_modulation_recognition_blind_carrier__learned_classifier_snr10_seed73001,steps.evaluation.channel.snr_db,10
learned_classifier_snr10_seed73001,learned_classifier_snr10_seed73001,Learned blind-carrier classifier · 10 dB · seed 73001,learned_classifier,Learned blind-carrier classifier,learned_classifier,73001,snr_db=10,paired held-out symbol/carrier/noise seed,candidate,20260727T150457Z_modulation_recognition_blind_carrier__learned_classifier_snr10_seed73001,steps.evaluation.classification.balanced_accuracy,0.979818
learned_classifier_snr10_seed73001,learned_classifier_snr10_seed73001,Learned blind-carrier classifier · 10 dB · seed 73001,learned_classifier,Learned blind-carrier classifier,learned_classifier,73001,snr_db=10,paired held-out symbol/carrier/noise seed,candidate,20260727T150457Z_modulation_recognition_blind_carrier__learned_classifier_snr10_seed73001,steps.evaluation.modulation_recognition.accuracy,0.979818
learned_classifier_snr10_seed73001,learned_classifier_snr10_seed73001,Learned blind-carrier classifier · 10 dB · seed 73001,learned_classifier,Learned blind-carrier classifier,learned_classifier,73001,snr_db=10,paired held-out symbol/carrier/noise seed,candidate,20260727T150457Z_modulation_recognition_blind_carrier__learned_classifier_snr10_seed73001,steps.evaluation.modulation_recognition.balanced_accuracy,0.979818
learned_classifier_snr10_seed73001,learned_classifier_snr10_seed73001,Learned blind-carrier classifier · 10 dB · seed 73001,learned_classifier,Learned blind-carrier classifier,learned_classifier,73001,snr_db=10,paired held-out symbol/carrier/noise seed,candidate,20260727T150457Z_modulation_recognition_blind_carrier__learned_classifier_snr10_seed73001,steps.evaluation.modulation_recognition.macro_f1,0.979799
learned_classifier_snr10_seed73001,learned_classifier_snr10_seed73001,Learned blind-carrier classifier · 10 dB · seed 73001,learned_classifier,Learned blind-carrier classifier,learned_classifier,73001,snr_db=10,paired held-out symbol/carrier/noise seed,candidate,20260727T150457Z_modulation_recognition_blind_carrier__learned_classifier_snr10_seed73001,steps.evaluation.task.accuracy,0.979818
learned_classifier_snr10_seed73001,learned_classifier_snr10_seed73001,Learned blind-carrier classifier · 10 dB · seed 73001,learned_classifier,Learned blind-carrier classifier,learned_classifier,73001,snr_db=10,paired held-out symbol/carrier/noise seed,candidate,20260727T150457Z_modulation_recognition_blind_carrier__learned_classifier_snr10_seed73001,steps.evaluation.task.score,0.979799
learned_classifier_snr10_seed73001,learned_classifier_snr10_seed73001,Learned blind-carrier classifier · 10 dB · seed 73001,learned_classifier,Learned blind-carrier classifier,learned_classifier,73001,snr_db=10,paired held-out symbol/carrier/noise seed,candidate,20260727T150457Z_modulation_recognition_blind_carrier__learned_classifier_snr10_seed73001,steps.evaluation.timing.step.wall_time_s,0.007958
learned_classifier_snr10_seed73001,learned_classifier_snr10_seed73001,Learned blind-carrier classifier · 10 dB · seed 73001,learned_classifier,Learned blind-carrier classifier,learned_classifier,73001,snr_db=10,paired held-out symbol/carrier/noise seed,candidate,20260727T150457Z_modulation_recognition_blind_carrier__learned_classifier_snr10_seed73001,steps.observation.channel.carrier.cfo_abs_mean_cycles_per_symbol,0.003047
learned_classifier_snr10_seed73001,learned_classifier_snr10_seed73001,Learned blind-carrier classifier · 10 dB · seed 73001,learned_classifier,Learned blind-carrier classifier,learned_classifier,73001,snr_db=10,paired held-out symbol/carrier/noise seed,candidate,20260727T150457Z_modulation_recognition_blind_carrier__learned_classifier_snr10_seed73001,steps.observation.channel.carrier.initial_phase_abs_mean_rad,1.55227
learned_classifier_snr10_seed73001,learned_classifier_snr10_seed73001,Learned blind-carrier classifier · 10 dB · seed 73001,learned_classifier,Learned blind-carrier classifier,learned_classifier,73001,snr_db=10,paired held-out symbol/carrier/noise seed,candidate,20260727T150457Z_modulation_recognition_blind_carrier__learned_classifier_snr10_seed73001,steps.observation.channel.snr_db,10
learned_classifier_snr10_seed73001,learned_classifier_snr10_seed73001,Learned blind-carrier classifier · 10 dB · seed 73001,learned_classifier,Learned blind-carrier classifier,learned_classifier,73001,snr_db=10,paired held-out symbol/carrier/noise seed,candidate,20260727T150457Z_modulation_recognition_blind_carrier__learned_classifier_snr10_seed73001,steps.observation.channel.snr_db_max,10
learned_classifier_snr10_seed73001,learned_classifier_snr10_seed73001,Learned blind-carrier classifier · 10 dB · seed 73001,learned_classifier,Learned blind-carrier classifier,learned_classifier,73001,snr_db=10,paired held-out symbol/carrier/noise seed,candidate,20260727T150457Z_modulation_recognition_blind_carrier__learned_classifier_snr10_seed73001,steps.observation.channel.snr_db_min,10
learned_classifier_snr10_seed73001,learned_classifier_snr10_seed73001,Learned blind-carrier classifier · 10 dB · seed 73001,learned_classifier,Learned blind-carrier classifier,learned_classifier,73001,snr_db=10,paired held-out symbol/carrier/noise seed,candidate,20260727T150457Z_modulation_recognition_blind_carrier__learned_classifier_snr10_seed73001,steps.observation.modulation_recognition.frame_count,1536
learned_classifier_snr10_seed73001,learned_classifier_snr10_seed73001,Learned blind-carrier classifier · 10 dB · seed 73001,learned_classifier,Learned blind-carrier classifier,learned_classifier,73001,snr_db=10,paired held-out symbol/carrier/noise seed,candidate,20260727T150457Z_modulation_recognition_blind_carrier__learned_classifier_snr10_seed73001,steps.observation.timing.step.wall_time_s,0.117834
learned_classifier_snr10_seed73001,learned_classifier_snr10_seed73001,Learned blind-carrier classifier · 10 dB · seed 73001,learned_classifier,Learned blind-carrier classifier,learned_classifier,73001,snr_db=10,paired held-out symbol/carrier/noise seed,candidate,20260727T150457Z_modulation_recognition_blind_carrier__learned_classifier_snr10_seed73001,steps.receiver.modulation_recognition.predicted_frame_count,1536
learned_classifier_snr10_seed73001,learned_classifier_snr10_seed73001,Learned blind-carrier classifier · 10 dB · seed 73001,learned_classifier,Learned blind-carrier classifier,learned_classifier,73001,snr_db=10,paired held-out symbol/carrier/noise seed,candidate,20260727T150457Z_modulation_recognition_blind_carrier__learned_classifier_snr10_seed73001,steps.receiver.timing.step.wall_time_s,0.799629
learned_classifier_snr10_seed73001,learned_classifier_snr10_seed73001,Learned blind-carrier classifier · 10 dB · seed 73001,learned_classifier,Learned blind-carrier classifier,learned_classifier,73001,snr_db=10,paired held-out symbol/carrier/noise seed,candidate,20260727T150457Z_modulation_recognition_blind_carrier__learned_classifier_snr10_seed73001,task.accuracy,0.979818
learned_classifier_snr10_seed73001,learned_classifier_snr10_seed73001,Learned blind-carrier classifier · 10 dB · seed 73001,learned_classifier,Learned blind-carrier classifier,learned_classifier,73001,snr_db=10,paired held-out symbol/carrier/noise seed,candidate,20260727T150457Z_modulation_recognition_blind_carrier__learned_classifier_snr10_seed73001,task.score,0.979799
learned_classifier_snr14_seed71001,learned_classifier_snr14_seed71001,Learned blind-carrier classifier · 14 dB · seed 71001,learned_classifier,Learned blind-carrier classifier,learned_classifier,71001,snr_db=14,paired held-out symbol/carrier/noise seed,candidate,20260727T150505Z_modulation_recognition_blind_carrier__learned_classifier_snr14_seed71001,channel.carrier.cfo_abs_mean_cycles_per_symbol,0.002954
learned_classifier_snr14_seed71001,learned_classifier_snr14_seed71001,Learned blind-carrier classifier · 14 dB · seed 71001,learned_classifier,Learned blind-carrier classifier,learned_classifier,71001,snr_db=14,paired held-out symbol/carrier/noise seed,candidate,20260727T150505Z_modulation_recognition_blind_carrier__learned_classifier_snr14_seed71001,channel.carrier.initial_phase_abs_mean_rad,1.552568
learned_classifier_snr14_seed71001,learned_classifier_snr14_seed71001,Learned blind-carrier classifier · 14 dB · seed 71001,learned_classifier,Learned blind-carrier classifier,learned_classifier,71001,snr_db=14,paired held-out symbol/carrier/noise seed,candidate,20260727T150505Z_modulation_recognition_blind_carrier__learned_classifier_snr14_seed71001,channel.snr_db,14
learned_classifier_snr14_seed71001,learned_classifier_snr14_seed71001,Learned blind-carrier classifier · 14 dB · seed 71001,learned_classifier,Learned blind-carrier classifier,learned_classifier,71001,snr_db=14,paired held-out symbol/carrier/noise seed,candidate,20260727T150505Z_modulation_recognition_blind_carrier__learned_classifier_snr14_seed71001,channel.snr_db_max,14
learned_classifier_snr14_seed71001,learned_classifier_snr14_seed71001,Learned blind-carrier classifier · 14 dB · seed 71001,learned_classifier,Learned blind-carrier classifier,learned_classifier,71001,snr_db=14,paired held-out symbol/carrier/noise seed,candidate,20260727T150505Z_modulation_recognition_blind_carrier__learned_classifier_snr14_seed71001,channel.snr_db_min,14
learned_classifier_snr14_seed71001,learned_classifier_snr14_seed71001,Learned blind-carrier classifier · 14 dB · seed 71001,learned_classifier,Learned blind-carrier classifier,learned_classifier,71001,snr_db=14,paired held-out symbol/carrier/noise seed,candidate,20260727T150505Z_modulation_recognition_blind_carrier__learned_classifier_snr14_seed71001,classification.balanced_accuracy,0.995443
learned_classifier_snr14_seed71001,learned_classifier_snr14_seed71001,Learned blind-carrier classifier · 14 dB · seed 71001,learned_classifier,Learned blind-carrier classifier,learned_classifier,71001,snr_db=14,paired held-out symbol/carrier/noise seed,candidate,20260727T150505Z_modulation_recognition_blind_carrier__learned_classifier_snr14_seed71001,memory.run.end_rss_bytes,797835264
learned_classifier_snr14_seed71001,learned_classifier_snr14_seed71001,Learned blind-carrier classifier · 14 dB · seed 71001,learned_classifier,Learned blind-carrier classifier,learned_classifier,71001,snr_db=14,paired held-out symbol/carrier/noise seed,candidate,20260727T150505Z_modulation_recognition_blind_carrier__learned_classifier_snr14_seed71001,memory.run.peak_rss_bytes,904658944
learned_classifier_snr14_seed71001,learned_classifier_snr14_seed71001,Learned blind-carrier classifier · 14 dB · seed 71001,learned_classifier,Learned blind-carrier classifier,learned_classifier,71001,snr_db=14,paired held-out symbol/carrier/noise seed,candidate,20260727T150505Z_modulation_recognition_blind_carrier__learned_classifier_snr14_seed71001,memory.run.peak_rss_delta_bytes,95944704
learned_classifier_snr14_seed71001,learned_classifier_snr14_seed71001,Learned blind-carrier classifier · 14 dB · seed 71001,learned_classifier,Learned blind-carrier classifier,learned_classifier,71001,snr_db=14,paired held-out symbol/carrier/noise seed,candidate,20260727T150505Z_modulation_recognition_blind_carrier__learned_classifier_snr14_seed71001,memory.run.sampler_interval_s,0.05
learned_classifier_snr14_seed71001,learned_classifier_snr14_seed71001,Learned blind-carrier classifier · 14 dB · seed 71001,learned_classifier,Learned blind-carrier classifier,learned_classifier,71001,snr_db=14,paired held-out symbol/carrier/noise seed,candidate,20260727T150505Z_modulation_recognition_blind_carrier__learned_classifier_snr14_seed71001,memory.run.start_rss_bytes,808714240
learned_classifier_snr14_seed71001,learned_classifier_snr14_seed71001,Learned blind-carrier classifier · 14 dB · seed 71001,learned_classifier,Learned blind-carrier classifier,learned_classifier,71001,snr_db=14,paired held-out symbol/carrier/noise seed,candidate,20260727T150505Z_modulation_recognition_blind_carrier__learned_classifier_snr14_seed71001,modulation_recognition.accuracy,0.995443
learned_classifier_snr14_seed71001,learned_classifier_snr14_seed71001,Learned blind-carrier classifier · 14 dB · seed 71001,learned_classifier,Learned blind-carrier classifier,learned_classifier,71001,snr_db=14,paired held-out symbol/carrier/noise seed,candidate,20260727T150505Z_modulation_recognition_blind_carrier__learned_classifier_snr14_seed71001,modulation_recognition.balanced_accuracy,0.995443
learned_classifier_snr14_seed71001,learned_classifier_snr14_seed71001,Learned blind-carrier classifier · 14 dB · seed 71001,learned_classifier,Learned blind-carrier classifier,learned_classifier,71001,snr_db=14,paired held-out symbol/carrier/noise seed,candidate,20260727T150505Z_modulation_recognition_blind_carrier__learned_classifier_snr14_seed71001,modulation_recognition.frame_count,1536
learned_classifier_snr14_seed71001,learned_classifier_snr14_seed71001,Learned blind-carrier classifier · 14 dB · seed 71001,learned_classifier,Learned blind-carrier classifier,learned_classifier,71001,snr_db=14,paired held-out symbol/carrier/noise seed,candidate,20260727T150505Z_modulation_recognition_blind_carrier__learned_classifier_snr14_seed71001,modulation_recognition.macro_f1,0.995442
learned_classifier_snr14_seed71001,learned_classifier_snr14_seed71001,Learned blind-carrier classifier · 14 dB · seed 71001,learned_classifier,Learned blind-carrier classifier,learned_classifier,71001,snr_db=14,paired held-out symbol/carrier/noise seed,candidate,20260727T150505Z_modulation_recognition_blind_carrier__learned_classifier_snr14_seed71001,modulation_recognition.predicted_frame_count,1536
learned_classifier_snr14_seed71001,learned_classifier_snr14_seed71001,Learned blind-carrier classifier · 14 dB · seed 71001,learned_classifier,Learned blind-carrier classifier,learned_classifier,71001,snr_db=14,paired held-out symbol/carrier/noise seed,candidate,20260727T150505Z_modulation_recognition_blind_carrier__learned_classifier_snr14_seed71001,modulation_recognition.symbols_per_frame,128
learned_classifier_snr14_seed71001,learned_classifier_snr14_seed71001,Learned blind-carrier classifier · 14 dB · seed 71001,learned_classifier,Learned blind-carrier classifier,learned_classifier,71001,snr_db=14,paired held-out symbol/carrier/noise seed,candidate,20260727T150505Z_modulation_recognition_blind_carrier__learned_classifier_snr14_seed71001,steps.data.modulation_recognition.frame_count,1536
learned_classifier_snr14_seed71001,learned_classifier_snr14_seed71001,Learned blind-carrier classifier · 14 dB · seed 71001,learned_classifier,Learned blind-carrier classifier,learned_classifier,71001,snr_db=14,paired held-out symbol/carrier/noise seed,candidate,20260727T150505Z_modulation_recognition_blind_carrier__learned_classifier_snr14_seed71001,steps.data.modulation_recognition.symbols_per_frame,128
learned_classifier_snr14_seed71001,learned_classifier_snr14_seed71001,Learned blind-carrier classifier · 14 dB · seed 71001,learned_classifier,Learned blind-carrier classifier,learned_classifier,71001,snr_db=14,paired held-out symbol/carrier/noise seed,candidate,20260727T150505Z_modulation_recognition_blind_carrier__learned_classifier_snr14_seed71001,steps.data.timing.step.wall_time_s,0.064266
learned_classifier_snr14_seed71001,learned_classifier_snr14_seed71001,Learned blind-carrier classifier · 14 dB · seed 71001,learned_classifier,Learned blind-carrier classifier,learned_classifier,71001,snr_db=14,paired held-out symbol/carrier/noise seed,candidate,20260727T150505Z_modulation_recognition_blind_carrier__learned_classifier_snr14_seed71001,steps.evaluation.channel.snr_db,14
learned_classifier_snr14_seed71001,learned_classifier_snr14_seed71001,Learned blind-carrier classifier · 14 dB · seed 71001,learned_classifier,Learned blind-carrier classifier,learned_classifier,71001,snr_db=14,paired held-out symbol/carrier/noise seed,candidate,20260727T150505Z_modulation_recognition_blind_carrier__learned_classifier_snr14_seed71001,steps.evaluation.classification.balanced_accuracy,0.995443
learned_classifier_snr14_seed71001,learned_classifier_snr14_seed71001,Learned blind-carrier classifier · 14 dB · seed 71001,learned_classifier,Learned blind-carrier classifier,learned_classifier,71001,snr_db=14,paired held-out symbol/carrier/noise seed,candidate,20260727T150505Z_modulation_recognition_blind_carrier__learned_classifier_snr14_seed71001,steps.evaluation.modulation_recognition.accuracy,0.995443
learned_classifier_snr14_seed71001,learned_classifier_snr14_seed71001,Learned blind-carrier classifier · 14 dB · seed 71001,learned_classifier,Learned blind-carrier classifier,learned_classifier,71001,snr_db=14,paired held-out symbol/carrier/noise seed,candidate,20260727T150505Z_modulation_recognition_blind_carrier__learned_classifier_snr14_seed71001,steps.evaluation.modulation_recognition.balanced_accuracy,0.995443
learned_classifier_snr14_seed71001,learned_classifier_snr14_seed71001,Learned blind-carrier classifier · 14 dB · seed 71001,learned_classifier,Learned blind-carrier classifier,learned_classifier,71001,snr_db=14,paired held-out symbol/carrier/noise seed,candidate,20260727T150505Z_modulation_recognition_blind_carrier__learned_classifier_snr14_seed71001,steps.evaluation.modulation_recognition.macro_f1,0.995442
learned_classifier_snr14_seed71001,learned_classifier_snr14_seed71001,Learned blind-carrier classifier · 14 dB · seed 71001,learned_classifier,Learned blind-carrier classifier,learned_classifier,71001,snr_db=14,paired held-out symbol/carrier/noise seed,candidate,20260727T150505Z_modulation_recognition_blind_carrier__learned_classifier_snr14_seed71001,steps.evaluation.task.accuracy,0.995443
learned_classifier_snr14_seed71001,learned_classifier_snr14_seed71001,Learned blind-carrier classifier · 14 dB · seed 71001,learned_classifier,Learned blind-carrier classifier,learned_classifier,71001,snr_db=14,paired held-out symbol/carrier/noise seed,candidate,20260727T150505Z_modulation_recognition_blind_carrier__learned_classifier_snr14_seed71001,steps.evaluation.task.score,0.995442
learned_classifier_snr14_seed71001,learned_classifier_snr14_seed71001,Learned blind-carrier classifier · 14 dB · seed 71001,learned_classifier,Learned blind-carrier classifier,learned_classifier,71001,snr_db=14,paired held-out symbol/carrier/noise seed,candidate,20260727T150505Z_modulation_recognition_blind_carrier__learned_classifier_snr14_seed71001,steps.evaluation.timing.step.wall_time_s,0.007094
learned_classifier_snr14_seed71001,learned_classifier_snr14_seed71001,Learned blind-carrier classifier · 14 dB · seed 71001,learned_classifier,Learned blind-carrier classifier,learned_classifier,71001,snr_db=14,paired held-out symbol/carrier/noise seed,candidate,20260727T150505Z_modulation_recognition_blind_carrier__learned_classifier_snr14_seed71001,steps.observation.channel.carrier.cfo_abs_mean_cycles_per_symbol,0.002954
learned_classifier_snr14_seed71001,learned_classifier_snr14_seed71001,Learned blind-carrier classifier · 14 dB · seed 71001,learned_classifier,Learned blind-carrier classifier,learned_classifier,71001,snr_db=14,paired held-out symbol/carrier/noise seed,candidate,20260727T150505Z_modulation_recognition_blind_carrier__learned_classifier_snr14_seed71001,steps.observation.channel.carrier.initial_phase_abs_mean_rad,1.552568
learned_classifier_snr14_seed71001,learned_classifier_snr14_seed71001,Learned blind-carrier classifier · 14 dB · seed 71001,learned_classifier,Learned blind-carrier classifier,learned_classifier,71001,snr_db=14,paired held-out symbol/carrier/noise seed,candidate,20260727T150505Z_modulation_recognition_blind_carrier__learned_classifier_snr14_seed71001,steps.observation.channel.snr_db,14
learned_classifier_snr14_seed71001,learned_classifier_snr14_seed71001,Learned blind-carrier classifier · 14 dB · seed 71001,learned_classifier,Learned blind-carrier classifier,learned_classifier,71001,snr_db=14,paired held-out symbol/carrier/noise seed,candidate,20260727T150505Z_modulation_recognition_blind_carrier__learned_classifier_snr14_seed71001,steps.observation.channel.snr_db_max,14
learned_classifier_snr14_seed71001,learned_classifier_snr14_seed71001,Learned blind-carrier classifier · 14 dB · seed 71001,learned_classifier,Learned blind-carrier classifier,learned_classifier,71001,snr_db=14,paired held-out symbol/carrier/noise seed,candidate,20260727T150505Z_modulation_recognition_blind_carrier__learned_classifier_snr14_seed71001,steps.observation.channel.snr_db_min,14
learned_classifier_snr14_seed71001,learned_classifier_snr14_seed71001,Learned blind-carrier classifier · 14 dB · seed 71001,learned_classifier,Learned blind-carrier classifier,learned_classifier,71001,snr_db=14,paired held-out symbol/carrier/noise seed,candidate,20260727T150505Z_modulation_recognition_blind_carrier__learned_classifier_snr14_seed71001,steps.observation.modulation_recognition.frame_count,1536
learned_classifier_snr14_seed71001,learned_classifier_snr14_seed71001,Learned blind-carrier classifier · 14 dB · seed 71001,learned_classifier,Learned blind-carrier classifier,learned_classifier,71001,snr_db=14,paired held-out symbol/carrier/noise seed,candidate,20260727T150505Z_modulation_recognition_blind_carrier__learned_classifier_snr14_seed71001,steps.observation.timing.step.wall_time_s,0.095767
learned_classifier_snr14_seed71001,learned_classifier_snr14_seed71001,Learned blind-carrier classifier · 14 dB · seed 71001,learned_classifier,Learned blind-carrier classifier,learned_classifier,71001,snr_db=14,paired held-out symbol/carrier/noise seed,candidate,20260727T150505Z_modulation_recognition_blind_carrier__learned_classifier_snr14_seed71001,steps.receiver.modulation_recognition.predicted_frame_count,1536
learned_classifier_snr14_seed71001,learned_classifier_snr14_seed71001,Learned blind-carrier classifier · 14 dB · seed 71001,learned_classifier,Learned blind-carrier classifier,learned_classifier,71001,snr_db=14,paired held-out symbol/carrier/noise seed,candidate,20260727T150505Z_modulation_recognition_blind_carrier__learned_classifier_snr14_seed71001,steps.receiver.timing.step.wall_time_s,0.757645
learned_classifier_snr14_seed71001,learned_classifier_snr14_seed71001,Learned blind-carrier classifier · 14 dB · seed 71001,learned_classifier,Learned blind-carrier classifier,learned_classifier,71001,snr_db=14,paired held-out symbol/carrier/noise seed,candidate,20260727T150505Z_modulation_recognition_blind_carrier__learned_classifier_snr14_seed71001,task.accuracy,0.995443
learned_classifier_snr14_seed71001,learned_classifier_snr14_seed71001,Learned blind-carrier classifier · 14 dB · seed 71001,learned_classifier,Learned blind-carrier classifier,learned_classifier,71001,snr_db=14,paired held-out symbol/carrier/noise seed,candidate,20260727T150505Z_modulation_recognition_blind_carrier__learned_classifier_snr14_seed71001,task.score,0.995442
learned_classifier_snr14_seed72001,learned_classifier_snr14_seed72001,Learned blind-carrier classifier · 14 dB · seed 72001,learned_classifier,Learned blind-carrier classifier,learned_classifier,72001,snr_db=14,paired held-out symbol/carrier/noise seed,candidate,20260727T150513Z_modulation_recognition_blind_carrier__learned_classifier_snr14_seed72001,channel.carrier.cfo_abs_mean_cycles_per_symbol,0.002995
learned_classifier_snr14_seed72001,learned_classifier_snr14_seed72001,Learned blind-carrier classifier · 14 dB · seed 72001,learned_classifier,Learned blind-carrier classifier,learned_classifier,72001,snr_db=14,paired held-out symbol/carrier/noise seed,candidate,20260727T150513Z_modulation_recognition_blind_carrier__learned_classifier_snr14_seed72001,channel.carrier.initial_phase_abs_mean_rad,1.588569
learned_classifier_snr14_seed72001,learned_classifier_snr14_seed72001,Learned blind-carrier classifier · 14 dB · seed 72001,learned_classifier,Learned blind-carrier classifier,learned_classifier,72001,snr_db=14,paired held-out symbol/carrier/noise seed,candidate,20260727T150513Z_modulation_recognition_blind_carrier__learned_classifier_snr14_seed72001,channel.snr_db,14
learned_classifier_snr14_seed72001,learned_classifier_snr14_seed72001,Learned blind-carrier classifier · 14 dB · seed 72001,learned_classifier,Learned blind-carrier classifier,learned_classifier,72001,snr_db=14,paired held-out symbol/carrier/noise seed,candidate,20260727T150513Z_modulation_recognition_blind_carrier__learned_classifier_snr14_seed72001,channel.snr_db_max,14
learned_classifier_snr14_seed72001,learned_classifier_snr14_seed72001,Learned blind-carrier classifier · 14 dB · seed 72001,learned_classifier,Learned blind-carrier classifier,learned_classifier,72001,snr_db=14,paired held-out symbol/carrier/noise seed,candidate,20260727T150513Z_modulation_recognition_blind_carrier__learned_classifier_snr14_seed72001,channel.snr_db_min,14
learned_classifier_snr14_seed72001,learned_classifier_snr14_seed72001,Learned blind-carrier classifier · 14 dB · seed 72001,learned_classifier,Learned blind-carrier classifier,learned_classifier,72001,snr_db=14,paired held-out symbol/carrier/noise seed,candidate,20260727T150513Z_modulation_recognition_blind_carrier__learned_classifier_snr14_seed72001,classification.balanced_accuracy,0.992839
learned_classifier_snr14_seed72001,learned_classifier_snr14_seed72001,Learned blind-carrier classifier · 14 dB · seed 72001,learned_classifier,Learned blind-carrier classifier,learned_classifier,72001,snr_db=14,paired held-out symbol/carrier/noise seed,candidate,20260727T150513Z_modulation_recognition_blind_carrier__learned_classifier_snr14_seed72001,memory.run.end_rss_bytes,803282944
learned_classifier_snr14_seed72001,learned_classifier_snr14_seed72001,Learned blind-carrier classifier · 14 dB · seed 72001,learned_classifier,Learned blind-carrier classifier,learned_classifier,72001,snr_db=14,paired held-out symbol/carrier/noise seed,candidate,20260727T150513Z_modulation_recognition_blind_carrier__learned_classifier_snr14_seed72001,memory.run.peak_rss_bytes,908537856
learned_classifier_snr14_seed72001,learned_classifier_snr14_seed72001,Learned blind-carrier classifier · 14 dB · seed 72001,learned_classifier,Learned blind-carrier classifier,learned_classifier,72001,snr_db=14,paired held-out symbol/carrier/noise seed,candidate,20260727T150513Z_modulation_recognition_blind_carrier__learned_classifier_snr14_seed72001,memory.run.peak_rss_delta_bytes,94375936
learned_classifier_snr14_seed72001,learned_classifier_snr14_seed72001,Learned blind-carrier classifier · 14 dB · seed 72001,learned_classifier,Learned blind-carrier classifier,learned_classifier,72001,snr_db=14,paired held-out symbol/carrier/noise seed,candidate,20260727T150513Z_modulation_recognition_blind_carrier__learned_classifier_snr14_seed72001,memory.run.sampler_interval_s,0.05
learned_classifier_snr14_seed72001,learned_classifier_snr14_seed72001,Learned blind-carrier classifier · 14 dB · seed 72001,learned_classifier,Learned blind-carrier classifier,learned_classifier,72001,snr_db=14,paired held-out symbol/carrier/noise seed,candidate,20260727T150513Z_modulation_recognition_blind_carrier__learned_classifier_snr14_seed72001,memory.run.start_rss_bytes,814161920
learned_classifier_snr14_seed72001,learned_classifier_snr14_seed72001,Learned blind-carrier classifier · 14 dB · seed 72001,learned_classifier,Learned blind-carrier classifier,learned_classifier,72001,snr_db=14,paired held-out symbol/carrier/noise seed,candidate,20260727T150513Z_modulation_recognition_blind_carrier__learned_classifier_snr14_seed72001,modulation_recognition.accuracy,0.992839
learned_classifier_snr14_seed72001,learned_classifier_snr14_seed72001,Learned blind-carrier classifier · 14 dB · seed 72001,learned_classifier,Learned blind-carrier classifier,learned_classifier,72001,snr_db=14,paired held-out symbol/carrier/noise seed,candidate,20260727T150513Z_modulation_recognition_blind_carrier__learned_classifier_snr14_seed72001,modulation_recognition.balanced_accuracy,0.992839
learned_classifier_snr14_seed72001,learned_classifier_snr14_seed72001,Learned blind-carrier classifier · 14 dB · seed 72001,learned_classifier,Learned blind-carrier classifier,learned_classifier,72001,snr_db=14,paired held-out symbol/carrier/noise seed,candidate,20260727T150513Z_modulation_recognition_blind_carrier__learned_classifier_snr14_seed72001,modulation_recognition.frame_count,1536
learned_classifier_snr14_seed72001,learned_classifier_snr14_seed72001,Learned blind-carrier classifier · 14 dB · seed 72001,learned_classifier,Learned blind-carrier classifier,learned_classifier,72001,snr_db=14,paired held-out symbol/carrier/noise seed,candidate,20260727T150513Z_modulation_recognition_blind_carrier__learned_classifier_snr14_seed72001,modulation_recognition.macro_f1,0.992838
learned_classifier_snr14_seed72001,learned_classifier_snr14_seed72001,Learned blind-carrier classifier · 14 dB · seed 72001,learned_classifier,Learned blind-carrier classifier,learned_classifier,72001,snr_db=14,paired held-out symbol/carrier/noise seed,candidate,20260727T150513Z_modulation_recognition_blind_carrier__learned_classifier_snr14_seed72001,modulation_recognition.predicted_frame_count,1536
learned_classifier_snr14_seed72001,learned_classifier_snr14_seed72001,Learned blind-carrier classifier · 14 dB · seed 72001,learned_classifier,Learned blind-carrier classifier,learned_classifier,72001,snr_db=14,paired held-out symbol/carrier/noise seed,candidate,20260727T150513Z_modulation_recognition_blind_carrier__learned_classifier_snr14_seed72001,modulation_recognition.symbols_per_frame,128
learned_classifier_snr14_seed72001,learned_classifier_snr14_seed72001,Learned blind-carrier classifier · 14 dB · seed 72001,learned_classifier,Learned blind-carrier classifier,learned_classifier,72001,snr_db=14,paired held-out symbol/carrier/noise seed,candidate,20260727T150513Z_modulation_recognition_blind_carrier__learned_classifier_snr14_seed72001,steps.data.modulation_recognition.frame_count,1536
learned_classifier_snr14_seed72001,learned_classifier_snr14_seed72001,Learned blind-carrier classifier · 14 dB · seed 72001,learned_classifier,Learned blind-carrier classifier,learned_classifier,72001,snr_db=14,paired held-out symbol/carrier/noise seed,candidate,20260727T150513Z_modulation_recognition_blind_carrier__learned_classifier_snr14_seed72001,steps.data.modulation_recognition.symbols_per_frame,128
learned_classifier_snr14_seed72001,learned_classifier_snr14_seed72001,Learned blind-carrier classifier · 14 dB · seed 72001,learned_classifier,Learned blind-carrier classifier,learned_classifier,72001,snr_db=14,paired held-out symbol/carrier/noise seed,candidate,20260727T150513Z_modulation_recognition_blind_carrier__learned_classifier_snr14_seed72001,steps.data.timing.step.wall_time_s,0.065331
learned_classifier_snr14_seed72001,learned_classifier_snr14_seed72001,Learned blind-carrier classifier · 14 dB · seed 72001,learned_classifier,Learned blind-carrier classifier,learned_classifier,72001,snr_db=14,paired held-out symbol/carrier/noise seed,candidate,20260727T150513Z_modulation_recognition_blind_carrier__learned_classifier_snr14_seed72001,steps.evaluation.channel.snr_db,14
learned_classifier_snr14_seed72001,learned_classifier_snr14_seed72001,Learned blind-carrier classifier · 14 dB · seed 72001,learned_classifier,Learned blind-carrier classifier,learned_classifier,72001,snr_db=14,paired held-out symbol/carrier/noise seed,candidate,20260727T150513Z_modulation_recognition_blind_carrier__learned_classifier_snr14_seed72001,steps.evaluation.classification.balanced_accuracy,0.992839
learned_classifier_snr14_seed72001,learned_classifier_snr14_seed72001,Learned blind-carrier classifier · 14 dB · seed 72001,learned_classifier,Learned blind-carrier classifier,learned_classifier,72001,snr_db=14,paired held-out symbol/carrier/noise seed,candidate,20260727T150513Z_modulation_recognition_blind_carrier__learned_classifier_snr14_seed72001,steps.evaluation.modulation_recognition.accuracy,0.992839
learned_classifier_snr14_seed72001,learned_classifier_snr14_seed72001,Learned blind-carrier classifier · 14 dB · seed 72001,learned_classifier,Learned blind-carrier classifier,learned_classifier,72001,snr_db=14,paired held-out symbol/carrier/noise seed,candidate,20260727T150513Z_modulation_recognition_blind_carrier__learned_classifier_snr14_seed72001,steps.evaluation.modulation_recognition.balanced_accuracy,0.992839
learned_classifier_snr14_seed72001,learned_classifier_snr14_seed72001,Learned blind-carrier classifier · 14 dB · seed 72001,learned_classifier,Learned blind-carrier classifier,learned_classifier,72001,snr_db=14,paired held-out symbol/carrier/noise seed,candidate,20260727T150513Z_modulation_recognition_blind_carrier__learned_classifier_snr14_seed72001,steps.evaluation.modulation_recognition.macro_f1,0.992838
learned_classifier_snr14_seed72001,learned_classifier_snr14_seed72001,Learned blind-carrier classifier · 14 dB · seed 72001,learned_classifier,Learned blind-carrier classifier,learned_classifier,72001,snr_db=14,paired held-out symbol/carrier/noise seed,candidate,20260727T150513Z_modulation_recognition_blind_carrier__learned_classifier_snr14_seed72001,steps.evaluation.task.accuracy,0.992839
learned_classifier_snr14_seed72001,learned_classifier_snr14_seed72001,Learned blind-carrier classifier · 14 dB · seed 72001,learned_classifier,Learned blind-carrier classifier,learned_classifier,72001,snr_db=14,paired held-out symbol/carrier/noise seed,candidate,20260727T150513Z_modulation_recognition_blind_carrier__learned_classifier_snr14_seed72001,steps.evaluation.task.score,0.992838
learned_classifier_snr14_seed72001,learned_classifier_snr14_seed72001,Learned blind-carrier classifier · 14 dB · seed 72001,learned_classifier,Learned blind-carrier classifier,learned_classifier,72001,snr_db=14,paired held-out symbol/carrier/noise seed,candidate,20260727T150513Z_modulation_recognition_blind_carrier__learned_classifier_snr14_seed72001,steps.evaluation.timing.step.wall_time_s,0.00832
learned_classifier_snr14_seed72001,learned_classifier_snr14_seed72001,Learned blind-carrier classifier · 14 dB · seed 72001,learned_classifier,Learned blind-carrier classifier,learned_classifier,72001,snr_db=14,paired held-out symbol/carrier/noise seed,candidate,20260727T150513Z_modulation_recognition_blind_carrier__learned_classifier_snr14_seed72001,steps.observation.channel.carrier.cfo_abs_mean_cycles_per_symbol,0.002995
learned_classifier_snr14_seed72001,learned_classifier_snr14_seed72001,Learned blind-carrier classifier · 14 dB · seed 72001,learned_classifier,Learned blind-carrier classifier,learned_classifier,72001,snr_db=14,paired held-out symbol/carrier/noise seed,candidate,20260727T150513Z_modulation_recognition_blind_carrier__learned_classifier_snr14_seed72001,steps.observation.channel.carrier.initial_phase_abs_mean_rad,1.588569
learned_classifier_snr14_seed72001,learned_classifier_snr14_seed72001,Learned blind-carrier classifier · 14 dB · seed 72001,learned_classifier,Learned blind-carrier classifier,learned_classifier,72001,snr_db=14,paired held-out symbol/carrier/noise seed,candidate,20260727T150513Z_modulation_recognition_blind_carrier__learned_classifier_snr14_seed72001,steps.observation.channel.snr_db,14
learned_classifier_snr14_seed72001,learned_classifier_snr14_seed72001,Learned blind-carrier classifier · 14 dB · seed 72001,learned_classifier,Learned blind-carrier classifier,learned_classifier,72001,snr_db=14,paired held-out symbol/carrier/noise seed,candidate,20260727T150513Z_modulation_recognition_blind_carrier__learned_classifier_snr14_seed72001,steps.observation.channel.snr_db_max,14
learned_classifier_snr14_seed72001,learned_classifier_snr14_seed72001,Learned blind-carrier classifier · 14 dB · seed 72001,learned_classifier,Learned blind-carrier classifier,learned_classifier,72001,snr_db=14,paired held-out symbol/carrier/noise seed,candidate,20260727T150513Z_modulation_recognition_blind_carrier__learned_classifier_snr14_seed72001,steps.observation.channel.snr_db_min,14
learned_classifier_snr14_seed72001,learned_classifier_snr14_seed72001,Learned blind-carrier classifier · 14 dB · seed 72001,learned_classifier,Learned blind-carrier classifier,learned_classifier,72001,snr_db=14,paired held-out symbol/carrier/noise seed,candidate,20260727T150513Z_modulation_recognition_blind_carrier__learned_classifier_snr14_seed72001,steps.observation.modulation_recognition.frame_count,1536
learned_classifier_snr14_seed72001,learned_classifier_snr14_seed72001,Learned blind-carrier classifier · 14 dB · seed 72001,learned_classifier,Learned blind-carrier classifier,learned_classifier,72001,snr_db=14,paired held-out symbol/carrier/noise seed,candidate,20260727T150513Z_modulation_recognition_blind_carrier__learned_classifier_snr14_seed72001,steps.observation.timing.step.wall_time_s,0.103133
learned_classifier_snr14_seed72001,learned_classifier_snr14_seed72001,Learned blind-carrier classifier · 14 dB · seed 72001,learned_classifier,Learned blind-carrier classifier,learned_classifier,72001,snr_db=14,paired held-out symbol/carrier/noise seed,candidate,20260727T150513Z_modulation_recognition_blind_carrier__learned_classifier_snr14_seed72001,steps.receiver.modulation_recognition.predicted_frame_count,1536
learned_classifier_snr14_seed72001,learned_classifier_snr14_seed72001,Learned blind-carrier classifier · 14 dB · seed 72001,learned_classifier,Learned blind-carrier classifier,learned_classifier,72001,snr_db=14,paired held-out symbol/carrier/noise seed,candidate,20260727T150513Z_modulation_recognition_blind_carrier__learned_classifier_snr14_seed72001,steps.receiver.timing.step.wall_time_s,0.759441
learned_classifier_snr14_seed72001,learned_classifier_snr14_seed72001,Learned blind-carrier classifier · 14 dB · seed 72001,learned_classifier,Learned blind-carrier classifier,learned_classifier,72001,snr_db=14,paired held-out symbol/carrier/noise seed,candidate,20260727T150513Z_modulation_recognition_blind_carrier__learned_classifier_snr14_seed72001,task.accuracy,0.992839
learned_classifier_snr14_seed72001,learned_classifier_snr14_seed72001,Learned blind-carrier classifier · 14 dB · seed 72001,learned_classifier,Learned blind-carrier classifier,learned_classifier,72001,snr_db=14,paired held-out symbol/carrier/noise seed,candidate,20260727T150513Z_modulation_recognition_blind_carrier__learned_classifier_snr14_seed72001,task.score,0.992838
learned_classifier_snr14_seed73001,learned_classifier_snr14_seed73001,Learned blind-carrier classifier · 14 dB · seed 73001,learned_classifier,Learned blind-carrier classifier,learned_classifier,73001,snr_db=14,paired held-out symbol/carrier/noise seed,candidate,20260727T150522Z_modulation_recognition_blind_carrier__learned_classifier_snr14_seed73001,channel.carrier.cfo_abs_mean_cycles_per_symbol,0.003047
learned_classifier_snr14_seed73001,learned_classifier_snr14_seed73001,Learned blind-carrier classifier · 14 dB · seed 73001,learned_classifier,Learned blind-carrier classifier,learned_classifier,73001,snr_db=14,paired held-out symbol/carrier/noise seed,candidate,20260727T150522Z_modulation_recognition_blind_carrier__learned_classifier_snr14_seed73001,channel.carrier.initial_phase_abs_mean_rad,1.55227
learned_classifier_snr14_seed73001,learned_classifier_snr14_seed73001,Learned blind-carrier classifier · 14 dB · seed 73001,learned_classifier,Learned blind-carrier classifier,learned_classifier,73001,snr_db=14,paired held-out symbol/carrier/noise seed,candidate,20260727T150522Z_modulation_recognition_blind_carrier__learned_classifier_snr14_seed73001,channel.snr_db,14
learned_classifier_snr14_seed73001,learned_classifier_snr14_seed73001,Learned blind-carrier classifier · 14 dB · seed 73001,learned_classifier,Learned blind-carrier classifier,learned_classifier,73001,snr_db=14,paired held-out symbol/carrier/noise seed,candidate,20260727T150522Z_modulation_recognition_blind_carrier__learned_classifier_snr14_seed73001,channel.snr_db_max,14
learned_classifier_snr14_seed73001,learned_classifier_snr14_seed73001,Learned blind-carrier classifier · 14 dB · seed 73001,learned_classifier,Learned blind-carrier classifier,learned_classifier,73001,snr_db=14,paired held-out symbol/carrier/noise seed,candidate,20260727T150522Z_modulation_recognition_blind_carrier__learned_classifier_snr14_seed73001,channel.snr_db_min,14
learned_classifier_snr14_seed73001,learned_classifier_snr14_seed73001,Learned blind-carrier classifier · 14 dB · seed 73001,learned_classifier,Learned blind-carrier classifier,learned_classifier,73001,snr_db=14,paired held-out symbol/carrier/noise seed,candidate,20260727T150522Z_modulation_recognition_blind_carrier__learned_classifier_snr14_seed73001,classification.balanced_accuracy,0.996094
learned_classifier_snr14_seed73001,learned_classifier_snr14_seed73001,Learned blind-carrier classifier · 14 dB · seed 73001,learned_classifier,Learned blind-carrier classifier,learned_classifier,73001,snr_db=14,paired held-out symbol/carrier/noise seed,candidate,20260727T150522Z_modulation_recognition_blind_carrier__learned_classifier_snr14_seed73001,memory.run.end_rss_bytes,807301120
learned_classifier_snr14_seed73001,learned_classifier_snr14_seed73001,Learned blind-carrier classifier · 14 dB · seed 73001,learned_classifier,Learned blind-carrier classifier,learned_classifier,73001,snr_db=14,paired held-out symbol/carrier/noise seed,candidate,20260727T150522Z_modulation_recognition_blind_carrier__learned_classifier_snr14_seed73001,memory.run.peak_rss_bytes,906625024
learned_classifier_snr14_seed73001,learned_classifier_snr14_seed73001,Learned blind-carrier classifier · 14 dB · seed 73001,learned_classifier,Learned blind-carrier classifier,learned_classifier,73001,snr_db=14,paired held-out symbol/carrier/noise seed,candidate,20260727T150522Z_modulation_recognition_blind_carrier__learned_classifier_snr14_seed73001,memory.run.peak_rss_delta_bytes,87502848
learned_classifier_snr14_seed73001,learned_classifier_snr14_seed73001,Learned blind-carrier classifier · 14 dB · seed 73001,learned_classifier,Learned blind-carrier classifier,learned_classifier,73001,snr_db=14,paired held-out symbol/carrier/noise seed,candidate,20260727T150522Z_modulation_recognition_blind_carrier__learned_classifier_snr14_seed73001,memory.run.sampler_interval_s,0.05
learned_classifier_snr14_seed73001,learned_classifier_snr14_seed73001,Learned blind-carrier classifier · 14 dB · seed 73001,learned_classifier,Learned blind-carrier classifier,learned_classifier,73001,snr_db=14,paired held-out symbol/carrier/noise seed,candidate,20260727T150522Z_modulation_recognition_blind_carrier__learned_classifier_snr14_seed73001,memory.run.start_rss_bytes,819122176
learned_classifier_snr14_seed73001,learned_classifier_snr14_seed73001,Learned blind-carrier classifier · 14 dB · seed 73001,learned_classifier,Learned blind-carrier classifier,learned_classifier,73001,snr_db=14,paired held-out symbol/carrier/noise seed,candidate,20260727T150522Z_modulation_recognition_blind_carrier__learned_classifier_snr14_seed73001,modulation_recognition.accuracy,0.996094
learned_classifier_snr14_seed73001,learned_classifier_snr14_seed73001,Learned blind-carrier classifier · 14 dB · seed 73001,learned_classifier,Learned blind-carrier classifier,learned_classifier,73001,snr_db=14,paired held-out symbol/carrier/noise seed,candidate,20260727T150522Z_modulation_recognition_blind_carrier__learned_classifier_snr14_seed73001,modulation_recognition.balanced_accuracy,0.996094
learned_classifier_snr14_seed73001,learned_classifier_snr14_seed73001,Learned blind-carrier classifier · 14 dB · seed 73001,learned_classifier,Learned blind-carrier classifier,learned_classifier,73001,snr_db=14,paired held-out symbol/carrier/noise seed,candidate,20260727T150522Z_modulation_recognition_blind_carrier__learned_classifier_snr14_seed73001,modulation_recognition.frame_count,1536
learned_classifier_snr14_seed73001,learned_classifier_snr14_seed73001,Learned blind-carrier classifier · 14 dB · seed 73001,learned_classifier,Learned blind-carrier classifier,learned_classifier,73001,snr_db=14,paired held-out symbol/carrier/noise seed,candidate,20260727T150522Z_modulation_recognition_blind_carrier__learned_classifier_snr14_seed73001,modulation_recognition.macro_f1,0.996094
learned_classifier_snr14_seed73001,learned_classifier_snr14_seed73001,Learned blind-carrier classifier · 14 dB · seed 73001,learned_classifier,Learned blind-carrier classifier,learned_classifier,73001,snr_db=14,paired held-out symbol/carrier/noise seed,candidate,20260727T150522Z_modulation_recognition_blind_carrier__learned_classifier_snr14_seed73001,modulation_recognition.predicted_frame_count,1536
learned_classifier_snr14_seed73001,learned_classifier_snr14_seed73001,Learned blind-carrier classifier · 14 dB · seed 73001,learned_classifier,Learned blind-carrier classifier,learned_classifier,73001,snr_db=14,paired held-out symbol/carrier/noise seed,candidate,20260727T150522Z_modulation_recognition_blind_carrier__learned_classifier_snr14_seed73001,modulation_recognition.symbols_per_frame,128
learned_classifier_snr14_seed73001,learned_classifier_snr14_seed73001,Learned blind-carrier classifier · 14 dB · seed 73001,learned_classifier,Learned blind-carrier classifier,learned_classifier,73001,snr_db=14,paired held-out symbol/carrier/noise seed,candidate,20260727T150522Z_modulation_recognition_blind_carrier__learned_classifier_snr14_seed73001,steps.data.modulation_recognition.frame_count,1536
learned_classifier_snr14_seed73001,learned_classifier_snr14_seed73001,Learned blind-carrier classifier · 14 dB · seed 73001,learned_classifier,Learned blind-carrier classifier,learned_classifier,73001,snr_db=14,paired held-out symbol/carrier/noise seed,candidate,20260727T150522Z_modulation_recognition_blind_carrier__learned_classifier_snr14_seed73001,steps.data.modulation_recognition.symbols_per_frame,128
learned_classifier_snr14_seed73001,learned_classifier_snr14_seed73001,Learned blind-carrier classifier · 14 dB · seed 73001,learned_classifier,Learned blind-carrier classifier,learned_classifier,73001,snr_db=14,paired held-out symbol/carrier/noise seed,candidate,20260727T150522Z_modulation_recognition_blind_carrier__learned_classifier_snr14_seed73001,steps.data.timing.step.wall_time_s,0.063401
learned_classifier_snr14_seed73001,learned_classifier_snr14_seed73001,Learned blind-carrier classifier · 14 dB · seed 73001,learned_classifier,Learned blind-carrier classifier,learned_classifier,73001,snr_db=14,paired held-out symbol/carrier/noise seed,candidate,20260727T150522Z_modulation_recognition_blind_carrier__learned_classifier_snr14_seed73001,steps.evaluation.channel.snr_db,14
learned_classifier_snr14_seed73001,learned_classifier_snr14_seed73001,Learned blind-carrier classifier · 14 dB · seed 73001,learned_classifier,Learned blind-carrier classifier,learned_classifier,73001,snr_db=14,paired held-out symbol/carrier/noise seed,candidate,20260727T150522Z_modulation_recognition_blind_carrier__learned_classifier_snr14_seed73001,steps.evaluation.classification.balanced_accuracy,0.996094
learned_classifier_snr14_seed73001,learned_classifier_snr14_seed73001,Learned blind-carrier classifier · 14 dB · seed 73001,learned_classifier,Learned blind-carrier classifier,learned_classifier,73001,snr_db=14,paired held-out symbol/carrier/noise seed,candidate,20260727T150522Z_modulation_recognition_blind_carrier__learned_classifier_snr14_seed73001,steps.evaluation.modulation_recognition.accuracy,0.996094
learned_classifier_snr14_seed73001,learned_classifier_snr14_seed73001,Learned blind-carrier classifier · 14 dB · seed 73001,learned_classifier,Learned blind-carrier classifier,learned_classifier,73001,snr_db=14,paired held-out symbol/carrier/noise seed,candidate,20260727T150522Z_modulation_recognition_blind_carrier__learned_classifier_snr14_seed73001,steps.evaluation.modulation_recognition.balanced_accuracy,0.996094
learned_classifier_snr14_seed73001,learned_classifier_snr14_seed73001,Learned blind-carrier classifier · 14 dB · seed 73001,learned_classifier,Learned blind-carrier classifier,learned_classifier,73001,snr_db=14,paired held-out symbol/carrier/noise seed,candidate,20260727T150522Z_modulation_recognition_blind_carrier__learned_classifier_snr14_seed73001,steps.evaluation.modulation_recognition.macro_f1,0.996094
learned_classifier_snr14_seed73001,learned_classifier_snr14_seed73001,Learned blind-carrier classifier · 14 dB · seed 73001,learned_classifier,Learned blind-carrier classifier,learned_classifier,73001,snr_db=14,paired held-out symbol/carrier/noise seed,candidate,20260727T150522Z_modulation_recognition_blind_carrier__learned_classifier_snr14_seed73001,steps.evaluation.task.accuracy,0.996094
learned_classifier_snr14_seed73001,learned_classifier_snr14_seed73001,Learned blind-carrier classifier · 14 dB · seed 73001,learned_classifier,Learned blind-carrier classifier,learned_classifier,73001,snr_db=14,paired held-out symbol/carrier/noise seed,candidate,20260727T150522Z_modulation_recognition_blind_carrier__learned_classifier_snr14_seed73001,steps.evaluation.task.score,0.996094
learned_classifier_snr14_seed73001,learned_classifier_snr14_seed73001,Learned blind-carrier classifier · 14 dB · seed 73001,learned_classifier,Learned blind-carrier classifier,learned_classifier,73001,snr_db=14,paired held-out symbol/carrier/noise seed,candidate,20260727T150522Z_modulation_recognition_blind_carrier__learned_classifier_snr14_seed73001,steps.evaluation.timing.step.wall_time_s,0.00694
learned_classifier_snr14_seed73001,learned_classifier_snr14_seed73001,Learned blind-carrier classifier · 14 dB · seed 73001,learned_classifier,Learned blind-carrier classifier,learned_classifier,73001,snr_db=14,paired held-out symbol/carrier/noise seed,candidate,20260727T150522Z_modulation_recognition_blind_carrier__learned_classifier_snr14_seed73001,steps.observation.channel.carrier.cfo_abs_mean_cycles_per_symbol,0.003047
learned_classifier_snr14_seed73001,learned_classifier_snr14_seed73001,Learned blind-carrier classifier · 14 dB · seed 73001,learned_classifier,Learned blind-carrier classifier,learned_classifier,73001,snr_db=14,paired held-out symbol/carrier/noise seed,candidate,20260727T150522Z_modulation_recognition_blind_carrier__learned_classifier_snr14_seed73001,steps.observation.channel.carrier.initial_phase_abs_mean_rad,1.55227
learned_classifier_snr14_seed73001,learned_classifier_snr14_seed73001,Learned blind-carrier classifier · 14 dB · seed 73001,learned_classifier,Learned blind-carrier classifier,learned_classifier,73001,snr_db=14,paired held-out symbol/carrier/noise seed,candidate,20260727T150522Z_modulation_recognition_blind_carrier__learned_classifier_snr14_seed73001,steps.observation.channel.snr_db,14
learned_classifier_snr14_seed73001,learned_classifier_snr14_seed73001,Learned blind-carrier classifier · 14 dB · seed 73001,learned_classifier,Learned blind-carrier classifier,learned_classifier,73001,snr_db=14,paired held-out symbol/carrier/noise seed,candidate,20260727T150522Z_modulation_recognition_blind_carrier__learned_classifier_snr14_seed73001,steps.observation.channel.snr_db_max,14
learned_classifier_snr14_seed73001,learned_classifier_snr14_seed73001,Learned blind-carrier classifier · 14 dB · seed 73001,learned_classifier,Learned blind-carrier classifier,learned_classifier,73001,snr_db=14,paired held-out symbol/carrier/noise seed,candidate,20260727T150522Z_modulation_recognition_blind_carrier__learned_classifier_snr14_seed73001,steps.observation.channel.snr_db_min,14
learned_classifier_snr14_seed73001,learned_classifier_snr14_seed73001,Learned blind-carrier classifier · 14 dB · seed 73001,learned_classifier,Learned blind-carrier classifier,learned_classifier,73001,snr_db=14,paired held-out symbol/carrier/noise seed,candidate,20260727T150522Z_modulation_recognition_blind_carrier__learned_classifier_snr14_seed73001,steps.observation.modulation_recognition.frame_count,1536
learned_classifier_snr14_seed73001,learned_classifier_snr14_seed73001,Learned blind-carrier classifier · 14 dB · seed 73001,learned_classifier,Learned blind-carrier classifier,learned_classifier,73001,snr_db=14,paired held-out symbol/carrier/noise seed,candidate,20260727T150522Z_modulation_recognition_blind_carrier__learned_classifier_snr14_seed73001,steps.observation.timing.step.wall_time_s,0.094589
learned_classifier_snr14_seed73001,learned_classifier_snr14_seed73001,Learned blind-carrier classifier · 14 dB · seed 73001,learned_classifier,Learned blind-carrier classifier,learned_classifier,73001,snr_db=14,paired held-out symbol/carrier/noise seed,candidate,20260727T150522Z_modulation_recognition_blind_carrier__learned_classifier_snr14_seed73001,steps.receiver.modulation_recognition.predicted_frame_count,1536
learned_classifier_snr14_seed73001,learned_classifier_snr14_seed73001,Learned blind-carrier classifier · 14 dB · seed 73001,learned_classifier,Learned blind-carrier classifier,learned_classifier,73001,snr_db=14,paired held-out symbol/carrier/noise seed,candidate,20260727T150522Z_modulation_recognition_blind_carrier__learned_classifier_snr14_seed73001,steps.receiver.timing.step.wall_time_s,0.755819
learned_classifier_snr14_seed73001,learned_classifier_snr14_seed73001,Learned blind-carrier classifier · 14 dB · seed 73001,learned_classifier,Learned blind-carrier classifier,learned_classifier,73001,snr_db=14,paired held-out symbol/carrier/noise seed,candidate,20260727T150522Z_modulation_recognition_blind_carrier__learned_classifier_snr14_seed73001,task.accuracy,0.996094
learned_classifier_snr14_seed73001,learned_classifier_snr14_seed73001,Learned blind-carrier classifier · 14 dB · seed 73001,learned_classifier,Learned blind-carrier classifier,learned_classifier,73001,snr_db=14,paired held-out symbol/carrier/noise seed,candidate,20260727T150522Z_modulation_recognition_blind_carrier__learned_classifier_snr14_seed73001,task.score,0.996094
learned_classifier_snr18_seed71001,learned_classifier_snr18_seed71001,Learned blind-carrier classifier · 18 dB · seed 71001,learned_classifier,Learned blind-carrier classifier,learned_classifier,71001,snr_db=18,paired held-out symbol/carrier/noise seed,candidate,20260727T150531Z_modulation_recognition_blind_carrier__learned_classifier_snr18_seed71001,channel.carrier.cfo_abs_mean_cycles_per_symbol,0.002954
learned_classifier_snr18_seed71001,learned_classifier_snr18_seed71001,Learned blind-carrier classifier · 18 dB · seed 71001,learned_classifier,Learned blind-carrier classifier,learned_classifier,71001,snr_db=18,paired held-out symbol/carrier/noise seed,candidate,20260727T150531Z_modulation_recognition_blind_carrier__learned_classifier_snr18_seed71001,channel.carrier.initial_phase_abs_mean_rad,1.552568
learned_classifier_snr18_seed71001,learned_classifier_snr18_seed71001,Learned blind-carrier classifier · 18 dB · seed 71001,learned_classifier,Learned blind-carrier classifier,learned_classifier,71001,snr_db=18,paired held-out symbol/carrier/noise seed,candidate,20260727T150531Z_modulation_recognition_blind_carrier__learned_classifier_snr18_seed71001,channel.snr_db,18
learned_classifier_snr18_seed71001,learned_classifier_snr18_seed71001,Learned blind-carrier classifier · 18 dB · seed 71001,learned_classifier,Learned blind-carrier classifier,learned_classifier,71001,snr_db=18,paired held-out symbol/carrier/noise seed,candidate,20260727T150531Z_modulation_recognition_blind_carrier__learned_classifier_snr18_seed71001,channel.snr_db_max,18
learned_classifier_snr18_seed71001,learned_classifier_snr18_seed71001,Learned blind-carrier classifier · 18 dB · seed 71001,learned_classifier,Learned blind-carrier classifier,learned_classifier,71001,snr_db=18,paired held-out symbol/carrier/noise seed,candidate,20260727T150531Z_modulation_recognition_blind_carrier__learned_classifier_snr18_seed71001,channel.snr_db_min,18
learned_classifier_snr18_seed71001,learned_classifier_snr18_seed71001,Learned blind-carrier classifier · 18 dB · seed 71001,learned_classifier,Learned blind-carrier classifier,learned_classifier,71001,snr_db=18,paired held-out symbol/carrier/noise seed,candidate,20260727T150531Z_modulation_recognition_blind_carrier__learned_classifier_snr18_seed71001,classification.balanced_accuracy,0.998698
learned_classifier_snr18_seed71001,learned_classifier_snr18_seed71001,Learned blind-carrier classifier · 18 dB · seed 71001,learned_classifier,Learned blind-carrier classifier,learned_classifier,71001,snr_db=18,paired held-out symbol/carrier/noise seed,candidate,20260727T150531Z_modulation_recognition_blind_carrier__learned_classifier_snr18_seed71001,memory.run.end_rss_bytes,814792704
learned_classifier_snr18_seed71001,learned_classifier_snr18_seed71001,Learned blind-carrier classifier · 18 dB · seed 71001,learned_classifier,Learned blind-carrier classifier,learned_classifier,71001,snr_db=18,paired held-out symbol/carrier/noise seed,candidate,20260727T150531Z_modulation_recognition_blind_carrier__learned_classifier_snr18_seed71001,memory.run.peak_rss_bytes,869711872
learned_classifier_snr18_seed71001,learned_classifier_snr18_seed71001,Learned blind-carrier classifier · 18 dB · seed 71001,learned_classifier,Learned blind-carrier classifier,learned_classifier,71001,snr_db=18,paired held-out symbol/carrier/noise seed,candidate,20260727T150531Z_modulation_recognition_blind_carrier__learned_classifier_snr18_seed71001,memory.run.peak_rss_delta_bytes,44044288
learned_classifier_snr18_seed71001,learned_classifier_snr18_seed71001,Learned blind-carrier classifier · 18 dB · seed 71001,learned_classifier,Learned blind-carrier classifier,learned_classifier,71001,snr_db=18,paired held-out symbol/carrier/noise seed,candidate,20260727T150531Z_modulation_recognition_blind_carrier__learned_classifier_snr18_seed71001,memory.run.sampler_interval_s,0.05
learned_classifier_snr18_seed71001,learned_classifier_snr18_seed71001,Learned blind-carrier classifier · 18 dB · seed 71001,learned_classifier,Learned blind-carrier classifier,learned_classifier,71001,snr_db=18,paired held-out symbol/carrier/noise seed,candidate,20260727T150531Z_modulation_recognition_blind_carrier__learned_classifier_snr18_seed71001,memory.run.start_rss_bytes,825667584
learned_classifier_snr18_seed71001,learned_classifier_snr18_seed71001,Learned blind-carrier classifier · 18 dB · seed 71001,learned_classifier,Learned blind-carrier classifier,learned_classifier,71001,snr_db=18,paired held-out symbol/carrier/noise seed,candidate,20260727T150531Z_modulation_recognition_blind_carrier__learned_classifier_snr18_seed71001,modulation_recognition.accuracy,0.998698
learned_classifier_snr18_seed71001,learned_classifier_snr18_seed71001,Learned blind-carrier classifier · 18 dB · seed 71001,learned_classifier,Learned blind-carrier classifier,learned_classifier,71001,snr_db=18,paired held-out symbol/carrier/noise seed,candidate,20260727T150531Z_modulation_recognition_blind_carrier__learned_classifier_snr18_seed71001,modulation_recognition.balanced_accuracy,0.998698
learned_classifier_snr18_seed71001,learned_classifier_snr18_seed71001,Learned blind-carrier classifier · 18 dB · seed 71001,learned_classifier,Learned blind-carrier classifier,learned_classifier,71001,snr_db=18,paired held-out symbol/carrier/noise seed,candidate,20260727T150531Z_modulation_recognition_blind_carrier__learned_classifier_snr18_seed71001,modulation_recognition.frame_count,1536
learned_classifier_snr18_seed71001,learned_classifier_snr18_seed71001,Learned blind-carrier classifier · 18 dB · seed 71001,learned_classifier,Learned blind-carrier classifier,learned_classifier,71001,snr_db=18,paired held-out symbol/carrier/noise seed,candidate,20260727T150531Z_modulation_recognition_blind_carrier__learned_classifier_snr18_seed71001,modulation_recognition.macro_f1,0.998698
learned_classifier_snr18_seed71001,learned_classifier_snr18_seed71001,Learned blind-carrier classifier · 18 dB · seed 71001,learned_classifier,Learned blind-carrier classifier,learned_classifier,71001,snr_db=18,paired held-out symbol/carrier/noise seed,candidate,20260727T150531Z_modulation_recognition_blind_carrier__learned_classifier_snr18_seed71001,modulation_recognition.predicted_frame_count,1536
learned_classifier_snr18_seed71001,learned_classifier_snr18_seed71001,Learned blind-carrier classifier · 18 dB · seed 71001,learned_classifier,Learned blind-carrier classifier,learned_classifier,71001,snr_db=18,paired held-out symbol/carrier/noise seed,candidate,20260727T150531Z_modulation_recognition_blind_carrier__learned_classifier_snr18_seed71001,modulation_recognition.symbols_per_frame,128
learned_classifier_snr18_seed71001,learned_classifier_snr18_seed71001,Learned blind-carrier classifier · 18 dB · seed 71001,learned_classifier,Learned blind-carrier classifier,learned_classifier,71001,snr_db=18,paired held-out symbol/carrier/noise seed,candidate,20260727T150531Z_modulation_recognition_blind_carrier__learned_classifier_snr18_seed71001,steps.data.modulation_recognition.frame_count,1536
learned_classifier_snr18_seed71001,learned_classifier_snr18_seed71001,Learned blind-carrier classifier · 18 dB · seed 71001,learned_classifier,Learned blind-carrier classifier,learned_classifier,71001,snr_db=18,paired held-out symbol/carrier/noise seed,candidate,20260727T150531Z_modulation_recognition_blind_carrier__learned_classifier_snr18_seed71001,steps.data.modulation_recognition.symbols_per_frame,128
learned_classifier_snr18_seed71001,learned_classifier_snr18_seed71001,Learned blind-carrier classifier · 18 dB · seed 71001,learned_classifier,Learned blind-carrier classifier,learned_classifier,71001,snr_db=18,paired held-out symbol/carrier/noise seed,candidate,20260727T150531Z_modulation_recognition_blind_carrier__learned_classifier_snr18_seed71001,steps.data.timing.step.wall_time_s,0.065053
learned_classifier_snr18_seed71001,learned_classifier_snr18_seed71001,Learned blind-carrier classifier · 18 dB · seed 71001,learned_classifier,Learned blind-carrier classifier,learned_classifier,71001,snr_db=18,paired held-out symbol/carrier/noise seed,candidate,20260727T150531Z_modulation_recognition_blind_carrier__learned_classifier_snr18_seed71001,steps.evaluation.channel.snr_db,18
learned_classifier_snr18_seed71001,learned_classifier_snr18_seed71001,Learned blind-carrier classifier · 18 dB · seed 71001,learned_classifier,Learned blind-carrier classifier,learned_classifier,71001,snr_db=18,paired held-out symbol/carrier/noise seed,candidate,20260727T150531Z_modulation_recognition_blind_carrier__learned_classifier_snr18_seed71001,steps.evaluation.classification.balanced_accuracy,0.998698
learned_classifier_snr18_seed71001,learned_classifier_snr18_seed71001,Learned blind-carrier classifier · 18 dB · seed 71001,learned_classifier,Learned blind-carrier classifier,learned_classifier,71001,snr_db=18,paired held-out symbol/carrier/noise seed,candidate,20260727T150531Z_modulation_recognition_blind_carrier__learned_classifier_snr18_seed71001,steps.evaluation.modulation_recognition.accuracy,0.998698
learned_classifier_snr18_seed71001,learned_classifier_snr18_seed71001,Learned blind-carrier classifier · 18 dB · seed 71001,learned_classifier,Learned blind-carrier classifier,learned_classifier,71001,snr_db=18,paired held-out symbol/carrier/noise seed,candidate,20260727T150531Z_modulation_recognition_blind_carrier__learned_classifier_snr18_seed71001,steps.evaluation.modulation_recognition.balanced_accuracy,0.998698
learned_classifier_snr18_seed71001,learned_classifier_snr18_seed71001,Learned blind-carrier classifier · 18 dB · seed 71001,learned_classifier,Learned blind-carrier classifier,learned_classifier,71001,snr_db=18,paired held-out symbol/carrier/noise seed,candidate,20260727T150531Z_modulation_recognition_blind_carrier__learned_classifier_snr18_seed71001,steps.evaluation.modulation_recognition.macro_f1,0.998698
learned_classifier_snr18_seed71001,learned_classifier_snr18_seed71001,Learned blind-carrier classifier · 18 dB · seed 71001,learned_classifier,Learned blind-carrier classifier,learned_classifier,71001,snr_db=18,paired held-out symbol/carrier/noise seed,candidate,20260727T150531Z_modulation_recognition_blind_carrier__learned_classifier_snr18_seed71001,steps.evaluation.task.accuracy,0.998698
learned_classifier_snr18_seed71001,learned_classifier_snr18_seed71001,Learned blind-carrier classifier · 18 dB · seed 71001,learned_classifier,Learned blind-carrier classifier,learned_classifier,71001,snr_db=18,paired held-out symbol/carrier/noise seed,candidate,20260727T150531Z_modulation_recognition_blind_carrier__learned_classifier_snr18_seed71001,steps.evaluation.task.score,0.998698
learned_classifier_snr18_seed71001,learned_classifier_snr18_seed71001,Learned blind-carrier classifier · 18 dB · seed 71001,learned_classifier,Learned blind-carrier classifier,learned_classifier,71001,snr_db=18,paired held-out symbol/carrier/noise seed,candidate,20260727T150531Z_modulation_recognition_blind_carrier__learned_classifier_snr18_seed71001,steps.evaluation.timing.step.wall_time_s,0.007868
learned_classifier_snr18_seed71001,learned_classifier_snr18_seed71001,Learned blind-carrier classifier · 18 dB · seed 71001,learned_classifier,Learned blind-carrier classifier,learned_classifier,71001,snr_db=18,paired held-out symbol/carrier/noise seed,candidate,20260727T150531Z_modulation_recognition_blind_carrier__learned_classifier_snr18_seed71001,steps.observation.channel.carrier.cfo_abs_mean_cycles_per_symbol,0.002954
learned_classifier_snr18_seed71001,learned_classifier_snr18_seed71001,Learned blind-carrier classifier · 18 dB · seed 71001,learned_classifier,Learned blind-carrier classifier,learned_classifier,71001,snr_db=18,paired held-out symbol/carrier/noise seed,candidate,20260727T150531Z_modulation_recognition_blind_carrier__learned_classifier_snr18_seed71001,steps.observation.channel.carrier.initial_phase_abs_mean_rad,1.552568
learned_classifier_snr18_seed71001,learned_classifier_snr18_seed71001,Learned blind-carrier classifier · 18 dB · seed 71001,learned_classifier,Learned blind-carrier classifier,learned_classifier,71001,snr_db=18,paired held-out symbol/carrier/noise seed,candidate,20260727T150531Z_modulation_recognition_blind_carrier__learned_classifier_snr18_seed71001,steps.observation.channel.snr_db,18
learned_classifier_snr18_seed71001,learned_classifier_snr18_seed71001,Learned blind-carrier classifier · 18 dB · seed 71001,learned_classifier,Learned blind-carrier classifier,learned_classifier,71001,snr_db=18,paired held-out symbol/carrier/noise seed,candidate,20260727T150531Z_modulation_recognition_blind_carrier__learned_classifier_snr18_seed71001,steps.observation.channel.snr_db_max,18
learned_classifier_snr18_seed71001,learned_classifier_snr18_seed71001,Learned blind-carrier classifier · 18 dB · seed 71001,learned_classifier,Learned blind-carrier classifier,learned_classifier,71001,snr_db=18,paired held-out symbol/carrier/noise seed,candidate,20260727T150531Z_modulation_recognition_blind_carrier__learned_classifier_snr18_seed71001,steps.observation.channel.snr_db_min,18
learned_classifier_snr18_seed71001,learned_classifier_snr18_seed71001,Learned blind-carrier classifier · 18 dB · seed 71001,learned_classifier,Learned blind-carrier classifier,learned_classifier,71001,snr_db=18,paired held-out symbol/carrier/noise seed,candidate,20260727T150531Z_modulation_recognition_blind_carrier__learned_classifier_snr18_seed71001,steps.observation.modulation_recognition.frame_count,1536
learned_classifier_snr18_seed71001,learned_classifier_snr18_seed71001,Learned blind-carrier classifier · 18 dB · seed 71001,learned_classifier,Learned blind-carrier classifier,learned_classifier,71001,snr_db=18,paired held-out symbol/carrier/noise seed,candidate,20260727T150531Z_modulation_recognition_blind_carrier__learned_classifier_snr18_seed71001,steps.observation.timing.step.wall_time_s,0.09132
learned_classifier_snr18_seed71001,learned_classifier_snr18_seed71001,Learned blind-carrier classifier · 18 dB · seed 71001,learned_classifier,Learned blind-carrier classifier,learned_classifier,71001,snr_db=18,paired held-out symbol/carrier/noise seed,candidate,20260727T150531Z_modulation_recognition_blind_carrier__learned_classifier_snr18_seed71001,steps.receiver.modulation_recognition.predicted_frame_count,1536
learned_classifier_snr18_seed71001,learned_classifier_snr18_seed71001,Learned blind-carrier classifier · 18 dB · seed 71001,learned_classifier,Learned blind-carrier classifier,learned_classifier,71001,snr_db=18,paired held-out symbol/carrier/noise seed,candidate,20260727T150531Z_modulation_recognition_blind_carrier__learned_classifier_snr18_seed71001,steps.receiver.timing.step.wall_time_s,0.723257
learned_classifier_snr18_seed71001,learned_classifier_snr18_seed71001,Learned blind-carrier classifier · 18 dB · seed 71001,learned_classifier,Learned blind-carrier classifier,learned_classifier,71001,snr_db=18,paired held-out symbol/carrier/noise seed,candidate,20260727T150531Z_modulation_recognition_blind_carrier__learned_classifier_snr18_seed71001,task.accuracy,0.998698
learned_classifier_snr18_seed71001,learned_classifier_snr18_seed71001,Learned blind-carrier classifier · 18 dB · seed 71001,learned_classifier,Learned blind-carrier classifier,learned_classifier,71001,snr_db=18,paired held-out symbol/carrier/noise seed,candidate,20260727T150531Z_modulation_recognition_blind_carrier__learned_classifier_snr18_seed71001,task.score,0.998698
learned_classifier_snr18_seed72001,learned_classifier_snr18_seed72001,Learned blind-carrier classifier · 18 dB · seed 72001,learned_classifier,Learned blind-carrier classifier,learned_classifier,72001,snr_db=18,paired held-out symbol/carrier/noise seed,candidate,20260727T150540Z_modulation_recognition_blind_carrier__learned_classifier_snr18_seed72001,channel.carrier.cfo_abs_mean_cycles_per_symbol,0.002995
learned_classifier_snr18_seed72001,learned_classifier_snr18_seed72001,Learned blind-carrier classifier · 18 dB · seed 72001,learned_classifier,Learned blind-carrier classifier,learned_classifier,72001,snr_db=18,paired held-out symbol/carrier/noise seed,candidate,20260727T150540Z_modulation_recognition_blind_carrier__learned_classifier_snr18_seed72001,channel.carrier.initial_phase_abs_mean_rad,1.588569
learned_classifier_snr18_seed72001,learned_classifier_snr18_seed72001,Learned blind-carrier classifier · 18 dB · seed 72001,learned_classifier,Learned blind-carrier classifier,learned_classifier,72001,snr_db=18,paired held-out symbol/carrier/noise seed,candidate,20260727T150540Z_modulation_recognition_blind_carrier__learned_classifier_snr18_seed72001,channel.snr_db,18
learned_classifier_snr18_seed72001,learned_classifier_snr18_seed72001,Learned blind-carrier classifier · 18 dB · seed 72001,learned_classifier,Learned blind-carrier classifier,learned_classifier,72001,snr_db=18,paired held-out symbol/carrier/noise seed,candidate,20260727T150540Z_modulation_recognition_blind_carrier__learned_classifier_snr18_seed72001,channel.snr_db_max,18
learned_classifier_snr18_seed72001,learned_classifier_snr18_seed72001,Learned blind-carrier classifier · 18 dB · seed 72001,learned_classifier,Learned blind-carrier classifier,learned_classifier,72001,snr_db=18,paired held-out symbol/carrier/noise seed,candidate,20260727T150540Z_modulation_recognition_blind_carrier__learned_classifier_snr18_seed72001,channel.snr_db_min,18
learned_classifier_snr18_seed72001,learned_classifier_snr18_seed72001,Learned blind-carrier classifier · 18 dB · seed 72001,learned_classifier,Learned blind-carrier classifier,learned_classifier,72001,snr_db=18,paired held-out symbol/carrier/noise seed,candidate,20260727T150540Z_modulation_recognition_blind_carrier__learned_classifier_snr18_seed72001,classification.balanced_accuracy,0.996094
learned_classifier_snr18_seed72001,learned_classifier_snr18_seed72001,Learned blind-carrier classifier · 18 dB · seed 72001,learned_classifier,Learned blind-carrier classifier,learned_classifier,72001,snr_db=18,paired held-out symbol/carrier/noise seed,candidate,20260727T150540Z_modulation_recognition_blind_carrier__learned_classifier_snr18_seed72001,memory.run.end_rss_bytes,819924992
learned_classifier_snr18_seed72001,learned_classifier_snr18_seed72001,Learned blind-carrier classifier · 18 dB · seed 72001,learned_classifier,Learned blind-carrier classifier,learned_classifier,72001,snr_db=18,paired held-out symbol/carrier/noise seed,candidate,20260727T150540Z_modulation_recognition_blind_carrier__learned_classifier_snr18_seed72001,memory.run.peak_rss_bytes,922271744
learned_classifier_snr18_seed72001,learned_classifier_snr18_seed72001,Learned blind-carrier classifier · 18 dB · seed 72001,learned_classifier,Learned blind-carrier classifier,learned_classifier,72001,snr_db=18,paired held-out symbol/carrier/noise seed,candidate,20260727T150540Z_modulation_recognition_blind_carrier__learned_classifier_snr18_seed72001,memory.run.peak_rss_delta_bytes,88326144
learned_classifier_snr18_seed72001,learned_classifier_snr18_seed72001,Learned blind-carrier classifier · 18 dB · seed 72001,learned_classifier,Learned blind-carrier classifier,learned_classifier,72001,snr_db=18,paired held-out symbol/carrier/noise seed,candidate,20260727T150540Z_modulation_recognition_blind_carrier__learned_classifier_snr18_seed72001,memory.run.sampler_interval_s,0.05
learned_classifier_snr18_seed72001,learned_classifier_snr18_seed72001,Learned blind-carrier classifier · 18 dB · seed 72001,learned_classifier,Learned blind-carrier classifier,learned_classifier,72001,snr_db=18,paired held-out symbol/carrier/noise seed,candidate,20260727T150540Z_modulation_recognition_blind_carrier__learned_classifier_snr18_seed72001,memory.run.start_rss_bytes,833945600
learned_classifier_snr18_seed72001,learned_classifier_snr18_seed72001,Learned blind-carrier classifier · 18 dB · seed 72001,learned_classifier,Learned blind-carrier classifier,learned_classifier,72001,snr_db=18,paired held-out symbol/carrier/noise seed,candidate,20260727T150540Z_modulation_recognition_blind_carrier__learned_classifier_snr18_seed72001,modulation_recognition.accuracy,0.996094
learned_classifier_snr18_seed72001,learned_classifier_snr18_seed72001,Learned blind-carrier classifier · 18 dB · seed 72001,learned_classifier,Learned blind-carrier classifier,learned_classifier,72001,snr_db=18,paired held-out symbol/carrier/noise seed,candidate,20260727T150540Z_modulation_recognition_blind_carrier__learned_classifier_snr18_seed72001,modulation_recognition.balanced_accuracy,0.996094
learned_classifier_snr18_seed72001,learned_classifier_snr18_seed72001,Learned blind-carrier classifier · 18 dB · seed 72001,learned_classifier,Learned blind-carrier classifier,learned_classifier,72001,snr_db=18,paired held-out symbol/carrier/noise seed,candidate,20260727T150540Z_modulation_recognition_blind_carrier__learned_classifier_snr18_seed72001,modulation_recognition.frame_count,1536
learned_classifier_snr18_seed72001,learned_classifier_snr18_seed72001,Learned blind-carrier classifier · 18 dB · seed 72001,learned_classifier,Learned blind-carrier classifier,learned_classifier,72001,snr_db=18,paired held-out symbol/carrier/noise seed,candidate,20260727T150540Z_modulation_recognition_blind_carrier__learned_classifier_snr18_seed72001,modulation_recognition.macro_f1,0.996094
learned_classifier_snr18_seed72001,learned_classifier_snr18_seed72001,Learned blind-carrier classifier · 18 dB · seed 72001,learned_classifier,Learned blind-carrier classifier,learned_classifier,72001,snr_db=18,paired held-out symbol/carrier/noise seed,candidate,20260727T150540Z_modulation_recognition_blind_carrier__learned_classifier_snr18_seed72001,modulation_recognition.predicted_frame_count,1536
learned_classifier_snr18_seed72001,learned_classifier_snr18_seed72001,Learned blind-carrier classifier · 18 dB · seed 72001,learned_classifier,Learned blind-carrier classifier,learned_classifier,72001,snr_db=18,paired held-out symbol/carrier/noise seed,candidate,20260727T150540Z_modulation_recognition_blind_carrier__learned_classifier_snr18_seed72001,modulation_recognition.symbols_per_frame,128
learned_classifier_snr18_seed72001,learned_classifier_snr18_seed72001,Learned blind-carrier classifier · 18 dB · seed 72001,learned_classifier,Learned blind-carrier classifier,learned_classifier,72001,snr_db=18,paired held-out symbol/carrier/noise seed,candidate,20260727T150540Z_modulation_recognition_blind_carrier__learned_classifier_snr18_seed72001,steps.data.modulation_recognition.frame_count,1536
learned_classifier_snr18_seed72001,learned_classifier_snr18_seed72001,Learned blind-carrier classifier · 18 dB · seed 72001,learned_classifier,Learned blind-carrier classifier,learned_classifier,72001,snr_db=18,paired held-out symbol/carrier/noise seed,candidate,20260727T150540Z_modulation_recognition_blind_carrier__learned_classifier_snr18_seed72001,steps.data.modulation_recognition.symbols_per_frame,128
learned_classifier_snr18_seed72001,learned_classifier_snr18_seed72001,Learned blind-carrier classifier · 18 dB · seed 72001,learned_classifier,Learned blind-carrier classifier,learned_classifier,72001,snr_db=18,paired held-out symbol/carrier/noise seed,candidate,20260727T150540Z_modulation_recognition_blind_carrier__learned_classifier_snr18_seed72001,steps.data.timing.step.wall_time_s,0.061944
learned_classifier_snr18_seed72001,learned_classifier_snr18_seed72001,Learned blind-carrier classifier · 18 dB · seed 72001,learned_classifier,Learned blind-carrier classifier,learned_classifier,72001,snr_db=18,paired held-out symbol/carrier/noise seed,candidate,20260727T150540Z_modulation_recognition_blind_carrier__learned_classifier_snr18_seed72001,steps.evaluation.channel.snr_db,18
learned_classifier_snr18_seed72001,learned_classifier_snr18_seed72001,Learned blind-carrier classifier · 18 dB · seed 72001,learned_classifier,Learned blind-carrier classifier,learned_classifier,72001,snr_db=18,paired held-out symbol/carrier/noise seed,candidate,20260727T150540Z_modulation_recognition_blind_carrier__learned_classifier_snr18_seed72001,steps.evaluation.classification.balanced_accuracy,0.996094
learned_classifier_snr18_seed72001,learned_classifier_snr18_seed72001,Learned blind-carrier classifier · 18 dB · seed 72001,learned_classifier,Learned blind-carrier classifier,learned_classifier,72001,snr_db=18,paired held-out symbol/carrier/noise seed,candidate,20260727T150540Z_modulation_recognition_blind_carrier__learned_classifier_snr18_seed72001,steps.evaluation.modulation_recognition.accuracy,0.996094
learned_classifier_snr18_seed72001,learned_classifier_snr18_seed72001,Learned blind-carrier classifier · 18 dB · seed 72001,learned_classifier,Learned blind-carrier classifier,learned_classifier,72001,snr_db=18,paired held-out symbol/carrier/noise seed,candidate,20260727T150540Z_modulation_recognition_blind_carrier__learned_classifier_snr18_seed72001,steps.evaluation.modulation_recognition.balanced_accuracy,0.996094
learned_classifier_snr18_seed72001,learned_classifier_snr18_seed72001,Learned blind-carrier classifier · 18 dB · seed 72001,learned_classifier,Learned blind-carrier classifier,learned_classifier,72001,snr_db=18,paired held-out symbol/carrier/noise seed,candidate,20260727T150540Z_modulation_recognition_blind_carrier__learned_classifier_snr18_seed72001,steps.evaluation.modulation_recognition.macro_f1,0.996094
learned_classifier_snr18_seed72001,learned_classifier_snr18_seed72001,Learned blind-carrier classifier · 18 dB · seed 72001,learned_classifier,Learned blind-carrier classifier,learned_classifier,72001,snr_db=18,paired held-out symbol/carrier/noise seed,candidate,20260727T150540Z_modulation_recognition_blind_carrier__learned_classifier_snr18_seed72001,steps.evaluation.task.accuracy,0.996094
learned_classifier_snr18_seed72001,learned_classifier_snr18_seed72001,Learned blind-carrier classifier · 18 dB · seed 72001,learned_classifier,Learned blind-carrier classifier,learned_classifier,72001,snr_db=18,paired held-out symbol/carrier/noise seed,candidate,20260727T150540Z_modulation_recognition_blind_carrier__learned_classifier_snr18_seed72001,steps.evaluation.task.score,0.996094
learned_classifier_snr18_seed72001,learned_classifier_snr18_seed72001,Learned blind-carrier classifier · 18 dB · seed 72001,learned_classifier,Learned blind-carrier classifier,learned_classifier,72001,snr_db=18,paired held-out symbol/carrier/noise seed,candidate,20260727T150540Z_modulation_recognition_blind_carrier__learned_classifier_snr18_seed72001,steps.evaluation.timing.step.wall_time_s,0.007589
learned_classifier_snr18_seed72001,learned_classifier_snr18_seed72001,Learned blind-carrier classifier · 18 dB · seed 72001,learned_classifier,Learned blind-carrier classifier,learned_classifier,72001,snr_db=18,paired held-out symbol/carrier/noise seed,candidate,20260727T150540Z_modulation_recognition_blind_carrier__learned_classifier_snr18_seed72001,steps.observation.channel.carrier.cfo_abs_mean_cycles_per_symbol,0.002995
learned_classifier_snr18_seed72001,learned_classifier_snr18_seed72001,Learned blind-carrier classifier · 18 dB · seed 72001,learned_classifier,Learned blind-carrier classifier,learned_classifier,72001,snr_db=18,paired held-out symbol/carrier/noise seed,candidate,20260727T150540Z_modulation_recognition_blind_carrier__learned_classifier_snr18_seed72001,steps.observation.channel.carrier.initial_phase_abs_mean_rad,1.588569
learned_classifier_snr18_seed72001,learned_classifier_snr18_seed72001,Learned blind-carrier classifier · 18 dB · seed 72001,learned_classifier,Learned blind-carrier classifier,learned_classifier,72001,snr_db=18,paired held-out symbol/carrier/noise seed,candidate,20260727T150540Z_modulation_recognition_blind_carrier__learned_classifier_snr18_seed72001,steps.observation.channel.snr_db,18
learned_classifier_snr18_seed72001,learned_classifier_snr18_seed72001,Learned blind-carrier classifier · 18 dB · seed 72001,learned_classifier,Learned blind-carrier classifier,learned_classifier,72001,snr_db=18,paired held-out symbol/carrier/noise seed,candidate,20260727T150540Z_modulation_recognition_blind_carrier__learned_classifier_snr18_seed72001,steps.observation.channel.snr_db_max,18
learned_classifier_snr18_seed72001,learned_classifier_snr18_seed72001,Learned blind-carrier classifier · 18 dB · seed 72001,learned_classifier,Learned blind-carrier classifier,learned_classifier,72001,snr_db=18,paired held-out symbol/carrier/noise seed,candidate,20260727T150540Z_modulation_recognition_blind_carrier__learned_classifier_snr18_seed72001,steps.observation.channel.snr_db_min,18
learned_classifier_snr18_seed72001,learned_classifier_snr18_seed72001,Learned blind-carrier classifier · 18 dB · seed 72001,learned_classifier,Learned blind-carrier classifier,learned_classifier,72001,snr_db=18,paired held-out symbol/carrier/noise seed,candidate,20260727T150540Z_modulation_recognition_blind_carrier__learned_classifier_snr18_seed72001,steps.observation.modulation_recognition.frame_count,1536
learned_classifier_snr18_seed72001,learned_classifier_snr18_seed72001,Learned blind-carrier classifier · 18 dB · seed 72001,learned_classifier,Learned blind-carrier classifier,learned_classifier,72001,snr_db=18,paired held-out symbol/carrier/noise seed,candidate,20260727T150540Z_modulation_recognition_blind_carrier__learned_classifier_snr18_seed72001,steps.observation.timing.step.wall_time_s,0.097366
learned_classifier_snr18_seed72001,learned_classifier_snr18_seed72001,Learned blind-carrier classifier · 18 dB · seed 72001,learned_classifier,Learned blind-carrier classifier,learned_classifier,72001,snr_db=18,paired held-out symbol/carrier/noise seed,candidate,20260727T150540Z_modulation_recognition_blind_carrier__learned_classifier_snr18_seed72001,steps.receiver.modulation_recognition.predicted_frame_count,1536
learned_classifier_snr18_seed72001,learned_classifier_snr18_seed72001,Learned blind-carrier classifier · 18 dB · seed 72001,learned_classifier,Learned blind-carrier classifier,learned_classifier,72001,snr_db=18,paired held-out symbol/carrier/noise seed,candidate,20260727T150540Z_modulation_recognition_blind_carrier__learned_classifier_snr18_seed72001,steps.receiver.timing.step.wall_time_s,0.696577
learned_classifier_snr18_seed72001,learned_classifier_snr18_seed72001,Learned blind-carrier classifier · 18 dB · seed 72001,learned_classifier,Learned blind-carrier classifier,learned_classifier,72001,snr_db=18,paired held-out symbol/carrier/noise seed,candidate,20260727T150540Z_modulation_recognition_blind_carrier__learned_classifier_snr18_seed72001,task.accuracy,0.996094
learned_classifier_snr18_seed72001,learned_classifier_snr18_seed72001,Learned blind-carrier classifier · 18 dB · seed 72001,learned_classifier,Learned blind-carrier classifier,learned_classifier,72001,snr_db=18,paired held-out symbol/carrier/noise seed,candidate,20260727T150540Z_modulation_recognition_blind_carrier__learned_classifier_snr18_seed72001,task.score,0.996094
learned_classifier_snr18_seed73001,learned_classifier_snr18_seed73001,Learned blind-carrier classifier · 18 dB · seed 73001,learned_classifier,Learned blind-carrier classifier,learned_classifier,73001,snr_db=18,paired held-out symbol/carrier/noise seed,candidate,20260727T150549Z_modulation_recognition_blind_carrier__learned_classifier_snr18_seed73001,channel.carrier.cfo_abs_mean_cycles_per_symbol,0.003047
learned_classifier_snr18_seed73001,learned_classifier_snr18_seed73001,Learned blind-carrier classifier · 18 dB · seed 73001,learned_classifier,Learned blind-carrier classifier,learned_classifier,73001,snr_db=18,paired held-out symbol/carrier/noise seed,candidate,20260727T150549Z_modulation_recognition_blind_carrier__learned_classifier_snr18_seed73001,channel.carrier.initial_phase_abs_mean_rad,1.55227
learned_classifier_snr18_seed73001,learned_classifier_snr18_seed73001,Learned blind-carrier classifier · 18 dB · seed 73001,learned_classifier,Learned blind-carrier classifier,learned_classifier,73001,snr_db=18,paired held-out symbol/carrier/noise seed,candidate,20260727T150549Z_modulation_recognition_blind_carrier__learned_classifier_snr18_seed73001,channel.snr_db,18
learned_classifier_snr18_seed73001,learned_classifier_snr18_seed73001,Learned blind-carrier classifier · 18 dB · seed 73001,learned_classifier,Learned blind-carrier classifier,learned_classifier,73001,snr_db=18,paired held-out symbol/carrier/noise seed,candidate,20260727T150549Z_modulation_recognition_blind_carrier__learned_classifier_snr18_seed73001,channel.snr_db_max,18
learned_classifier_snr18_seed73001,learned_classifier_snr18_seed73001,Learned blind-carrier classifier · 18 dB · seed 73001,learned_classifier,Learned blind-carrier classifier,learned_classifier,73001,snr_db=18,paired held-out symbol/carrier/noise seed,candidate,20260727T150549Z_modulation_recognition_blind_carrier__learned_classifier_snr18_seed73001,channel.snr_db_min,18
learned_classifier_snr18_seed73001,learned_classifier_snr18_seed73001,Learned blind-carrier classifier · 18 dB · seed 73001,learned_classifier,Learned blind-carrier classifier,learned_classifier,73001,snr_db=18,paired held-out symbol/carrier/noise seed,candidate,20260727T150549Z_modulation_recognition_blind_carrier__learned_classifier_snr18_seed73001,classification.balanced_accuracy,0.996094
learned_classifier_snr18_seed73001,learned_classifier_snr18_seed73001,Learned blind-carrier classifier · 18 dB · seed 73001,learned_classifier,Learned blind-carrier classifier,learned_classifier,73001,snr_db=18,paired held-out symbol/carrier/noise seed,candidate,20260727T150549Z_modulation_recognition_blind_carrier__learned_classifier_snr18_seed73001,memory.run.end_rss_bytes,825274368
learned_classifier_snr18_seed73001,learned_classifier_snr18_seed73001,Learned blind-carrier classifier · 18 dB · seed 73001,learned_classifier,Learned blind-carrier classifier,learned_classifier,73001,snr_db=18,paired held-out symbol/carrier/noise seed,candidate,20260727T150549Z_modulation_recognition_blind_carrier__learned_classifier_snr18_seed73001,memory.run.peak_rss_bytes,900771840
learned_classifier_snr18_seed73001,learned_classifier_snr18_seed73001,Learned blind-carrier classifier · 18 dB · seed 73001,learned_classifier,Learned blind-carrier classifier,learned_classifier,73001,snr_db=18,paired held-out symbol/carrier/noise seed,candidate,20260727T150549Z_modulation_recognition_blind_carrier__learned_classifier_snr18_seed73001,memory.run.peak_rss_delta_bytes,63594496
learned_classifier_snr18_seed73001,learned_classifier_snr18_seed73001,Learned blind-carrier classifier · 18 dB · seed 73001,learned_classifier,Learned blind-carrier classifier,learned_classifier,73001,snr_db=18,paired held-out symbol/carrier/noise seed,candidate,20260727T150549Z_modulation_recognition_blind_carrier__learned_classifier_snr18_seed73001,memory.run.sampler_interval_s,0.05
learned_classifier_snr18_seed73001,learned_classifier_snr18_seed73001,Learned blind-carrier classifier · 18 dB · seed 73001,learned_classifier,Learned blind-carrier classifier,learned_classifier,73001,snr_db=18,paired held-out symbol/carrier/noise seed,candidate,20260727T150549Z_modulation_recognition_blind_carrier__learned_classifier_snr18_seed73001,memory.run.start_rss_bytes,837177344
learned_classifier_snr18_seed73001,learned_classifier_snr18_seed73001,Learned blind-carrier classifier · 18 dB · seed 73001,learned_classifier,Learned blind-carrier classifier,learned_classifier,73001,snr_db=18,paired held-out symbol/carrier/noise seed,candidate,20260727T150549Z_modulation_recognition_blind_carrier__learned_classifier_snr18_seed73001,modulation_recognition.accuracy,0.996094
learned_classifier_snr18_seed73001,learned_classifier_snr18_seed73001,Learned blind-carrier classifier · 18 dB · seed 73001,learned_classifier,Learned blind-carrier classifier,learned_classifier,73001,snr_db=18,paired held-out symbol/carrier/noise seed,candidate,20260727T150549Z_modulation_recognition_blind_carrier__learned_classifier_snr18_seed73001,modulation_recognition.balanced_accuracy,0.996094
learned_classifier_snr18_seed73001,learned_classifier_snr18_seed73001,Learned blind-carrier classifier · 18 dB · seed 73001,learned_classifier,Learned blind-carrier classifier,learned_classifier,73001,snr_db=18,paired held-out symbol/carrier/noise seed,candidate,20260727T150549Z_modulation_recognition_blind_carrier__learned_classifier_snr18_seed73001,modulation_recognition.frame_count,1536
learned_classifier_snr18_seed73001,learned_classifier_snr18_seed73001,Learned blind-carrier classifier · 18 dB · seed 73001,learned_classifier,Learned blind-carrier classifier,learned_classifier,73001,snr_db=18,paired held-out symbol/carrier/noise seed,candidate,20260727T150549Z_modulation_recognition_blind_carrier__learned_classifier_snr18_seed73001,modulation_recognition.macro_f1,0.996094
learned_classifier_snr18_seed73001,learned_classifier_snr18_seed73001,Learned blind-carrier classifier · 18 dB · seed 73001,learned_classifier,Learned blind-carrier classifier,learned_classifier,73001,snr_db=18,paired held-out symbol/carrier/noise seed,candidate,20260727T150549Z_modulation_recognition_blind_carrier__learned_classifier_snr18_seed73001,modulation_recognition.predicted_frame_count,1536
learned_classifier_snr18_seed73001,learned_classifier_snr18_seed73001,Learned blind-carrier classifier · 18 dB · seed 73001,learned_classifier,Learned blind-carrier classifier,learned_classifier,73001,snr_db=18,paired held-out symbol/carrier/noise seed,candidate,20260727T150549Z_modulation_recognition_blind_carrier__learned_classifier_snr18_seed73001,modulation_recognition.symbols_per_frame,128
learned_classifier_snr18_seed73001,learned_classifier_snr18_seed73001,Learned blind-carrier classifier · 18 dB · seed 73001,learned_classifier,Learned blind-carrier classifier,learned_classifier,73001,snr_db=18,paired held-out symbol/carrier/noise seed,candidate,20260727T150549Z_modulation_recognition_blind_carrier__learned_classifier_snr18_seed73001,steps.data.modulation_recognition.frame_count,1536
learned_classifier_snr18_seed73001,learned_classifier_snr18_seed73001,Learned blind-carrier classifier · 18 dB · seed 73001,learned_classifier,Learned blind-carrier classifier,learned_classifier,73001,snr_db=18,paired held-out symbol/carrier/noise seed,candidate,20260727T150549Z_modulation_recognition_blind_carrier__learned_classifier_snr18_seed73001,steps.data.modulation_recognition.symbols_per_frame,128
learned_classifier_snr18_seed73001,learned_classifier_snr18_seed73001,Learned blind-carrier classifier · 18 dB · seed 73001,learned_classifier,Learned blind-carrier classifier,learned_classifier,73001,snr_db=18,paired held-out symbol/carrier/noise seed,candidate,20260727T150549Z_modulation_recognition_blind_carrier__learned_classifier_snr18_seed73001,steps.data.timing.step.wall_time_s,0.059298
learned_classifier_snr18_seed73001,learned_classifier_snr18_seed73001,Learned blind-carrier classifier · 18 dB · seed 73001,learned_classifier,Learned blind-carrier classifier,learned_classifier,73001,snr_db=18,paired held-out symbol/carrier/noise seed,candidate,20260727T150549Z_modulation_recognition_blind_carrier__learned_classifier_snr18_seed73001,steps.evaluation.channel.snr_db,18
learned_classifier_snr18_seed73001,learned_classifier_snr18_seed73001,Learned blind-carrier classifier · 18 dB · seed 73001,learned_classifier,Learned blind-carrier classifier,learned_classifier,73001,snr_db=18,paired held-out symbol/carrier/noise seed,candidate,20260727T150549Z_modulation_recognition_blind_carrier__learned_classifier_snr18_seed73001,steps.evaluation.classification.balanced_accuracy,0.996094
learned_classifier_snr18_seed73001,learned_classifier_snr18_seed73001,Learned blind-carrier classifier · 18 dB · seed 73001,learned_classifier,Learned blind-carrier classifier,learned_classifier,73001,snr_db=18,paired held-out symbol/carrier/noise seed,candidate,20260727T150549Z_modulation_recognition_blind_carrier__learned_classifier_snr18_seed73001,steps.evaluation.modulation_recognition.accuracy,0.996094
learned_classifier_snr18_seed73001,learned_classifier_snr18_seed73001,Learned blind-carrier classifier · 18 dB · seed 73001,learned_classifier,Learned blind-carrier classifier,learned_classifier,73001,snr_db=18,paired held-out symbol/carrier/noise seed,candidate,20260727T150549Z_modulation_recognition_blind_carrier__learned_classifier_snr18_seed73001,steps.evaluation.modulation_recognition.balanced_accuracy,0.996094
learned_classifier_snr18_seed73001,learned_classifier_snr18_seed73001,Learned blind-carrier classifier · 18 dB · seed 73001,learned_classifier,Learned blind-carrier classifier,learned_classifier,73001,snr_db=18,paired held-out symbol/carrier/noise seed,candidate,20260727T150549Z_modulation_recognition_blind_carrier__learned_classifier_snr18_seed73001,steps.evaluation.modulation_recognition.macro_f1,0.996094
learned_classifier_snr18_seed73001,learned_classifier_snr18_seed73001,Learned blind-carrier classifier · 18 dB · seed 73001,learned_classifier,Learned blind-carrier classifier,learned_classifier,73001,snr_db=18,paired held-out symbol/carrier/noise seed,candidate,20260727T150549Z_modulation_recognition_blind_carrier__learned_classifier_snr18_seed73001,steps.evaluation.task.accuracy,0.996094
learned_classifier_snr18_seed73001,learned_classifier_snr18_seed73001,Learned blind-carrier classifier · 18 dB · seed 73001,learned_classifier,Learned blind-carrier classifier,learned_classifier,73001,snr_db=18,paired held-out symbol/carrier/noise seed,candidate,20260727T150549Z_modulation_recognition_blind_carrier__learned_classifier_snr18_seed73001,steps.evaluation.task.score,0.996094
learned_classifier_snr18_seed73001,learned_classifier_snr18_seed73001,Learned blind-carrier classifier · 18 dB · seed 73001,learned_classifier,Learned blind-carrier classifier,learned_classifier,73001,snr_db=18,paired held-out symbol/carrier/noise seed,candidate,20260727T150549Z_modulation_recognition_blind_carrier__learned_classifier_snr18_seed73001,steps.evaluation.timing.step.wall_time_s,0.007532
learned_classifier_snr18_seed73001,learned_classifier_snr18_seed73001,Learned blind-carrier classifier · 18 dB · seed 73001,learned_classifier,Learned blind-carrier classifier,learned_classifier,73001,snr_db=18,paired held-out symbol/carrier/noise seed,candidate,20260727T150549Z_modulation_recognition_blind_carrier__learned_classifier_snr18_seed73001,steps.observation.channel.carrier.cfo_abs_mean_cycles_per_symbol,0.003047
learned_classifier_snr18_seed73001,learned_classifier_snr18_seed73001,Learned blind-carrier classifier · 18 dB · seed 73001,learned_classifier,Learned blind-carrier classifier,learned_classifier,73001,snr_db=18,paired held-out symbol/carrier/noise seed,candidate,20260727T150549Z_modulation_recognition_blind_carrier__learned_classifier_snr18_seed73001,steps.observation.channel.carrier.initial_phase_abs_mean_rad,1.55227
learned_classifier_snr18_seed73001,learned_classifier_snr18_seed73001,Learned blind-carrier classifier · 18 dB · seed 73001,learned_classifier,Learned blind-carrier classifier,learned_classifier,73001,snr_db=18,paired held-out symbol/carrier/noise seed,candidate,20260727T150549Z_modulation_recognition_blind_carrier__learned_classifier_snr18_seed73001,steps.observation.channel.snr_db,18
learned_classifier_snr18_seed73001,learned_classifier_snr18_seed73001,Learned blind-carrier classifier · 18 dB · seed 73001,learned_classifier,Learned blind-carrier classifier,learned_classifier,73001,snr_db=18,paired held-out symbol/carrier/noise seed,candidate,20260727T150549Z_modulation_recognition_blind_carrier__learned_classifier_snr18_seed73001,steps.observation.channel.snr_db_max,18
learned_classifier_snr18_seed73001,learned_classifier_snr18_seed73001,Learned blind-carrier classifier · 18 dB · seed 73001,learned_classifier,Learned blind-carrier classifier,learned_classifier,73001,snr_db=18,paired held-out symbol/carrier/noise seed,candidate,20260727T150549Z_modulation_recognition_blind_carrier__learned_classifier_snr18_seed73001,steps.observation.channel.snr_db_min,18
learned_classifier_snr18_seed73001,learned_classifier_snr18_seed73001,Learned blind-carrier classifier · 18 dB · seed 73001,learned_classifier,Learned blind-carrier classifier,learned_classifier,73001,snr_db=18,paired held-out symbol/carrier/noise seed,candidate,20260727T150549Z_modulation_recognition_blind_carrier__learned_classifier_snr18_seed73001,steps.observation.modulation_recognition.frame_count,1536
learned_classifier_snr18_seed73001,learned_classifier_snr18_seed73001,Learned blind-carrier classifier · 18 dB · seed 73001,learned_classifier,Learned blind-carrier classifier,learned_classifier,73001,snr_db=18,paired held-out symbol/carrier/noise seed,candidate,20260727T150549Z_modulation_recognition_blind_carrier__learned_classifier_snr18_seed73001,steps.observation.timing.step.wall_time_s,0.088512
learned_classifier_snr18_seed73001,learned_classifier_snr18_seed73001,Learned blind-carrier classifier · 18 dB · seed 73001,learned_classifier,Learned blind-carrier classifier,learned_classifier,73001,snr_db=18,paired held-out symbol/carrier/noise seed,candidate,20260727T150549Z_modulation_recognition_blind_carrier__learned_classifier_snr18_seed73001,steps.receiver.modulation_recognition.predicted_frame_count,1536
learned_classifier_snr18_seed73001,learned_classifier_snr18_seed73001,Learned blind-carrier classifier · 18 dB · seed 73001,learned_classifier,Learned blind-carrier classifier,learned_classifier,73001,snr_db=18,paired held-out symbol/carrier/noise seed,candidate,20260727T150549Z_modulation_recognition_blind_carrier__learned_classifier_snr18_seed73001,steps.receiver.timing.step.wall_time_s,0.708757
learned_classifier_snr18_seed73001,learned_classifier_snr18_seed73001,Learned blind-carrier classifier · 18 dB · seed 73001,learned_classifier,Learned blind-carrier classifier,learned_classifier,73001,snr_db=18,paired held-out symbol/carrier/noise seed,candidate,20260727T150549Z_modulation_recognition_blind_carrier__learned_classifier_snr18_seed73001,task.accuracy,0.996094
learned_classifier_snr18_seed73001,learned_classifier_snr18_seed73001,Learned blind-carrier classifier · 18 dB · seed 73001,learned_classifier,Learned blind-carrier classifier,learned_classifier,73001,snr_db=18,paired held-out symbol/carrier/noise seed,candidate,20260727T150549Z_modulation_recognition_blind_carrier__learned_classifier_snr18_seed73001,task.score,0.996094
oracle_likelihood_snrm2_seed71001,oracle_likelihood_snrm2_seed71001,Oracle-synchronized likelihood reference · -2 dB · seed 71001,oracle_likelihood,Oracle-synchronized likelihood,oracle_likelihood,71001,snr_db=m2,paired held-out symbol/carrier/noise seed,reference,20260727T150349Z_modulation_recognition_blind_carrier__oracle_likelihood_snrm2_seed71001,channel.carrier.cfo_abs_mean_cycles_per_symbol,0.002954
oracle_likelihood_snrm2_seed71001,oracle_likelihood_snrm2_seed71001,Oracle-synchronized likelihood reference · -2 dB · seed 71001,oracle_likelihood,Oracle-synchronized likelihood,oracle_likelihood,71001,snr_db=m2,paired held-out symbol/carrier/noise seed,reference,20260727T150349Z_modulation_recognition_blind_carrier__oracle_likelihood_snrm2_seed71001,channel.carrier.initial_phase_abs_mean_rad,1.552568
oracle_likelihood_snrm2_seed71001,oracle_likelihood_snrm2_seed71001,Oracle-synchronized likelihood reference · -2 dB · seed 71001,oracle_likelihood,Oracle-synchronized likelihood,oracle_likelihood,71001,snr_db=m2,paired held-out symbol/carrier/noise seed,reference,20260727T150349Z_modulation_recognition_blind_carrier__oracle_likelihood_snrm2_seed71001,channel.snr_db,-2
oracle_likelihood_snrm2_seed71001,oracle_likelihood_snrm2_seed71001,Oracle-synchronized likelihood reference · -2 dB · seed 71001,oracle_likelihood,Oracle-synchronized likelihood,oracle_likelihood,71001,snr_db=m2,paired held-out symbol/carrier/noise seed,reference,20260727T150349Z_modulation_recognition_blind_carrier__oracle_likelihood_snrm2_seed71001,channel.snr_db_max,-2
oracle_likelihood_snrm2_seed71001,oracle_likelihood_snrm2_seed71001,Oracle-synchronized likelihood reference · -2 dB · seed 71001,oracle_likelihood,Oracle-synchronized likelihood,oracle_likelihood,71001,snr_db=m2,paired held-out symbol/carrier/noise seed,reference,20260727T150349Z_modulation_recognition_blind_carrier__oracle_likelihood_snrm2_seed71001,channel.snr_db_min,-2
oracle_likelihood_snrm2_seed71001,oracle_likelihood_snrm2_seed71001,Oracle-synchronized likelihood reference · -2 dB · seed 71001,oracle_likelihood,Oracle-synchronized likelihood,oracle_likelihood,71001,snr_db=m2,paired held-out symbol/carrier/noise seed,reference,20260727T150349Z_modulation_recognition_blind_carrier__oracle_likelihood_snrm2_seed71001,classification.balanced_accuracy,0.729167
oracle_likelihood_snrm2_seed71001,oracle_likelihood_snrm2_seed71001,Oracle-synchronized likelihood reference · -2 dB · seed 71001,oracle_likelihood,Oracle-synchronized likelihood,oracle_likelihood,71001,snr_db=m2,paired held-out symbol/carrier/noise seed,reference,20260727T150349Z_modulation_recognition_blind_carrier__oracle_likelihood_snrm2_seed71001,memory.run.end_rss_bytes,658862080
oracle_likelihood_snrm2_seed71001,oracle_likelihood_snrm2_seed71001,Oracle-synchronized likelihood reference · -2 dB · seed 71001,oracle_likelihood,Oracle-synchronized likelihood,oracle_likelihood,71001,snr_db=m2,paired held-out symbol/carrier/noise seed,reference,20260727T150349Z_modulation_recognition_blind_carrier__oracle_likelihood_snrm2_seed71001,memory.run.peak_rss_bytes,742199296
oracle_likelihood_snrm2_seed71001,oracle_likelihood_snrm2_seed71001,Oracle-synchronized likelihood reference · -2 dB · seed 71001,oracle_likelihood,Oracle-synchronized likelihood,oracle_likelihood,71001,snr_db=m2,paired held-out symbol/carrier/noise seed,reference,20260727T150349Z_modulation_recognition_blind_carrier__oracle_likelihood_snrm2_seed71001,memory.run.peak_rss_delta_bytes,75530240
oracle_likelihood_snrm2_seed71001,oracle_likelihood_snrm2_seed71001,Oracle-synchronized likelihood reference · -2 dB · seed 71001,oracle_likelihood,Oracle-synchronized likelihood,oracle_likelihood,71001,snr_db=m2,paired held-out symbol/carrier/noise seed,reference,20260727T150349Z_modulation_recognition_blind_carrier__oracle_likelihood_snrm2_seed71001,memory.run.sampler_interval_s,0.05
oracle_likelihood_snrm2_seed71001,oracle_likelihood_snrm2_seed71001,Oracle-synchronized likelihood reference · -2 dB · seed 71001,oracle_likelihood,Oracle-synchronized likelihood,oracle_likelihood,71001,snr_db=m2,paired held-out symbol/carrier/noise seed,reference,20260727T150349Z_modulation_recognition_blind_carrier__oracle_likelihood_snrm2_seed71001,memory.run.start_rss_bytes,666669056
oracle_likelihood_snrm2_seed71001,oracle_likelihood_snrm2_seed71001,Oracle-synchronized likelihood reference · -2 dB · seed 71001,oracle_likelihood,Oracle-synchronized likelihood,oracle_likelihood,71001,snr_db=m2,paired held-out symbol/carrier/noise seed,reference,20260727T150349Z_modulation_recognition_blind_carrier__oracle_likelihood_snrm2_seed71001,modulation_recognition.accuracy,0.729167
oracle_likelihood_snrm2_seed71001,oracle_likelihood_snrm2_seed71001,Oracle-synchronized likelihood reference · -2 dB · seed 71001,oracle_likelihood,Oracle-synchronized likelihood,oracle_likelihood,71001,snr_db=m2,paired held-out symbol/carrier/noise seed,reference,20260727T150349Z_modulation_recognition_blind_carrier__oracle_likelihood_snrm2_seed71001,modulation_recognition.balanced_accuracy,0.729167
oracle_likelihood_snrm2_seed71001,oracle_likelihood_snrm2_seed71001,Oracle-synchronized likelihood reference · -2 dB · seed 71001,oracle_likelihood,Oracle-synchronized likelihood,oracle_likelihood,71001,snr_db=m2,paired held-out symbol/carrier/noise seed,reference,20260727T150349Z_modulation_recognition_blind_carrier__oracle_likelihood_snrm2_seed71001,modulation_recognition.frame_count,1536
oracle_likelihood_snrm2_seed71001,oracle_likelihood_snrm2_seed71001,Oracle-synchronized likelihood reference · -2 dB · seed 71001,oracle_likelihood,Oracle-synchronized likelihood,oracle_likelihood,71001,snr_db=m2,paired held-out symbol/carrier/noise seed,reference,20260727T150349Z_modulation_recognition_blind_carrier__oracle_likelihood_snrm2_seed71001,modulation_recognition.macro_f1,0.729591
oracle_likelihood_snrm2_seed71001,oracle_likelihood_snrm2_seed71001,Oracle-synchronized likelihood reference · -2 dB · seed 71001,oracle_likelihood,Oracle-synchronized likelihood,oracle_likelihood,71001,snr_db=m2,paired held-out symbol/carrier/noise seed,reference,20260727T150349Z_modulation_recognition_blind_carrier__oracle_likelihood_snrm2_seed71001,modulation_recognition.predicted_frame_count,1536
oracle_likelihood_snrm2_seed71001,oracle_likelihood_snrm2_seed71001,Oracle-synchronized likelihood reference · -2 dB · seed 71001,oracle_likelihood,Oracle-synchronized likelihood,oracle_likelihood,71001,snr_db=m2,paired held-out symbol/carrier/noise seed,reference,20260727T150349Z_modulation_recognition_blind_carrier__oracle_likelihood_snrm2_seed71001,modulation_recognition.symbols_per_frame,128
oracle_likelihood_snrm2_seed71001,oracle_likelihood_snrm2_seed71001,Oracle-synchronized likelihood reference · -2 dB · seed 71001,oracle_likelihood,Oracle-synchronized likelihood,oracle_likelihood,71001,snr_db=m2,paired held-out symbol/carrier/noise seed,reference,20260727T150349Z_modulation_recognition_blind_carrier__oracle_likelihood_snrm2_seed71001,steps.data.modulation_recognition.frame_count,1536
oracle_likelihood_snrm2_seed71001,oracle_likelihood_snrm2_seed71001,Oracle-synchronized likelihood reference · -2 dB · seed 71001,oracle_likelihood,Oracle-synchronized likelihood,oracle_likelihood,71001,snr_db=m2,paired held-out symbol/carrier/noise seed,reference,20260727T150349Z_modulation_recognition_blind_carrier__oracle_likelihood_snrm2_seed71001,steps.data.modulation_recognition.symbols_per_frame,128
oracle_likelihood_snrm2_seed71001,oracle_likelihood_snrm2_seed71001,Oracle-synchronized likelihood reference · -2 dB · seed 71001,oracle_likelihood,Oracle-synchronized likelihood,oracle_likelihood,71001,snr_db=m2,paired held-out symbol/carrier/noise seed,reference,20260727T150349Z_modulation_recognition_blind_carrier__oracle_likelihood_snrm2_seed71001,steps.data.timing.step.wall_time_s,0.061476
oracle_likelihood_snrm2_seed71001,oracle_likelihood_snrm2_seed71001,Oracle-synchronized likelihood reference · -2 dB · seed 71001,oracle_likelihood,Oracle-synchronized likelihood,oracle_likelihood,71001,snr_db=m2,paired held-out symbol/carrier/noise seed,reference,20260727T150349Z_modulation_recognition_blind_carrier__oracle_likelihood_snrm2_seed71001,steps.evaluation.channel.snr_db,-2
oracle_likelihood_snrm2_seed71001,oracle_likelihood_snrm2_seed71001,Oracle-synchronized likelihood reference · -2 dB · seed 71001,oracle_likelihood,Oracle-synchronized likelihood,oracle_likelihood,71001,snr_db=m2,paired held-out symbol/carrier/noise seed,reference,20260727T150349Z_modulation_recognition_blind_carrier__oracle_likelihood_snrm2_seed71001,steps.evaluation.classification.balanced_accuracy,0.729167
oracle_likelihood_snrm2_seed71001,oracle_likelihood_snrm2_seed71001,Oracle-synchronized likelihood reference · -2 dB · seed 71001,oracle_likelihood,Oracle-synchronized likelihood,oracle_likelihood,71001,snr_db=m2,paired held-out symbol/carrier/noise seed,reference,20260727T150349Z_modulation_recognition_blind_carrier__oracle_likelihood_snrm2_seed71001,steps.evaluation.modulation_recognition.accuracy,0.729167
oracle_likelihood_snrm2_seed71001,oracle_likelihood_snrm2_seed71001,Oracle-synchronized likelihood reference · -2 dB · seed 71001,oracle_likelihood,Oracle-synchronized likelihood,oracle_likelihood,71001,snr_db=m2,paired held-out symbol/carrier/noise seed,reference,20260727T150349Z_modulation_recognition_blind_carrier__oracle_likelihood_snrm2_seed71001,steps.evaluation.modulation_recognition.balanced_accuracy,0.729167
oracle_likelihood_snrm2_seed71001,oracle_likelihood_snrm2_seed71001,Oracle-synchronized likelihood reference · -2 dB · seed 71001,oracle_likelihood,Oracle-synchronized likelihood,oracle_likelihood,71001,snr_db=m2,paired held-out symbol/carrier/noise seed,reference,20260727T150349Z_modulation_recognition_blind_carrier__oracle_likelihood_snrm2_seed71001,steps.evaluation.modulation_recognition.macro_f1,0.729591
oracle_likelihood_snrm2_seed71001,oracle_likelihood_snrm2_seed71001,Oracle-synchronized likelihood reference · -2 dB · seed 71001,oracle_likelihood,Oracle-synchronized likelihood,oracle_likelihood,71001,snr_db=m2,paired held-out symbol/carrier/noise seed,reference,20260727T150349Z_modulation_recognition_blind_carrier__oracle_likelihood_snrm2_seed71001,steps.evaluation.task.accuracy,0.729167
oracle_likelihood_snrm2_seed71001,oracle_likelihood_snrm2_seed71001,Oracle-synchronized likelihood reference · -2 dB · seed 71001,oracle_likelihood,Oracle-synchronized likelihood,oracle_likelihood,71001,snr_db=m2,paired held-out symbol/carrier/noise seed,reference,20260727T150349Z_modulation_recognition_blind_carrier__oracle_likelihood_snrm2_seed71001,steps.evaluation.task.score,0.729591
oracle_likelihood_snrm2_seed71001,oracle_likelihood_snrm2_seed71001,Oracle-synchronized likelihood reference · -2 dB · seed 71001,oracle_likelihood,Oracle-synchronized likelihood,oracle_likelihood,71001,snr_db=m2,paired held-out symbol/carrier/noise seed,reference,20260727T150349Z_modulation_recognition_blind_carrier__oracle_likelihood_snrm2_seed71001,steps.evaluation.timing.step.wall_time_s,0.006733
oracle_likelihood_snrm2_seed71001,oracle_likelihood_snrm2_seed71001,Oracle-synchronized likelihood reference · -2 dB · seed 71001,oracle_likelihood,Oracle-synchronized likelihood,oracle_likelihood,71001,snr_db=m2,paired held-out symbol/carrier/noise seed,reference,20260727T150349Z_modulation_recognition_blind_carrier__oracle_likelihood_snrm2_seed71001,steps.observation.channel.carrier.cfo_abs_mean_cycles_per_symbol,0.002954
oracle_likelihood_snrm2_seed71001,oracle_likelihood_snrm2_seed71001,Oracle-synchronized likelihood reference · -2 dB · seed 71001,oracle_likelihood,Oracle-synchronized likelihood,oracle_likelihood,71001,snr_db=m2,paired held-out symbol/carrier/noise seed,reference,20260727T150349Z_modulation_recognition_blind_carrier__oracle_likelihood_snrm2_seed71001,steps.observation.channel.carrier.initial_phase_abs_mean_rad,1.552568
oracle_likelihood_snrm2_seed71001,oracle_likelihood_snrm2_seed71001,Oracle-synchronized likelihood reference · -2 dB · seed 71001,oracle_likelihood,Oracle-synchronized likelihood,oracle_likelihood,71001,snr_db=m2,paired held-out symbol/carrier/noise seed,reference,20260727T150349Z_modulation_recognition_blind_carrier__oracle_likelihood_snrm2_seed71001,steps.observation.channel.snr_db,-2
oracle_likelihood_snrm2_seed71001,oracle_likelihood_snrm2_seed71001,Oracle-synchronized likelihood reference · -2 dB · seed 71001,oracle_likelihood,Oracle-synchronized likelihood,oracle_likelihood,71001,snr_db=m2,paired held-out symbol/carrier/noise seed,reference,20260727T150349Z_modulation_recognition_blind_carrier__oracle_likelihood_snrm2_seed71001,steps.observation.channel.snr_db_max,-2
oracle_likelihood_snrm2_seed71001,oracle_likelihood_snrm2_seed71001,Oracle-synchronized likelihood reference · -2 dB · seed 71001,oracle_likelihood,Oracle-synchronized likelihood,oracle_likelihood,71001,snr_db=m2,paired held-out symbol/carrier/noise seed,reference,20260727T150349Z_modulation_recognition_blind_carrier__oracle_likelihood_snrm2_seed71001,steps.observation.channel.snr_db_min,-2
oracle_likelihood_snrm2_seed71001,oracle_likelihood_snrm2_seed71001,Oracle-synchronized likelihood reference · -2 dB · seed 71001,oracle_likelihood,Oracle-synchronized likelihood,oracle_likelihood,71001,snr_db=m2,paired held-out symbol/carrier/noise seed,reference,20260727T150349Z_modulation_recognition_blind_carrier__oracle_likelihood_snrm2_seed71001,steps.observation.modulation_recognition.frame_count,1536
oracle_likelihood_snrm2_seed71001,oracle_likelihood_snrm2_seed71001,Oracle-synchronized likelihood reference · -2 dB · seed 71001,oracle_likelihood,Oracle-synchronized likelihood,oracle_likelihood,71001,snr_db=m2,paired held-out symbol/carrier/noise seed,reference,20260727T150349Z_modulation_recognition_blind_carrier__oracle_likelihood_snrm2_seed71001,steps.observation.timing.step.wall_time_s,0.087049
oracle_likelihood_snrm2_seed71001,oracle_likelihood_snrm2_seed71001,Oracle-synchronized likelihood reference · -2 dB · seed 71001,oracle_likelihood,Oracle-synchronized likelihood,oracle_likelihood,71001,snr_db=m2,paired held-out symbol/carrier/noise seed,reference,20260727T150349Z_modulation_recognition_blind_carrier__oracle_likelihood_snrm2_seed71001,steps.receiver.modulation_recognition.predicted_frame_count,1536
oracle_likelihood_snrm2_seed71001,oracle_likelihood_snrm2_seed71001,Oracle-synchronized likelihood reference · -2 dB · seed 71001,oracle_likelihood,Oracle-synchronized likelihood,oracle_likelihood,71001,snr_db=m2,paired held-out symbol/carrier/noise seed,reference,20260727T150349Z_modulation_recognition_blind_carrier__oracle_likelihood_snrm2_seed71001,steps.receiver.timing.step.wall_time_s,0.277044
oracle_likelihood_snrm2_seed71001,oracle_likelihood_snrm2_seed71001,Oracle-synchronized likelihood reference · -2 dB · seed 71001,oracle_likelihood,Oracle-synchronized likelihood,oracle_likelihood,71001,snr_db=m2,paired held-out symbol/carrier/noise seed,reference,20260727T150349Z_modulation_recognition_blind_carrier__oracle_likelihood_snrm2_seed71001,task.accuracy,0.729167
oracle_likelihood_snrm2_seed71001,oracle_likelihood_snrm2_seed71001,Oracle-synchronized likelihood reference · -2 dB · seed 71001,oracle_likelihood,Oracle-synchronized likelihood,oracle_likelihood,71001,snr_db=m2,paired held-out symbol/carrier/noise seed,reference,20260727T150349Z_modulation_recognition_blind_carrier__oracle_likelihood_snrm2_seed71001,task.score,0.729591
oracle_likelihood_snrm2_seed72001,oracle_likelihood_snrm2_seed72001,Oracle-synchronized likelihood reference · -2 dB · seed 72001,oracle_likelihood,Oracle-synchronized likelihood,oracle_likelihood,72001,snr_db=m2,paired held-out symbol/carrier/noise seed,reference,20260727T150354Z_modulation_recognition_blind_carrier__oracle_likelihood_snrm2_seed72001,channel.carrier.cfo_abs_mean_cycles_per_symbol,0.002995
oracle_likelihood_snrm2_seed72001,oracle_likelihood_snrm2_seed72001,Oracle-synchronized likelihood reference · -2 dB · seed 72001,oracle_likelihood,Oracle-synchronized likelihood,oracle_likelihood,72001,snr_db=m2,paired held-out symbol/carrier/noise seed,reference,20260727T150354Z_modulation_recognition_blind_carrier__oracle_likelihood_snrm2_seed72001,channel.carrier.initial_phase_abs_mean_rad,1.588569
oracle_likelihood_snrm2_seed72001,oracle_likelihood_snrm2_seed72001,Oracle-synchronized likelihood reference · -2 dB · seed 72001,oracle_likelihood,Oracle-synchronized likelihood,oracle_likelihood,72001,snr_db=m2,paired held-out symbol/carrier/noise seed,reference,20260727T150354Z_modulation_recognition_blind_carrier__oracle_likelihood_snrm2_seed72001,channel.snr_db,-2
oracle_likelihood_snrm2_seed72001,oracle_likelihood_snrm2_seed72001,Oracle-synchronized likelihood reference · -2 dB · seed 72001,oracle_likelihood,Oracle-synchronized likelihood,oracle_likelihood,72001,snr_db=m2,paired held-out symbol/carrier/noise seed,reference,20260727T150354Z_modulation_recognition_blind_carrier__oracle_likelihood_snrm2_seed72001,channel.snr_db_max,-2
oracle_likelihood_snrm2_seed72001,oracle_likelihood_snrm2_seed72001,Oracle-synchronized likelihood reference · -2 dB · seed 72001,oracle_likelihood,Oracle-synchronized likelihood,oracle_likelihood,72001,snr_db=m2,paired held-out symbol/carrier/noise seed,reference,20260727T150354Z_modulation_recognition_blind_carrier__oracle_likelihood_snrm2_seed72001,channel.snr_db_min,-2
oracle_likelihood_snrm2_seed72001,oracle_likelihood_snrm2_seed72001,Oracle-synchronized likelihood reference · -2 dB · seed 72001,oracle_likelihood,Oracle-synchronized likelihood,oracle_likelihood,72001,snr_db=m2,paired held-out symbol/carrier/noise seed,reference,20260727T150354Z_modulation_recognition_blind_carrier__oracle_likelihood_snrm2_seed72001,classification.balanced_accuracy,0.723307
oracle_likelihood_snrm2_seed72001,oracle_likelihood_snrm2_seed72001,Oracle-synchronized likelihood reference · -2 dB · seed 72001,oracle_likelihood,Oracle-synchronized likelihood,oracle_likelihood,72001,snr_db=m2,paired held-out symbol/carrier/noise seed,reference,20260727T150354Z_modulation_recognition_blind_carrier__oracle_likelihood_snrm2_seed72001,memory.run.end_rss_bytes,737099776
oracle_likelihood_snrm2_seed72001,oracle_likelihood_snrm2_seed72001,Oracle-synchronized likelihood reference · -2 dB · seed 72001,oracle_likelihood,Oracle-synchronized likelihood,oracle_likelihood,72001,snr_db=m2,paired held-out symbol/carrier/noise seed,reference,20260727T150354Z_modulation_recognition_blind_carrier__oracle_likelihood_snrm2_seed72001,memory.run.peak_rss_bytes,839208960
oracle_likelihood_snrm2_seed72001,oracle_likelihood_snrm2_seed72001,Oracle-synchronized likelihood reference · -2 dB · seed 72001,oracle_likelihood,Oracle-synchronized likelihood,oracle_likelihood,72001,snr_db=m2,paired held-out symbol/carrier/noise seed,reference,20260727T150354Z_modulation_recognition_blind_carrier__oracle_likelihood_snrm2_seed72001,memory.run.peak_rss_delta_bytes,95883264
oracle_likelihood_snrm2_seed72001,oracle_likelihood_snrm2_seed72001,Oracle-synchronized likelihood reference · -2 dB · seed 72001,oracle_likelihood,Oracle-synchronized likelihood,oracle_likelihood,72001,snr_db=m2,paired held-out symbol/carrier/noise seed,reference,20260727T150354Z_modulation_recognition_blind_carrier__oracle_likelihood_snrm2_seed72001,memory.run.sampler_interval_s,0.05
oracle_likelihood_snrm2_seed72001,oracle_likelihood_snrm2_seed72001,Oracle-synchronized likelihood reference · -2 dB · seed 72001,oracle_likelihood,Oracle-synchronized likelihood,oracle_likelihood,72001,snr_db=m2,paired held-out symbol/carrier/noise seed,reference,20260727T150354Z_modulation_recognition_blind_carrier__oracle_likelihood_snrm2_seed72001,memory.run.start_rss_bytes,743325696
oracle_likelihood_snrm2_seed72001,oracle_likelihood_snrm2_seed72001,Oracle-synchronized likelihood reference · -2 dB · seed 72001,oracle_likelihood,Oracle-synchronized likelihood,oracle_likelihood,72001,snr_db=m2,paired held-out symbol/carrier/noise seed,reference,20260727T150354Z_modulation_recognition_blind_carrier__oracle_likelihood_snrm2_seed72001,modulation_recognition.accuracy,0.723307
oracle_likelihood_snrm2_seed72001,oracle_likelihood_snrm2_seed72001,Oracle-synchronized likelihood reference · -2 dB · seed 72001,oracle_likelihood,Oracle-synchronized likelihood,oracle_likelihood,72001,snr_db=m2,paired held-out symbol/carrier/noise seed,reference,20260727T150354Z_modulation_recognition_blind_carrier__oracle_likelihood_snrm2_seed72001,modulation_recognition.balanced_accuracy,0.723307
oracle_likelihood_snrm2_seed72001,oracle_likelihood_snrm2_seed72001,Oracle-synchronized likelihood reference · -2 dB · seed 72001,oracle_likelihood,Oracle-synchronized likelihood,oracle_likelihood,72001,snr_db=m2,paired held-out symbol/carrier/noise seed,reference,20260727T150354Z_modulation_recognition_blind_carrier__oracle_likelihood_snrm2_seed72001,modulation_recognition.frame_count,1536
oracle_likelihood_snrm2_seed72001,oracle_likelihood_snrm2_seed72001,Oracle-synchronized likelihood reference · -2 dB · seed 72001,oracle_likelihood,Oracle-synchronized likelihood,oracle_likelihood,72001,snr_db=m2,paired held-out symbol/carrier/noise seed,reference,20260727T150354Z_modulation_recognition_blind_carrier__oracle_likelihood_snrm2_seed72001,modulation_recognition.macro_f1,0.722875
oracle_likelihood_snrm2_seed72001,oracle_likelihood_snrm2_seed72001,Oracle-synchronized likelihood reference · -2 dB · seed 72001,oracle_likelihood,Oracle-synchronized likelihood,oracle_likelihood,72001,snr_db=m2,paired held-out symbol/carrier/noise seed,reference,20260727T150354Z_modulation_recognition_blind_carrier__oracle_likelihood_snrm2_seed72001,modulation_recognition.predicted_frame_count,1536
oracle_likelihood_snrm2_seed72001,oracle_likelihood_snrm2_seed72001,Oracle-synchronized likelihood reference · -2 dB · seed 72001,oracle_likelihood,Oracle-synchronized likelihood,oracle_likelihood,72001,snr_db=m2,paired held-out symbol/carrier/noise seed,reference,20260727T150354Z_modulation_recognition_blind_carrier__oracle_likelihood_snrm2_seed72001,modulation_recognition.symbols_per_frame,128
oracle_likelihood_snrm2_seed72001,oracle_likelihood_snrm2_seed72001,Oracle-synchronized likelihood reference · -2 dB · seed 72001,oracle_likelihood,Oracle-synchronized likelihood,oracle_likelihood,72001,snr_db=m2,paired held-out symbol/carrier/noise seed,reference,20260727T150354Z_modulation_recognition_blind_carrier__oracle_likelihood_snrm2_seed72001,steps.data.modulation_recognition.frame_count,1536
oracle_likelihood_snrm2_seed72001,oracle_likelihood_snrm2_seed72001,Oracle-synchronized likelihood reference · -2 dB · seed 72001,oracle_likelihood,Oracle-synchronized likelihood,oracle_likelihood,72001,snr_db=m2,paired held-out symbol/carrier/noise seed,reference,20260727T150354Z_modulation_recognition_blind_carrier__oracle_likelihood_snrm2_seed72001,steps.data.modulation_recognition.symbols_per_frame,128
oracle_likelihood_snrm2_seed72001,oracle_likelihood_snrm2_seed72001,Oracle-synchronized likelihood reference · -2 dB · seed 72001,oracle_likelihood,Oracle-synchronized likelihood,oracle_likelihood,72001,snr_db=m2,paired held-out symbol/carrier/noise seed,reference,20260727T150354Z_modulation_recognition_blind_carrier__oracle_likelihood_snrm2_seed72001,steps.data.timing.step.wall_time_s,0.063682
oracle_likelihood_snrm2_seed72001,oracle_likelihood_snrm2_seed72001,Oracle-synchronized likelihood reference · -2 dB · seed 72001,oracle_likelihood,Oracle-synchronized likelihood,oracle_likelihood,72001,snr_db=m2,paired held-out symbol/carrier/noise seed,reference,20260727T150354Z_modulation_recognition_blind_carrier__oracle_likelihood_snrm2_seed72001,steps.evaluation.channel.snr_db,-2
oracle_likelihood_snrm2_seed72001,oracle_likelihood_snrm2_seed72001,Oracle-synchronized likelihood reference · -2 dB · seed 72001,oracle_likelihood,Oracle-synchronized likelihood,oracle_likelihood,72001,snr_db=m2,paired held-out symbol/carrier/noise seed,reference,20260727T150354Z_modulation_recognition_blind_carrier__oracle_likelihood_snrm2_seed72001,steps.evaluation.classification.balanced_accuracy,0.723307
oracle_likelihood_snrm2_seed72001,oracle_likelihood_snrm2_seed72001,Oracle-synchronized likelihood reference · -2 dB · seed 72001,oracle_likelihood,Oracle-synchronized likelihood,oracle_likelihood,72001,snr_db=m2,paired held-out symbol/carrier/noise seed,reference,20260727T150354Z_modulation_recognition_blind_carrier__oracle_likelihood_snrm2_seed72001,steps.evaluation.modulation_recognition.accuracy,0.723307
oracle_likelihood_snrm2_seed72001,oracle_likelihood_snrm2_seed72001,Oracle-synchronized likelihood reference · -2 dB · seed 72001,oracle_likelihood,Oracle-synchronized likelihood,oracle_likelihood,72001,snr_db=m2,paired held-out symbol/carrier/noise seed,reference,20260727T150354Z_modulation_recognition_blind_carrier__oracle_likelihood_snrm2_seed72001,steps.evaluation.modulation_recognition.balanced_accuracy,0.723307
oracle_likelihood_snrm2_seed72001,oracle_likelihood_snrm2_seed72001,Oracle-synchronized likelihood reference · -2 dB · seed 72001,oracle_likelihood,Oracle-synchronized likelihood,oracle_likelihood,72001,snr_db=m2,paired held-out symbol/carrier/noise seed,reference,20260727T150354Z_modulation_recognition_blind_carrier__oracle_likelihood_snrm2_seed72001,steps.evaluation.modulation_recognition.macro_f1,0.722875
oracle_likelihood_snrm2_seed72001,oracle_likelihood_snrm2_seed72001,Oracle-synchronized likelihood reference · -2 dB · seed 72001,oracle_likelihood,Oracle-synchronized likelihood,oracle_likelihood,72001,snr_db=m2,paired held-out symbol/carrier/noise seed,reference,20260727T150354Z_modulation_recognition_blind_carrier__oracle_likelihood_snrm2_seed72001,steps.evaluation.task.accuracy,0.723307
oracle_likelihood_snrm2_seed72001,oracle_likelihood_snrm2_seed72001,Oracle-synchronized likelihood reference · -2 dB · seed 72001,oracle_likelihood,Oracle-synchronized likelihood,oracle_likelihood,72001,snr_db=m2,paired held-out symbol/carrier/noise seed,reference,20260727T150354Z_modulation_recognition_blind_carrier__oracle_likelihood_snrm2_seed72001,steps.evaluation.task.score,0.722875
oracle_likelihood_snrm2_seed72001,oracle_likelihood_snrm2_seed72001,Oracle-synchronized likelihood reference · -2 dB · seed 72001,oracle_likelihood,Oracle-synchronized likelihood,oracle_likelihood,72001,snr_db=m2,paired held-out symbol/carrier/noise seed,reference,20260727T150354Z_modulation_recognition_blind_carrier__oracle_likelihood_snrm2_seed72001,steps.evaluation.timing.step.wall_time_s,0.006972
oracle_likelihood_snrm2_seed72001,oracle_likelihood_snrm2_seed72001,Oracle-synchronized likelihood reference · -2 dB · seed 72001,oracle_likelihood,Oracle-synchronized likelihood,oracle_likelihood,72001,snr_db=m2,paired held-out symbol/carrier/noise seed,reference,20260727T150354Z_modulation_recognition_blind_carrier__oracle_likelihood_snrm2_seed72001,steps.observation.channel.carrier.cfo_abs_mean_cycles_per_symbol,0.002995
oracle_likelihood_snrm2_seed72001,oracle_likelihood_snrm2_seed72001,Oracle-synchronized likelihood reference · -2 dB · seed 72001,oracle_likelihood,Oracle-synchronized likelihood,oracle_likelihood,72001,snr_db=m2,paired held-out symbol/carrier/noise seed,reference,20260727T150354Z_modulation_recognition_blind_carrier__oracle_likelihood_snrm2_seed72001,steps.observation.channel.carrier.initial_phase_abs_mean_rad,1.588569
oracle_likelihood_snrm2_seed72001,oracle_likelihood_snrm2_seed72001,Oracle-synchronized likelihood reference · -2 dB · seed 72001,oracle_likelihood,Oracle-synchronized likelihood,oracle_likelihood,72001,snr_db=m2,paired held-out symbol/carrier/noise seed,reference,20260727T150354Z_modulation_recognition_blind_carrier__oracle_likelihood_snrm2_seed72001,steps.observation.channel.snr_db,-2
oracle_likelihood_snrm2_seed72001,oracle_likelihood_snrm2_seed72001,Oracle-synchronized likelihood reference · -2 dB · seed 72001,oracle_likelihood,Oracle-synchronized likelihood,oracle_likelihood,72001,snr_db=m2,paired held-out symbol/carrier/noise seed,reference,20260727T150354Z_modulation_recognition_blind_carrier__oracle_likelihood_snrm2_seed72001,steps.observation.channel.snr_db_max,-2
oracle_likelihood_snrm2_seed72001,oracle_likelihood_snrm2_seed72001,Oracle-synchronized likelihood reference · -2 dB · seed 72001,oracle_likelihood,Oracle-synchronized likelihood,oracle_likelihood,72001,snr_db=m2,paired held-out symbol/carrier/noise seed,reference,20260727T150354Z_modulation_recognition_blind_carrier__oracle_likelihood_snrm2_seed72001,steps.observation.channel.snr_db_min,-2
oracle_likelihood_snrm2_seed72001,oracle_likelihood_snrm2_seed72001,Oracle-synchronized likelihood reference · -2 dB · seed 72001,oracle_likelihood,Oracle-synchronized likelihood,oracle_likelihood,72001,snr_db=m2,paired held-out symbol/carrier/noise seed,reference,20260727T150354Z_modulation_recognition_blind_carrier__oracle_likelihood_snrm2_seed72001,steps.observation.modulation_recognition.frame_count,1536
oracle_likelihood_snrm2_seed72001,oracle_likelihood_snrm2_seed72001,Oracle-synchronized likelihood reference · -2 dB · seed 72001,oracle_likelihood,Oracle-synchronized likelihood,oracle_likelihood,72001,snr_db=m2,paired held-out symbol/carrier/noise seed,reference,20260727T150354Z_modulation_recognition_blind_carrier__oracle_likelihood_snrm2_seed72001,steps.observation.timing.step.wall_time_s,0.092421
oracle_likelihood_snrm2_seed72001,oracle_likelihood_snrm2_seed72001,Oracle-synchronized likelihood reference · -2 dB · seed 72001,oracle_likelihood,Oracle-synchronized likelihood,oracle_likelihood,72001,snr_db=m2,paired held-out symbol/carrier/noise seed,reference,20260727T150354Z_modulation_recognition_blind_carrier__oracle_likelihood_snrm2_seed72001,steps.receiver.modulation_recognition.predicted_frame_count,1536
oracle_likelihood_snrm2_seed72001,oracle_likelihood_snrm2_seed72001,Oracle-synchronized likelihood reference · -2 dB · seed 72001,oracle_likelihood,Oracle-synchronized likelihood,oracle_likelihood,72001,snr_db=m2,paired held-out symbol/carrier/noise seed,reference,20260727T150354Z_modulation_recognition_blind_carrier__oracle_likelihood_snrm2_seed72001,steps.receiver.timing.step.wall_time_s,0.264043
oracle_likelihood_snrm2_seed72001,oracle_likelihood_snrm2_seed72001,Oracle-synchronized likelihood reference · -2 dB · seed 72001,oracle_likelihood,Oracle-synchronized likelihood,oracle_likelihood,72001,snr_db=m2,paired held-out symbol/carrier/noise seed,reference,20260727T150354Z_modulation_recognition_blind_carrier__oracle_likelihood_snrm2_seed72001,task.accuracy,0.723307
oracle_likelihood_snrm2_seed72001,oracle_likelihood_snrm2_seed72001,Oracle-synchronized likelihood reference · -2 dB · seed 72001,oracle_likelihood,Oracle-synchronized likelihood,oracle_likelihood,72001,snr_db=m2,paired held-out symbol/carrier/noise seed,reference,20260727T150354Z_modulation_recognition_blind_carrier__oracle_likelihood_snrm2_seed72001,task.score,0.722875
oracle_likelihood_snrm2_seed73001,oracle_likelihood_snrm2_seed73001,Oracle-synchronized likelihood reference · -2 dB · seed 73001,oracle_likelihood,Oracle-synchronized likelihood,oracle_likelihood,73001,snr_db=m2,paired held-out symbol/carrier/noise seed,reference,20260727T150359Z_modulation_recognition_blind_carrier__oracle_likelihood_snrm2_seed73001,channel.carrier.cfo_abs_mean_cycles_per_symbol,0.003047
oracle_likelihood_snrm2_seed73001,oracle_likelihood_snrm2_seed73001,Oracle-synchronized likelihood reference · -2 dB · seed 73001,oracle_likelihood,Oracle-synchronized likelihood,oracle_likelihood,73001,snr_db=m2,paired held-out symbol/carrier/noise seed,reference,20260727T150359Z_modulation_recognition_blind_carrier__oracle_likelihood_snrm2_seed73001,channel.carrier.initial_phase_abs_mean_rad,1.55227
oracle_likelihood_snrm2_seed73001,oracle_likelihood_snrm2_seed73001,Oracle-synchronized likelihood reference · -2 dB · seed 73001,oracle_likelihood,Oracle-synchronized likelihood,oracle_likelihood,73001,snr_db=m2,paired held-out symbol/carrier/noise seed,reference,20260727T150359Z_modulation_recognition_blind_carrier__oracle_likelihood_snrm2_seed73001,channel.snr_db,-2
oracle_likelihood_snrm2_seed73001,oracle_likelihood_snrm2_seed73001,Oracle-synchronized likelihood reference · -2 dB · seed 73001,oracle_likelihood,Oracle-synchronized likelihood,oracle_likelihood,73001,snr_db=m2,paired held-out symbol/carrier/noise seed,reference,20260727T150359Z_modulation_recognition_blind_carrier__oracle_likelihood_snrm2_seed73001,channel.snr_db_max,-2
oracle_likelihood_snrm2_seed73001,oracle_likelihood_snrm2_seed73001,Oracle-synchronized likelihood reference · -2 dB · seed 73001,oracle_likelihood,Oracle-synchronized likelihood,oracle_likelihood,73001,snr_db=m2,paired held-out symbol/carrier/noise seed,reference,20260727T150359Z_modulation_recognition_blind_carrier__oracle_likelihood_snrm2_seed73001,channel.snr_db_min,-2
oracle_likelihood_snrm2_seed73001,oracle_likelihood_snrm2_seed73001,Oracle-synchronized likelihood reference · -2 dB · seed 73001,oracle_likelihood,Oracle-synchronized likelihood,oracle_likelihood,73001,snr_db=m2,paired held-out symbol/carrier/noise seed,reference,20260727T150359Z_modulation_recognition_blind_carrier__oracle_likelihood_snrm2_seed73001,classification.balanced_accuracy,0.722005
oracle_likelihood_snrm2_seed73001,oracle_likelihood_snrm2_seed73001,Oracle-synchronized likelihood reference · -2 dB · seed 73001,oracle_likelihood,Oracle-synchronized likelihood,oracle_likelihood,73001,snr_db=m2,paired held-out symbol/carrier/noise seed,reference,20260727T150359Z_modulation_recognition_blind_carrier__oracle_likelihood_snrm2_seed73001,memory.run.end_rss_bytes,742875136
oracle_likelihood_snrm2_seed73001,oracle_likelihood_snrm2_seed73001,Oracle-synchronized likelihood reference · -2 dB · seed 73001,oracle_likelihood,Oracle-synchronized likelihood,oracle_likelihood,73001,snr_db=m2,paired held-out symbol/carrier/noise seed,reference,20260727T150359Z_modulation_recognition_blind_carrier__oracle_likelihood_snrm2_seed73001,memory.run.peak_rss_bytes,818348032
oracle_likelihood_snrm2_seed73001,oracle_likelihood_snrm2_seed73001,Oracle-synchronized likelihood reference · -2 dB · seed 73001,oracle_likelihood,Oracle-synchronized likelihood,oracle_likelihood,73001,snr_db=m2,paired held-out symbol/carrier/noise seed,reference,20260727T150359Z_modulation_recognition_blind_carrier__oracle_likelihood_snrm2_seed73001,memory.run.peak_rss_delta_bytes,69324800
oracle_likelihood_snrm2_seed73001,oracle_likelihood_snrm2_seed73001,Oracle-synchronized likelihood reference · -2 dB · seed 73001,oracle_likelihood,Oracle-synchronized likelihood,oracle_likelihood,73001,snr_db=m2,paired held-out symbol/carrier/noise seed,reference,20260727T150359Z_modulation_recognition_blind_carrier__oracle_likelihood_snrm2_seed73001,memory.run.sampler_interval_s,0.05
oracle_likelihood_snrm2_seed73001,oracle_likelihood_snrm2_seed73001,Oracle-synchronized likelihood reference · -2 dB · seed 73001,oracle_likelihood,Oracle-synchronized likelihood,oracle_likelihood,73001,snr_db=m2,paired held-out symbol/carrier/noise seed,reference,20260727T150359Z_modulation_recognition_blind_carrier__oracle_likelihood_snrm2_seed73001,memory.run.start_rss_bytes,749023232
oracle_likelihood_snrm2_seed73001,oracle_likelihood_snrm2_seed73001,Oracle-synchronized likelihood reference · -2 dB · seed 73001,oracle_likelihood,Oracle-synchronized likelihood,oracle_likelihood,73001,snr_db=m2,paired held-out symbol/carrier/noise seed,reference,20260727T150359Z_modulation_recognition_blind_carrier__oracle_likelihood_snrm2_seed73001,modulation_recognition.accuracy,0.722005
oracle_likelihood_snrm2_seed73001,oracle_likelihood_snrm2_seed73001,Oracle-synchronized likelihood reference · -2 dB · seed 73001,oracle_likelihood,Oracle-synchronized likelihood,oracle_likelihood,73001,snr_db=m2,paired held-out symbol/carrier/noise seed,reference,20260727T150359Z_modulation_recognition_blind_carrier__oracle_likelihood_snrm2_seed73001,modulation_recognition.balanced_accuracy,0.722005
oracle_likelihood_snrm2_seed73001,oracle_likelihood_snrm2_seed73001,Oracle-synchronized likelihood reference · -2 dB · seed 73001,oracle_likelihood,Oracle-synchronized likelihood,oracle_likelihood,73001,snr_db=m2,paired held-out symbol/carrier/noise seed,reference,20260727T150359Z_modulation_recognition_blind_carrier__oracle_likelihood_snrm2_seed73001,modulation_recognition.frame_count,1536
oracle_likelihood_snrm2_seed73001,oracle_likelihood_snrm2_seed73001,Oracle-synchronized likelihood reference · -2 dB · seed 73001,oracle_likelihood,Oracle-synchronized likelihood,oracle_likelihood,73001,snr_db=m2,paired held-out symbol/carrier/noise seed,reference,20260727T150359Z_modulation_recognition_blind_carrier__oracle_likelihood_snrm2_seed73001,modulation_recognition.macro_f1,0.72167
oracle_likelihood_snrm2_seed73001,oracle_likelihood_snrm2_seed73001,Oracle-synchronized likelihood reference · -2 dB · seed 73001,oracle_likelihood,Oracle-synchronized likelihood,oracle_likelihood,73001,snr_db=m2,paired held-out symbol/carrier/noise seed,reference,20260727T150359Z_modulation_recognition_blind_carrier__oracle_likelihood_snrm2_seed73001,modulation_recognition.predicted_frame_count,1536
oracle_likelihood_snrm2_seed73001,oracle_likelihood_snrm2_seed73001,Oracle-synchronized likelihood reference · -2 dB · seed 73001,oracle_likelihood,Oracle-synchronized likelihood,oracle_likelihood,73001,snr_db=m2,paired held-out symbol/carrier/noise seed,reference,20260727T150359Z_modulation_recognition_blind_carrier__oracle_likelihood_snrm2_seed73001,modulation_recognition.symbols_per_frame,128
oracle_likelihood_snrm2_seed73001,oracle_likelihood_snrm2_seed73001,Oracle-synchronized likelihood reference · -2 dB · seed 73001,oracle_likelihood,Oracle-synchronized likelihood,oracle_likelihood,73001,snr_db=m2,paired held-out symbol/carrier/noise seed,reference,20260727T150359Z_modulation_recognition_blind_carrier__oracle_likelihood_snrm2_seed73001,steps.data.modulation_recognition.frame_count,1536
oracle_likelihood_snrm2_seed73001,oracle_likelihood_snrm2_seed73001,Oracle-synchronized likelihood reference · -2 dB · seed 73001,oracle_likelihood,Oracle-synchronized likelihood,oracle_likelihood,73001,snr_db=m2,paired held-out symbol/carrier/noise seed,reference,20260727T150359Z_modulation_recognition_blind_carrier__oracle_likelihood_snrm2_seed73001,steps.data.modulation_recognition.symbols_per_frame,128
oracle_likelihood_snrm2_seed73001,oracle_likelihood_snrm2_seed73001,Oracle-synchronized likelihood reference · -2 dB · seed 73001,oracle_likelihood,Oracle-synchronized likelihood,oracle_likelihood,73001,snr_db=m2,paired held-out symbol/carrier/noise seed,reference,20260727T150359Z_modulation_recognition_blind_carrier__oracle_likelihood_snrm2_seed73001,steps.data.timing.step.wall_time_s,0.066004
oracle_likelihood_snrm2_seed73001,oracle_likelihood_snrm2_seed73001,Oracle-synchronized likelihood reference · -2 dB · seed 73001,oracle_likelihood,Oracle-synchronized likelihood,oracle_likelihood,73001,snr_db=m2,paired held-out symbol/carrier/noise seed,reference,20260727T150359Z_modulation_recognition_blind_carrier__oracle_likelihood_snrm2_seed73001,steps.evaluation.channel.snr_db,-2
oracle_likelihood_snrm2_seed73001,oracle_likelihood_snrm2_seed73001,Oracle-synchronized likelihood reference · -2 dB · seed 73001,oracle_likelihood,Oracle-synchronized likelihood,oracle_likelihood,73001,snr_db=m2,paired held-out symbol/carrier/noise seed,reference,20260727T150359Z_modulation_recognition_blind_carrier__oracle_likelihood_snrm2_seed73001,steps.evaluation.classification.balanced_accuracy,0.722005
oracle_likelihood_snrm2_seed73001,oracle_likelihood_snrm2_seed73001,Oracle-synchronized likelihood reference · -2 dB · seed 73001,oracle_likelihood,Oracle-synchronized likelihood,oracle_likelihood,73001,snr_db=m2,paired held-out symbol/carrier/noise seed,reference,20260727T150359Z_modulation_recognition_blind_carrier__oracle_likelihood_snrm2_seed73001,steps.evaluation.modulation_recognition.accuracy,0.722005
oracle_likelihood_snrm2_seed73001,oracle_likelihood_snrm2_seed73001,Oracle-synchronized likelihood reference · -2 dB · seed 73001,oracle_likelihood,Oracle-synchronized likelihood,oracle_likelihood,73001,snr_db=m2,paired held-out symbol/carrier/noise seed,reference,20260727T150359Z_modulation_recognition_blind_carrier__oracle_likelihood_snrm2_seed73001,steps.evaluation.modulation_recognition.balanced_accuracy,0.722005
oracle_likelihood_snrm2_seed73001,oracle_likelihood_snrm2_seed73001,Oracle-synchronized likelihood reference · -2 dB · seed 73001,oracle_likelihood,Oracle-synchronized likelihood,oracle_likelihood,73001,snr_db=m2,paired held-out symbol/carrier/noise seed,reference,20260727T150359Z_modulation_recognition_blind_carrier__oracle_likelihood_snrm2_seed73001,steps.evaluation.modulation_recognition.macro_f1,0.72167
oracle_likelihood_snrm2_seed73001,oracle_likelihood_snrm2_seed73001,Oracle-synchronized likelihood reference · -2 dB · seed 73001,oracle_likelihood,Oracle-synchronized likelihood,oracle_likelihood,73001,snr_db=m2,paired held-out symbol/carrier/noise seed,reference,20260727T150359Z_modulation_recognition_blind_carrier__oracle_likelihood_snrm2_seed73001,steps.evaluation.task.accuracy,0.722005
oracle_likelihood_snrm2_seed73001,oracle_likelihood_snrm2_seed73001,Oracle-synchronized likelihood reference · -2 dB · seed 73001,oracle_likelihood,Oracle-synchronized likelihood,oracle_likelihood,73001,snr_db=m2,paired held-out symbol/carrier/noise seed,reference,20260727T150359Z_modulation_recognition_blind_carrier__oracle_likelihood_snrm2_seed73001,steps.evaluation.task.score,0.72167
oracle_likelihood_snrm2_seed73001,oracle_likelihood_snrm2_seed73001,Oracle-synchronized likelihood reference · -2 dB · seed 73001,oracle_likelihood,Oracle-synchronized likelihood,oracle_likelihood,73001,snr_db=m2,paired held-out symbol/carrier/noise seed,reference,20260727T150359Z_modulation_recognition_blind_carrier__oracle_likelihood_snrm2_seed73001,steps.evaluation.timing.step.wall_time_s,0.007376
oracle_likelihood_snrm2_seed73001,oracle_likelihood_snrm2_seed73001,Oracle-synchronized likelihood reference · -2 dB · seed 73001,oracle_likelihood,Oracle-synchronized likelihood,oracle_likelihood,73001,snr_db=m2,paired held-out symbol/carrier/noise seed,reference,20260727T150359Z_modulation_recognition_blind_carrier__oracle_likelihood_snrm2_seed73001,steps.observation.channel.carrier.cfo_abs_mean_cycles_per_symbol,0.003047
oracle_likelihood_snrm2_seed73001,oracle_likelihood_snrm2_seed73001,Oracle-synchronized likelihood reference · -2 dB · seed 73001,oracle_likelihood,Oracle-synchronized likelihood,oracle_likelihood,73001,snr_db=m2,paired held-out symbol/carrier/noise seed,reference,20260727T150359Z_modulation_recognition_blind_carrier__oracle_likelihood_snrm2_seed73001,steps.observation.channel.carrier.initial_phase_abs_mean_rad,1.55227
oracle_likelihood_snrm2_seed73001,oracle_likelihood_snrm2_seed73001,Oracle-synchronized likelihood reference · -2 dB · seed 73001,oracle_likelihood,Oracle-synchronized likelihood,oracle_likelihood,73001,snr_db=m2,paired held-out symbol/carrier/noise seed,reference,20260727T150359Z_modulation_recognition_blind_carrier__oracle_likelihood_snrm2_seed73001,steps.observation.channel.snr_db,-2
oracle_likelihood_snrm2_seed73001,oracle_likelihood_snrm2_seed73001,Oracle-synchronized likelihood reference · -2 dB · seed 73001,oracle_likelihood,Oracle-synchronized likelihood,oracle_likelihood,73001,snr_db=m2,paired held-out symbol/carrier/noise seed,reference,20260727T150359Z_modulation_recognition_blind_carrier__oracle_likelihood_snrm2_seed73001,steps.observation.channel.snr_db_max,-2
oracle_likelihood_snrm2_seed73001,oracle_likelihood_snrm2_seed73001,Oracle-synchronized likelihood reference · -2 dB · seed 73001,oracle_likelihood,Oracle-synchronized likelihood,oracle_likelihood,73001,snr_db=m2,paired held-out symbol/carrier/noise seed,reference,20260727T150359Z_modulation_recognition_blind_carrier__oracle_likelihood_snrm2_seed73001,steps.observation.channel.snr_db_min,-2
oracle_likelihood_snrm2_seed73001,oracle_likelihood_snrm2_seed73001,Oracle-synchronized likelihood reference · -2 dB · seed 73001,oracle_likelihood,Oracle-synchronized likelihood,oracle_likelihood,73001,snr_db=m2,paired held-out symbol/carrier/noise seed,reference,20260727T150359Z_modulation_recognition_blind_carrier__oracle_likelihood_snrm2_seed73001,steps.observation.modulation_recognition.frame_count,1536
oracle_likelihood_snrm2_seed73001,oracle_likelihood_snrm2_seed73001,Oracle-synchronized likelihood reference · -2 dB · seed 73001,oracle_likelihood,Oracle-synchronized likelihood,oracle_likelihood,73001,snr_db=m2,paired held-out symbol/carrier/noise seed,reference,20260727T150359Z_modulation_recognition_blind_carrier__oracle_likelihood_snrm2_seed73001,steps.observation.timing.step.wall_time_s,0.098503
oracle_likelihood_snrm2_seed73001,oracle_likelihood_snrm2_seed73001,Oracle-synchronized likelihood reference · -2 dB · seed 73001,oracle_likelihood,Oracle-synchronized likelihood,oracle_likelihood,73001,snr_db=m2,paired held-out symbol/carrier/noise seed,reference,20260727T150359Z_modulation_recognition_blind_carrier__oracle_likelihood_snrm2_seed73001,steps.receiver.modulation_recognition.predicted_frame_count,1536
oracle_likelihood_snrm2_seed73001,oracle_likelihood_snrm2_seed73001,Oracle-synchronized likelihood reference · -2 dB · seed 73001,oracle_likelihood,Oracle-synchronized likelihood,oracle_likelihood,73001,snr_db=m2,paired held-out symbol/carrier/noise seed,reference,20260727T150359Z_modulation_recognition_blind_carrier__oracle_likelihood_snrm2_seed73001,steps.receiver.timing.step.wall_time_s,0.333461
oracle_likelihood_snrm2_seed73001,oracle_likelihood_snrm2_seed73001,Oracle-synchronized likelihood reference · -2 dB · seed 73001,oracle_likelihood,Oracle-synchronized likelihood,oracle_likelihood,73001,snr_db=m2,paired held-out symbol/carrier/noise seed,reference,20260727T150359Z_modulation_recognition_blind_carrier__oracle_likelihood_snrm2_seed73001,task.accuracy,0.722005
oracle_likelihood_snrm2_seed73001,oracle_likelihood_snrm2_seed73001,Oracle-synchronized likelihood reference · -2 dB · seed 73001,oracle_likelihood,Oracle-synchronized likelihood,oracle_likelihood,73001,snr_db=m2,paired held-out symbol/carrier/noise seed,reference,20260727T150359Z_modulation_recognition_blind_carrier__oracle_likelihood_snrm2_seed73001,task.score,0.72167
oracle_likelihood_snr2_seed71001,oracle_likelihood_snr2_seed71001,Oracle-synchronized likelihood reference · 2 dB · seed 71001,oracle_likelihood,Oracle-synchronized likelihood,oracle_likelihood,71001,snr_db=2,paired held-out symbol/carrier/noise seed,reference,20260727T150404Z_modulation_recognition_blind_carrier__oracle_likelihood_snr2_seed71001,channel.carrier.cfo_abs_mean_cycles_per_symbol,0.002954
oracle_likelihood_snr2_seed71001,oracle_likelihood_snr2_seed71001,Oracle-synchronized likelihood reference · 2 dB · seed 71001,oracle_likelihood,Oracle-synchronized likelihood,oracle_likelihood,71001,snr_db=2,paired held-out symbol/carrier/noise seed,reference,20260727T150404Z_modulation_recognition_blind_carrier__oracle_likelihood_snr2_seed71001,channel.carrier.initial_phase_abs_mean_rad,1.552568
oracle_likelihood_snr2_seed71001,oracle_likelihood_snr2_seed71001,Oracle-synchronized likelihood reference · 2 dB · seed 71001,oracle_likelihood,Oracle-synchronized likelihood,oracle_likelihood,71001,snr_db=2,paired held-out symbol/carrier/noise seed,reference,20260727T150404Z_modulation_recognition_blind_carrier__oracle_likelihood_snr2_seed71001,channel.snr_db,2
oracle_likelihood_snr2_seed71001,oracle_likelihood_snr2_seed71001,Oracle-synchronized likelihood reference · 2 dB · seed 71001,oracle_likelihood,Oracle-synchronized likelihood,oracle_likelihood,71001,snr_db=2,paired held-out symbol/carrier/noise seed,reference,20260727T150404Z_modulation_recognition_blind_carrier__oracle_likelihood_snr2_seed71001,channel.snr_db_max,2
oracle_likelihood_snr2_seed71001,oracle_likelihood_snr2_seed71001,Oracle-synchronized likelihood reference · 2 dB · seed 71001,oracle_likelihood,Oracle-synchronized likelihood,oracle_likelihood,71001,snr_db=2,paired held-out symbol/carrier/noise seed,reference,20260727T150404Z_modulation_recognition_blind_carrier__oracle_likelihood_snr2_seed71001,channel.snr_db_min,2
oracle_likelihood_snr2_seed71001,oracle_likelihood_snr2_seed71001,Oracle-synchronized likelihood reference · 2 dB · seed 71001,oracle_likelihood,Oracle-synchronized likelihood,oracle_likelihood,71001,snr_db=2,paired held-out symbol/carrier/noise seed,reference,20260727T150404Z_modulation_recognition_blind_carrier__oracle_likelihood_snr2_seed71001,classification.balanced_accuracy,0.88151
oracle_likelihood_snr2_seed71001,oracle_likelihood_snr2_seed71001,Oracle-synchronized likelihood reference · 2 dB · seed 71001,oracle_likelihood,Oracle-synchronized likelihood,oracle_likelihood,71001,snr_db=2,paired held-out symbol/carrier/noise seed,reference,20260727T150404Z_modulation_recognition_blind_carrier__oracle_likelihood_snr2_seed71001,memory.run.end_rss_bytes,748638208
oracle_likelihood_snr2_seed71001,oracle_likelihood_snr2_seed71001,Oracle-synchronized likelihood reference · 2 dB · seed 71001,oracle_likelihood,Oracle-synchronized likelihood,oracle_likelihood,71001,snr_db=2,paired held-out symbol/carrier/noise seed,reference,20260727T150404Z_modulation_recognition_blind_carrier__oracle_likelihood_snr2_seed71001,memory.run.peak_rss_bytes,825569280
oracle_likelihood_snr2_seed71001,oracle_likelihood_snr2_seed71001,Oracle-synchronized likelihood reference · 2 dB · seed 71001,oracle_likelihood,Oracle-synchronized likelihood,oracle_likelihood,71001,snr_db=2,paired held-out symbol/carrier/noise seed,reference,20260727T150404Z_modulation_recognition_blind_carrier__oracle_likelihood_snr2_seed71001,memory.run.peak_rss_delta_bytes,70782976
oracle_likelihood_snr2_seed71001,oracle_likelihood_snr2_seed71001,Oracle-synchronized likelihood reference · 2 dB · seed 71001,oracle_likelihood,Oracle-synchronized likelihood,oracle_likelihood,71001,snr_db=2,paired held-out symbol/carrier/noise seed,reference,20260727T150404Z_modulation_recognition_blind_carrier__oracle_likelihood_snr2_seed71001,memory.run.sampler_interval_s,0.05
oracle_likelihood_snr2_seed71001,oracle_likelihood_snr2_seed71001,Oracle-synchronized likelihood reference · 2 dB · seed 71001,oracle_likelihood,Oracle-synchronized likelihood,oracle_likelihood,71001,snr_db=2,paired held-out symbol/carrier/noise seed,reference,20260727T150404Z_modulation_recognition_blind_carrier__oracle_likelihood_snr2_seed71001,memory.run.start_rss_bytes,754786304
oracle_likelihood_snr2_seed71001,oracle_likelihood_snr2_seed71001,Oracle-synchronized likelihood reference · 2 dB · seed 71001,oracle_likelihood,Oracle-synchronized likelihood,oracle_likelihood,71001,snr_db=2,paired held-out symbol/carrier/noise seed,reference,20260727T150404Z_modulation_recognition_blind_carrier__oracle_likelihood_snr2_seed71001,modulation_recognition.accuracy,0.88151
oracle_likelihood_snr2_seed71001,oracle_likelihood_snr2_seed71001,Oracle-synchronized likelihood reference · 2 dB · seed 71001,oracle_likelihood,Oracle-synchronized likelihood,oracle_likelihood,71001,snr_db=2,paired held-out symbol/carrier/noise seed,reference,20260727T150404Z_modulation_recognition_blind_carrier__oracle_likelihood_snr2_seed71001,modulation_recognition.balanced_accuracy,0.88151
oracle_likelihood_snr2_seed71001,oracle_likelihood_snr2_seed71001,Oracle-synchronized likelihood reference · 2 dB · seed 71001,oracle_likelihood,Oracle-synchronized likelihood,oracle_likelihood,71001,snr_db=2,paired held-out symbol/carrier/noise seed,reference,20260727T150404Z_modulation_recognition_blind_carrier__oracle_likelihood_snr2_seed71001,modulation_recognition.frame_count,1536
oracle_likelihood_snr2_seed71001,oracle_likelihood_snr2_seed71001,Oracle-synchronized likelihood reference · 2 dB · seed 71001,oracle_likelihood,Oracle-synchronized likelihood,oracle_likelihood,71001,snr_db=2,paired held-out symbol/carrier/noise seed,reference,20260727T150404Z_modulation_recognition_blind_carrier__oracle_likelihood_snr2_seed71001,modulation_recognition.macro_f1,0.881481
oracle_likelihood_snr2_seed71001,oracle_likelihood_snr2_seed71001,Oracle-synchronized likelihood reference · 2 dB · seed 71001,oracle_likelihood,Oracle-synchronized likelihood,oracle_likelihood,71001,snr_db=2,paired held-out symbol/carrier/noise seed,reference,20260727T150404Z_modulation_recognition_blind_carrier__oracle_likelihood_snr2_seed71001,modulation_recognition.predicted_frame_count,1536
oracle_likelihood_snr2_seed71001,oracle_likelihood_snr2_seed71001,Oracle-synchronized likelihood reference · 2 dB · seed 71001,oracle_likelihood,Oracle-synchronized likelihood,oracle_likelihood,71001,snr_db=2,paired held-out symbol/carrier/noise seed,reference,20260727T150404Z_modulation_recognition_blind_carrier__oracle_likelihood_snr2_seed71001,modulation_recognition.symbols_per_frame,128
oracle_likelihood_snr2_seed71001,oracle_likelihood_snr2_seed71001,Oracle-synchronized likelihood reference · 2 dB · seed 71001,oracle_likelihood,Oracle-synchronized likelihood,oracle_likelihood,71001,snr_db=2,paired held-out symbol/carrier/noise seed,reference,20260727T150404Z_modulation_recognition_blind_carrier__oracle_likelihood_snr2_seed71001,steps.data.modulation_recognition.frame_count,1536
oracle_likelihood_snr2_seed71001,oracle_likelihood_snr2_seed71001,Oracle-synchronized likelihood reference · 2 dB · seed 71001,oracle_likelihood,Oracle-synchronized likelihood,oracle_likelihood,71001,snr_db=2,paired held-out symbol/carrier/noise seed,reference,20260727T150404Z_modulation_recognition_blind_carrier__oracle_likelihood_snr2_seed71001,steps.data.modulation_recognition.symbols_per_frame,128
oracle_likelihood_snr2_seed71001,oracle_likelihood_snr2_seed71001,Oracle-synchronized likelihood reference · 2 dB · seed 71001,oracle_likelihood,Oracle-synchronized likelihood,oracle_likelihood,71001,snr_db=2,paired held-out symbol/carrier/noise seed,reference,20260727T150404Z_modulation_recognition_blind_carrier__oracle_likelihood_snr2_seed71001,steps.data.timing.step.wall_time_s,0.066149
oracle_likelihood_snr2_seed71001,oracle_likelihood_snr2_seed71001,Oracle-synchronized likelihood reference · 2 dB · seed 71001,oracle_likelihood,Oracle-synchronized likelihood,oracle_likelihood,71001,snr_db=2,paired held-out symbol/carrier/noise seed,reference,20260727T150404Z_modulation_recognition_blind_carrier__oracle_likelihood_snr2_seed71001,steps.evaluation.channel.snr_db,2
oracle_likelihood_snr2_seed71001,oracle_likelihood_snr2_seed71001,Oracle-synchronized likelihood reference · 2 dB · seed 71001,oracle_likelihood,Oracle-synchronized likelihood,oracle_likelihood,71001,snr_db=2,paired held-out symbol/carrier/noise seed,reference,20260727T150404Z_modulation_recognition_blind_carrier__oracle_likelihood_snr2_seed71001,steps.evaluation.classification.balanced_accuracy,0.88151
oracle_likelihood_snr2_seed71001,oracle_likelihood_snr2_seed71001,Oracle-synchronized likelihood reference · 2 dB · seed 71001,oracle_likelihood,Oracle-synchronized likelihood,oracle_likelihood,71001,snr_db=2,paired held-out symbol/carrier/noise seed,reference,20260727T150404Z_modulation_recognition_blind_carrier__oracle_likelihood_snr2_seed71001,steps.evaluation.modulation_recognition.accuracy,0.88151
oracle_likelihood_snr2_seed71001,oracle_likelihood_snr2_seed71001,Oracle-synchronized likelihood reference · 2 dB · seed 71001,oracle_likelihood,Oracle-synchronized likelihood,oracle_likelihood,71001,snr_db=2,paired held-out symbol/carrier/noise seed,reference,20260727T150404Z_modulation_recognition_blind_carrier__oracle_likelihood_snr2_seed71001,steps.evaluation.modulation_recognition.balanced_accuracy,0.88151
oracle_likelihood_snr2_seed71001,oracle_likelihood_snr2_seed71001,Oracle-synchronized likelihood reference · 2 dB · seed 71001,oracle_likelihood,Oracle-synchronized likelihood,oracle_likelihood,71001,snr_db=2,paired held-out symbol/carrier/noise seed,reference,20260727T150404Z_modulation_recognition_blind_carrier__oracle_likelihood_snr2_seed71001,steps.evaluation.modulation_recognition.macro_f1,0.881481
oracle_likelihood_snr2_seed71001,oracle_likelihood_snr2_seed71001,Oracle-synchronized likelihood reference · 2 dB · seed 71001,oracle_likelihood,Oracle-synchronized likelihood,oracle_likelihood,71001,snr_db=2,paired held-out symbol/carrier/noise seed,reference,20260727T150404Z_modulation_recognition_blind_carrier__oracle_likelihood_snr2_seed71001,steps.evaluation.task.accuracy,0.88151
oracle_likelihood_snr2_seed71001,oracle_likelihood_snr2_seed71001,Oracle-synchronized likelihood reference · 2 dB · seed 71001,oracle_likelihood,Oracle-synchronized likelihood,oracle_likelihood,71001,snr_db=2,paired held-out symbol/carrier/noise seed,reference,20260727T150404Z_modulation_recognition_blind_carrier__oracle_likelihood_snr2_seed71001,steps.evaluation.task.score,0.881481
oracle_likelihood_snr2_seed71001,oracle_likelihood_snr2_seed71001,Oracle-synchronized likelihood reference · 2 dB · seed 71001,oracle_likelihood,Oracle-synchronized likelihood,oracle_likelihood,71001,snr_db=2,paired held-out symbol/carrier/noise seed,reference,20260727T150404Z_modulation_recognition_blind_carrier__oracle_likelihood_snr2_seed71001,steps.evaluation.timing.step.wall_time_s,0.006482
oracle_likelihood_snr2_seed71001,oracle_likelihood_snr2_seed71001,Oracle-synchronized likelihood reference · 2 dB · seed 71001,oracle_likelihood,Oracle-synchronized likelihood,oracle_likelihood,71001,snr_db=2,paired held-out symbol/carrier/noise seed,reference,20260727T150404Z_modulation_recognition_blind_carrier__oracle_likelihood_snr2_seed71001,steps.observation.channel.carrier.cfo_abs_mean_cycles_per_symbol,0.002954
oracle_likelihood_snr2_seed71001,oracle_likelihood_snr2_seed71001,Oracle-synchronized likelihood reference · 2 dB · seed 71001,oracle_likelihood,Oracle-synchronized likelihood,oracle_likelihood,71001,snr_db=2,paired held-out symbol/carrier/noise seed,reference,20260727T150404Z_modulation_recognition_blind_carrier__oracle_likelihood_snr2_seed71001,steps.observation.channel.carrier.initial_phase_abs_mean_rad,1.552568
oracle_likelihood_snr2_seed71001,oracle_likelihood_snr2_seed71001,Oracle-synchronized likelihood reference · 2 dB · seed 71001,oracle_likelihood,Oracle-synchronized likelihood,oracle_likelihood,71001,snr_db=2,paired held-out symbol/carrier/noise seed,reference,20260727T150404Z_modulation_recognition_blind_carrier__oracle_likelihood_snr2_seed71001,steps.observation.channel.snr_db,2
oracle_likelihood_snr2_seed71001,oracle_likelihood_snr2_seed71001,Oracle-synchronized likelihood reference · 2 dB · seed 71001,oracle_likelihood,Oracle-synchronized likelihood,oracle_likelihood,71001,snr_db=2,paired held-out symbol/carrier/noise seed,reference,20260727T150404Z_modulation_recognition_blind_carrier__oracle_likelihood_snr2_seed71001,steps.observation.channel.snr_db_max,2
oracle_likelihood_snr2_seed71001,oracle_likelihood_snr2_seed71001,Oracle-synchronized likelihood reference · 2 dB · seed 71001,oracle_likelihood,Oracle-synchronized likelihood,oracle_likelihood,71001,snr_db=2,paired held-out symbol/carrier/noise seed,reference,20260727T150404Z_modulation_recognition_blind_carrier__oracle_likelihood_snr2_seed71001,steps.observation.channel.snr_db_min,2
oracle_likelihood_snr2_seed71001,oracle_likelihood_snr2_seed71001,Oracle-synchronized likelihood reference · 2 dB · seed 71001,oracle_likelihood,Oracle-synchronized likelihood,oracle_likelihood,71001,snr_db=2,paired held-out symbol/carrier/noise seed,reference,20260727T150404Z_modulation_recognition_blind_carrier__oracle_likelihood_snr2_seed71001,steps.observation.modulation_recognition.frame_count,1536
oracle_likelihood_snr2_seed71001,oracle_likelihood_snr2_seed71001,Oracle-synchronized likelihood reference · 2 dB · seed 71001,oracle_likelihood,Oracle-synchronized likelihood,oracle_likelihood,71001,snr_db=2,paired held-out symbol/carrier/noise seed,reference,20260727T150404Z_modulation_recognition_blind_carrier__oracle_likelihood_snr2_seed71001,steps.observation.timing.step.wall_time_s,0.101323
oracle_likelihood_snr2_seed71001,oracle_likelihood_snr2_seed71001,Oracle-synchronized likelihood reference · 2 dB · seed 71001,oracle_likelihood,Oracle-synchronized likelihood,oracle_likelihood,71001,snr_db=2,paired held-out symbol/carrier/noise seed,reference,20260727T150404Z_modulation_recognition_blind_carrier__oracle_likelihood_snr2_seed71001,steps.receiver.modulation_recognition.predicted_frame_count,1536
oracle_likelihood_snr2_seed71001,oracle_likelihood_snr2_seed71001,Oracle-synchronized likelihood reference · 2 dB · seed 71001,oracle_likelihood,Oracle-synchronized likelihood,oracle_likelihood,71001,snr_db=2,paired held-out symbol/carrier/noise seed,reference,20260727T150404Z_modulation_recognition_blind_carrier__oracle_likelihood_snr2_seed71001,steps.receiver.timing.step.wall_time_s,0.269936
oracle_likelihood_snr2_seed71001,oracle_likelihood_snr2_seed71001,Oracle-synchronized likelihood reference · 2 dB · seed 71001,oracle_likelihood,Oracle-synchronized likelihood,oracle_likelihood,71001,snr_db=2,paired held-out symbol/carrier/noise seed,reference,20260727T150404Z_modulation_recognition_blind_carrier__oracle_likelihood_snr2_seed71001,task.accuracy,0.88151
oracle_likelihood_snr2_seed71001,oracle_likelihood_snr2_seed71001,Oracle-synchronized likelihood reference · 2 dB · seed 71001,oracle_likelihood,Oracle-synchronized likelihood,oracle_likelihood,71001,snr_db=2,paired held-out symbol/carrier/noise seed,reference,20260727T150404Z_modulation_recognition_blind_carrier__oracle_likelihood_snr2_seed71001,task.score,0.881481
oracle_likelihood_snr2_seed72001,oracle_likelihood_snr2_seed72001,Oracle-synchronized likelihood reference · 2 dB · seed 72001,oracle_likelihood,Oracle-synchronized likelihood,oracle_likelihood,72001,snr_db=2,paired held-out symbol/carrier/noise seed,reference,20260727T150410Z_modulation_recognition_blind_carrier__oracle_likelihood_snr2_seed72001,channel.carrier.cfo_abs_mean_cycles_per_symbol,0.002995
oracle_likelihood_snr2_seed72001,oracle_likelihood_snr2_seed72001,Oracle-synchronized likelihood reference · 2 dB · seed 72001,oracle_likelihood,Oracle-synchronized likelihood,oracle_likelihood,72001,snr_db=2,paired held-out symbol/carrier/noise seed,reference,20260727T150410Z_modulation_recognition_blind_carrier__oracle_likelihood_snr2_seed72001,channel.carrier.initial_phase_abs_mean_rad,1.588569
oracle_likelihood_snr2_seed72001,oracle_likelihood_snr2_seed72001,Oracle-synchronized likelihood reference · 2 dB · seed 72001,oracle_likelihood,Oracle-synchronized likelihood,oracle_likelihood,72001,snr_db=2,paired held-out symbol/carrier/noise seed,reference,20260727T150410Z_modulation_recognition_blind_carrier__oracle_likelihood_snr2_seed72001,channel.snr_db,2
oracle_likelihood_snr2_seed72001,oracle_likelihood_snr2_seed72001,Oracle-synchronized likelihood reference · 2 dB · seed 72001,oracle_likelihood,Oracle-synchronized likelihood,oracle_likelihood,72001,snr_db=2,paired held-out symbol/carrier/noise seed,reference,20260727T150410Z_modulation_recognition_blind_carrier__oracle_likelihood_snr2_seed72001,channel.snr_db_max,2
oracle_likelihood_snr2_seed72001,oracle_likelihood_snr2_seed72001,Oracle-synchronized likelihood reference · 2 dB · seed 72001,oracle_likelihood,Oracle-synchronized likelihood,oracle_likelihood,72001,snr_db=2,paired held-out symbol/carrier/noise seed,reference,20260727T150410Z_modulation_recognition_blind_carrier__oracle_likelihood_snr2_seed72001,channel.snr_db_min,2
oracle_likelihood_snr2_seed72001,oracle_likelihood_snr2_seed72001,Oracle-synchronized likelihood reference · 2 dB · seed 72001,oracle_likelihood,Oracle-synchronized likelihood,oracle_likelihood,72001,snr_db=2,paired held-out symbol/carrier/noise seed,reference,20260727T150410Z_modulation_recognition_blind_carrier__oracle_likelihood_snr2_seed72001,classification.balanced_accuracy,0.895182
oracle_likelihood_snr2_seed72001,oracle_likelihood_snr2_seed72001,Oracle-synchronized likelihood reference · 2 dB · seed 72001,oracle_likelihood,Oracle-synchronized likelihood,oracle_likelihood,72001,snr_db=2,paired held-out symbol/carrier/noise seed,reference,20260727T150410Z_modulation_recognition_blind_carrier__oracle_likelihood_snr2_seed72001,memory.run.end_rss_bytes,754364416
oracle_likelihood_snr2_seed72001,oracle_likelihood_snr2_seed72001,Oracle-synchronized likelihood reference · 2 dB · seed 72001,oracle_likelihood,Oracle-synchronized likelihood,oracle_likelihood,72001,snr_db=2,paired held-out symbol/carrier/noise seed,reference,20260727T150410Z_modulation_recognition_blind_carrier__oracle_likelihood_snr2_seed72001,memory.run.peak_rss_bytes,831307776
oracle_likelihood_snr2_seed72001,oracle_likelihood_snr2_seed72001,Oracle-synchronized likelihood reference · 2 dB · seed 72001,oracle_likelihood,Oracle-synchronized likelihood,oracle_likelihood,72001,snr_db=2,paired held-out symbol/carrier/noise seed,reference,20260727T150410Z_modulation_recognition_blind_carrier__oracle_likelihood_snr2_seed72001,memory.run.peak_rss_delta_bytes,70782976
oracle_likelihood_snr2_seed72001,oracle_likelihood_snr2_seed72001,Oracle-synchronized likelihood reference · 2 dB · seed 72001,oracle_likelihood,Oracle-synchronized likelihood,oracle_likelihood,72001,snr_db=2,paired held-out symbol/carrier/noise seed,reference,20260727T150410Z_modulation_recognition_blind_carrier__oracle_likelihood_snr2_seed72001,memory.run.sampler_interval_s,0.05
oracle_likelihood_snr2_seed72001,oracle_likelihood_snr2_seed72001,Oracle-synchronized likelihood reference · 2 dB · seed 72001,oracle_likelihood,Oracle-synchronized likelihood,oracle_likelihood,72001,snr_db=2,paired held-out symbol/carrier/noise seed,reference,20260727T150410Z_modulation_recognition_blind_carrier__oracle_likelihood_snr2_seed72001,memory.run.start_rss_bytes,760524800
oracle_likelihood_snr2_seed72001,oracle_likelihood_snr2_seed72001,Oracle-synchronized likelihood reference · 2 dB · seed 72001,oracle_likelihood,Oracle-synchronized likelihood,oracle_likelihood,72001,snr_db=2,paired held-out symbol/carrier/noise seed,reference,20260727T150410Z_modulation_recognition_blind_carrier__oracle_likelihood_snr2_seed72001,modulation_recognition.accuracy,0.895182
oracle_likelihood_snr2_seed72001,oracle_likelihood_snr2_seed72001,Oracle-synchronized likelihood reference · 2 dB · seed 72001,oracle_likelihood,Oracle-synchronized likelihood,oracle_likelihood,72001,snr_db=2,paired held-out symbol/carrier/noise seed,reference,20260727T150410Z_modulation_recognition_blind_carrier__oracle_likelihood_snr2_seed72001,modulation_recognition.balanced_accuracy,0.895182
oracle_likelihood_snr2_seed72001,oracle_likelihood_snr2_seed72001,Oracle-synchronized likelihood reference · 2 dB · seed 72001,oracle_likelihood,Oracle-synchronized likelihood,oracle_likelihood,72001,snr_db=2,paired held-out symbol/carrier/noise seed,reference,20260727T150410Z_modulation_recognition_blind_carrier__oracle_likelihood_snr2_seed72001,modulation_recognition.frame_count,1536
oracle_likelihood_snr2_seed72001,oracle_likelihood_snr2_seed72001,Oracle-synchronized likelihood reference · 2 dB · seed 72001,oracle_likelihood,Oracle-synchronized likelihood,oracle_likelihood,72001,snr_db=2,paired held-out symbol/carrier/noise seed,reference,20260727T150410Z_modulation_recognition_blind_carrier__oracle_likelihood_snr2_seed72001,modulation_recognition.macro_f1,0.895181
oracle_likelihood_snr2_seed72001,oracle_likelihood_snr2_seed72001,Oracle-synchronized likelihood reference · 2 dB · seed 72001,oracle_likelihood,Oracle-synchronized likelihood,oracle_likelihood,72001,snr_db=2,paired held-out symbol/carrier/noise seed,reference,20260727T150410Z_modulation_recognition_blind_carrier__oracle_likelihood_snr2_seed72001,modulation_recognition.predicted_frame_count,1536
oracle_likelihood_snr2_seed72001,oracle_likelihood_snr2_seed72001,Oracle-synchronized likelihood reference · 2 dB · seed 72001,oracle_likelihood,Oracle-synchronized likelihood,oracle_likelihood,72001,snr_db=2,paired held-out symbol/carrier/noise seed,reference,20260727T150410Z_modulation_recognition_blind_carrier__oracle_likelihood_snr2_seed72001,modulation_recognition.symbols_per_frame,128
oracle_likelihood_snr2_seed72001,oracle_likelihood_snr2_seed72001,Oracle-synchronized likelihood reference · 2 dB · seed 72001,oracle_likelihood,Oracle-synchronized likelihood,oracle_likelihood,72001,snr_db=2,paired held-out symbol/carrier/noise seed,reference,20260727T150410Z_modulation_recognition_blind_carrier__oracle_likelihood_snr2_seed72001,steps.data.modulation_recognition.frame_count,1536
oracle_likelihood_snr2_seed72001,oracle_likelihood_snr2_seed72001,Oracle-synchronized likelihood reference · 2 dB · seed 72001,oracle_likelihood,Oracle-synchronized likelihood,oracle_likelihood,72001,snr_db=2,paired held-out symbol/carrier/noise seed,reference,20260727T150410Z_modulation_recognition_blind_carrier__oracle_likelihood_snr2_seed72001,steps.data.modulation_recognition.symbols_per_frame,128
oracle_likelihood_snr2_seed72001,oracle_likelihood_snr2_seed72001,Oracle-synchronized likelihood reference · 2 dB · seed 72001,oracle_likelihood,Oracle-synchronized likelihood,oracle_likelihood,72001,snr_db=2,paired held-out symbol/carrier/noise seed,reference,20260727T150410Z_modulation_recognition_blind_carrier__oracle_likelihood_snr2_seed72001,steps.data.timing.step.wall_time_s,0.070117
oracle_likelihood_snr2_seed72001,oracle_likelihood_snr2_seed72001,Oracle-synchronized likelihood reference · 2 dB · seed 72001,oracle_likelihood,Oracle-synchronized likelihood,oracle_likelihood,72001,snr_db=2,paired held-out symbol/carrier/noise seed,reference,20260727T150410Z_modulation_recognition_blind_carrier__oracle_likelihood_snr2_seed72001,steps.evaluation.channel.snr_db,2
oracle_likelihood_snr2_seed72001,oracle_likelihood_snr2_seed72001,Oracle-synchronized likelihood reference · 2 dB · seed 72001,oracle_likelihood,Oracle-synchronized likelihood,oracle_likelihood,72001,snr_db=2,paired held-out symbol/carrier/noise seed,reference,20260727T150410Z_modulation_recognition_blind_carrier__oracle_likelihood_snr2_seed72001,steps.evaluation.classification.balanced_accuracy,0.895182
oracle_likelihood_snr2_seed72001,oracle_likelihood_snr2_seed72001,Oracle-synchronized likelihood reference · 2 dB · seed 72001,oracle_likelihood,Oracle-synchronized likelihood,oracle_likelihood,72001,snr_db=2,paired held-out symbol/carrier/noise seed,reference,20260727T150410Z_modulation_recognition_blind_carrier__oracle_likelihood_snr2_seed72001,steps.evaluation.modulation_recognition.accuracy,0.895182
oracle_likelihood_snr2_seed72001,oracle_likelihood_snr2_seed72001,Oracle-synchronized likelihood reference · 2 dB · seed 72001,oracle_likelihood,Oracle-synchronized likelihood,oracle_likelihood,72001,snr_db=2,paired held-out symbol/carrier/noise seed,reference,20260727T150410Z_modulation_recognition_blind_carrier__oracle_likelihood_snr2_seed72001,steps.evaluation.modulation_recognition.balanced_accuracy,0.895182
oracle_likelihood_snr2_seed72001,oracle_likelihood_snr2_seed72001,Oracle-synchronized likelihood reference · 2 dB · seed 72001,oracle_likelihood,Oracle-synchronized likelihood,oracle_likelihood,72001,snr_db=2,paired held-out symbol/carrier/noise seed,reference,20260727T150410Z_modulation_recognition_blind_carrier__oracle_likelihood_snr2_seed72001,steps.evaluation.modulation_recognition.macro_f1,0.895181
oracle_likelihood_snr2_seed72001,oracle_likelihood_snr2_seed72001,Oracle-synchronized likelihood reference · 2 dB · seed 72001,oracle_likelihood,Oracle-synchronized likelihood,oracle_likelihood,72001,snr_db=2,paired held-out symbol/carrier/noise seed,reference,20260727T150410Z_modulation_recognition_blind_carrier__oracle_likelihood_snr2_seed72001,steps.evaluation.task.accuracy,0.895182
oracle_likelihood_snr2_seed72001,oracle_likelihood_snr2_seed72001,Oracle-synchronized likelihood reference · 2 dB · seed 72001,oracle_likelihood,Oracle-synchronized likelihood,oracle_likelihood,72001,snr_db=2,paired held-out symbol/carrier/noise seed,reference,20260727T150410Z_modulation_recognition_blind_carrier__oracle_likelihood_snr2_seed72001,steps.evaluation.task.score,0.895181
oracle_likelihood_snr2_seed72001,oracle_likelihood_snr2_seed72001,Oracle-synchronized likelihood reference · 2 dB · seed 72001,oracle_likelihood,Oracle-synchronized likelihood,oracle_likelihood,72001,snr_db=2,paired held-out symbol/carrier/noise seed,reference,20260727T150410Z_modulation_recognition_blind_carrier__oracle_likelihood_snr2_seed72001,steps.evaluation.timing.step.wall_time_s,0.006792
oracle_likelihood_snr2_seed72001,oracle_likelihood_snr2_seed72001,Oracle-synchronized likelihood reference · 2 dB · seed 72001,oracle_likelihood,Oracle-synchronized likelihood,oracle_likelihood,72001,snr_db=2,paired held-out symbol/carrier/noise seed,reference,20260727T150410Z_modulation_recognition_blind_carrier__oracle_likelihood_snr2_seed72001,steps.observation.channel.carrier.cfo_abs_mean_cycles_per_symbol,0.002995
oracle_likelihood_snr2_seed72001,oracle_likelihood_snr2_seed72001,Oracle-synchronized likelihood reference · 2 dB · seed 72001,oracle_likelihood,Oracle-synchronized likelihood,oracle_likelihood,72001,snr_db=2,paired held-out symbol/carrier/noise seed,reference,20260727T150410Z_modulation_recognition_blind_carrier__oracle_likelihood_snr2_seed72001,steps.observation.channel.carrier.initial_phase_abs_mean_rad,1.588569
oracle_likelihood_snr2_seed72001,oracle_likelihood_snr2_seed72001,Oracle-synchronized likelihood reference · 2 dB · seed 72001,oracle_likelihood,Oracle-synchronized likelihood,oracle_likelihood,72001,snr_db=2,paired held-out symbol/carrier/noise seed,reference,20260727T150410Z_modulation_recognition_blind_carrier__oracle_likelihood_snr2_seed72001,steps.observation.channel.snr_db,2
oracle_likelihood_snr2_seed72001,oracle_likelihood_snr2_seed72001,Oracle-synchronized likelihood reference · 2 dB · seed 72001,oracle_likelihood,Oracle-synchronized likelihood,oracle_likelihood,72001,snr_db=2,paired held-out symbol/carrier/noise seed,reference,20260727T150410Z_modulation_recognition_blind_carrier__oracle_likelihood_snr2_seed72001,steps.observation.channel.snr_db_max,2
oracle_likelihood_snr2_seed72001,oracle_likelihood_snr2_seed72001,Oracle-synchronized likelihood reference · 2 dB · seed 72001,oracle_likelihood,Oracle-synchronized likelihood,oracle_likelihood,72001,snr_db=2,paired held-out symbol/carrier/noise seed,reference,20260727T150410Z_modulation_recognition_blind_carrier__oracle_likelihood_snr2_seed72001,steps.observation.channel.snr_db_min,2
oracle_likelihood_snr2_seed72001,oracle_likelihood_snr2_seed72001,Oracle-synchronized likelihood reference · 2 dB · seed 72001,oracle_likelihood,Oracle-synchronized likelihood,oracle_likelihood,72001,snr_db=2,paired held-out symbol/carrier/noise seed,reference,20260727T150410Z_modulation_recognition_blind_carrier__oracle_likelihood_snr2_seed72001,steps.observation.modulation_recognition.frame_count,1536
oracle_likelihood_snr2_seed72001,oracle_likelihood_snr2_seed72001,Oracle-synchronized likelihood reference · 2 dB · seed 72001,oracle_likelihood,Oracle-synchronized likelihood,oracle_likelihood,72001,snr_db=2,paired held-out symbol/carrier/noise seed,reference,20260727T150410Z_modulation_recognition_blind_carrier__oracle_likelihood_snr2_seed72001,steps.observation.timing.step.wall_time_s,0.102033
oracle_likelihood_snr2_seed72001,oracle_likelihood_snr2_seed72001,Oracle-synchronized likelihood reference · 2 dB · seed 72001,oracle_likelihood,Oracle-synchronized likelihood,oracle_likelihood,72001,snr_db=2,paired held-out symbol/carrier/noise seed,reference,20260727T150410Z_modulation_recognition_blind_carrier__oracle_likelihood_snr2_seed72001,steps.receiver.modulation_recognition.predicted_frame_count,1536
oracle_likelihood_snr2_seed72001,oracle_likelihood_snr2_seed72001,Oracle-synchronized likelihood reference · 2 dB · seed 72001,oracle_likelihood,Oracle-synchronized likelihood,oracle_likelihood,72001,snr_db=2,paired held-out symbol/carrier/noise seed,reference,20260727T150410Z_modulation_recognition_blind_carrier__oracle_likelihood_snr2_seed72001,steps.receiver.timing.step.wall_time_s,0.26665
oracle_likelihood_snr2_seed72001,oracle_likelihood_snr2_seed72001,Oracle-synchronized likelihood reference · 2 dB · seed 72001,oracle_likelihood,Oracle-synchronized likelihood,oracle_likelihood,72001,snr_db=2,paired held-out symbol/carrier/noise seed,reference,20260727T150410Z_modulation_recognition_blind_carrier__oracle_likelihood_snr2_seed72001,task.accuracy,0.895182
oracle_likelihood_snr2_seed72001,oracle_likelihood_snr2_seed72001,Oracle-synchronized likelihood reference · 2 dB · seed 72001,oracle_likelihood,Oracle-synchronized likelihood,oracle_likelihood,72001,snr_db=2,paired held-out symbol/carrier/noise seed,reference,20260727T150410Z_modulation_recognition_blind_carrier__oracle_likelihood_snr2_seed72001,task.score,0.895181
oracle_likelihood_snr2_seed73001,oracle_likelihood_snr2_seed73001,Oracle-synchronized likelihood reference · 2 dB · seed 73001,oracle_likelihood,Oracle-synchronized likelihood,oracle_likelihood,73001,snr_db=2,paired held-out symbol/carrier/noise seed,reference,20260727T150416Z_modulation_recognition_blind_carrier__oracle_likelihood_snr2_seed73001,channel.carrier.cfo_abs_mean_cycles_per_symbol,0.003047
oracle_likelihood_snr2_seed73001,oracle_likelihood_snr2_seed73001,Oracle-synchronized likelihood reference · 2 dB · seed 73001,oracle_likelihood,Oracle-synchronized likelihood,oracle_likelihood,73001,snr_db=2,paired held-out symbol/carrier/noise seed,reference,20260727T150416Z_modulation_recognition_blind_carrier__oracle_likelihood_snr2_seed73001,channel.carrier.initial_phase_abs_mean_rad,1.55227
oracle_likelihood_snr2_seed73001,oracle_likelihood_snr2_seed73001,Oracle-synchronized likelihood reference · 2 dB · seed 73001,oracle_likelihood,Oracle-synchronized likelihood,oracle_likelihood,73001,snr_db=2,paired held-out symbol/carrier/noise seed,reference,20260727T150416Z_modulation_recognition_blind_carrier__oracle_likelihood_snr2_seed73001,channel.snr_db,2
oracle_likelihood_snr2_seed73001,oracle_likelihood_snr2_seed73001,Oracle-synchronized likelihood reference · 2 dB · seed 73001,oracle_likelihood,Oracle-synchronized likelihood,oracle_likelihood,73001,snr_db=2,paired held-out symbol/carrier/noise seed,reference,20260727T150416Z_modulation_recognition_blind_carrier__oracle_likelihood_snr2_seed73001,channel.snr_db_max,2
oracle_likelihood_snr2_seed73001,oracle_likelihood_snr2_seed73001,Oracle-synchronized likelihood reference · 2 dB · seed 73001,oracle_likelihood,Oracle-synchronized likelihood,oracle_likelihood,73001,snr_db=2,paired held-out symbol/carrier/noise seed,reference,20260727T150416Z_modulation_recognition_blind_carrier__oracle_likelihood_snr2_seed73001,channel.snr_db_min,2
oracle_likelihood_snr2_seed73001,oracle_likelihood_snr2_seed73001,Oracle-synchronized likelihood reference · 2 dB · seed 73001,oracle_likelihood,Oracle-synchronized likelihood,oracle_likelihood,73001,snr_db=2,paired held-out symbol/carrier/noise seed,reference,20260727T150416Z_modulation_recognition_blind_carrier__oracle_likelihood_snr2_seed73001,classification.balanced_accuracy,0.894531
oracle_likelihood_snr2_seed73001,oracle_likelihood_snr2_seed73001,Oracle-synchronized likelihood reference · 2 dB · seed 73001,oracle_likelihood,Oracle-synchronized likelihood,oracle_likelihood,73001,snr_db=2,paired held-out symbol/carrier/noise seed,reference,20260727T150416Z_modulation_recognition_blind_carrier__oracle_likelihood_snr2_seed73001,memory.run.end_rss_bytes,760147968
oracle_likelihood_snr2_seed73001,oracle_likelihood_snr2_seed73001,Oracle-synchronized likelihood reference · 2 dB · seed 73001,oracle_likelihood,Oracle-synchronized likelihood,oracle_likelihood,73001,snr_db=2,paired held-out symbol/carrier/noise seed,reference,20260727T150416Z_modulation_recognition_blind_carrier__oracle_likelihood_snr2_seed73001,memory.run.peak_rss_bytes,837091328
oracle_likelihood_snr2_seed73001,oracle_likelihood_snr2_seed73001,Oracle-synchronized likelihood reference · 2 dB · seed 73001,oracle_likelihood,Oracle-synchronized likelihood,oracle_likelihood,73001,snr_db=2,paired held-out symbol/carrier/noise seed,reference,20260727T150416Z_modulation_recognition_blind_carrier__oracle_likelihood_snr2_seed73001,memory.run.peak_rss_delta_bytes,70782976
oracle_likelihood_snr2_seed73001,oracle_likelihood_snr2_seed73001,Oracle-synchronized likelihood reference · 2 dB · seed 73001,oracle_likelihood,Oracle-synchronized likelihood,oracle_likelihood,73001,snr_db=2,paired held-out symbol/carrier/noise seed,reference,20260727T150416Z_modulation_recognition_blind_carrier__oracle_likelihood_snr2_seed73001,memory.run.sampler_interval_s,0.05
oracle_likelihood_snr2_seed73001,oracle_likelihood_snr2_seed73001,Oracle-synchronized likelihood reference · 2 dB · seed 73001,oracle_likelihood,Oracle-synchronized likelihood,oracle_likelihood,73001,snr_db=2,paired held-out symbol/carrier/noise seed,reference,20260727T150416Z_modulation_recognition_blind_carrier__oracle_likelihood_snr2_seed73001,memory.run.start_rss_bytes,766308352
oracle_likelihood_snr2_seed73001,oracle_likelihood_snr2_seed73001,Oracle-synchronized likelihood reference · 2 dB · seed 73001,oracle_likelihood,Oracle-synchronized likelihood,oracle_likelihood,73001,snr_db=2,paired held-out symbol/carrier/noise seed,reference,20260727T150416Z_modulation_recognition_blind_carrier__oracle_likelihood_snr2_seed73001,modulation_recognition.accuracy,0.894531
oracle_likelihood_snr2_seed73001,oracle_likelihood_snr2_seed73001,Oracle-synchronized likelihood reference · 2 dB · seed 73001,oracle_likelihood,Oracle-synchronized likelihood,oracle_likelihood,73001,snr_db=2,paired held-out symbol/carrier/noise seed,reference,20260727T150416Z_modulation_recognition_blind_carrier__oracle_likelihood_snr2_seed73001,modulation_recognition.balanced_accuracy,0.894531
oracle_likelihood_snr2_seed73001,oracle_likelihood_snr2_seed73001,Oracle-synchronized likelihood reference · 2 dB · seed 73001,oracle_likelihood,Oracle-synchronized likelihood,oracle_likelihood,73001,snr_db=2,paired held-out symbol/carrier/noise seed,reference,20260727T150416Z_modulation_recognition_blind_carrier__oracle_likelihood_snr2_seed73001,modulation_recognition.frame_count,1536
oracle_likelihood_snr2_seed73001,oracle_likelihood_snr2_seed73001,Oracle-synchronized likelihood reference · 2 dB · seed 73001,oracle_likelihood,Oracle-synchronized likelihood,oracle_likelihood,73001,snr_db=2,paired held-out symbol/carrier/noise seed,reference,20260727T150416Z_modulation_recognition_blind_carrier__oracle_likelihood_snr2_seed73001,modulation_recognition.macro_f1,0.894517
oracle_likelihood_snr2_seed73001,oracle_likelihood_snr2_seed73001,Oracle-synchronized likelihood reference · 2 dB · seed 73001,oracle_likelihood,Oracle-synchronized likelihood,oracle_likelihood,73001,snr_db=2,paired held-out symbol/carrier/noise seed,reference,20260727T150416Z_modulation_recognition_blind_carrier__oracle_likelihood_snr2_seed73001,modulation_recognition.predicted_frame_count,1536
oracle_likelihood_snr2_seed73001,oracle_likelihood_snr2_seed73001,Oracle-synchronized likelihood reference · 2 dB · seed 73001,oracle_likelihood,Oracle-synchronized likelihood,oracle_likelihood,73001,snr_db=2,paired held-out symbol/carrier/noise seed,reference,20260727T150416Z_modulation_recognition_blind_carrier__oracle_likelihood_snr2_seed73001,modulation_recognition.symbols_per_frame,128
oracle_likelihood_snr2_seed73001,oracle_likelihood_snr2_seed73001,Oracle-synchronized likelihood reference · 2 dB · seed 73001,oracle_likelihood,Oracle-synchronized likelihood,oracle_likelihood,73001,snr_db=2,paired held-out symbol/carrier/noise seed,reference,20260727T150416Z_modulation_recognition_blind_carrier__oracle_likelihood_snr2_seed73001,steps.data.modulation_recognition.frame_count,1536
oracle_likelihood_snr2_seed73001,oracle_likelihood_snr2_seed73001,Oracle-synchronized likelihood reference · 2 dB · seed 73001,oracle_likelihood,Oracle-synchronized likelihood,oracle_likelihood,73001,snr_db=2,paired held-out symbol/carrier/noise seed,reference,20260727T150416Z_modulation_recognition_blind_carrier__oracle_likelihood_snr2_seed73001,steps.data.modulation_recognition.symbols_per_frame,128
oracle_likelihood_snr2_seed73001,oracle_likelihood_snr2_seed73001,Oracle-synchronized likelihood reference · 2 dB · seed 73001,oracle_likelihood,Oracle-synchronized likelihood,oracle_likelihood,73001,snr_db=2,paired held-out symbol/carrier/noise seed,reference,20260727T150416Z_modulation_recognition_blind_carrier__oracle_likelihood_snr2_seed73001,steps.data.timing.step.wall_time_s,0.064943
oracle_likelihood_snr2_seed73001,oracle_likelihood_snr2_seed73001,Oracle-synchronized likelihood reference · 2 dB · seed 73001,oracle_likelihood,Oracle-synchronized likelihood,oracle_likelihood,73001,snr_db=2,paired held-out symbol/carrier/noise seed,reference,20260727T150416Z_modulation_recognition_blind_carrier__oracle_likelihood_snr2_seed73001,steps.evaluation.channel.snr_db,2
oracle_likelihood_snr2_seed73001,oracle_likelihood_snr2_seed73001,Oracle-synchronized likelihood reference · 2 dB · seed 73001,oracle_likelihood,Oracle-synchronized likelihood,oracle_likelihood,73001,snr_db=2,paired held-out symbol/carrier/noise seed,reference,20260727T150416Z_modulation_recognition_blind_carrier__oracle_likelihood_snr2_seed73001,steps.evaluation.classification.balanced_accuracy,0.894531
oracle_likelihood_snr2_seed73001,oracle_likelihood_snr2_seed73001,Oracle-synchronized likelihood reference · 2 dB · seed 73001,oracle_likelihood,Oracle-synchronized likelihood,oracle_likelihood,73001,snr_db=2,paired held-out symbol/carrier/noise seed,reference,20260727T150416Z_modulation_recognition_blind_carrier__oracle_likelihood_snr2_seed73001,steps.evaluation.modulation_recognition.accuracy,0.894531
oracle_likelihood_snr2_seed73001,oracle_likelihood_snr2_seed73001,Oracle-synchronized likelihood reference · 2 dB · seed 73001,oracle_likelihood,Oracle-synchronized likelihood,oracle_likelihood,73001,snr_db=2,paired held-out symbol/carrier/noise seed,reference,20260727T150416Z_modulation_recognition_blind_carrier__oracle_likelihood_snr2_seed73001,steps.evaluation.modulation_recognition.balanced_accuracy,0.894531
oracle_likelihood_snr2_seed73001,oracle_likelihood_snr2_seed73001,Oracle-synchronized likelihood reference · 2 dB · seed 73001,oracle_likelihood,Oracle-synchronized likelihood,oracle_likelihood,73001,snr_db=2,paired held-out symbol/carrier/noise seed,reference,20260727T150416Z_modulation_recognition_blind_carrier__oracle_likelihood_snr2_seed73001,steps.evaluation.modulation_recognition.macro_f1,0.894517
oracle_likelihood_snr2_seed73001,oracle_likelihood_snr2_seed73001,Oracle-synchronized likelihood reference · 2 dB · seed 73001,oracle_likelihood,Oracle-synchronized likelihood,oracle_likelihood,73001,snr_db=2,paired held-out symbol/carrier/noise seed,reference,20260727T150416Z_modulation_recognition_blind_carrier__oracle_likelihood_snr2_seed73001,steps.evaluation.task.accuracy,0.894531
oracle_likelihood_snr2_seed73001,oracle_likelihood_snr2_seed73001,Oracle-synchronized likelihood reference · 2 dB · seed 73001,oracle_likelihood,Oracle-synchronized likelihood,oracle_likelihood,73001,snr_db=2,paired held-out symbol/carrier/noise seed,reference,20260727T150416Z_modulation_recognition_blind_carrier__oracle_likelihood_snr2_seed73001,steps.evaluation.task.score,0.894517
oracle_likelihood_snr2_seed73001,oracle_likelihood_snr2_seed73001,Oracle-synchronized likelihood reference · 2 dB · seed 73001,oracle_likelihood,Oracle-synchronized likelihood,oracle_likelihood,73001,snr_db=2,paired held-out symbol/carrier/noise seed,reference,20260727T150416Z_modulation_recognition_blind_carrier__oracle_likelihood_snr2_seed73001,steps.evaluation.timing.step.wall_time_s,0.006857
oracle_likelihood_snr2_seed73001,oracle_likelihood_snr2_seed73001,Oracle-synchronized likelihood reference · 2 dB · seed 73001,oracle_likelihood,Oracle-synchronized likelihood,oracle_likelihood,73001,snr_db=2,paired held-out symbol/carrier/noise seed,reference,20260727T150416Z_modulation_recognition_blind_carrier__oracle_likelihood_snr2_seed73001,steps.observation.channel.carrier.cfo_abs_mean_cycles_per_symbol,0.003047
oracle_likelihood_snr2_seed73001,oracle_likelihood_snr2_seed73001,Oracle-synchronized likelihood reference · 2 dB · seed 73001,oracle_likelihood,Oracle-synchronized likelihood,oracle_likelihood,73001,snr_db=2,paired held-out symbol/carrier/noise seed,reference,20260727T150416Z_modulation_recognition_blind_carrier__oracle_likelihood_snr2_seed73001,steps.observation.channel.carrier.initial_phase_abs_mean_rad,1.55227
oracle_likelihood_snr2_seed73001,oracle_likelihood_snr2_seed73001,Oracle-synchronized likelihood reference · 2 dB · seed 73001,oracle_likelihood,Oracle-synchronized likelihood,oracle_likelihood,73001,snr_db=2,paired held-out symbol/carrier/noise seed,reference,20260727T150416Z_modulation_recognition_blind_carrier__oracle_likelihood_snr2_seed73001,steps.observation.channel.snr_db,2
oracle_likelihood_snr2_seed73001,oracle_likelihood_snr2_seed73001,Oracle-synchronized likelihood reference · 2 dB · seed 73001,oracle_likelihood,Oracle-synchronized likelihood,oracle_likelihood,73001,snr_db=2,paired held-out symbol/carrier/noise seed,reference,20260727T150416Z_modulation_recognition_blind_carrier__oracle_likelihood_snr2_seed73001,steps.observation.channel.snr_db_max,2
oracle_likelihood_snr2_seed73001,oracle_likelihood_snr2_seed73001,Oracle-synchronized likelihood reference · 2 dB · seed 73001,oracle_likelihood,Oracle-synchronized likelihood,oracle_likelihood,73001,snr_db=2,paired held-out symbol/carrier/noise seed,reference,20260727T150416Z_modulation_recognition_blind_carrier__oracle_likelihood_snr2_seed73001,steps.observation.channel.snr_db_min,2
oracle_likelihood_snr2_seed73001,oracle_likelihood_snr2_seed73001,Oracle-synchronized likelihood reference · 2 dB · seed 73001,oracle_likelihood,Oracle-synchronized likelihood,oracle_likelihood,73001,snr_db=2,paired held-out symbol/carrier/noise seed,reference,20260727T150416Z_modulation_recognition_blind_carrier__oracle_likelihood_snr2_seed73001,steps.observation.modulation_recognition.frame_count,1536
oracle_likelihood_snr2_seed73001,oracle_likelihood_snr2_seed73001,Oracle-synchronized likelihood reference · 2 dB · seed 73001,oracle_likelihood,Oracle-synchronized likelihood,oracle_likelihood,73001,snr_db=2,paired held-out symbol/carrier/noise seed,reference,20260727T150416Z_modulation_recognition_blind_carrier__oracle_likelihood_snr2_seed73001,steps.observation.timing.step.wall_time_s,0.111601
oracle_likelihood_snr2_seed73001,oracle_likelihood_snr2_seed73001,Oracle-synchronized likelihood reference · 2 dB · seed 73001,oracle_likelihood,Oracle-synchronized likelihood,oracle_likelihood,73001,snr_db=2,paired held-out symbol/carrier/noise seed,reference,20260727T150416Z_modulation_recognition_blind_carrier__oracle_likelihood_snr2_seed73001,steps.receiver.modulation_recognition.predicted_frame_count,1536
oracle_likelihood_snr2_seed73001,oracle_likelihood_snr2_seed73001,Oracle-synchronized likelihood reference · 2 dB · seed 73001,oracle_likelihood,Oracle-synchronized likelihood,oracle_likelihood,73001,snr_db=2,paired held-out symbol/carrier/noise seed,reference,20260727T150416Z_modulation_recognition_blind_carrier__oracle_likelihood_snr2_seed73001,steps.receiver.timing.step.wall_time_s,0.268237
oracle_likelihood_snr2_seed73001,oracle_likelihood_snr2_seed73001,Oracle-synchronized likelihood reference · 2 dB · seed 73001,oracle_likelihood,Oracle-synchronized likelihood,oracle_likelihood,73001,snr_db=2,paired held-out symbol/carrier/noise seed,reference,20260727T150416Z_modulation_recognition_blind_carrier__oracle_likelihood_snr2_seed73001,task.accuracy,0.894531
oracle_likelihood_snr2_seed73001,oracle_likelihood_snr2_seed73001,Oracle-synchronized likelihood reference · 2 dB · seed 73001,oracle_likelihood,Oracle-synchronized likelihood,oracle_likelihood,73001,snr_db=2,paired held-out symbol/carrier/noise seed,reference,20260727T150416Z_modulation_recognition_blind_carrier__oracle_likelihood_snr2_seed73001,task.score,0.894517
oracle_likelihood_snr6_seed71001,oracle_likelihood_snr6_seed71001,Oracle-synchronized likelihood reference · 6 dB · seed 71001,oracle_likelihood,Oracle-synchronized likelihood,oracle_likelihood,71001,snr_db=6,paired held-out symbol/carrier/noise seed,reference,20260727T150423Z_modulation_recognition_blind_carrier__oracle_likelihood_snr6_seed71001,channel.carrier.cfo_abs_mean_cycles_per_symbol,0.002954
oracle_likelihood_snr6_seed71001,oracle_likelihood_snr6_seed71001,Oracle-synchronized likelihood reference · 6 dB · seed 71001,oracle_likelihood,Oracle-synchronized likelihood,oracle_likelihood,71001,snr_db=6,paired held-out symbol/carrier/noise seed,reference,20260727T150423Z_modulation_recognition_blind_carrier__oracle_likelihood_snr6_seed71001,channel.carrier.initial_phase_abs_mean_rad,1.552568
oracle_likelihood_snr6_seed71001,oracle_likelihood_snr6_seed71001,Oracle-synchronized likelihood reference · 6 dB · seed 71001,oracle_likelihood,Oracle-synchronized likelihood,oracle_likelihood,71001,snr_db=6,paired held-out symbol/carrier/noise seed,reference,20260727T150423Z_modulation_recognition_blind_carrier__oracle_likelihood_snr6_seed71001,channel.snr_db,6
oracle_likelihood_snr6_seed71001,oracle_likelihood_snr6_seed71001,Oracle-synchronized likelihood reference · 6 dB · seed 71001,oracle_likelihood,Oracle-synchronized likelihood,oracle_likelihood,71001,snr_db=6,paired held-out symbol/carrier/noise seed,reference,20260727T150423Z_modulation_recognition_blind_carrier__oracle_likelihood_snr6_seed71001,channel.snr_db_max,6
oracle_likelihood_snr6_seed71001,oracle_likelihood_snr6_seed71001,Oracle-synchronized likelihood reference · 6 dB · seed 71001,oracle_likelihood,Oracle-synchronized likelihood,oracle_likelihood,71001,snr_db=6,paired held-out symbol/carrier/noise seed,reference,20260727T150423Z_modulation_recognition_blind_carrier__oracle_likelihood_snr6_seed71001,channel.snr_db_min,6
oracle_likelihood_snr6_seed71001,oracle_likelihood_snr6_seed71001,Oracle-synchronized likelihood reference · 6 dB · seed 71001,oracle_likelihood,Oracle-synchronized likelihood,oracle_likelihood,71001,snr_db=6,paired held-out symbol/carrier/noise seed,reference,20260727T150423Z_modulation_recognition_blind_carrier__oracle_likelihood_snr6_seed71001,classification.balanced_accuracy,0.998698
oracle_likelihood_snr6_seed71001,oracle_likelihood_snr6_seed71001,Oracle-synchronized likelihood reference · 6 dB · seed 71001,oracle_likelihood,Oracle-synchronized likelihood,oracle_likelihood,71001,snr_db=6,paired held-out symbol/carrier/noise seed,reference,20260727T150423Z_modulation_recognition_blind_carrier__oracle_likelihood_snr6_seed71001,memory.run.end_rss_bytes,765906944
oracle_likelihood_snr6_seed71001,oracle_likelihood_snr6_seed71001,Oracle-synchronized likelihood reference · 6 dB · seed 71001,oracle_likelihood,Oracle-synchronized likelihood,oracle_likelihood,71001,snr_db=6,paired held-out symbol/carrier/noise seed,reference,20260727T150423Z_modulation_recognition_blind_carrier__oracle_likelihood_snr6_seed71001,memory.run.peak_rss_bytes,858157056
oracle_likelihood_snr6_seed71001,oracle_likelihood_snr6_seed71001,Oracle-synchronized likelihood reference · 6 dB · seed 71001,oracle_likelihood,Oracle-synchronized likelihood,oracle_likelihood,71001,snr_db=6,paired held-out symbol/carrier/noise seed,reference,20260727T150423Z_modulation_recognition_blind_carrier__oracle_likelihood_snr6_seed71001,memory.run.peak_rss_delta_bytes,86089728
oracle_likelihood_snr6_seed71001,oracle_likelihood_snr6_seed71001,Oracle-synchronized likelihood reference · 6 dB · seed 71001,oracle_likelihood,Oracle-synchronized likelihood,oracle_likelihood,71001,snr_db=6,paired held-out symbol/carrier/noise seed,reference,20260727T150423Z_modulation_recognition_blind_carrier__oracle_likelihood_snr6_seed71001,memory.run.sampler_interval_s,0.05
oracle_likelihood_snr6_seed71001,oracle_likelihood_snr6_seed71001,Oracle-synchronized likelihood reference · 6 dB · seed 71001,oracle_likelihood,Oracle-synchronized likelihood,oracle_likelihood,71001,snr_db=6,paired held-out symbol/carrier/noise seed,reference,20260727T150423Z_modulation_recognition_blind_carrier__oracle_likelihood_snr6_seed71001,memory.run.start_rss_bytes,772067328
oracle_likelihood_snr6_seed71001,oracle_likelihood_snr6_seed71001,Oracle-synchronized likelihood reference · 6 dB · seed 71001,oracle_likelihood,Oracle-synchronized likelihood,oracle_likelihood,71001,snr_db=6,paired held-out symbol/carrier/noise seed,reference,20260727T150423Z_modulation_recognition_blind_carrier__oracle_likelihood_snr6_seed71001,modulation_recognition.accuracy,0.998698
oracle_likelihood_snr6_seed71001,oracle_likelihood_snr6_seed71001,Oracle-synchronized likelihood reference · 6 dB · seed 71001,oracle_likelihood,Oracle-synchronized likelihood,oracle_likelihood,71001,snr_db=6,paired held-out symbol/carrier/noise seed,reference,20260727T150423Z_modulation_recognition_blind_carrier__oracle_likelihood_snr6_seed71001,modulation_recognition.balanced_accuracy,0.998698
oracle_likelihood_snr6_seed71001,oracle_likelihood_snr6_seed71001,Oracle-synchronized likelihood reference · 6 dB · seed 71001,oracle_likelihood,Oracle-synchronized likelihood,oracle_likelihood,71001,snr_db=6,paired held-out symbol/carrier/noise seed,reference,20260727T150423Z_modulation_recognition_blind_carrier__oracle_likelihood_snr6_seed71001,modulation_recognition.frame_count,1536
oracle_likelihood_snr6_seed71001,oracle_likelihood_snr6_seed71001,Oracle-synchronized likelihood reference · 6 dB · seed 71001,oracle_likelihood,Oracle-synchronized likelihood,oracle_likelihood,71001,snr_db=6,paired held-out symbol/carrier/noise seed,reference,20260727T150423Z_modulation_recognition_blind_carrier__oracle_likelihood_snr6_seed71001,modulation_recognition.macro_f1,0.998698
oracle_likelihood_snr6_seed71001,oracle_likelihood_snr6_seed71001,Oracle-synchronized likelihood reference · 6 dB · seed 71001,oracle_likelihood,Oracle-synchronized likelihood,oracle_likelihood,71001,snr_db=6,paired held-out symbol/carrier/noise seed,reference,20260727T150423Z_modulation_recognition_blind_carrier__oracle_likelihood_snr6_seed71001,modulation_recognition.predicted_frame_count,1536
oracle_likelihood_snr6_seed71001,oracle_likelihood_snr6_seed71001,Oracle-synchronized likelihood reference · 6 dB · seed 71001,oracle_likelihood,Oracle-synchronized likelihood,oracle_likelihood,71001,snr_db=6,paired held-out symbol/carrier/noise seed,reference,20260727T150423Z_modulation_recognition_blind_carrier__oracle_likelihood_snr6_seed71001,modulation_recognition.symbols_per_frame,128
oracle_likelihood_snr6_seed71001,oracle_likelihood_snr6_seed71001,Oracle-synchronized likelihood reference · 6 dB · seed 71001,oracle_likelihood,Oracle-synchronized likelihood,oracle_likelihood,71001,snr_db=6,paired held-out symbol/carrier/noise seed,reference,20260727T150423Z_modulation_recognition_blind_carrier__oracle_likelihood_snr6_seed71001,steps.data.modulation_recognition.frame_count,1536
oracle_likelihood_snr6_seed71001,oracle_likelihood_snr6_seed71001,Oracle-synchronized likelihood reference · 6 dB · seed 71001,oracle_likelihood,Oracle-synchronized likelihood,oracle_likelihood,71001,snr_db=6,paired held-out symbol/carrier/noise seed,reference,20260727T150423Z_modulation_recognition_blind_carrier__oracle_likelihood_snr6_seed71001,steps.data.modulation_recognition.symbols_per_frame,128
oracle_likelihood_snr6_seed71001,oracle_likelihood_snr6_seed71001,Oracle-synchronized likelihood reference · 6 dB · seed 71001,oracle_likelihood,Oracle-synchronized likelihood,oracle_likelihood,71001,snr_db=6,paired held-out symbol/carrier/noise seed,reference,20260727T150423Z_modulation_recognition_blind_carrier__oracle_likelihood_snr6_seed71001,steps.data.timing.step.wall_time_s,0.066453
oracle_likelihood_snr6_seed71001,oracle_likelihood_snr6_seed71001,Oracle-synchronized likelihood reference · 6 dB · seed 71001,oracle_likelihood,Oracle-synchronized likelihood,oracle_likelihood,71001,snr_db=6,paired held-out symbol/carrier/noise seed,reference,20260727T150423Z_modulation_recognition_blind_carrier__oracle_likelihood_snr6_seed71001,steps.evaluation.channel.snr_db,6
oracle_likelihood_snr6_seed71001,oracle_likelihood_snr6_seed71001,Oracle-synchronized likelihood reference · 6 dB · seed 71001,oracle_likelihood,Oracle-synchronized likelihood,oracle_likelihood,71001,snr_db=6,paired held-out symbol/carrier/noise seed,reference,20260727T150423Z_modulation_recognition_blind_carrier__oracle_likelihood_snr6_seed71001,steps.evaluation.classification.balanced_accuracy,0.998698
oracle_likelihood_snr6_seed71001,oracle_likelihood_snr6_seed71001,Oracle-synchronized likelihood reference · 6 dB · seed 71001,oracle_likelihood,Oracle-synchronized likelihood,oracle_likelihood,71001,snr_db=6,paired held-out symbol/carrier/noise seed,reference,20260727T150423Z_modulation_recognition_blind_carrier__oracle_likelihood_snr6_seed71001,steps.evaluation.modulation_recognition.accuracy,0.998698
oracle_likelihood_snr6_seed71001,oracle_likelihood_snr6_seed71001,Oracle-synchronized likelihood reference · 6 dB · seed 71001,oracle_likelihood,Oracle-synchronized likelihood,oracle_likelihood,71001,snr_db=6,paired held-out symbol/carrier/noise seed,reference,20260727T150423Z_modulation_recognition_blind_carrier__oracle_likelihood_snr6_seed71001,steps.evaluation.modulation_recognition.balanced_accuracy,0.998698
oracle_likelihood_snr6_seed71001,oracle_likelihood_snr6_seed71001,Oracle-synchronized likelihood reference · 6 dB · seed 71001,oracle_likelihood,Oracle-synchronized likelihood,oracle_likelihood,71001,snr_db=6,paired held-out symbol/carrier/noise seed,reference,20260727T150423Z_modulation_recognition_blind_carrier__oracle_likelihood_snr6_seed71001,steps.evaluation.modulation_recognition.macro_f1,0.998698
oracle_likelihood_snr6_seed71001,oracle_likelihood_snr6_seed71001,Oracle-synchronized likelihood reference · 6 dB · seed 71001,oracle_likelihood,Oracle-synchronized likelihood,oracle_likelihood,71001,snr_db=6,paired held-out symbol/carrier/noise seed,reference,20260727T150423Z_modulation_recognition_blind_carrier__oracle_likelihood_snr6_seed71001,steps.evaluation.task.accuracy,0.998698
oracle_likelihood_snr6_seed71001,oracle_likelihood_snr6_seed71001,Oracle-synchronized likelihood reference · 6 dB · seed 71001,oracle_likelihood,Oracle-synchronized likelihood,oracle_likelihood,71001,snr_db=6,paired held-out symbol/carrier/noise seed,reference,20260727T150423Z_modulation_recognition_blind_carrier__oracle_likelihood_snr6_seed71001,steps.evaluation.task.score,0.998698
oracle_likelihood_snr6_seed71001,oracle_likelihood_snr6_seed71001,Oracle-synchronized likelihood reference · 6 dB · seed 71001,oracle_likelihood,Oracle-synchronized likelihood,oracle_likelihood,71001,snr_db=6,paired held-out symbol/carrier/noise seed,reference,20260727T150423Z_modulation_recognition_blind_carrier__oracle_likelihood_snr6_seed71001,steps.evaluation.timing.step.wall_time_s,0.007033
oracle_likelihood_snr6_seed71001,oracle_likelihood_snr6_seed71001,Oracle-synchronized likelihood reference · 6 dB · seed 71001,oracle_likelihood,Oracle-synchronized likelihood,oracle_likelihood,71001,snr_db=6,paired held-out symbol/carrier/noise seed,reference,20260727T150423Z_modulation_recognition_blind_carrier__oracle_likelihood_snr6_seed71001,steps.observation.channel.carrier.cfo_abs_mean_cycles_per_symbol,0.002954
oracle_likelihood_snr6_seed71001,oracle_likelihood_snr6_seed71001,Oracle-synchronized likelihood reference · 6 dB · seed 71001,oracle_likelihood,Oracle-synchronized likelihood,oracle_likelihood,71001,snr_db=6,paired held-out symbol/carrier/noise seed,reference,20260727T150423Z_modulation_recognition_blind_carrier__oracle_likelihood_snr6_seed71001,steps.observation.channel.carrier.initial_phase_abs_mean_rad,1.552568
oracle_likelihood_snr6_seed71001,oracle_likelihood_snr6_seed71001,Oracle-synchronized likelihood reference · 6 dB · seed 71001,oracle_likelihood,Oracle-synchronized likelihood,oracle_likelihood,71001,snr_db=6,paired held-out symbol/carrier/noise seed,reference,20260727T150423Z_modulation_recognition_blind_carrier__oracle_likelihood_snr6_seed71001,steps.observation.channel.snr_db,6
oracle_likelihood_snr6_seed71001,oracle_likelihood_snr6_seed71001,Oracle-synchronized likelihood reference · 6 dB · seed 71001,oracle_likelihood,Oracle-synchronized likelihood,oracle_likelihood,71001,snr_db=6,paired held-out symbol/carrier/noise seed,reference,20260727T150423Z_modulation_recognition_blind_carrier__oracle_likelihood_snr6_seed71001,steps.observation.channel.snr_db_max,6
oracle_likelihood_snr6_seed71001,oracle_likelihood_snr6_seed71001,Oracle-synchronized likelihood reference · 6 dB · seed 71001,oracle_likelihood,Oracle-synchronized likelihood,oracle_likelihood,71001,snr_db=6,paired held-out symbol/carrier/noise seed,reference,20260727T150423Z_modulation_recognition_blind_carrier__oracle_likelihood_snr6_seed71001,steps.observation.channel.snr_db_min,6
oracle_likelihood_snr6_seed71001,oracle_likelihood_snr6_seed71001,Oracle-synchronized likelihood reference · 6 dB · seed 71001,oracle_likelihood,Oracle-synchronized likelihood,oracle_likelihood,71001,snr_db=6,paired held-out symbol/carrier/noise seed,reference,20260727T150423Z_modulation_recognition_blind_carrier__oracle_likelihood_snr6_seed71001,steps.observation.modulation_recognition.frame_count,1536
oracle_likelihood_snr6_seed71001,oracle_likelihood_snr6_seed71001,Oracle-synchronized likelihood reference · 6 dB · seed 71001,oracle_likelihood,Oracle-synchronized likelihood,oracle_likelihood,71001,snr_db=6,paired held-out symbol/carrier/noise seed,reference,20260727T150423Z_modulation_recognition_blind_carrier__oracle_likelihood_snr6_seed71001,steps.observation.timing.step.wall_time_s,0.099535
oracle_likelihood_snr6_seed71001,oracle_likelihood_snr6_seed71001,Oracle-synchronized likelihood reference · 6 dB · seed 71001,oracle_likelihood,Oracle-synchronized likelihood,oracle_likelihood,71001,snr_db=6,paired held-out symbol/carrier/noise seed,reference,20260727T150423Z_modulation_recognition_blind_carrier__oracle_likelihood_snr6_seed71001,steps.receiver.modulation_recognition.predicted_frame_count,1536
oracle_likelihood_snr6_seed71001,oracle_likelihood_snr6_seed71001,Oracle-synchronized likelihood reference · 6 dB · seed 71001,oracle_likelihood,Oracle-synchronized likelihood,oracle_likelihood,71001,snr_db=6,paired held-out symbol/carrier/noise seed,reference,20260727T150423Z_modulation_recognition_blind_carrier__oracle_likelihood_snr6_seed71001,steps.receiver.timing.step.wall_time_s,0.262487
oracle_likelihood_snr6_seed71001,oracle_likelihood_snr6_seed71001,Oracle-synchronized likelihood reference · 6 dB · seed 71001,oracle_likelihood,Oracle-synchronized likelihood,oracle_likelihood,71001,snr_db=6,paired held-out symbol/carrier/noise seed,reference,20260727T150423Z_modulation_recognition_blind_carrier__oracle_likelihood_snr6_seed71001,task.accuracy,0.998698
oracle_likelihood_snr6_seed71001,oracle_likelihood_snr6_seed71001,Oracle-synchronized likelihood reference · 6 dB · seed 71001,oracle_likelihood,Oracle-synchronized likelihood,oracle_likelihood,71001,snr_db=6,paired held-out symbol/carrier/noise seed,reference,20260727T150423Z_modulation_recognition_blind_carrier__oracle_likelihood_snr6_seed71001,task.score,0.998698
oracle_likelihood_snr6_seed72001,oracle_likelihood_snr6_seed72001,Oracle-synchronized likelihood reference · 6 dB · seed 72001,oracle_likelihood,Oracle-synchronized likelihood,oracle_likelihood,72001,snr_db=6,paired held-out symbol/carrier/noise seed,reference,20260727T150430Z_modulation_recognition_blind_carrier__oracle_likelihood_snr6_seed72001,channel.carrier.cfo_abs_mean_cycles_per_symbol,0.002995
oracle_likelihood_snr6_seed72001,oracle_likelihood_snr6_seed72001,Oracle-synchronized likelihood reference · 6 dB · seed 72001,oracle_likelihood,Oracle-synchronized likelihood,oracle_likelihood,72001,snr_db=6,paired held-out symbol/carrier/noise seed,reference,20260727T150430Z_modulation_recognition_blind_carrier__oracle_likelihood_snr6_seed72001,channel.carrier.initial_phase_abs_mean_rad,1.588569
oracle_likelihood_snr6_seed72001,oracle_likelihood_snr6_seed72001,Oracle-synchronized likelihood reference · 6 dB · seed 72001,oracle_likelihood,Oracle-synchronized likelihood,oracle_likelihood,72001,snr_db=6,paired held-out symbol/carrier/noise seed,reference,20260727T150430Z_modulation_recognition_blind_carrier__oracle_likelihood_snr6_seed72001,channel.snr_db,6
oracle_likelihood_snr6_seed72001,oracle_likelihood_snr6_seed72001,Oracle-synchronized likelihood reference · 6 dB · seed 72001,oracle_likelihood,Oracle-synchronized likelihood,oracle_likelihood,72001,snr_db=6,paired held-out symbol/carrier/noise seed,reference,20260727T150430Z_modulation_recognition_blind_carrier__oracle_likelihood_snr6_seed72001,channel.snr_db_max,6
oracle_likelihood_snr6_seed72001,oracle_likelihood_snr6_seed72001,Oracle-synchronized likelihood reference · 6 dB · seed 72001,oracle_likelihood,Oracle-synchronized likelihood,oracle_likelihood,72001,snr_db=6,paired held-out symbol/carrier/noise seed,reference,20260727T150430Z_modulation_recognition_blind_carrier__oracle_likelihood_snr6_seed72001,channel.snr_db_min,6
oracle_likelihood_snr6_seed72001,oracle_likelihood_snr6_seed72001,Oracle-synchronized likelihood reference · 6 dB · seed 72001,oracle_likelihood,Oracle-synchronized likelihood,oracle_likelihood,72001,snr_db=6,paired held-out symbol/carrier/noise seed,reference,20260727T150430Z_modulation_recognition_blind_carrier__oracle_likelihood_snr6_seed72001,classification.balanced_accuracy,1
oracle_likelihood_snr6_seed72001,oracle_likelihood_snr6_seed72001,Oracle-synchronized likelihood reference · 6 dB · seed 72001,oracle_likelihood,Oracle-synchronized likelihood,oracle_likelihood,72001,snr_db=6,paired held-out symbol/carrier/noise seed,reference,20260727T150430Z_modulation_recognition_blind_carrier__oracle_likelihood_snr6_seed72001,memory.run.end_rss_bytes,771964928
oracle_likelihood_snr6_seed72001,oracle_likelihood_snr6_seed72001,Oracle-synchronized likelihood reference · 6 dB · seed 72001,oracle_likelihood,Oracle-synchronized likelihood,oracle_likelihood,72001,snr_db=6,paired held-out symbol/carrier/noise seed,reference,20260727T150430Z_modulation_recognition_blind_carrier__oracle_likelihood_snr6_seed72001,memory.run.peak_rss_bytes,863928320
oracle_likelihood_snr6_seed72001,oracle_likelihood_snr6_seed72001,Oracle-synchronized likelihood reference · 6 dB · seed 72001,oracle_likelihood,Oracle-synchronized likelihood,oracle_likelihood,72001,snr_db=6,paired held-out symbol/carrier/noise seed,reference,20260727T150430Z_modulation_recognition_blind_carrier__oracle_likelihood_snr6_seed72001,memory.run.peak_rss_delta_bytes,84156416
oracle_likelihood_snr6_seed72001,oracle_likelihood_snr6_seed72001,Oracle-synchronized likelihood reference · 6 dB · seed 72001,oracle_likelihood,Oracle-synchronized likelihood,oracle_likelihood,72001,snr_db=6,paired held-out symbol/carrier/noise seed,reference,20260727T150430Z_modulation_recognition_blind_carrier__oracle_likelihood_snr6_seed72001,memory.run.sampler_interval_s,0.05
oracle_likelihood_snr6_seed72001,oracle_likelihood_snr6_seed72001,Oracle-synchronized likelihood reference · 6 dB · seed 72001,oracle_likelihood,Oracle-synchronized likelihood,oracle_likelihood,72001,snr_db=6,paired held-out symbol/carrier/noise seed,reference,20260727T150430Z_modulation_recognition_blind_carrier__oracle_likelihood_snr6_seed72001,memory.run.start_rss_bytes,779771904
oracle_likelihood_snr6_seed72001,oracle_likelihood_snr6_seed72001,Oracle-synchronized likelihood reference · 6 dB · seed 72001,oracle_likelihood,Oracle-synchronized likelihood,oracle_likelihood,72001,snr_db=6,paired held-out symbol/carrier/noise seed,reference,20260727T150430Z_modulation_recognition_blind_carrier__oracle_likelihood_snr6_seed72001,modulation_recognition.accuracy,1
oracle_likelihood_snr6_seed72001,oracle_likelihood_snr6_seed72001,Oracle-synchronized likelihood reference · 6 dB · seed 72001,oracle_likelihood,Oracle-synchronized likelihood,oracle_likelihood,72001,snr_db=6,paired held-out symbol/carrier/noise seed,reference,20260727T150430Z_modulation_recognition_blind_carrier__oracle_likelihood_snr6_seed72001,modulation_recognition.balanced_accuracy,1
oracle_likelihood_snr6_seed72001,oracle_likelihood_snr6_seed72001,Oracle-synchronized likelihood reference · 6 dB · seed 72001,oracle_likelihood,Oracle-synchronized likelihood,oracle_likelihood,72001,snr_db=6,paired held-out symbol/carrier/noise seed,reference,20260727T150430Z_modulation_recognition_blind_carrier__oracle_likelihood_snr6_seed72001,modulation_recognition.frame_count,1536
oracle_likelihood_snr6_seed72001,oracle_likelihood_snr6_seed72001,Oracle-synchronized likelihood reference · 6 dB · seed 72001,oracle_likelihood,Oracle-synchronized likelihood,oracle_likelihood,72001,snr_db=6,paired held-out symbol/carrier/noise seed,reference,20260727T150430Z_modulation_recognition_blind_carrier__oracle_likelihood_snr6_seed72001,modulation_recognition.macro_f1,1
oracle_likelihood_snr6_seed72001,oracle_likelihood_snr6_seed72001,Oracle-synchronized likelihood reference · 6 dB · seed 72001,oracle_likelihood,Oracle-synchronized likelihood,oracle_likelihood,72001,snr_db=6,paired held-out symbol/carrier/noise seed,reference,20260727T150430Z_modulation_recognition_blind_carrier__oracle_likelihood_snr6_seed72001,modulation_recognition.predicted_frame_count,1536
oracle_likelihood_snr6_seed72001,oracle_likelihood_snr6_seed72001,Oracle-synchronized likelihood reference · 6 dB · seed 72001,oracle_likelihood,Oracle-synchronized likelihood,oracle_likelihood,72001,snr_db=6,paired held-out symbol/carrier/noise seed,reference,20260727T150430Z_modulation_recognition_blind_carrier__oracle_likelihood_snr6_seed72001,modulation_recognition.symbols_per_frame,128
oracle_likelihood_snr6_seed72001,oracle_likelihood_snr6_seed72001,Oracle-synchronized likelihood reference · 6 dB · seed 72001,oracle_likelihood,Oracle-synchronized likelihood,oracle_likelihood,72001,snr_db=6,paired held-out symbol/carrier/noise seed,reference,20260727T150430Z_modulation_recognition_blind_carrier__oracle_likelihood_snr6_seed72001,steps.data.modulation_recognition.frame_count,1536
oracle_likelihood_snr6_seed72001,oracle_likelihood_snr6_seed72001,Oracle-synchronized likelihood reference · 6 dB · seed 72001,oracle_likelihood,Oracle-synchronized likelihood,oracle_likelihood,72001,snr_db=6,paired held-out symbol/carrier/noise seed,reference,20260727T150430Z_modulation_recognition_blind_carrier__oracle_likelihood_snr6_seed72001,steps.data.modulation_recognition.symbols_per_frame,128
oracle_likelihood_snr6_seed72001,oracle_likelihood_snr6_seed72001,Oracle-synchronized likelihood reference · 6 dB · seed 72001,oracle_likelihood,Oracle-synchronized likelihood,oracle_likelihood,72001,snr_db=6,paired held-out symbol/carrier/noise seed,reference,20260727T150430Z_modulation_recognition_blind_carrier__oracle_likelihood_snr6_seed72001,steps.data.timing.step.wall_time_s,0.065728
oracle_likelihood_snr6_seed72001,oracle_likelihood_snr6_seed72001,Oracle-synchronized likelihood reference · 6 dB · seed 72001,oracle_likelihood,Oracle-synchronized likelihood,oracle_likelihood,72001,snr_db=6,paired held-out symbol/carrier/noise seed,reference,20260727T150430Z_modulation_recognition_blind_carrier__oracle_likelihood_snr6_seed72001,steps.evaluation.channel.snr_db,6
oracle_likelihood_snr6_seed72001,oracle_likelihood_snr6_seed72001,Oracle-synchronized likelihood reference · 6 dB · seed 72001,oracle_likelihood,Oracle-synchronized likelihood,oracle_likelihood,72001,snr_db=6,paired held-out symbol/carrier/noise seed,reference,20260727T150430Z_modulation_recognition_blind_carrier__oracle_likelihood_snr6_seed72001,steps.evaluation.classification.balanced_accuracy,1
oracle_likelihood_snr6_seed72001,oracle_likelihood_snr6_seed72001,Oracle-synchronized likelihood reference · 6 dB · seed 72001,oracle_likelihood,Oracle-synchronized likelihood,oracle_likelihood,72001,snr_db=6,paired held-out symbol/carrier/noise seed,reference,20260727T150430Z_modulation_recognition_blind_carrier__oracle_likelihood_snr6_seed72001,steps.evaluation.modulation_recognition.accuracy,1
oracle_likelihood_snr6_seed72001,oracle_likelihood_snr6_seed72001,Oracle-synchronized likelihood reference · 6 dB · seed 72001,oracle_likelihood,Oracle-synchronized likelihood,oracle_likelihood,72001,snr_db=6,paired held-out symbol/carrier/noise seed,reference,20260727T150430Z_modulation_recognition_blind_carrier__oracle_likelihood_snr6_seed72001,steps.evaluation.modulation_recognition.balanced_accuracy,1
oracle_likelihood_snr6_seed72001,oracle_likelihood_snr6_seed72001,Oracle-synchronized likelihood reference · 6 dB · seed 72001,oracle_likelihood,Oracle-synchronized likelihood,oracle_likelihood,72001,snr_db=6,paired held-out symbol/carrier/noise seed,reference,20260727T150430Z_modulation_recognition_blind_carrier__oracle_likelihood_snr6_seed72001,steps.evaluation.modulation_recognition.macro_f1,1
oracle_likelihood_snr6_seed72001,oracle_likelihood_snr6_seed72001,Oracle-synchronized likelihood reference · 6 dB · seed 72001,oracle_likelihood,Oracle-synchronized likelihood,oracle_likelihood,72001,snr_db=6,paired held-out symbol/carrier/noise seed,reference,20260727T150430Z_modulation_recognition_blind_carrier__oracle_likelihood_snr6_seed72001,steps.evaluation.task.accuracy,1
oracle_likelihood_snr6_seed72001,oracle_likelihood_snr6_seed72001,Oracle-synchronized likelihood reference · 6 dB · seed 72001,oracle_likelihood,Oracle-synchronized likelihood,oracle_likelihood,72001,snr_db=6,paired held-out symbol/carrier/noise seed,reference,20260727T150430Z_modulation_recognition_blind_carrier__oracle_likelihood_snr6_seed72001,steps.evaluation.task.score,1
oracle_likelihood_snr6_seed72001,oracle_likelihood_snr6_seed72001,Oracle-synchronized likelihood reference · 6 dB · seed 72001,oracle_likelihood,Oracle-synchronized likelihood,oracle_likelihood,72001,snr_db=6,paired held-out symbol/carrier/noise seed,reference,20260727T150430Z_modulation_recognition_blind_carrier__oracle_likelihood_snr6_seed72001,steps.evaluation.timing.step.wall_time_s,0.00708
oracle_likelihood_snr6_seed72001,oracle_likelihood_snr6_seed72001,Oracle-synchronized likelihood reference · 6 dB · seed 72001,oracle_likelihood,Oracle-synchronized likelihood,oracle_likelihood,72001,snr_db=6,paired held-out symbol/carrier/noise seed,reference,20260727T150430Z_modulation_recognition_blind_carrier__oracle_likelihood_snr6_seed72001,steps.observation.channel.carrier.cfo_abs_mean_cycles_per_symbol,0.002995
oracle_likelihood_snr6_seed72001,oracle_likelihood_snr6_seed72001,Oracle-synchronized likelihood reference · 6 dB · seed 72001,oracle_likelihood,Oracle-synchronized likelihood,oracle_likelihood,72001,snr_db=6,paired held-out symbol/carrier/noise seed,reference,20260727T150430Z_modulation_recognition_blind_carrier__oracle_likelihood_snr6_seed72001,steps.observation.channel.carrier.initial_phase_abs_mean_rad,1.588569
oracle_likelihood_snr6_seed72001,oracle_likelihood_snr6_seed72001,Oracle-synchronized likelihood reference · 6 dB · seed 72001,oracle_likelihood,Oracle-synchronized likelihood,oracle_likelihood,72001,snr_db=6,paired held-out symbol/carrier/noise seed,reference,20260727T150430Z_modulation_recognition_blind_carrier__oracle_likelihood_snr6_seed72001,steps.observation.channel.snr_db,6
oracle_likelihood_snr6_seed72001,oracle_likelihood_snr6_seed72001,Oracle-synchronized likelihood reference · 6 dB · seed 72001,oracle_likelihood,Oracle-synchronized likelihood,oracle_likelihood,72001,snr_db=6,paired held-out symbol/carrier/noise seed,reference,20260727T150430Z_modulation_recognition_blind_carrier__oracle_likelihood_snr6_seed72001,steps.observation.channel.snr_db_max,6
oracle_likelihood_snr6_seed72001,oracle_likelihood_snr6_seed72001,Oracle-synchronized likelihood reference · 6 dB · seed 72001,oracle_likelihood,Oracle-synchronized likelihood,oracle_likelihood,72001,snr_db=6,paired held-out symbol/carrier/noise seed,reference,20260727T150430Z_modulation_recognition_blind_carrier__oracle_likelihood_snr6_seed72001,steps.observation.channel.snr_db_min,6
oracle_likelihood_snr6_seed72001,oracle_likelihood_snr6_seed72001,Oracle-synchronized likelihood reference · 6 dB · seed 72001,oracle_likelihood,Oracle-synchronized likelihood,oracle_likelihood,72001,snr_db=6,paired held-out symbol/carrier/noise seed,reference,20260727T150430Z_modulation_recognition_blind_carrier__oracle_likelihood_snr6_seed72001,steps.observation.modulation_recognition.frame_count,1536
oracle_likelihood_snr6_seed72001,oracle_likelihood_snr6_seed72001,Oracle-synchronized likelihood reference · 6 dB · seed 72001,oracle_likelihood,Oracle-synchronized likelihood,oracle_likelihood,72001,snr_db=6,paired held-out symbol/carrier/noise seed,reference,20260727T150430Z_modulation_recognition_blind_carrier__oracle_likelihood_snr6_seed72001,steps.observation.timing.step.wall_time_s,0.098813
oracle_likelihood_snr6_seed72001,oracle_likelihood_snr6_seed72001,Oracle-synchronized likelihood reference · 6 dB · seed 72001,oracle_likelihood,Oracle-synchronized likelihood,oracle_likelihood,72001,snr_db=6,paired held-out symbol/carrier/noise seed,reference,20260727T150430Z_modulation_recognition_blind_carrier__oracle_likelihood_snr6_seed72001,steps.receiver.modulation_recognition.predicted_frame_count,1536
oracle_likelihood_snr6_seed72001,oracle_likelihood_snr6_seed72001,Oracle-synchronized likelihood reference · 6 dB · seed 72001,oracle_likelihood,Oracle-synchronized likelihood,oracle_likelihood,72001,snr_db=6,paired held-out symbol/carrier/noise seed,reference,20260727T150430Z_modulation_recognition_blind_carrier__oracle_likelihood_snr6_seed72001,steps.receiver.timing.step.wall_time_s,0.260291
oracle_likelihood_snr6_seed72001,oracle_likelihood_snr6_seed72001,Oracle-synchronized likelihood reference · 6 dB · seed 72001,oracle_likelihood,Oracle-synchronized likelihood,oracle_likelihood,72001,snr_db=6,paired held-out symbol/carrier/noise seed,reference,20260727T150430Z_modulation_recognition_blind_carrier__oracle_likelihood_snr6_seed72001,task.accuracy,1
oracle_likelihood_snr6_seed72001,oracle_likelihood_snr6_seed72001,Oracle-synchronized likelihood reference · 6 dB · seed 72001,oracle_likelihood,Oracle-synchronized likelihood,oracle_likelihood,72001,snr_db=6,paired held-out symbol/carrier/noise seed,reference,20260727T150430Z_modulation_recognition_blind_carrier__oracle_likelihood_snr6_seed72001,task.score,1
oracle_likelihood_snr6_seed73001,oracle_likelihood_snr6_seed73001,Oracle-synchronized likelihood reference · 6 dB · seed 73001,oracle_likelihood,Oracle-synchronized likelihood,oracle_likelihood,73001,snr_db=6,paired held-out symbol/carrier/noise seed,reference,20260727T150437Z_modulation_recognition_blind_carrier__oracle_likelihood_snr6_seed73001,channel.carrier.cfo_abs_mean_cycles_per_symbol,0.003047
oracle_likelihood_snr6_seed73001,oracle_likelihood_snr6_seed73001,Oracle-synchronized likelihood reference · 6 dB · seed 73001,oracle_likelihood,Oracle-synchronized likelihood,oracle_likelihood,73001,snr_db=6,paired held-out symbol/carrier/noise seed,reference,20260727T150437Z_modulation_recognition_blind_carrier__oracle_likelihood_snr6_seed73001,channel.carrier.initial_phase_abs_mean_rad,1.55227
oracle_likelihood_snr6_seed73001,oracle_likelihood_snr6_seed73001,Oracle-synchronized likelihood reference · 6 dB · seed 73001,oracle_likelihood,Oracle-synchronized likelihood,oracle_likelihood,73001,snr_db=6,paired held-out symbol/carrier/noise seed,reference,20260727T150437Z_modulation_recognition_blind_carrier__oracle_likelihood_snr6_seed73001,channel.snr_db,6
oracle_likelihood_snr6_seed73001,oracle_likelihood_snr6_seed73001,Oracle-synchronized likelihood reference · 6 dB · seed 73001,oracle_likelihood,Oracle-synchronized likelihood,oracle_likelihood,73001,snr_db=6,paired held-out symbol/carrier/noise seed,reference,20260727T150437Z_modulation_recognition_blind_carrier__oracle_likelihood_snr6_seed73001,channel.snr_db_max,6
oracle_likelihood_snr6_seed73001,oracle_likelihood_snr6_seed73001,Oracle-synchronized likelihood reference · 6 dB · seed 73001,oracle_likelihood,Oracle-synchronized likelihood,oracle_likelihood,73001,snr_db=6,paired held-out symbol/carrier/noise seed,reference,20260727T150437Z_modulation_recognition_blind_carrier__oracle_likelihood_snr6_seed73001,channel.snr_db_min,6
oracle_likelihood_snr6_seed73001,oracle_likelihood_snr6_seed73001,Oracle-synchronized likelihood reference · 6 dB · seed 73001,oracle_likelihood,Oracle-synchronized likelihood,oracle_likelihood,73001,snr_db=6,paired held-out symbol/carrier/noise seed,reference,20260727T150437Z_modulation_recognition_blind_carrier__oracle_likelihood_snr6_seed73001,classification.balanced_accuracy,1
oracle_likelihood_snr6_seed73001,oracle_likelihood_snr6_seed73001,Oracle-synchronized likelihood reference · 6 dB · seed 73001,oracle_likelihood,Oracle-synchronized likelihood,oracle_likelihood,73001,snr_db=6,paired held-out symbol/carrier/noise seed,reference,20260727T150437Z_modulation_recognition_blind_carrier__oracle_likelihood_snr6_seed73001,memory.run.end_rss_bytes,777224192
oracle_likelihood_snr6_seed73001,oracle_likelihood_snr6_seed73001,Oracle-synchronized likelihood reference · 6 dB · seed 73001,oracle_likelihood,Oracle-synchronized likelihood,oracle_likelihood,73001,snr_db=6,paired held-out symbol/carrier/noise seed,reference,20260727T150437Z_modulation_recognition_blind_carrier__oracle_likelihood_snr6_seed73001,memory.run.peak_rss_bytes,880201728
oracle_likelihood_snr6_seed73001,oracle_likelihood_snr6_seed73001,Oracle-synchronized likelihood reference · 6 dB · seed 73001,oracle_likelihood,Oracle-synchronized likelihood,oracle_likelihood,73001,snr_db=6,paired held-out symbol/carrier/noise seed,reference,20260727T150437Z_modulation_recognition_blind_carrier__oracle_likelihood_snr6_seed73001,memory.run.peak_rss_delta_bytes,93597696
oracle_likelihood_snr6_seed73001,oracle_likelihood_snr6_seed73001,Oracle-synchronized likelihood reference · 6 dB · seed 73001,oracle_likelihood,Oracle-synchronized likelihood,oracle_likelihood,73001,snr_db=6,paired held-out symbol/carrier/noise seed,reference,20260727T150437Z_modulation_recognition_blind_carrier__oracle_likelihood_snr6_seed73001,memory.run.sampler_interval_s,0.05
oracle_likelihood_snr6_seed73001,oracle_likelihood_snr6_seed73001,Oracle-synchronized likelihood reference · 6 dB · seed 73001,oracle_likelihood,Oracle-synchronized likelihood,oracle_likelihood,73001,snr_db=6,paired held-out symbol/carrier/noise seed,reference,20260727T150437Z_modulation_recognition_blind_carrier__oracle_likelihood_snr6_seed73001,memory.run.start_rss_bytes,786604032
oracle_likelihood_snr6_seed73001,oracle_likelihood_snr6_seed73001,Oracle-synchronized likelihood reference · 6 dB · seed 73001,oracle_likelihood,Oracle-synchronized likelihood,oracle_likelihood,73001,snr_db=6,paired held-out symbol/carrier/noise seed,reference,20260727T150437Z_modulation_recognition_blind_carrier__oracle_likelihood_snr6_seed73001,modulation_recognition.accuracy,1
oracle_likelihood_snr6_seed73001,oracle_likelihood_snr6_seed73001,Oracle-synchronized likelihood reference · 6 dB · seed 73001,oracle_likelihood,Oracle-synchronized likelihood,oracle_likelihood,73001,snr_db=6,paired held-out symbol/carrier/noise seed,reference,20260727T150437Z_modulation_recognition_blind_carrier__oracle_likelihood_snr6_seed73001,modulation_recognition.balanced_accuracy,1
oracle_likelihood_snr6_seed73001,oracle_likelihood_snr6_seed73001,Oracle-synchronized likelihood reference · 6 dB · seed 73001,oracle_likelihood,Oracle-synchronized likelihood,oracle_likelihood,73001,snr_db=6,paired held-out symbol/carrier/noise seed,reference,20260727T150437Z_modulation_recognition_blind_carrier__oracle_likelihood_snr6_seed73001,modulation_recognition.frame_count,1536
oracle_likelihood_snr6_seed73001,oracle_likelihood_snr6_seed73001,Oracle-synchronized likelihood reference · 6 dB · seed 73001,oracle_likelihood,Oracle-synchronized likelihood,oracle_likelihood,73001,snr_db=6,paired held-out symbol/carrier/noise seed,reference,20260727T150437Z_modulation_recognition_blind_carrier__oracle_likelihood_snr6_seed73001,modulation_recognition.macro_f1,1
oracle_likelihood_snr6_seed73001,oracle_likelihood_snr6_seed73001,Oracle-synchronized likelihood reference · 6 dB · seed 73001,oracle_likelihood,Oracle-synchronized likelihood,oracle_likelihood,73001,snr_db=6,paired held-out symbol/carrier/noise seed,reference,20260727T150437Z_modulation_recognition_blind_carrier__oracle_likelihood_snr6_seed73001,modulation_recognition.predicted_frame_count,1536
oracle_likelihood_snr6_seed73001,oracle_likelihood_snr6_seed73001,Oracle-synchronized likelihood reference · 6 dB · seed 73001,oracle_likelihood,Oracle-synchronized likelihood,oracle_likelihood,73001,snr_db=6,paired held-out symbol/carrier/noise seed,reference,20260727T150437Z_modulation_recognition_blind_carrier__oracle_likelihood_snr6_seed73001,modulation_recognition.symbols_per_frame,128
oracle_likelihood_snr6_seed73001,oracle_likelihood_snr6_seed73001,Oracle-synchronized likelihood reference · 6 dB · seed 73001,oracle_likelihood,Oracle-synchronized likelihood,oracle_likelihood,73001,snr_db=6,paired held-out symbol/carrier/noise seed,reference,20260727T150437Z_modulation_recognition_blind_carrier__oracle_likelihood_snr6_seed73001,steps.data.modulation_recognition.frame_count,1536
oracle_likelihood_snr6_seed73001,oracle_likelihood_snr6_seed73001,Oracle-synchronized likelihood reference · 6 dB · seed 73001,oracle_likelihood,Oracle-synchronized likelihood,oracle_likelihood,73001,snr_db=6,paired held-out symbol/carrier/noise seed,reference,20260727T150437Z_modulation_recognition_blind_carrier__oracle_likelihood_snr6_seed73001,steps.data.modulation_recognition.symbols_per_frame,128
oracle_likelihood_snr6_seed73001,oracle_likelihood_snr6_seed73001,Oracle-synchronized likelihood reference · 6 dB · seed 73001,oracle_likelihood,Oracle-synchronized likelihood,oracle_likelihood,73001,snr_db=6,paired held-out symbol/carrier/noise seed,reference,20260727T150437Z_modulation_recognition_blind_carrier__oracle_likelihood_snr6_seed73001,steps.data.timing.step.wall_time_s,0.064839
oracle_likelihood_snr6_seed73001,oracle_likelihood_snr6_seed73001,Oracle-synchronized likelihood reference · 6 dB · seed 73001,oracle_likelihood,Oracle-synchronized likelihood,oracle_likelihood,73001,snr_db=6,paired held-out symbol/carrier/noise seed,reference,20260727T150437Z_modulation_recognition_blind_carrier__oracle_likelihood_snr6_seed73001,steps.evaluation.channel.snr_db,6
oracle_likelihood_snr6_seed73001,oracle_likelihood_snr6_seed73001,Oracle-synchronized likelihood reference · 6 dB · seed 73001,oracle_likelihood,Oracle-synchronized likelihood,oracle_likelihood,73001,snr_db=6,paired held-out symbol/carrier/noise seed,reference,20260727T150437Z_modulation_recognition_blind_carrier__oracle_likelihood_snr6_seed73001,steps.evaluation.classification.balanced_accuracy,1
oracle_likelihood_snr6_seed73001,oracle_likelihood_snr6_seed73001,Oracle-synchronized likelihood reference · 6 dB · seed 73001,oracle_likelihood,Oracle-synchronized likelihood,oracle_likelihood,73001,snr_db=6,paired held-out symbol/carrier/noise seed,reference,20260727T150437Z_modulation_recognition_blind_carrier__oracle_likelihood_snr6_seed73001,steps.evaluation.modulation_recognition.accuracy,1
oracle_likelihood_snr6_seed73001,oracle_likelihood_snr6_seed73001,Oracle-synchronized likelihood reference · 6 dB · seed 73001,oracle_likelihood,Oracle-synchronized likelihood,oracle_likelihood,73001,snr_db=6,paired held-out symbol/carrier/noise seed,reference,20260727T150437Z_modulation_recognition_blind_carrier__oracle_likelihood_snr6_seed73001,steps.evaluation.modulation_recognition.balanced_accuracy,1
oracle_likelihood_snr6_seed73001,oracle_likelihood_snr6_seed73001,Oracle-synchronized likelihood reference · 6 dB · seed 73001,oracle_likelihood,Oracle-synchronized likelihood,oracle_likelihood,73001,snr_db=6,paired held-out symbol/carrier/noise seed,reference,20260727T150437Z_modulation_recognition_blind_carrier__oracle_likelihood_snr6_seed73001,steps.evaluation.modulation_recognition.macro_f1,1
oracle_likelihood_snr6_seed73001,oracle_likelihood_snr6_seed73001,Oracle-synchronized likelihood reference · 6 dB · seed 73001,oracle_likelihood,Oracle-synchronized likelihood,oracle_likelihood,73001,snr_db=6,paired held-out symbol/carrier/noise seed,reference,20260727T150437Z_modulation_recognition_blind_carrier__oracle_likelihood_snr6_seed73001,steps.evaluation.task.accuracy,1
oracle_likelihood_snr6_seed73001,oracle_likelihood_snr6_seed73001,Oracle-synchronized likelihood reference · 6 dB · seed 73001,oracle_likelihood,Oracle-synchronized likelihood,oracle_likelihood,73001,snr_db=6,paired held-out symbol/carrier/noise seed,reference,20260727T150437Z_modulation_recognition_blind_carrier__oracle_likelihood_snr6_seed73001,steps.evaluation.task.score,1
oracle_likelihood_snr6_seed73001,oracle_likelihood_snr6_seed73001,Oracle-synchronized likelihood reference · 6 dB · seed 73001,oracle_likelihood,Oracle-synchronized likelihood,oracle_likelihood,73001,snr_db=6,paired held-out symbol/carrier/noise seed,reference,20260727T150437Z_modulation_recognition_blind_carrier__oracle_likelihood_snr6_seed73001,steps.evaluation.timing.step.wall_time_s,0.006994
oracle_likelihood_snr6_seed73001,oracle_likelihood_snr6_seed73001,Oracle-synchronized likelihood reference · 6 dB · seed 73001,oracle_likelihood,Oracle-synchronized likelihood,oracle_likelihood,73001,snr_db=6,paired held-out symbol/carrier/noise seed,reference,20260727T150437Z_modulation_recognition_blind_carrier__oracle_likelihood_snr6_seed73001,steps.observation.channel.carrier.cfo_abs_mean_cycles_per_symbol,0.003047
oracle_likelihood_snr6_seed73001,oracle_likelihood_snr6_seed73001,Oracle-synchronized likelihood reference · 6 dB · seed 73001,oracle_likelihood,Oracle-synchronized likelihood,oracle_likelihood,73001,snr_db=6,paired held-out symbol/carrier/noise seed,reference,20260727T150437Z_modulation_recognition_blind_carrier__oracle_likelihood_snr6_seed73001,steps.observation.channel.carrier.initial_phase_abs_mean_rad,1.55227
oracle_likelihood_snr6_seed73001,oracle_likelihood_snr6_seed73001,Oracle-synchronized likelihood reference · 6 dB · seed 73001,oracle_likelihood,Oracle-synchronized likelihood,oracle_likelihood,73001,snr_db=6,paired held-out symbol/carrier/noise seed,reference,20260727T150437Z_modulation_recognition_blind_carrier__oracle_likelihood_snr6_seed73001,steps.observation.channel.snr_db,6
oracle_likelihood_snr6_seed73001,oracle_likelihood_snr6_seed73001,Oracle-synchronized likelihood reference · 6 dB · seed 73001,oracle_likelihood,Oracle-synchronized likelihood,oracle_likelihood,73001,snr_db=6,paired held-out symbol/carrier/noise seed,reference,20260727T150437Z_modulation_recognition_blind_carrier__oracle_likelihood_snr6_seed73001,steps.observation.channel.snr_db_max,6
oracle_likelihood_snr6_seed73001,oracle_likelihood_snr6_seed73001,Oracle-synchronized likelihood reference · 6 dB · seed 73001,oracle_likelihood,Oracle-synchronized likelihood,oracle_likelihood,73001,snr_db=6,paired held-out symbol/carrier/noise seed,reference,20260727T150437Z_modulation_recognition_blind_carrier__oracle_likelihood_snr6_seed73001,steps.observation.channel.snr_db_min,6
oracle_likelihood_snr6_seed73001,oracle_likelihood_snr6_seed73001,Oracle-synchronized likelihood reference · 6 dB · seed 73001,oracle_likelihood,Oracle-synchronized likelihood,oracle_likelihood,73001,snr_db=6,paired held-out symbol/carrier/noise seed,reference,20260727T150437Z_modulation_recognition_blind_carrier__oracle_likelihood_snr6_seed73001,steps.observation.modulation_recognition.frame_count,1536
oracle_likelihood_snr6_seed73001,oracle_likelihood_snr6_seed73001,Oracle-synchronized likelihood reference · 6 dB · seed 73001,oracle_likelihood,Oracle-synchronized likelihood,oracle_likelihood,73001,snr_db=6,paired held-out symbol/carrier/noise seed,reference,20260727T150437Z_modulation_recognition_blind_carrier__oracle_likelihood_snr6_seed73001,steps.observation.timing.step.wall_time_s,0.098859
oracle_likelihood_snr6_seed73001,oracle_likelihood_snr6_seed73001,Oracle-synchronized likelihood reference · 6 dB · seed 73001,oracle_likelihood,Oracle-synchronized likelihood,oracle_likelihood,73001,snr_db=6,paired held-out symbol/carrier/noise seed,reference,20260727T150437Z_modulation_recognition_blind_carrier__oracle_likelihood_snr6_seed73001,steps.receiver.modulation_recognition.predicted_frame_count,1536
oracle_likelihood_snr6_seed73001,oracle_likelihood_snr6_seed73001,Oracle-synchronized likelihood reference · 6 dB · seed 73001,oracle_likelihood,Oracle-synchronized likelihood,oracle_likelihood,73001,snr_db=6,paired held-out symbol/carrier/noise seed,reference,20260727T150437Z_modulation_recognition_blind_carrier__oracle_likelihood_snr6_seed73001,steps.receiver.timing.step.wall_time_s,0.265485
oracle_likelihood_snr6_seed73001,oracle_likelihood_snr6_seed73001,Oracle-synchronized likelihood reference · 6 dB · seed 73001,oracle_likelihood,Oracle-synchronized likelihood,oracle_likelihood,73001,snr_db=6,paired held-out symbol/carrier/noise seed,reference,20260727T150437Z_modulation_recognition_blind_carrier__oracle_likelihood_snr6_seed73001,task.accuracy,1
oracle_likelihood_snr6_seed73001,oracle_likelihood_snr6_seed73001,Oracle-synchronized likelihood reference · 6 dB · seed 73001,oracle_likelihood,Oracle-synchronized likelihood,oracle_likelihood,73001,snr_db=6,paired held-out symbol/carrier/noise seed,reference,20260727T150437Z_modulation_recognition_blind_carrier__oracle_likelihood_snr6_seed73001,task.score,1
oracle_likelihood_snr10_seed71001,oracle_likelihood_snr10_seed71001,Oracle-synchronized likelihood reference · 10 dB · seed 71001,oracle_likelihood,Oracle-synchronized likelihood,oracle_likelihood,71001,snr_db=10,paired held-out symbol/carrier/noise seed,reference,20260727T150444Z_modulation_recognition_blind_carrier__oracle_likelihood_snr10_seed71001,channel.carrier.cfo_abs_mean_cycles_per_symbol,0.002954
oracle_likelihood_snr10_seed71001,oracle_likelihood_snr10_seed71001,Oracle-synchronized likelihood reference · 10 dB · seed 71001,oracle_likelihood,Oracle-synchronized likelihood,oracle_likelihood,71001,snr_db=10,paired held-out symbol/carrier/noise seed,reference,20260727T150444Z_modulation_recognition_blind_carrier__oracle_likelihood_snr10_seed71001,channel.carrier.initial_phase_abs_mean_rad,1.552568
oracle_likelihood_snr10_seed71001,oracle_likelihood_snr10_seed71001,Oracle-synchronized likelihood reference · 10 dB · seed 71001,oracle_likelihood,Oracle-synchronized likelihood,oracle_likelihood,71001,snr_db=10,paired held-out symbol/carrier/noise seed,reference,20260727T150444Z_modulation_recognition_blind_carrier__oracle_likelihood_snr10_seed71001,channel.snr_db,10
oracle_likelihood_snr10_seed71001,oracle_likelihood_snr10_seed71001,Oracle-synchronized likelihood reference · 10 dB · seed 71001,oracle_likelihood,Oracle-synchronized likelihood,oracle_likelihood,71001,snr_db=10,paired held-out symbol/carrier/noise seed,reference,20260727T150444Z_modulation_recognition_blind_carrier__oracle_likelihood_snr10_seed71001,channel.snr_db_max,10
oracle_likelihood_snr10_seed71001,oracle_likelihood_snr10_seed71001,Oracle-synchronized likelihood reference · 10 dB · seed 71001,oracle_likelihood,Oracle-synchronized likelihood,oracle_likelihood,71001,snr_db=10,paired held-out symbol/carrier/noise seed,reference,20260727T150444Z_modulation_recognition_blind_carrier__oracle_likelihood_snr10_seed71001,channel.snr_db_min,10
oracle_likelihood_snr10_seed71001,oracle_likelihood_snr10_seed71001,Oracle-synchronized likelihood reference · 10 dB · seed 71001,oracle_likelihood,Oracle-synchronized likelihood,oracle_likelihood,71001,snr_db=10,paired held-out symbol/carrier/noise seed,reference,20260727T150444Z_modulation_recognition_blind_carrier__oracle_likelihood_snr10_seed71001,classification.balanced_accuracy,1
oracle_likelihood_snr10_seed71001,oracle_likelihood_snr10_seed71001,Oracle-synchronized likelihood reference · 10 dB · seed 71001,oracle_likelihood,Oracle-synchronized likelihood,oracle_likelihood,71001,snr_db=10,paired held-out symbol/carrier/noise seed,reference,20260727T150444Z_modulation_recognition_blind_carrier__oracle_likelihood_snr10_seed71001,memory.run.end_rss_bytes,783523840
oracle_likelihood_snr10_seed71001,oracle_likelihood_snr10_seed71001,Oracle-synchronized likelihood reference · 10 dB · seed 71001,oracle_likelihood,Oracle-synchronized likelihood,oracle_likelihood,71001,snr_db=10,paired held-out symbol/carrier/noise seed,reference,20260727T150444Z_modulation_recognition_blind_carrier__oracle_likelihood_snr10_seed71001,memory.run.peak_rss_bytes,866054144
oracle_likelihood_snr10_seed71001,oracle_likelihood_snr10_seed71001,Oracle-synchronized likelihood reference · 10 dB · seed 71001,oracle_likelihood,Oracle-synchronized likelihood,oracle_likelihood,71001,snr_db=10,paired held-out symbol/carrier/noise seed,reference,20260727T150444Z_modulation_recognition_blind_carrier__oracle_likelihood_snr10_seed71001,memory.run.peak_rss_delta_bytes,74792960
oracle_likelihood_snr10_seed71001,oracle_likelihood_snr10_seed71001,Oracle-synchronized likelihood reference · 10 dB · seed 71001,oracle_likelihood,Oracle-synchronized likelihood,oracle_likelihood,71001,snr_db=10,paired held-out symbol/carrier/noise seed,reference,20260727T150444Z_modulation_recognition_blind_carrier__oracle_likelihood_snr10_seed71001,memory.run.sampler_interval_s,0.05
oracle_likelihood_snr10_seed71001,oracle_likelihood_snr10_seed71001,Oracle-synchronized likelihood reference · 10 dB · seed 71001,oracle_likelihood,Oracle-synchronized likelihood,oracle_likelihood,71001,snr_db=10,paired held-out symbol/carrier/noise seed,reference,20260727T150444Z_modulation_recognition_blind_carrier__oracle_likelihood_snr10_seed71001,memory.run.start_rss_bytes,791261184
oracle_likelihood_snr10_seed71001,oracle_likelihood_snr10_seed71001,Oracle-synchronized likelihood reference · 10 dB · seed 71001,oracle_likelihood,Oracle-synchronized likelihood,oracle_likelihood,71001,snr_db=10,paired held-out symbol/carrier/noise seed,reference,20260727T150444Z_modulation_recognition_blind_carrier__oracle_likelihood_snr10_seed71001,modulation_recognition.accuracy,1
oracle_likelihood_snr10_seed71001,oracle_likelihood_snr10_seed71001,Oracle-synchronized likelihood reference · 10 dB · seed 71001,oracle_likelihood,Oracle-synchronized likelihood,oracle_likelihood,71001,snr_db=10,paired held-out symbol/carrier/noise seed,reference,20260727T150444Z_modulation_recognition_blind_carrier__oracle_likelihood_snr10_seed71001,modulation_recognition.balanced_accuracy,1
oracle_likelihood_snr10_seed71001,oracle_likelihood_snr10_seed71001,Oracle-synchronized likelihood reference · 10 dB · seed 71001,oracle_likelihood,Oracle-synchronized likelihood,oracle_likelihood,71001,snr_db=10,paired held-out symbol/carrier/noise seed,reference,20260727T150444Z_modulation_recognition_blind_carrier__oracle_likelihood_snr10_seed71001,modulation_recognition.frame_count,1536
oracle_likelihood_snr10_seed71001,oracle_likelihood_snr10_seed71001,Oracle-synchronized likelihood reference · 10 dB · seed 71001,oracle_likelihood,Oracle-synchronized likelihood,oracle_likelihood,71001,snr_db=10,paired held-out symbol/carrier/noise seed,reference,20260727T150444Z_modulation_recognition_blind_carrier__oracle_likelihood_snr10_seed71001,modulation_recognition.macro_f1,1
oracle_likelihood_snr10_seed71001,oracle_likelihood_snr10_seed71001,Oracle-synchronized likelihood reference · 10 dB · seed 71001,oracle_likelihood,Oracle-synchronized likelihood,oracle_likelihood,71001,snr_db=10,paired held-out symbol/carrier/noise seed,reference,20260727T150444Z_modulation_recognition_blind_carrier__oracle_likelihood_snr10_seed71001,modulation_recognition.predicted_frame_count,1536
oracle_likelihood_snr10_seed71001,oracle_likelihood_snr10_seed71001,Oracle-synchronized likelihood reference · 10 dB · seed 71001,oracle_likelihood,Oracle-synchronized likelihood,oracle_likelihood,71001,snr_db=10,paired held-out symbol/carrier/noise seed,reference,20260727T150444Z_modulation_recognition_blind_carrier__oracle_likelihood_snr10_seed71001,modulation_recognition.symbols_per_frame,128
oracle_likelihood_snr10_seed71001,oracle_likelihood_snr10_seed71001,Oracle-synchronized likelihood reference · 10 dB · seed 71001,oracle_likelihood,Oracle-synchronized likelihood,oracle_likelihood,71001,snr_db=10,paired held-out symbol/carrier/noise seed,reference,20260727T150444Z_modulation_recognition_blind_carrier__oracle_likelihood_snr10_seed71001,steps.data.modulation_recognition.frame_count,1536
oracle_likelihood_snr10_seed71001,oracle_likelihood_snr10_seed71001,Oracle-synchronized likelihood reference · 10 dB · seed 71001,oracle_likelihood,Oracle-synchronized likelihood,oracle_likelihood,71001,snr_db=10,paired held-out symbol/carrier/noise seed,reference,20260727T150444Z_modulation_recognition_blind_carrier__oracle_likelihood_snr10_seed71001,steps.data.modulation_recognition.symbols_per_frame,128
oracle_likelihood_snr10_seed71001,oracle_likelihood_snr10_seed71001,Oracle-synchronized likelihood reference · 10 dB · seed 71001,oracle_likelihood,Oracle-synchronized likelihood,oracle_likelihood,71001,snr_db=10,paired held-out symbol/carrier/noise seed,reference,20260727T150444Z_modulation_recognition_blind_carrier__oracle_likelihood_snr10_seed71001,steps.data.timing.step.wall_time_s,0.065736
oracle_likelihood_snr10_seed71001,oracle_likelihood_snr10_seed71001,Oracle-synchronized likelihood reference · 10 dB · seed 71001,oracle_likelihood,Oracle-synchronized likelihood,oracle_likelihood,71001,snr_db=10,paired held-out symbol/carrier/noise seed,reference,20260727T150444Z_modulation_recognition_blind_carrier__oracle_likelihood_snr10_seed71001,steps.evaluation.channel.snr_db,10
oracle_likelihood_snr10_seed71001,oracle_likelihood_snr10_seed71001,Oracle-synchronized likelihood reference · 10 dB · seed 71001,oracle_likelihood,Oracle-synchronized likelihood,oracle_likelihood,71001,snr_db=10,paired held-out symbol/carrier/noise seed,reference,20260727T150444Z_modulation_recognition_blind_carrier__oracle_likelihood_snr10_seed71001,steps.evaluation.classification.balanced_accuracy,1
oracle_likelihood_snr10_seed71001,oracle_likelihood_snr10_seed71001,Oracle-synchronized likelihood reference · 10 dB · seed 71001,oracle_likelihood,Oracle-synchronized likelihood,oracle_likelihood,71001,snr_db=10,paired held-out symbol/carrier/noise seed,reference,20260727T150444Z_modulation_recognition_blind_carrier__oracle_likelihood_snr10_seed71001,steps.evaluation.modulation_recognition.accuracy,1
oracle_likelihood_snr10_seed71001,oracle_likelihood_snr10_seed71001,Oracle-synchronized likelihood reference · 10 dB · seed 71001,oracle_likelihood,Oracle-synchronized likelihood,oracle_likelihood,71001,snr_db=10,paired held-out symbol/carrier/noise seed,reference,20260727T150444Z_modulation_recognition_blind_carrier__oracle_likelihood_snr10_seed71001,steps.evaluation.modulation_recognition.balanced_accuracy,1
oracle_likelihood_snr10_seed71001,oracle_likelihood_snr10_seed71001,Oracle-synchronized likelihood reference · 10 dB · seed 71001,oracle_likelihood,Oracle-synchronized likelihood,oracle_likelihood,71001,snr_db=10,paired held-out symbol/carrier/noise seed,reference,20260727T150444Z_modulation_recognition_blind_carrier__oracle_likelihood_snr10_seed71001,steps.evaluation.modulation_recognition.macro_f1,1
oracle_likelihood_snr10_seed71001,oracle_likelihood_snr10_seed71001,Oracle-synchronized likelihood reference · 10 dB · seed 71001,oracle_likelihood,Oracle-synchronized likelihood,oracle_likelihood,71001,snr_db=10,paired held-out symbol/carrier/noise seed,reference,20260727T150444Z_modulation_recognition_blind_carrier__oracle_likelihood_snr10_seed71001,steps.evaluation.task.accuracy,1
oracle_likelihood_snr10_seed71001,oracle_likelihood_snr10_seed71001,Oracle-synchronized likelihood reference · 10 dB · seed 71001,oracle_likelihood,Oracle-synchronized likelihood,oracle_likelihood,71001,snr_db=10,paired held-out symbol/carrier/noise seed,reference,20260727T150444Z_modulation_recognition_blind_carrier__oracle_likelihood_snr10_seed71001,steps.evaluation.task.score,1
oracle_likelihood_snr10_seed71001,oracle_likelihood_snr10_seed71001,Oracle-synchronized likelihood reference · 10 dB · seed 71001,oracle_likelihood,Oracle-synchronized likelihood,oracle_likelihood,71001,snr_db=10,paired held-out symbol/carrier/noise seed,reference,20260727T150444Z_modulation_recognition_blind_carrier__oracle_likelihood_snr10_seed71001,steps.evaluation.timing.step.wall_time_s,0.006926
oracle_likelihood_snr10_seed71001,oracle_likelihood_snr10_seed71001,Oracle-synchronized likelihood reference · 10 dB · seed 71001,oracle_likelihood,Oracle-synchronized likelihood,oracle_likelihood,71001,snr_db=10,paired held-out symbol/carrier/noise seed,reference,20260727T150444Z_modulation_recognition_blind_carrier__oracle_likelihood_snr10_seed71001,steps.observation.channel.carrier.cfo_abs_mean_cycles_per_symbol,0.002954
oracle_likelihood_snr10_seed71001,oracle_likelihood_snr10_seed71001,Oracle-synchronized likelihood reference · 10 dB · seed 71001,oracle_likelihood,Oracle-synchronized likelihood,oracle_likelihood,71001,snr_db=10,paired held-out symbol/carrier/noise seed,reference,20260727T150444Z_modulation_recognition_blind_carrier__oracle_likelihood_snr10_seed71001,steps.observation.channel.carrier.initial_phase_abs_mean_rad,1.552568
oracle_likelihood_snr10_seed71001,oracle_likelihood_snr10_seed71001,Oracle-synchronized likelihood reference · 10 dB · seed 71001,oracle_likelihood,Oracle-synchronized likelihood,oracle_likelihood,71001,snr_db=10,paired held-out symbol/carrier/noise seed,reference,20260727T150444Z_modulation_recognition_blind_carrier__oracle_likelihood_snr10_seed71001,steps.observation.channel.snr_db,10
oracle_likelihood_snr10_seed71001,oracle_likelihood_snr10_seed71001,Oracle-synchronized likelihood reference · 10 dB · seed 71001,oracle_likelihood,Oracle-synchronized likelihood,oracle_likelihood,71001,snr_db=10,paired held-out symbol/carrier/noise seed,reference,20260727T150444Z_modulation_recognition_blind_carrier__oracle_likelihood_snr10_seed71001,steps.observation.channel.snr_db_max,10
oracle_likelihood_snr10_seed71001,oracle_likelihood_snr10_seed71001,Oracle-synchronized likelihood reference · 10 dB · seed 71001,oracle_likelihood,Oracle-synchronized likelihood,oracle_likelihood,71001,snr_db=10,paired held-out symbol/carrier/noise seed,reference,20260727T150444Z_modulation_recognition_blind_carrier__oracle_likelihood_snr10_seed71001,steps.observation.channel.snr_db_min,10
oracle_likelihood_snr10_seed71001,oracle_likelihood_snr10_seed71001,Oracle-synchronized likelihood reference · 10 dB · seed 71001,oracle_likelihood,Oracle-synchronized likelihood,oracle_likelihood,71001,snr_db=10,paired held-out symbol/carrier/noise seed,reference,20260727T150444Z_modulation_recognition_blind_carrier__oracle_likelihood_snr10_seed71001,steps.observation.modulation_recognition.frame_count,1536
oracle_likelihood_snr10_seed71001,oracle_likelihood_snr10_seed71001,Oracle-synchronized likelihood reference · 10 dB · seed 71001,oracle_likelihood,Oracle-synchronized likelihood,oracle_likelihood,71001,snr_db=10,paired held-out symbol/carrier/noise seed,reference,20260727T150444Z_modulation_recognition_blind_carrier__oracle_likelihood_snr10_seed71001,steps.observation.timing.step.wall_time_s,0.096375
oracle_likelihood_snr10_seed71001,oracle_likelihood_snr10_seed71001,Oracle-synchronized likelihood reference · 10 dB · seed 71001,oracle_likelihood,Oracle-synchronized likelihood,oracle_likelihood,71001,snr_db=10,paired held-out symbol/carrier/noise seed,reference,20260727T150444Z_modulation_recognition_blind_carrier__oracle_likelihood_snr10_seed71001,steps.receiver.modulation_recognition.predicted_frame_count,1536
oracle_likelihood_snr10_seed71001,oracle_likelihood_snr10_seed71001,Oracle-synchronized likelihood reference · 10 dB · seed 71001,oracle_likelihood,Oracle-synchronized likelihood,oracle_likelihood,71001,snr_db=10,paired held-out symbol/carrier/noise seed,reference,20260727T150444Z_modulation_recognition_blind_carrier__oracle_likelihood_snr10_seed71001,steps.receiver.timing.step.wall_time_s,0.287489
oracle_likelihood_snr10_seed71001,oracle_likelihood_snr10_seed71001,Oracle-synchronized likelihood reference · 10 dB · seed 71001,oracle_likelihood,Oracle-synchronized likelihood,oracle_likelihood,71001,snr_db=10,paired held-out symbol/carrier/noise seed,reference,20260727T150444Z_modulation_recognition_blind_carrier__oracle_likelihood_snr10_seed71001,task.accuracy,1
oracle_likelihood_snr10_seed71001,oracle_likelihood_snr10_seed71001,Oracle-synchronized likelihood reference · 10 dB · seed 71001,oracle_likelihood,Oracle-synchronized likelihood,oracle_likelihood,71001,snr_db=10,paired held-out symbol/carrier/noise seed,reference,20260727T150444Z_modulation_recognition_blind_carrier__oracle_likelihood_snr10_seed71001,task.score,1
oracle_likelihood_snr10_seed72001,oracle_likelihood_snr10_seed72001,Oracle-synchronized likelihood reference · 10 dB · seed 72001,oracle_likelihood,Oracle-synchronized likelihood,oracle_likelihood,72001,snr_db=10,paired held-out symbol/carrier/noise seed,reference,20260727T150452Z_modulation_recognition_blind_carrier__oracle_likelihood_snr10_seed72001,channel.carrier.cfo_abs_mean_cycles_per_symbol,0.002995
oracle_likelihood_snr10_seed72001,oracle_likelihood_snr10_seed72001,Oracle-synchronized likelihood reference · 10 dB · seed 72001,oracle_likelihood,Oracle-synchronized likelihood,oracle_likelihood,72001,snr_db=10,paired held-out symbol/carrier/noise seed,reference,20260727T150452Z_modulation_recognition_blind_carrier__oracle_likelihood_snr10_seed72001,channel.carrier.initial_phase_abs_mean_rad,1.588569
oracle_likelihood_snr10_seed72001,oracle_likelihood_snr10_seed72001,Oracle-synchronized likelihood reference · 10 dB · seed 72001,oracle_likelihood,Oracle-synchronized likelihood,oracle_likelihood,72001,snr_db=10,paired held-out symbol/carrier/noise seed,reference,20260727T150452Z_modulation_recognition_blind_carrier__oracle_likelihood_snr10_seed72001,channel.snr_db,10
oracle_likelihood_snr10_seed72001,oracle_likelihood_snr10_seed72001,Oracle-synchronized likelihood reference · 10 dB · seed 72001,oracle_likelihood,Oracle-synchronized likelihood,oracle_likelihood,72001,snr_db=10,paired held-out symbol/carrier/noise seed,reference,20260727T150452Z_modulation_recognition_blind_carrier__oracle_likelihood_snr10_seed72001,channel.snr_db_max,10
oracle_likelihood_snr10_seed72001,oracle_likelihood_snr10_seed72001,Oracle-synchronized likelihood reference · 10 dB · seed 72001,oracle_likelihood,Oracle-synchronized likelihood,oracle_likelihood,72001,snr_db=10,paired held-out symbol/carrier/noise seed,reference,20260727T150452Z_modulation_recognition_blind_carrier__oracle_likelihood_snr10_seed72001,channel.snr_db_min,10
oracle_likelihood_snr10_seed72001,oracle_likelihood_snr10_seed72001,Oracle-synchronized likelihood reference · 10 dB · seed 72001,oracle_likelihood,Oracle-synchronized likelihood,oracle_likelihood,72001,snr_db=10,paired held-out symbol/carrier/noise seed,reference,20260727T150452Z_modulation_recognition_blind_carrier__oracle_likelihood_snr10_seed72001,classification.balanced_accuracy,1
oracle_likelihood_snr10_seed72001,oracle_likelihood_snr10_seed72001,Oracle-synchronized likelihood reference · 10 dB · seed 72001,oracle_likelihood,Oracle-synchronized likelihood,oracle_likelihood,72001,snr_db=10,paired held-out symbol/carrier/noise seed,reference,20260727T150452Z_modulation_recognition_blind_carrier__oracle_likelihood_snr10_seed72001,memory.run.end_rss_bytes,786124800
oracle_likelihood_snr10_seed72001,oracle_likelihood_snr10_seed72001,Oracle-synchronized likelihood reference · 10 dB · seed 72001,oracle_likelihood,Oracle-synchronized likelihood,oracle_likelihood,72001,snr_db=10,paired held-out symbol/carrier/noise seed,reference,20260727T150452Z_modulation_recognition_blind_carrier__oracle_likelihood_snr10_seed72001,memory.run.peak_rss_bytes,892952576
oracle_likelihood_snr10_seed72001,oracle_likelihood_snr10_seed72001,Oracle-synchronized likelihood reference · 10 dB · seed 72001,oracle_likelihood,Oracle-synchronized likelihood,oracle_likelihood,72001,snr_db=10,paired held-out symbol/carrier/noise seed,reference,20260727T150452Z_modulation_recognition_blind_carrier__oracle_likelihood_snr10_seed72001,memory.run.peak_rss_delta_bytes,94412800
oracle_likelihood_snr10_seed72001,oracle_likelihood_snr10_seed72001,Oracle-synchronized likelihood reference · 10 dB · seed 72001,oracle_likelihood,Oracle-synchronized likelihood,oracle_likelihood,72001,snr_db=10,paired held-out symbol/carrier/noise seed,reference,20260727T150452Z_modulation_recognition_blind_carrier__oracle_likelihood_snr10_seed72001,memory.run.sampler_interval_s,0.05
oracle_likelihood_snr10_seed72001,oracle_likelihood_snr10_seed72001,Oracle-synchronized likelihood reference · 10 dB · seed 72001,oracle_likelihood,Oracle-synchronized likelihood,oracle_likelihood,72001,snr_db=10,paired held-out symbol/carrier/noise seed,reference,20260727T150452Z_modulation_recognition_blind_carrier__oracle_likelihood_snr10_seed72001,memory.run.start_rss_bytes,798539776
oracle_likelihood_snr10_seed72001,oracle_likelihood_snr10_seed72001,Oracle-synchronized likelihood reference · 10 dB · seed 72001,oracle_likelihood,Oracle-synchronized likelihood,oracle_likelihood,72001,snr_db=10,paired held-out symbol/carrier/noise seed,reference,20260727T150452Z_modulation_recognition_blind_carrier__oracle_likelihood_snr10_seed72001,modulation_recognition.accuracy,1
oracle_likelihood_snr10_seed72001,oracle_likelihood_snr10_seed72001,Oracle-synchronized likelihood reference · 10 dB · seed 72001,oracle_likelihood,Oracle-synchronized likelihood,oracle_likelihood,72001,snr_db=10,paired held-out symbol/carrier/noise seed,reference,20260727T150452Z_modulation_recognition_blind_carrier__oracle_likelihood_snr10_seed72001,modulation_recognition.balanced_accuracy,1
oracle_likelihood_snr10_seed72001,oracle_likelihood_snr10_seed72001,Oracle-synchronized likelihood reference · 10 dB · seed 72001,oracle_likelihood,Oracle-synchronized likelihood,oracle_likelihood,72001,snr_db=10,paired held-out symbol/carrier/noise seed,reference,20260727T150452Z_modulation_recognition_blind_carrier__oracle_likelihood_snr10_seed72001,modulation_recognition.frame_count,1536
oracle_likelihood_snr10_seed72001,oracle_likelihood_snr10_seed72001,Oracle-synchronized likelihood reference · 10 dB · seed 72001,oracle_likelihood,Oracle-synchronized likelihood,oracle_likelihood,72001,snr_db=10,paired held-out symbol/carrier/noise seed,reference,20260727T150452Z_modulation_recognition_blind_carrier__oracle_likelihood_snr10_seed72001,modulation_recognition.macro_f1,1
oracle_likelihood_snr10_seed72001,oracle_likelihood_snr10_seed72001,Oracle-synchronized likelihood reference · 10 dB · seed 72001,oracle_likelihood,Oracle-synchronized likelihood,oracle_likelihood,72001,snr_db=10,paired held-out symbol/carrier/noise seed,reference,20260727T150452Z_modulation_recognition_blind_carrier__oracle_likelihood_snr10_seed72001,modulation_recognition.predicted_frame_count,1536
oracle_likelihood_snr10_seed72001,oracle_likelihood_snr10_seed72001,Oracle-synchronized likelihood reference · 10 dB · seed 72001,oracle_likelihood,Oracle-synchronized likelihood,oracle_likelihood,72001,snr_db=10,paired held-out symbol/carrier/noise seed,reference,20260727T150452Z_modulation_recognition_blind_carrier__oracle_likelihood_snr10_seed72001,modulation_recognition.symbols_per_frame,128
oracle_likelihood_snr10_seed72001,oracle_likelihood_snr10_seed72001,Oracle-synchronized likelihood reference · 10 dB · seed 72001,oracle_likelihood,Oracle-synchronized likelihood,oracle_likelihood,72001,snr_db=10,paired held-out symbol/carrier/noise seed,reference,20260727T150452Z_modulation_recognition_blind_carrier__oracle_likelihood_snr10_seed72001,steps.data.modulation_recognition.frame_count,1536
oracle_likelihood_snr10_seed72001,oracle_likelihood_snr10_seed72001,Oracle-synchronized likelihood reference · 10 dB · seed 72001,oracle_likelihood,Oracle-synchronized likelihood,oracle_likelihood,72001,snr_db=10,paired held-out symbol/carrier/noise seed,reference,20260727T150452Z_modulation_recognition_blind_carrier__oracle_likelihood_snr10_seed72001,steps.data.modulation_recognition.symbols_per_frame,128
oracle_likelihood_snr10_seed72001,oracle_likelihood_snr10_seed72001,Oracle-synchronized likelihood reference · 10 dB · seed 72001,oracle_likelihood,Oracle-synchronized likelihood,oracle_likelihood,72001,snr_db=10,paired held-out symbol/carrier/noise seed,reference,20260727T150452Z_modulation_recognition_blind_carrier__oracle_likelihood_snr10_seed72001,steps.data.timing.step.wall_time_s,0.064833
oracle_likelihood_snr10_seed72001,oracle_likelihood_snr10_seed72001,Oracle-synchronized likelihood reference · 10 dB · seed 72001,oracle_likelihood,Oracle-synchronized likelihood,oracle_likelihood,72001,snr_db=10,paired held-out symbol/carrier/noise seed,reference,20260727T150452Z_modulation_recognition_blind_carrier__oracle_likelihood_snr10_seed72001,steps.evaluation.channel.snr_db,10
oracle_likelihood_snr10_seed72001,oracle_likelihood_snr10_seed72001,Oracle-synchronized likelihood reference · 10 dB · seed 72001,oracle_likelihood,Oracle-synchronized likelihood,oracle_likelihood,72001,snr_db=10,paired held-out symbol/carrier/noise seed,reference,20260727T150452Z_modulation_recognition_blind_carrier__oracle_likelihood_snr10_seed72001,steps.evaluation.classification.balanced_accuracy,1
oracle_likelihood_snr10_seed72001,oracle_likelihood_snr10_seed72001,Oracle-synchronized likelihood reference · 10 dB · seed 72001,oracle_likelihood,Oracle-synchronized likelihood,oracle_likelihood,72001,snr_db=10,paired held-out symbol/carrier/noise seed,reference,20260727T150452Z_modulation_recognition_blind_carrier__oracle_likelihood_snr10_seed72001,steps.evaluation.modulation_recognition.accuracy,1
oracle_likelihood_snr10_seed72001,oracle_likelihood_snr10_seed72001,Oracle-synchronized likelihood reference · 10 dB · seed 72001,oracle_likelihood,Oracle-synchronized likelihood,oracle_likelihood,72001,snr_db=10,paired held-out symbol/carrier/noise seed,reference,20260727T150452Z_modulation_recognition_blind_carrier__oracle_likelihood_snr10_seed72001,steps.evaluation.modulation_recognition.balanced_accuracy,1
oracle_likelihood_snr10_seed72001,oracle_likelihood_snr10_seed72001,Oracle-synchronized likelihood reference · 10 dB · seed 72001,oracle_likelihood,Oracle-synchronized likelihood,oracle_likelihood,72001,snr_db=10,paired held-out symbol/carrier/noise seed,reference,20260727T150452Z_modulation_recognition_blind_carrier__oracle_likelihood_snr10_seed72001,steps.evaluation.modulation_recognition.macro_f1,1
oracle_likelihood_snr10_seed72001,oracle_likelihood_snr10_seed72001,Oracle-synchronized likelihood reference · 10 dB · seed 72001,oracle_likelihood,Oracle-synchronized likelihood,oracle_likelihood,72001,snr_db=10,paired held-out symbol/carrier/noise seed,reference,20260727T150452Z_modulation_recognition_blind_carrier__oracle_likelihood_snr10_seed72001,steps.evaluation.task.accuracy,1
oracle_likelihood_snr10_seed72001,oracle_likelihood_snr10_seed72001,Oracle-synchronized likelihood reference · 10 dB · seed 72001,oracle_likelihood,Oracle-synchronized likelihood,oracle_likelihood,72001,snr_db=10,paired held-out symbol/carrier/noise seed,reference,20260727T150452Z_modulation_recognition_blind_carrier__oracle_likelihood_snr10_seed72001,steps.evaluation.task.score,1
oracle_likelihood_snr10_seed72001,oracle_likelihood_snr10_seed72001,Oracle-synchronized likelihood reference · 10 dB · seed 72001,oracle_likelihood,Oracle-synchronized likelihood,oracle_likelihood,72001,snr_db=10,paired held-out symbol/carrier/noise seed,reference,20260727T150452Z_modulation_recognition_blind_carrier__oracle_likelihood_snr10_seed72001,steps.evaluation.timing.step.wall_time_s,0.009408
oracle_likelihood_snr10_seed72001,oracle_likelihood_snr10_seed72001,Oracle-synchronized likelihood reference · 10 dB · seed 72001,oracle_likelihood,Oracle-synchronized likelihood,oracle_likelihood,72001,snr_db=10,paired held-out symbol/carrier/noise seed,reference,20260727T150452Z_modulation_recognition_blind_carrier__oracle_likelihood_snr10_seed72001,steps.observation.channel.carrier.cfo_abs_mean_cycles_per_symbol,0.002995
oracle_likelihood_snr10_seed72001,oracle_likelihood_snr10_seed72001,Oracle-synchronized likelihood reference · 10 dB · seed 72001,oracle_likelihood,Oracle-synchronized likelihood,oracle_likelihood,72001,snr_db=10,paired held-out symbol/carrier/noise seed,reference,20260727T150452Z_modulation_recognition_blind_carrier__oracle_likelihood_snr10_seed72001,steps.observation.channel.carrier.initial_phase_abs_mean_rad,1.588569
oracle_likelihood_snr10_seed72001,oracle_likelihood_snr10_seed72001,Oracle-synchronized likelihood reference · 10 dB · seed 72001,oracle_likelihood,Oracle-synchronized likelihood,oracle_likelihood,72001,snr_db=10,paired held-out symbol/carrier/noise seed,reference,20260727T150452Z_modulation_recognition_blind_carrier__oracle_likelihood_snr10_seed72001,steps.observation.channel.snr_db,10
oracle_likelihood_snr10_seed72001,oracle_likelihood_snr10_seed72001,Oracle-synchronized likelihood reference · 10 dB · seed 72001,oracle_likelihood,Oracle-synchronized likelihood,oracle_likelihood,72001,snr_db=10,paired held-out symbol/carrier/noise seed,reference,20260727T150452Z_modulation_recognition_blind_carrier__oracle_likelihood_snr10_seed72001,steps.observation.channel.snr_db_max,10
oracle_likelihood_snr10_seed72001,oracle_likelihood_snr10_seed72001,Oracle-synchronized likelihood reference · 10 dB · seed 72001,oracle_likelihood,Oracle-synchronized likelihood,oracle_likelihood,72001,snr_db=10,paired held-out symbol/carrier/noise seed,reference,20260727T150452Z_modulation_recognition_blind_carrier__oracle_likelihood_snr10_seed72001,steps.observation.channel.snr_db_min,10
oracle_likelihood_snr10_seed72001,oracle_likelihood_snr10_seed72001,Oracle-synchronized likelihood reference · 10 dB · seed 72001,oracle_likelihood,Oracle-synchronized likelihood,oracle_likelihood,72001,snr_db=10,paired held-out symbol/carrier/noise seed,reference,20260727T150452Z_modulation_recognition_blind_carrier__oracle_likelihood_snr10_seed72001,steps.observation.modulation_recognition.frame_count,1536
oracle_likelihood_snr10_seed72001,oracle_likelihood_snr10_seed72001,Oracle-synchronized likelihood reference · 10 dB · seed 72001,oracle_likelihood,Oracle-synchronized likelihood,oracle_likelihood,72001,snr_db=10,paired held-out symbol/carrier/noise seed,reference,20260727T150452Z_modulation_recognition_blind_carrier__oracle_likelihood_snr10_seed72001,steps.observation.timing.step.wall_time_s,0.095618
oracle_likelihood_snr10_seed72001,oracle_likelihood_snr10_seed72001,Oracle-synchronized likelihood reference · 10 dB · seed 72001,oracle_likelihood,Oracle-synchronized likelihood,oracle_likelihood,72001,snr_db=10,paired held-out symbol/carrier/noise seed,reference,20260727T150452Z_modulation_recognition_blind_carrier__oracle_likelihood_snr10_seed72001,steps.receiver.modulation_recognition.predicted_frame_count,1536
oracle_likelihood_snr10_seed72001,oracle_likelihood_snr10_seed72001,Oracle-synchronized likelihood reference · 10 dB · seed 72001,oracle_likelihood,Oracle-synchronized likelihood,oracle_likelihood,72001,snr_db=10,paired held-out symbol/carrier/noise seed,reference,20260727T150452Z_modulation_recognition_blind_carrier__oracle_likelihood_snr10_seed72001,steps.receiver.timing.step.wall_time_s,0.262012
oracle_likelihood_snr10_seed72001,oracle_likelihood_snr10_seed72001,Oracle-synchronized likelihood reference · 10 dB · seed 72001,oracle_likelihood,Oracle-synchronized likelihood,oracle_likelihood,72001,snr_db=10,paired held-out symbol/carrier/noise seed,reference,20260727T150452Z_modulation_recognition_blind_carrier__oracle_likelihood_snr10_seed72001,task.accuracy,1
oracle_likelihood_snr10_seed72001,oracle_likelihood_snr10_seed72001,Oracle-synchronized likelihood reference · 10 dB · seed 72001,oracle_likelihood,Oracle-synchronized likelihood,oracle_likelihood,72001,snr_db=10,paired held-out symbol/carrier/noise seed,reference,20260727T150452Z_modulation_recognition_blind_carrier__oracle_likelihood_snr10_seed72001,task.score,1
oracle_likelihood_snr10_seed73001,oracle_likelihood_snr10_seed73001,Oracle-synchronized likelihood reference · 10 dB · seed 73001,oracle_likelihood,Oracle-synchronized likelihood,oracle_likelihood,73001,snr_db=10,paired held-out symbol/carrier/noise seed,reference,20260727T150500Z_modulation_recognition_blind_carrier__oracle_likelihood_snr10_seed73001,channel.carrier.cfo_abs_mean_cycles_per_symbol,0.003047
oracle_likelihood_snr10_seed73001,oracle_likelihood_snr10_seed73001,Oracle-synchronized likelihood reference · 10 dB · seed 73001,oracle_likelihood,Oracle-synchronized likelihood,oracle_likelihood,73001,snr_db=10,paired held-out symbol/carrier/noise seed,reference,20260727T150500Z_modulation_recognition_blind_carrier__oracle_likelihood_snr10_seed73001,channel.carrier.initial_phase_abs_mean_rad,1.55227
oracle_likelihood_snr10_seed73001,oracle_likelihood_snr10_seed73001,Oracle-synchronized likelihood reference · 10 dB · seed 73001,oracle_likelihood,Oracle-synchronized likelihood,oracle_likelihood,73001,snr_db=10,paired held-out symbol/carrier/noise seed,reference,20260727T150500Z_modulation_recognition_blind_carrier__oracle_likelihood_snr10_seed73001,channel.snr_db,10
oracle_likelihood_snr10_seed73001,oracle_likelihood_snr10_seed73001,Oracle-synchronized likelihood reference · 10 dB · seed 73001,oracle_likelihood,Oracle-synchronized likelihood,oracle_likelihood,73001,snr_db=10,paired held-out symbol/carrier/noise seed,reference,20260727T150500Z_modulation_recognition_blind_carrier__oracle_likelihood_snr10_seed73001,channel.snr_db_max,10
oracle_likelihood_snr10_seed73001,oracle_likelihood_snr10_seed73001,Oracle-synchronized likelihood reference · 10 dB · seed 73001,oracle_likelihood,Oracle-synchronized likelihood,oracle_likelihood,73001,snr_db=10,paired held-out symbol/carrier/noise seed,reference,20260727T150500Z_modulation_recognition_blind_carrier__oracle_likelihood_snr10_seed73001,channel.snr_db_min,10
oracle_likelihood_snr10_seed73001,oracle_likelihood_snr10_seed73001,Oracle-synchronized likelihood reference · 10 dB · seed 73001,oracle_likelihood,Oracle-synchronized likelihood,oracle_likelihood,73001,snr_db=10,paired held-out symbol/carrier/noise seed,reference,20260727T150500Z_modulation_recognition_blind_carrier__oracle_likelihood_snr10_seed73001,classification.balanced_accuracy,1
oracle_likelihood_snr10_seed73001,oracle_likelihood_snr10_seed73001,Oracle-synchronized likelihood reference · 10 dB · seed 73001,oracle_likelihood,Oracle-synchronized likelihood,oracle_likelihood,73001,snr_db=10,paired held-out symbol/carrier/noise seed,reference,20260727T150500Z_modulation_recognition_blind_carrier__oracle_likelihood_snr10_seed73001,memory.run.end_rss_bytes,792907776
oracle_likelihood_snr10_seed73001,oracle_likelihood_snr10_seed73001,Oracle-synchronized likelihood reference · 10 dB · seed 73001,oracle_likelihood,Oracle-synchronized likelihood,oracle_likelihood,73001,snr_db=10,paired held-out symbol/carrier/noise seed,reference,20260727T150500Z_modulation_recognition_blind_carrier__oracle_likelihood_snr10_seed73001,memory.run.peak_rss_bytes,895385600
oracle_likelihood_snr10_seed73001,oracle_likelihood_snr10_seed73001,Oracle-synchronized likelihood reference · 10 dB · seed 73001,oracle_likelihood,Oracle-synchronized likelihood,oracle_likelihood,73001,snr_db=10,paired held-out symbol/carrier/noise seed,reference,20260727T150500Z_modulation_recognition_blind_carrier__oracle_likelihood_snr10_seed73001,memory.run.peak_rss_delta_bytes,92221440
oracle_likelihood_snr10_seed73001,oracle_likelihood_snr10_seed73001,Oracle-synchronized likelihood reference · 10 dB · seed 73001,oracle_likelihood,Oracle-synchronized likelihood,oracle_likelihood,73001,snr_db=10,paired held-out symbol/carrier/noise seed,reference,20260727T150500Z_modulation_recognition_blind_carrier__oracle_likelihood_snr10_seed73001,memory.run.sampler_interval_s,0.05
oracle_likelihood_snr10_seed73001,oracle_likelihood_snr10_seed73001,Oracle-synchronized likelihood reference · 10 dB · seed 73001,oracle_likelihood,Oracle-synchronized likelihood,oracle_likelihood,73001,snr_db=10,paired held-out symbol/carrier/noise seed,reference,20260727T150500Z_modulation_recognition_blind_carrier__oracle_likelihood_snr10_seed73001,memory.run.start_rss_bytes,803164160
oracle_likelihood_snr10_seed73001,oracle_likelihood_snr10_seed73001,Oracle-synchronized likelihood reference · 10 dB · seed 73001,oracle_likelihood,Oracle-synchronized likelihood,oracle_likelihood,73001,snr_db=10,paired held-out symbol/carrier/noise seed,reference,20260727T150500Z_modulation_recognition_blind_carrier__oracle_likelihood_snr10_seed73001,modulation_recognition.accuracy,1
oracle_likelihood_snr10_seed73001,oracle_likelihood_snr10_seed73001,Oracle-synchronized likelihood reference · 10 dB · seed 73001,oracle_likelihood,Oracle-synchronized likelihood,oracle_likelihood,73001,snr_db=10,paired held-out symbol/carrier/noise seed,reference,20260727T150500Z_modulation_recognition_blind_carrier__oracle_likelihood_snr10_seed73001,modulation_recognition.balanced_accuracy,1
oracle_likelihood_snr10_seed73001,oracle_likelihood_snr10_seed73001,Oracle-synchronized likelihood reference · 10 dB · seed 73001,oracle_likelihood,Oracle-synchronized likelihood,oracle_likelihood,73001,snr_db=10,paired held-out symbol/carrier/noise seed,reference,20260727T150500Z_modulation_recognition_blind_carrier__oracle_likelihood_snr10_seed73001,modulation_recognition.frame_count,1536
oracle_likelihood_snr10_seed73001,oracle_likelihood_snr10_seed73001,Oracle-synchronized likelihood reference · 10 dB · seed 73001,oracle_likelihood,Oracle-synchronized likelihood,oracle_likelihood,73001,snr_db=10,paired held-out symbol/carrier/noise seed,reference,20260727T150500Z_modulation_recognition_blind_carrier__oracle_likelihood_snr10_seed73001,modulation_recognition.macro_f1,1
oracle_likelihood_snr10_seed73001,oracle_likelihood_snr10_seed73001,Oracle-synchronized likelihood reference · 10 dB · seed 73001,oracle_likelihood,Oracle-synchronized likelihood,oracle_likelihood,73001,snr_db=10,paired held-out symbol/carrier/noise seed,reference,20260727T150500Z_modulation_recognition_blind_carrier__oracle_likelihood_snr10_seed73001,modulation_recognition.predicted_frame_count,1536
oracle_likelihood_snr10_seed73001,oracle_likelihood_snr10_seed73001,Oracle-synchronized likelihood reference · 10 dB · seed 73001,oracle_likelihood,Oracle-synchronized likelihood,oracle_likelihood,73001,snr_db=10,paired held-out symbol/carrier/noise seed,reference,20260727T150500Z_modulation_recognition_blind_carrier__oracle_likelihood_snr10_seed73001,modulation_recognition.symbols_per_frame,128
oracle_likelihood_snr10_seed73001,oracle_likelihood_snr10_seed73001,Oracle-synchronized likelihood reference · 10 dB · seed 73001,oracle_likelihood,Oracle-synchronized likelihood,oracle_likelihood,73001,snr_db=10,paired held-out symbol/carrier/noise seed,reference,20260727T150500Z_modulation_recognition_blind_carrier__oracle_likelihood_snr10_seed73001,steps.data.modulation_recognition.frame_count,1536
oracle_likelihood_snr10_seed73001,oracle_likelihood_snr10_seed73001,Oracle-synchronized likelihood reference · 10 dB · seed 73001,oracle_likelihood,Oracle-synchronized likelihood,oracle_likelihood,73001,snr_db=10,paired held-out symbol/carrier/noise seed,reference,20260727T150500Z_modulation_recognition_blind_carrier__oracle_likelihood_snr10_seed73001,steps.data.modulation_recognition.symbols_per_frame,128
oracle_likelihood_snr10_seed73001,oracle_likelihood_snr10_seed73001,Oracle-synchronized likelihood reference · 10 dB · seed 73001,oracle_likelihood,Oracle-synchronized likelihood,oracle_likelihood,73001,snr_db=10,paired held-out symbol/carrier/noise seed,reference,20260727T150500Z_modulation_recognition_blind_carrier__oracle_likelihood_snr10_seed73001,steps.data.timing.step.wall_time_s,0.065798
oracle_likelihood_snr10_seed73001,oracle_likelihood_snr10_seed73001,Oracle-synchronized likelihood reference · 10 dB · seed 73001,oracle_likelihood,Oracle-synchronized likelihood,oracle_likelihood,73001,snr_db=10,paired held-out symbol/carrier/noise seed,reference,20260727T150500Z_modulation_recognition_blind_carrier__oracle_likelihood_snr10_seed73001,steps.evaluation.channel.snr_db,10
oracle_likelihood_snr10_seed73001,oracle_likelihood_snr10_seed73001,Oracle-synchronized likelihood reference · 10 dB · seed 73001,oracle_likelihood,Oracle-synchronized likelihood,oracle_likelihood,73001,snr_db=10,paired held-out symbol/carrier/noise seed,reference,20260727T150500Z_modulation_recognition_blind_carrier__oracle_likelihood_snr10_seed73001,steps.evaluation.classification.balanced_accuracy,1
oracle_likelihood_snr10_seed73001,oracle_likelihood_snr10_seed73001,Oracle-synchronized likelihood reference · 10 dB · seed 73001,oracle_likelihood,Oracle-synchronized likelihood,oracle_likelihood,73001,snr_db=10,paired held-out symbol/carrier/noise seed,reference,20260727T150500Z_modulation_recognition_blind_carrier__oracle_likelihood_snr10_seed73001,steps.evaluation.modulation_recognition.accuracy,1
oracle_likelihood_snr10_seed73001,oracle_likelihood_snr10_seed73001,Oracle-synchronized likelihood reference · 10 dB · seed 73001,oracle_likelihood,Oracle-synchronized likelihood,oracle_likelihood,73001,snr_db=10,paired held-out symbol/carrier/noise seed,reference,20260727T150500Z_modulation_recognition_blind_carrier__oracle_likelihood_snr10_seed73001,steps.evaluation.modulation_recognition.balanced_accuracy,1
oracle_likelihood_snr10_seed73001,oracle_likelihood_snr10_seed73001,Oracle-synchronized likelihood reference · 10 dB · seed 73001,oracle_likelihood,Oracle-synchronized likelihood,oracle_likelihood,73001,snr_db=10,paired held-out symbol/carrier/noise seed,reference,20260727T150500Z_modulation_recognition_blind_carrier__oracle_likelihood_snr10_seed73001,steps.evaluation.modulation_recognition.macro_f1,1
oracle_likelihood_snr10_seed73001,oracle_likelihood_snr10_seed73001,Oracle-synchronized likelihood reference · 10 dB · seed 73001,oracle_likelihood,Oracle-synchronized likelihood,oracle_likelihood,73001,snr_db=10,paired held-out symbol/carrier/noise seed,reference,20260727T150500Z_modulation_recognition_blind_carrier__oracle_likelihood_snr10_seed73001,steps.evaluation.task.accuracy,1
oracle_likelihood_snr10_seed73001,oracle_likelihood_snr10_seed73001,Oracle-synchronized likelihood reference · 10 dB · seed 73001,oracle_likelihood,Oracle-synchronized likelihood,oracle_likelihood,73001,snr_db=10,paired held-out symbol/carrier/noise seed,reference,20260727T150500Z_modulation_recognition_blind_carrier__oracle_likelihood_snr10_seed73001,steps.evaluation.task.score,1
oracle_likelihood_snr10_seed73001,oracle_likelihood_snr10_seed73001,Oracle-synchronized likelihood reference · 10 dB · seed 73001,oracle_likelihood,Oracle-synchronized likelihood,oracle_likelihood,73001,snr_db=10,paired held-out symbol/carrier/noise seed,reference,20260727T150500Z_modulation_recognition_blind_carrier__oracle_likelihood_snr10_seed73001,steps.evaluation.timing.step.wall_time_s,0.006733
oracle_likelihood_snr10_seed73001,oracle_likelihood_snr10_seed73001,Oracle-synchronized likelihood reference · 10 dB · seed 73001,oracle_likelihood,Oracle-synchronized likelihood,oracle_likelihood,73001,snr_db=10,paired held-out symbol/carrier/noise seed,reference,20260727T150500Z_modulation_recognition_blind_carrier__oracle_likelihood_snr10_seed73001,steps.observation.channel.carrier.cfo_abs_mean_cycles_per_symbol,0.003047
oracle_likelihood_snr10_seed73001,oracle_likelihood_snr10_seed73001,Oracle-synchronized likelihood reference · 10 dB · seed 73001,oracle_likelihood,Oracle-synchronized likelihood,oracle_likelihood,73001,snr_db=10,paired held-out symbol/carrier/noise seed,reference,20260727T150500Z_modulation_recognition_blind_carrier__oracle_likelihood_snr10_seed73001,steps.observation.channel.carrier.initial_phase_abs_mean_rad,1.55227
oracle_likelihood_snr10_seed73001,oracle_likelihood_snr10_seed73001,Oracle-synchronized likelihood reference · 10 dB · seed 73001,oracle_likelihood,Oracle-synchronized likelihood,oracle_likelihood,73001,snr_db=10,paired held-out symbol/carrier/noise seed,reference,20260727T150500Z_modulation_recognition_blind_carrier__oracle_likelihood_snr10_seed73001,steps.observation.channel.snr_db,10
oracle_likelihood_snr10_seed73001,oracle_likelihood_snr10_seed73001,Oracle-synchronized likelihood reference · 10 dB · seed 73001,oracle_likelihood,Oracle-synchronized likelihood,oracle_likelihood,73001,snr_db=10,paired held-out symbol/carrier/noise seed,reference,20260727T150500Z_modulation_recognition_blind_carrier__oracle_likelihood_snr10_seed73001,steps.observation.channel.snr_db_max,10
oracle_likelihood_snr10_seed73001,oracle_likelihood_snr10_seed73001,Oracle-synchronized likelihood reference · 10 dB · seed 73001,oracle_likelihood,Oracle-synchronized likelihood,oracle_likelihood,73001,snr_db=10,paired held-out symbol/carrier/noise seed,reference,20260727T150500Z_modulation_recognition_blind_carrier__oracle_likelihood_snr10_seed73001,steps.observation.channel.snr_db_min,10
oracle_likelihood_snr10_seed73001,oracle_likelihood_snr10_seed73001,Oracle-synchronized likelihood reference · 10 dB · seed 73001,oracle_likelihood,Oracle-synchronized likelihood,oracle_likelihood,73001,snr_db=10,paired held-out symbol/carrier/noise seed,reference,20260727T150500Z_modulation_recognition_blind_carrier__oracle_likelihood_snr10_seed73001,steps.observation.modulation_recognition.frame_count,1536
oracle_likelihood_snr10_seed73001,oracle_likelihood_snr10_seed73001,Oracle-synchronized likelihood reference · 10 dB · seed 73001,oracle_likelihood,Oracle-synchronized likelihood,oracle_likelihood,73001,snr_db=10,paired held-out symbol/carrier/noise seed,reference,20260727T150500Z_modulation_recognition_blind_carrier__oracle_likelihood_snr10_seed73001,steps.observation.timing.step.wall_time_s,0.098267
oracle_likelihood_snr10_seed73001,oracle_likelihood_snr10_seed73001,Oracle-synchronized likelihood reference · 10 dB · seed 73001,oracle_likelihood,Oracle-synchronized likelihood,oracle_likelihood,73001,snr_db=10,paired held-out symbol/carrier/noise seed,reference,20260727T150500Z_modulation_recognition_blind_carrier__oracle_likelihood_snr10_seed73001,steps.receiver.modulation_recognition.predicted_frame_count,1536
oracle_likelihood_snr10_seed73001,oracle_likelihood_snr10_seed73001,Oracle-synchronized likelihood reference · 10 dB · seed 73001,oracle_likelihood,Oracle-synchronized likelihood,oracle_likelihood,73001,snr_db=10,paired held-out symbol/carrier/noise seed,reference,20260727T150500Z_modulation_recognition_blind_carrier__oracle_likelihood_snr10_seed73001,steps.receiver.timing.step.wall_time_s,0.266827
oracle_likelihood_snr10_seed73001,oracle_likelihood_snr10_seed73001,Oracle-synchronized likelihood reference · 10 dB · seed 73001,oracle_likelihood,Oracle-synchronized likelihood,oracle_likelihood,73001,snr_db=10,paired held-out symbol/carrier/noise seed,reference,20260727T150500Z_modulation_recognition_blind_carrier__oracle_likelihood_snr10_seed73001,task.accuracy,1
oracle_likelihood_snr10_seed73001,oracle_likelihood_snr10_seed73001,Oracle-synchronized likelihood reference · 10 dB · seed 73001,oracle_likelihood,Oracle-synchronized likelihood,oracle_likelihood,73001,snr_db=10,paired held-out symbol/carrier/noise seed,reference,20260727T150500Z_modulation_recognition_blind_carrier__oracle_likelihood_snr10_seed73001,task.score,1
oracle_likelihood_snr14_seed71001,oracle_likelihood_snr14_seed71001,Oracle-synchronized likelihood reference · 14 dB · seed 71001,oracle_likelihood,Oracle-synchronized likelihood,oracle_likelihood,71001,snr_db=14,paired held-out symbol/carrier/noise seed,reference,20260727T150508Z_modulation_recognition_blind_carrier__oracle_likelihood_snr14_seed71001,channel.carrier.cfo_abs_mean_cycles_per_symbol,0.002954
oracle_likelihood_snr14_seed71001,oracle_likelihood_snr14_seed71001,Oracle-synchronized likelihood reference · 14 dB · seed 71001,oracle_likelihood,Oracle-synchronized likelihood,oracle_likelihood,71001,snr_db=14,paired held-out symbol/carrier/noise seed,reference,20260727T150508Z_modulation_recognition_blind_carrier__oracle_likelihood_snr14_seed71001,channel.carrier.initial_phase_abs_mean_rad,1.552568
oracle_likelihood_snr14_seed71001,oracle_likelihood_snr14_seed71001,Oracle-synchronized likelihood reference · 14 dB · seed 71001,oracle_likelihood,Oracle-synchronized likelihood,oracle_likelihood,71001,snr_db=14,paired held-out symbol/carrier/noise seed,reference,20260727T150508Z_modulation_recognition_blind_carrier__oracle_likelihood_snr14_seed71001,channel.snr_db,14
oracle_likelihood_snr14_seed71001,oracle_likelihood_snr14_seed71001,Oracle-synchronized likelihood reference · 14 dB · seed 71001,oracle_likelihood,Oracle-synchronized likelihood,oracle_likelihood,71001,snr_db=14,paired held-out symbol/carrier/noise seed,reference,20260727T150508Z_modulation_recognition_blind_carrier__oracle_likelihood_snr14_seed71001,channel.snr_db_max,14
oracle_likelihood_snr14_seed71001,oracle_likelihood_snr14_seed71001,Oracle-synchronized likelihood reference · 14 dB · seed 71001,oracle_likelihood,Oracle-synchronized likelihood,oracle_likelihood,71001,snr_db=14,paired held-out symbol/carrier/noise seed,reference,20260727T150508Z_modulation_recognition_blind_carrier__oracle_likelihood_snr14_seed71001,channel.snr_db_min,14
oracle_likelihood_snr14_seed71001,oracle_likelihood_snr14_seed71001,Oracle-synchronized likelihood reference · 14 dB · seed 71001,oracle_likelihood,Oracle-synchronized likelihood,oracle_likelihood,71001,snr_db=14,paired held-out symbol/carrier/noise seed,reference,20260727T150508Z_modulation_recognition_blind_carrier__oracle_likelihood_snr14_seed71001,classification.balanced_accuracy,1
oracle_likelihood_snr14_seed71001,oracle_likelihood_snr14_seed71001,Oracle-synchronized likelihood reference · 14 dB · seed 71001,oracle_likelihood,Oracle-synchronized likelihood,oracle_likelihood,71001,snr_db=14,paired held-out symbol/carrier/noise seed,reference,20260727T150508Z_modulation_recognition_blind_carrier__oracle_likelihood_snr14_seed71001,memory.run.end_rss_bytes,798412800
oracle_likelihood_snr14_seed71001,oracle_likelihood_snr14_seed71001,Oracle-synchronized likelihood reference · 14 dB · seed 71001,oracle_likelihood,Oracle-synchronized likelihood,oracle_likelihood,71001,snr_db=14,paired held-out symbol/carrier/noise seed,reference,20260727T150508Z_modulation_recognition_blind_carrier__oracle_likelihood_snr14_seed71001,memory.run.peak_rss_bytes,902488064
oracle_likelihood_snr14_seed71001,oracle_likelihood_snr14_seed71001,Oracle-synchronized likelihood reference · 14 dB · seed 71001,oracle_likelihood,Oracle-synchronized likelihood,oracle_likelihood,71001,snr_db=14,paired held-out symbol/carrier/noise seed,reference,20260727T150508Z_modulation_recognition_blind_carrier__oracle_likelihood_snr14_seed71001,memory.run.peak_rss_delta_bytes,93196288
oracle_likelihood_snr14_seed71001,oracle_likelihood_snr14_seed71001,Oracle-synchronized likelihood reference · 14 dB · seed 71001,oracle_likelihood,Oracle-synchronized likelihood,oracle_likelihood,71001,snr_db=14,paired held-out symbol/carrier/noise seed,reference,20260727T150508Z_modulation_recognition_blind_carrier__oracle_likelihood_snr14_seed71001,memory.run.sampler_interval_s,0.05
oracle_likelihood_snr14_seed71001,oracle_likelihood_snr14_seed71001,Oracle-synchronized likelihood reference · 14 dB · seed 71001,oracle_likelihood,Oracle-synchronized likelihood,oracle_likelihood,71001,snr_db=14,paired held-out symbol/carrier/noise seed,reference,20260727T150508Z_modulation_recognition_blind_carrier__oracle_likelihood_snr14_seed71001,memory.run.start_rss_bytes,809291776
oracle_likelihood_snr14_seed71001,oracle_likelihood_snr14_seed71001,Oracle-synchronized likelihood reference · 14 dB · seed 71001,oracle_likelihood,Oracle-synchronized likelihood,oracle_likelihood,71001,snr_db=14,paired held-out symbol/carrier/noise seed,reference,20260727T150508Z_modulation_recognition_blind_carrier__oracle_likelihood_snr14_seed71001,modulation_recognition.accuracy,1
oracle_likelihood_snr14_seed71001,oracle_likelihood_snr14_seed71001,Oracle-synchronized likelihood reference · 14 dB · seed 71001,oracle_likelihood,Oracle-synchronized likelihood,oracle_likelihood,71001,snr_db=14,paired held-out symbol/carrier/noise seed,reference,20260727T150508Z_modulation_recognition_blind_carrier__oracle_likelihood_snr14_seed71001,modulation_recognition.balanced_accuracy,1
oracle_likelihood_snr14_seed71001,oracle_likelihood_snr14_seed71001,Oracle-synchronized likelihood reference · 14 dB · seed 71001,oracle_likelihood,Oracle-synchronized likelihood,oracle_likelihood,71001,snr_db=14,paired held-out symbol/carrier/noise seed,reference,20260727T150508Z_modulation_recognition_blind_carrier__oracle_likelihood_snr14_seed71001,modulation_recognition.frame_count,1536
oracle_likelihood_snr14_seed71001,oracle_likelihood_snr14_seed71001,Oracle-synchronized likelihood reference · 14 dB · seed 71001,oracle_likelihood,Oracle-synchronized likelihood,oracle_likelihood,71001,snr_db=14,paired held-out symbol/carrier/noise seed,reference,20260727T150508Z_modulation_recognition_blind_carrier__oracle_likelihood_snr14_seed71001,modulation_recognition.macro_f1,1
oracle_likelihood_snr14_seed71001,oracle_likelihood_snr14_seed71001,Oracle-synchronized likelihood reference · 14 dB · seed 71001,oracle_likelihood,Oracle-synchronized likelihood,oracle_likelihood,71001,snr_db=14,paired held-out symbol/carrier/noise seed,reference,20260727T150508Z_modulation_recognition_blind_carrier__oracle_likelihood_snr14_seed71001,modulation_recognition.predicted_frame_count,1536
oracle_likelihood_snr14_seed71001,oracle_likelihood_snr14_seed71001,Oracle-synchronized likelihood reference · 14 dB · seed 71001,oracle_likelihood,Oracle-synchronized likelihood,oracle_likelihood,71001,snr_db=14,paired held-out symbol/carrier/noise seed,reference,20260727T150508Z_modulation_recognition_blind_carrier__oracle_likelihood_snr14_seed71001,modulation_recognition.symbols_per_frame,128
oracle_likelihood_snr14_seed71001,oracle_likelihood_snr14_seed71001,Oracle-synchronized likelihood reference · 14 dB · seed 71001,oracle_likelihood,Oracle-synchronized likelihood,oracle_likelihood,71001,snr_db=14,paired held-out symbol/carrier/noise seed,reference,20260727T150508Z_modulation_recognition_blind_carrier__oracle_likelihood_snr14_seed71001,steps.data.modulation_recognition.frame_count,1536
oracle_likelihood_snr14_seed71001,oracle_likelihood_snr14_seed71001,Oracle-synchronized likelihood reference · 14 dB · seed 71001,oracle_likelihood,Oracle-synchronized likelihood,oracle_likelihood,71001,snr_db=14,paired held-out symbol/carrier/noise seed,reference,20260727T150508Z_modulation_recognition_blind_carrier__oracle_likelihood_snr14_seed71001,steps.data.modulation_recognition.symbols_per_frame,128
oracle_likelihood_snr14_seed71001,oracle_likelihood_snr14_seed71001,Oracle-synchronized likelihood reference · 14 dB · seed 71001,oracle_likelihood,Oracle-synchronized likelihood,oracle_likelihood,71001,snr_db=14,paired held-out symbol/carrier/noise seed,reference,20260727T150508Z_modulation_recognition_blind_carrier__oracle_likelihood_snr14_seed71001,steps.data.timing.step.wall_time_s,0.063187
oracle_likelihood_snr14_seed71001,oracle_likelihood_snr14_seed71001,Oracle-synchronized likelihood reference · 14 dB · seed 71001,oracle_likelihood,Oracle-synchronized likelihood,oracle_likelihood,71001,snr_db=14,paired held-out symbol/carrier/noise seed,reference,20260727T150508Z_modulation_recognition_blind_carrier__oracle_likelihood_snr14_seed71001,steps.evaluation.channel.snr_db,14
oracle_likelihood_snr14_seed71001,oracle_likelihood_snr14_seed71001,Oracle-synchronized likelihood reference · 14 dB · seed 71001,oracle_likelihood,Oracle-synchronized likelihood,oracle_likelihood,71001,snr_db=14,paired held-out symbol/carrier/noise seed,reference,20260727T150508Z_modulation_recognition_blind_carrier__oracle_likelihood_snr14_seed71001,steps.evaluation.classification.balanced_accuracy,1
oracle_likelihood_snr14_seed71001,oracle_likelihood_snr14_seed71001,Oracle-synchronized likelihood reference · 14 dB · seed 71001,oracle_likelihood,Oracle-synchronized likelihood,oracle_likelihood,71001,snr_db=14,paired held-out symbol/carrier/noise seed,reference,20260727T150508Z_modulation_recognition_blind_carrier__oracle_likelihood_snr14_seed71001,steps.evaluation.modulation_recognition.accuracy,1
oracle_likelihood_snr14_seed71001,oracle_likelihood_snr14_seed71001,Oracle-synchronized likelihood reference · 14 dB · seed 71001,oracle_likelihood,Oracle-synchronized likelihood,oracle_likelihood,71001,snr_db=14,paired held-out symbol/carrier/noise seed,reference,20260727T150508Z_modulation_recognition_blind_carrier__oracle_likelihood_snr14_seed71001,steps.evaluation.modulation_recognition.balanced_accuracy,1
oracle_likelihood_snr14_seed71001,oracle_likelihood_snr14_seed71001,Oracle-synchronized likelihood reference · 14 dB · seed 71001,oracle_likelihood,Oracle-synchronized likelihood,oracle_likelihood,71001,snr_db=14,paired held-out symbol/carrier/noise seed,reference,20260727T150508Z_modulation_recognition_blind_carrier__oracle_likelihood_snr14_seed71001,steps.evaluation.modulation_recognition.macro_f1,1
oracle_likelihood_snr14_seed71001,oracle_likelihood_snr14_seed71001,Oracle-synchronized likelihood reference · 14 dB · seed 71001,oracle_likelihood,Oracle-synchronized likelihood,oracle_likelihood,71001,snr_db=14,paired held-out symbol/carrier/noise seed,reference,20260727T150508Z_modulation_recognition_blind_carrier__oracle_likelihood_snr14_seed71001,steps.evaluation.task.accuracy,1
oracle_likelihood_snr14_seed71001,oracle_likelihood_snr14_seed71001,Oracle-synchronized likelihood reference · 14 dB · seed 71001,oracle_likelihood,Oracle-synchronized likelihood,oracle_likelihood,71001,snr_db=14,paired held-out symbol/carrier/noise seed,reference,20260727T150508Z_modulation_recognition_blind_carrier__oracle_likelihood_snr14_seed71001,steps.evaluation.task.score,1
oracle_likelihood_snr14_seed71001,oracle_likelihood_snr14_seed71001,Oracle-synchronized likelihood reference · 14 dB · seed 71001,oracle_likelihood,Oracle-synchronized likelihood,oracle_likelihood,71001,snr_db=14,paired held-out symbol/carrier/noise seed,reference,20260727T150508Z_modulation_recognition_blind_carrier__oracle_likelihood_snr14_seed71001,steps.evaluation.timing.step.wall_time_s,0.006994
oracle_likelihood_snr14_seed71001,oracle_likelihood_snr14_seed71001,Oracle-synchronized likelihood reference · 14 dB · seed 71001,oracle_likelihood,Oracle-synchronized likelihood,oracle_likelihood,71001,snr_db=14,paired held-out symbol/carrier/noise seed,reference,20260727T150508Z_modulation_recognition_blind_carrier__oracle_likelihood_snr14_seed71001,steps.observation.channel.carrier.cfo_abs_mean_cycles_per_symbol,0.002954
oracle_likelihood_snr14_seed71001,oracle_likelihood_snr14_seed71001,Oracle-synchronized likelihood reference · 14 dB · seed 71001,oracle_likelihood,Oracle-synchronized likelihood,oracle_likelihood,71001,snr_db=14,paired held-out symbol/carrier/noise seed,reference,20260727T150508Z_modulation_recognition_blind_carrier__oracle_likelihood_snr14_seed71001,steps.observation.channel.carrier.initial_phase_abs_mean_rad,1.552568
oracle_likelihood_snr14_seed71001,oracle_likelihood_snr14_seed71001,Oracle-synchronized likelihood reference · 14 dB · seed 71001,oracle_likelihood,Oracle-synchronized likelihood,oracle_likelihood,71001,snr_db=14,paired held-out symbol/carrier/noise seed,reference,20260727T150508Z_modulation_recognition_blind_carrier__oracle_likelihood_snr14_seed71001,steps.observation.channel.snr_db,14
oracle_likelihood_snr14_seed71001,oracle_likelihood_snr14_seed71001,Oracle-synchronized likelihood reference · 14 dB · seed 71001,oracle_likelihood,Oracle-synchronized likelihood,oracle_likelihood,71001,snr_db=14,paired held-out symbol/carrier/noise seed,reference,20260727T150508Z_modulation_recognition_blind_carrier__oracle_likelihood_snr14_seed71001,steps.observation.channel.snr_db_max,14
oracle_likelihood_snr14_seed71001,oracle_likelihood_snr14_seed71001,Oracle-synchronized likelihood reference · 14 dB · seed 71001,oracle_likelihood,Oracle-synchronized likelihood,oracle_likelihood,71001,snr_db=14,paired held-out symbol/carrier/noise seed,reference,20260727T150508Z_modulation_recognition_blind_carrier__oracle_likelihood_snr14_seed71001,steps.observation.channel.snr_db_min,14
oracle_likelihood_snr14_seed71001,oracle_likelihood_snr14_seed71001,Oracle-synchronized likelihood reference · 14 dB · seed 71001,oracle_likelihood,Oracle-synchronized likelihood,oracle_likelihood,71001,snr_db=14,paired held-out symbol/carrier/noise seed,reference,20260727T150508Z_modulation_recognition_blind_carrier__oracle_likelihood_snr14_seed71001,steps.observation.modulation_recognition.frame_count,1536
oracle_likelihood_snr14_seed71001,oracle_likelihood_snr14_seed71001,Oracle-synchronized likelihood reference · 14 dB · seed 71001,oracle_likelihood,Oracle-synchronized likelihood,oracle_likelihood,71001,snr_db=14,paired held-out symbol/carrier/noise seed,reference,20260727T150508Z_modulation_recognition_blind_carrier__oracle_likelihood_snr14_seed71001,steps.observation.timing.step.wall_time_s,0.093895
oracle_likelihood_snr14_seed71001,oracle_likelihood_snr14_seed71001,Oracle-synchronized likelihood reference · 14 dB · seed 71001,oracle_likelihood,Oracle-synchronized likelihood,oracle_likelihood,71001,snr_db=14,paired held-out symbol/carrier/noise seed,reference,20260727T150508Z_modulation_recognition_blind_carrier__oracle_likelihood_snr14_seed71001,steps.receiver.modulation_recognition.predicted_frame_count,1536
oracle_likelihood_snr14_seed71001,oracle_likelihood_snr14_seed71001,Oracle-synchronized likelihood reference · 14 dB · seed 71001,oracle_likelihood,Oracle-synchronized likelihood,oracle_likelihood,71001,snr_db=14,paired held-out symbol/carrier/noise seed,reference,20260727T150508Z_modulation_recognition_blind_carrier__oracle_likelihood_snr14_seed71001,steps.receiver.timing.step.wall_time_s,0.310887
oracle_likelihood_snr14_seed71001,oracle_likelihood_snr14_seed71001,Oracle-synchronized likelihood reference · 14 dB · seed 71001,oracle_likelihood,Oracle-synchronized likelihood,oracle_likelihood,71001,snr_db=14,paired held-out symbol/carrier/noise seed,reference,20260727T150508Z_modulation_recognition_blind_carrier__oracle_likelihood_snr14_seed71001,task.accuracy,1
oracle_likelihood_snr14_seed71001,oracle_likelihood_snr14_seed71001,Oracle-synchronized likelihood reference · 14 dB · seed 71001,oracle_likelihood,Oracle-synchronized likelihood,oracle_likelihood,71001,snr_db=14,paired held-out symbol/carrier/noise seed,reference,20260727T150508Z_modulation_recognition_blind_carrier__oracle_likelihood_snr14_seed71001,task.score,1
oracle_likelihood_snr14_seed72001,oracle_likelihood_snr14_seed72001,Oracle-synchronized likelihood reference · 14 dB · seed 72001,oracle_likelihood,Oracle-synchronized likelihood,oracle_likelihood,72001,snr_db=14,paired held-out symbol/carrier/noise seed,reference,20260727T150516Z_modulation_recognition_blind_carrier__oracle_likelihood_snr14_seed72001,channel.carrier.cfo_abs_mean_cycles_per_symbol,0.002995
oracle_likelihood_snr14_seed72001,oracle_likelihood_snr14_seed72001,Oracle-synchronized likelihood reference · 14 dB · seed 72001,oracle_likelihood,Oracle-synchronized likelihood,oracle_likelihood,72001,snr_db=14,paired held-out symbol/carrier/noise seed,reference,20260727T150516Z_modulation_recognition_blind_carrier__oracle_likelihood_snr14_seed72001,channel.carrier.initial_phase_abs_mean_rad,1.588569
oracle_likelihood_snr14_seed72001,oracle_likelihood_snr14_seed72001,Oracle-synchronized likelihood reference · 14 dB · seed 72001,oracle_likelihood,Oracle-synchronized likelihood,oracle_likelihood,72001,snr_db=14,paired held-out symbol/carrier/noise seed,reference,20260727T150516Z_modulation_recognition_blind_carrier__oracle_likelihood_snr14_seed72001,channel.snr_db,14
oracle_likelihood_snr14_seed72001,oracle_likelihood_snr14_seed72001,Oracle-synchronized likelihood reference · 14 dB · seed 72001,oracle_likelihood,Oracle-synchronized likelihood,oracle_likelihood,72001,snr_db=14,paired held-out symbol/carrier/noise seed,reference,20260727T150516Z_modulation_recognition_blind_carrier__oracle_likelihood_snr14_seed72001,channel.snr_db_max,14
oracle_likelihood_snr14_seed72001,oracle_likelihood_snr14_seed72001,Oracle-synchronized likelihood reference · 14 dB · seed 72001,oracle_likelihood,Oracle-synchronized likelihood,oracle_likelihood,72001,snr_db=14,paired held-out symbol/carrier/noise seed,reference,20260727T150516Z_modulation_recognition_blind_carrier__oracle_likelihood_snr14_seed72001,channel.snr_db_min,14
oracle_likelihood_snr14_seed72001,oracle_likelihood_snr14_seed72001,Oracle-synchronized likelihood reference · 14 dB · seed 72001,oracle_likelihood,Oracle-synchronized likelihood,oracle_likelihood,72001,snr_db=14,paired held-out symbol/carrier/noise seed,reference,20260727T150516Z_modulation_recognition_blind_carrier__oracle_likelihood_snr14_seed72001,classification.balanced_accuracy,1
oracle_likelihood_snr14_seed72001,oracle_likelihood_snr14_seed72001,Oracle-synchronized likelihood reference · 14 dB · seed 72001,oracle_likelihood,Oracle-synchronized likelihood,oracle_likelihood,72001,snr_db=14,paired held-out symbol/carrier/noise seed,reference,20260727T150516Z_modulation_recognition_blind_carrier__oracle_likelihood_snr14_seed72001,memory.run.end_rss_bytes,805187584
oracle_likelihood_snr14_seed72001,oracle_likelihood_snr14_seed72001,Oracle-synchronized likelihood reference · 14 dB · seed 72001,oracle_likelihood,Oracle-synchronized likelihood,oracle_likelihood,72001,snr_db=14,paired held-out symbol/carrier/noise seed,reference,20260727T150516Z_modulation_recognition_blind_carrier__oracle_likelihood_snr14_seed72001,memory.run.peak_rss_bytes,910442496
oracle_likelihood_snr14_seed72001,oracle_likelihood_snr14_seed72001,Oracle-synchronized likelihood reference · 14 dB · seed 72001,oracle_likelihood,Oracle-synchronized likelihood,oracle_likelihood,72001,snr_db=14,paired held-out symbol/carrier/noise seed,reference,20260727T150516Z_modulation_recognition_blind_carrier__oracle_likelihood_snr14_seed72001,memory.run.peak_rss_delta_bytes,94375936
oracle_likelihood_snr14_seed72001,oracle_likelihood_snr14_seed72001,Oracle-synchronized likelihood reference · 14 dB · seed 72001,oracle_likelihood,Oracle-synchronized likelihood,oracle_likelihood,72001,snr_db=14,paired held-out symbol/carrier/noise seed,reference,20260727T150516Z_modulation_recognition_blind_carrier__oracle_likelihood_snr14_seed72001,memory.run.sampler_interval_s,0.05
oracle_likelihood_snr14_seed72001,oracle_likelihood_snr14_seed72001,Oracle-synchronized likelihood reference · 14 dB · seed 72001,oracle_likelihood,Oracle-synchronized likelihood,oracle_likelihood,72001,snr_db=14,paired held-out symbol/carrier/noise seed,reference,20260727T150516Z_modulation_recognition_blind_carrier__oracle_likelihood_snr14_seed72001,memory.run.start_rss_bytes,816066560
oracle_likelihood_snr14_seed72001,oracle_likelihood_snr14_seed72001,Oracle-synchronized likelihood reference · 14 dB · seed 72001,oracle_likelihood,Oracle-synchronized likelihood,oracle_likelihood,72001,snr_db=14,paired held-out symbol/carrier/noise seed,reference,20260727T150516Z_modulation_recognition_blind_carrier__oracle_likelihood_snr14_seed72001,modulation_recognition.accuracy,1
oracle_likelihood_snr14_seed72001,oracle_likelihood_snr14_seed72001,Oracle-synchronized likelihood reference · 14 dB · seed 72001,oracle_likelihood,Oracle-synchronized likelihood,oracle_likelihood,72001,snr_db=14,paired held-out symbol/carrier/noise seed,reference,20260727T150516Z_modulation_recognition_blind_carrier__oracle_likelihood_snr14_seed72001,modulation_recognition.balanced_accuracy,1
oracle_likelihood_snr14_seed72001,oracle_likelihood_snr14_seed72001,Oracle-synchronized likelihood reference · 14 dB · seed 72001,oracle_likelihood,Oracle-synchronized likelihood,oracle_likelihood,72001,snr_db=14,paired held-out symbol/carrier/noise seed,reference,20260727T150516Z_modulation_recognition_blind_carrier__oracle_likelihood_snr14_seed72001,modulation_recognition.frame_count,1536
oracle_likelihood_snr14_seed72001,oracle_likelihood_snr14_seed72001,Oracle-synchronized likelihood reference · 14 dB · seed 72001,oracle_likelihood,Oracle-synchronized likelihood,oracle_likelihood,72001,snr_db=14,paired held-out symbol/carrier/noise seed,reference,20260727T150516Z_modulation_recognition_blind_carrier__oracle_likelihood_snr14_seed72001,modulation_recognition.macro_f1,1
oracle_likelihood_snr14_seed72001,oracle_likelihood_snr14_seed72001,Oracle-synchronized likelihood reference · 14 dB · seed 72001,oracle_likelihood,Oracle-synchronized likelihood,oracle_likelihood,72001,snr_db=14,paired held-out symbol/carrier/noise seed,reference,20260727T150516Z_modulation_recognition_blind_carrier__oracle_likelihood_snr14_seed72001,modulation_recognition.predicted_frame_count,1536
oracle_likelihood_snr14_seed72001,oracle_likelihood_snr14_seed72001,Oracle-synchronized likelihood reference · 14 dB · seed 72001,oracle_likelihood,Oracle-synchronized likelihood,oracle_likelihood,72001,snr_db=14,paired held-out symbol/carrier/noise seed,reference,20260727T150516Z_modulation_recognition_blind_carrier__oracle_likelihood_snr14_seed72001,modulation_recognition.symbols_per_frame,128
oracle_likelihood_snr14_seed72001,oracle_likelihood_snr14_seed72001,Oracle-synchronized likelihood reference · 14 dB · seed 72001,oracle_likelihood,Oracle-synchronized likelihood,oracle_likelihood,72001,snr_db=14,paired held-out symbol/carrier/noise seed,reference,20260727T150516Z_modulation_recognition_blind_carrier__oracle_likelihood_snr14_seed72001,steps.data.modulation_recognition.frame_count,1536
oracle_likelihood_snr14_seed72001,oracle_likelihood_snr14_seed72001,Oracle-synchronized likelihood reference · 14 dB · seed 72001,oracle_likelihood,Oracle-synchronized likelihood,oracle_likelihood,72001,snr_db=14,paired held-out symbol/carrier/noise seed,reference,20260727T150516Z_modulation_recognition_blind_carrier__oracle_likelihood_snr14_seed72001,steps.data.modulation_recognition.symbols_per_frame,128
oracle_likelihood_snr14_seed72001,oracle_likelihood_snr14_seed72001,Oracle-synchronized likelihood reference · 14 dB · seed 72001,oracle_likelihood,Oracle-synchronized likelihood,oracle_likelihood,72001,snr_db=14,paired held-out symbol/carrier/noise seed,reference,20260727T150516Z_modulation_recognition_blind_carrier__oracle_likelihood_snr14_seed72001,steps.data.timing.step.wall_time_s,0.062638
oracle_likelihood_snr14_seed72001,oracle_likelihood_snr14_seed72001,Oracle-synchronized likelihood reference · 14 dB · seed 72001,oracle_likelihood,Oracle-synchronized likelihood,oracle_likelihood,72001,snr_db=14,paired held-out symbol/carrier/noise seed,reference,20260727T150516Z_modulation_recognition_blind_carrier__oracle_likelihood_snr14_seed72001,steps.evaluation.channel.snr_db,14
oracle_likelihood_snr14_seed72001,oracle_likelihood_snr14_seed72001,Oracle-synchronized likelihood reference · 14 dB · seed 72001,oracle_likelihood,Oracle-synchronized likelihood,oracle_likelihood,72001,snr_db=14,paired held-out symbol/carrier/noise seed,reference,20260727T150516Z_modulation_recognition_blind_carrier__oracle_likelihood_snr14_seed72001,steps.evaluation.classification.balanced_accuracy,1
oracle_likelihood_snr14_seed72001,oracle_likelihood_snr14_seed72001,Oracle-synchronized likelihood reference · 14 dB · seed 72001,oracle_likelihood,Oracle-synchronized likelihood,oracle_likelihood,72001,snr_db=14,paired held-out symbol/carrier/noise seed,reference,20260727T150516Z_modulation_recognition_blind_carrier__oracle_likelihood_snr14_seed72001,steps.evaluation.modulation_recognition.accuracy,1
oracle_likelihood_snr14_seed72001,oracle_likelihood_snr14_seed72001,Oracle-synchronized likelihood reference · 14 dB · seed 72001,oracle_likelihood,Oracle-synchronized likelihood,oracle_likelihood,72001,snr_db=14,paired held-out symbol/carrier/noise seed,reference,20260727T150516Z_modulation_recognition_blind_carrier__oracle_likelihood_snr14_seed72001,steps.evaluation.modulation_recognition.balanced_accuracy,1
oracle_likelihood_snr14_seed72001,oracle_likelihood_snr14_seed72001,Oracle-synchronized likelihood reference · 14 dB · seed 72001,oracle_likelihood,Oracle-synchronized likelihood,oracle_likelihood,72001,snr_db=14,paired held-out symbol/carrier/noise seed,reference,20260727T150516Z_modulation_recognition_blind_carrier__oracle_likelihood_snr14_seed72001,steps.evaluation.modulation_recognition.macro_f1,1
oracle_likelihood_snr14_seed72001,oracle_likelihood_snr14_seed72001,Oracle-synchronized likelihood reference · 14 dB · seed 72001,oracle_likelihood,Oracle-synchronized likelihood,oracle_likelihood,72001,snr_db=14,paired held-out symbol/carrier/noise seed,reference,20260727T150516Z_modulation_recognition_blind_carrier__oracle_likelihood_snr14_seed72001,steps.evaluation.task.accuracy,1
oracle_likelihood_snr14_seed72001,oracle_likelihood_snr14_seed72001,Oracle-synchronized likelihood reference · 14 dB · seed 72001,oracle_likelihood,Oracle-synchronized likelihood,oracle_likelihood,72001,snr_db=14,paired held-out symbol/carrier/noise seed,reference,20260727T150516Z_modulation_recognition_blind_carrier__oracle_likelihood_snr14_seed72001,steps.evaluation.task.score,1
oracle_likelihood_snr14_seed72001,oracle_likelihood_snr14_seed72001,Oracle-synchronized likelihood reference · 14 dB · seed 72001,oracle_likelihood,Oracle-synchronized likelihood,oracle_likelihood,72001,snr_db=14,paired held-out symbol/carrier/noise seed,reference,20260727T150516Z_modulation_recognition_blind_carrier__oracle_likelihood_snr14_seed72001,steps.evaluation.timing.step.wall_time_s,0.007239
oracle_likelihood_snr14_seed72001,oracle_likelihood_snr14_seed72001,Oracle-synchronized likelihood reference · 14 dB · seed 72001,oracle_likelihood,Oracle-synchronized likelihood,oracle_likelihood,72001,snr_db=14,paired held-out symbol/carrier/noise seed,reference,20260727T150516Z_modulation_recognition_blind_carrier__oracle_likelihood_snr14_seed72001,steps.observation.channel.carrier.cfo_abs_mean_cycles_per_symbol,0.002995
oracle_likelihood_snr14_seed72001,oracle_likelihood_snr14_seed72001,Oracle-synchronized likelihood reference · 14 dB · seed 72001,oracle_likelihood,Oracle-synchronized likelihood,oracle_likelihood,72001,snr_db=14,paired held-out symbol/carrier/noise seed,reference,20260727T150516Z_modulation_recognition_blind_carrier__oracle_likelihood_snr14_seed72001,steps.observation.channel.carrier.initial_phase_abs_mean_rad,1.588569
oracle_likelihood_snr14_seed72001,oracle_likelihood_snr14_seed72001,Oracle-synchronized likelihood reference · 14 dB · seed 72001,oracle_likelihood,Oracle-synchronized likelihood,oracle_likelihood,72001,snr_db=14,paired held-out symbol/carrier/noise seed,reference,20260727T150516Z_modulation_recognition_blind_carrier__oracle_likelihood_snr14_seed72001,steps.observation.channel.snr_db,14
oracle_likelihood_snr14_seed72001,oracle_likelihood_snr14_seed72001,Oracle-synchronized likelihood reference · 14 dB · seed 72001,oracle_likelihood,Oracle-synchronized likelihood,oracle_likelihood,72001,snr_db=14,paired held-out symbol/carrier/noise seed,reference,20260727T150516Z_modulation_recognition_blind_carrier__oracle_likelihood_snr14_seed72001,steps.observation.channel.snr_db_max,14
oracle_likelihood_snr14_seed72001,oracle_likelihood_snr14_seed72001,Oracle-synchronized likelihood reference · 14 dB · seed 72001,oracle_likelihood,Oracle-synchronized likelihood,oracle_likelihood,72001,snr_db=14,paired held-out symbol/carrier/noise seed,reference,20260727T150516Z_modulation_recognition_blind_carrier__oracle_likelihood_snr14_seed72001,steps.observation.channel.snr_db_min,14
oracle_likelihood_snr14_seed72001,oracle_likelihood_snr14_seed72001,Oracle-synchronized likelihood reference · 14 dB · seed 72001,oracle_likelihood,Oracle-synchronized likelihood,oracle_likelihood,72001,snr_db=14,paired held-out symbol/carrier/noise seed,reference,20260727T150516Z_modulation_recognition_blind_carrier__oracle_likelihood_snr14_seed72001,steps.observation.modulation_recognition.frame_count,1536
oracle_likelihood_snr14_seed72001,oracle_likelihood_snr14_seed72001,Oracle-synchronized likelihood reference · 14 dB · seed 72001,oracle_likelihood,Oracle-synchronized likelihood,oracle_likelihood,72001,snr_db=14,paired held-out symbol/carrier/noise seed,reference,20260727T150516Z_modulation_recognition_blind_carrier__oracle_likelihood_snr14_seed72001,steps.observation.timing.step.wall_time_s,0.098075
oracle_likelihood_snr14_seed72001,oracle_likelihood_snr14_seed72001,Oracle-synchronized likelihood reference · 14 dB · seed 72001,oracle_likelihood,Oracle-synchronized likelihood,oracle_likelihood,72001,snr_db=14,paired held-out symbol/carrier/noise seed,reference,20260727T150516Z_modulation_recognition_blind_carrier__oracle_likelihood_snr14_seed72001,steps.receiver.modulation_recognition.predicted_frame_count,1536
oracle_likelihood_snr14_seed72001,oracle_likelihood_snr14_seed72001,Oracle-synchronized likelihood reference · 14 dB · seed 72001,oracle_likelihood,Oracle-synchronized likelihood,oracle_likelihood,72001,snr_db=14,paired held-out symbol/carrier/noise seed,reference,20260727T150516Z_modulation_recognition_blind_carrier__oracle_likelihood_snr14_seed72001,steps.receiver.timing.step.wall_time_s,0.268733
oracle_likelihood_snr14_seed72001,oracle_likelihood_snr14_seed72001,Oracle-synchronized likelihood reference · 14 dB · seed 72001,oracle_likelihood,Oracle-synchronized likelihood,oracle_likelihood,72001,snr_db=14,paired held-out symbol/carrier/noise seed,reference,20260727T150516Z_modulation_recognition_blind_carrier__oracle_likelihood_snr14_seed72001,task.accuracy,1
oracle_likelihood_snr14_seed72001,oracle_likelihood_snr14_seed72001,Oracle-synchronized likelihood reference · 14 dB · seed 72001,oracle_likelihood,Oracle-synchronized likelihood,oracle_likelihood,72001,snr_db=14,paired held-out symbol/carrier/noise seed,reference,20260727T150516Z_modulation_recognition_blind_carrier__oracle_likelihood_snr14_seed72001,task.score,1
oracle_likelihood_snr14_seed73001,oracle_likelihood_snr14_seed73001,Oracle-synchronized likelihood reference · 14 dB · seed 73001,oracle_likelihood,Oracle-synchronized likelihood,oracle_likelihood,73001,snr_db=14,paired held-out symbol/carrier/noise seed,reference,20260727T150525Z_modulation_recognition_blind_carrier__oracle_likelihood_snr14_seed73001,channel.carrier.cfo_abs_mean_cycles_per_symbol,0.003047
oracle_likelihood_snr14_seed73001,oracle_likelihood_snr14_seed73001,Oracle-synchronized likelihood reference · 14 dB · seed 73001,oracle_likelihood,Oracle-synchronized likelihood,oracle_likelihood,73001,snr_db=14,paired held-out symbol/carrier/noise seed,reference,20260727T150525Z_modulation_recognition_blind_carrier__oracle_likelihood_snr14_seed73001,channel.carrier.initial_phase_abs_mean_rad,1.55227
oracle_likelihood_snr14_seed73001,oracle_likelihood_snr14_seed73001,Oracle-synchronized likelihood reference · 14 dB · seed 73001,oracle_likelihood,Oracle-synchronized likelihood,oracle_likelihood,73001,snr_db=14,paired held-out symbol/carrier/noise seed,reference,20260727T150525Z_modulation_recognition_blind_carrier__oracle_likelihood_snr14_seed73001,channel.snr_db,14
oracle_likelihood_snr14_seed73001,oracle_likelihood_snr14_seed73001,Oracle-synchronized likelihood reference · 14 dB · seed 73001,oracle_likelihood,Oracle-synchronized likelihood,oracle_likelihood,73001,snr_db=14,paired held-out symbol/carrier/noise seed,reference,20260727T150525Z_modulation_recognition_blind_carrier__oracle_likelihood_snr14_seed73001,channel.snr_db_max,14
oracle_likelihood_snr14_seed73001,oracle_likelihood_snr14_seed73001,Oracle-synchronized likelihood reference · 14 dB · seed 73001,oracle_likelihood,Oracle-synchronized likelihood,oracle_likelihood,73001,snr_db=14,paired held-out symbol/carrier/noise seed,reference,20260727T150525Z_modulation_recognition_blind_carrier__oracle_likelihood_snr14_seed73001,channel.snr_db_min,14
oracle_likelihood_snr14_seed73001,oracle_likelihood_snr14_seed73001,Oracle-synchronized likelihood reference · 14 dB · seed 73001,oracle_likelihood,Oracle-synchronized likelihood,oracle_likelihood,73001,snr_db=14,paired held-out symbol/carrier/noise seed,reference,20260727T150525Z_modulation_recognition_blind_carrier__oracle_likelihood_snr14_seed73001,classification.balanced_accuracy,1
oracle_likelihood_snr14_seed73001,oracle_likelihood_snr14_seed73001,Oracle-synchronized likelihood reference · 14 dB · seed 73001,oracle_likelihood,Oracle-synchronized likelihood,oracle_likelihood,73001,snr_db=14,paired held-out symbol/carrier/noise seed,reference,20260727T150525Z_modulation_recognition_blind_carrier__oracle_likelihood_snr14_seed73001,memory.run.end_rss_bytes,811380736
oracle_likelihood_snr14_seed73001,oracle_likelihood_snr14_seed73001,Oracle-synchronized likelihood reference · 14 dB · seed 73001,oracle_likelihood,Oracle-synchronized likelihood,oracle_likelihood,73001,snr_db=14,paired held-out symbol/carrier/noise seed,reference,20260727T150525Z_modulation_recognition_blind_carrier__oracle_likelihood_snr14_seed73001,memory.run.peak_rss_bytes,918208512
oracle_likelihood_snr14_seed73001,oracle_likelihood_snr14_seed73001,Oracle-synchronized likelihood reference · 14 dB · seed 73001,oracle_likelihood,Oracle-synchronized likelihood,oracle_likelihood,73001,snr_db=14,paired held-out symbol/carrier/noise seed,reference,20260727T150525Z_modulation_recognition_blind_carrier__oracle_likelihood_snr14_seed73001,memory.run.peak_rss_delta_bytes,94998528
oracle_likelihood_snr14_seed73001,oracle_likelihood_snr14_seed73001,Oracle-synchronized likelihood reference · 14 dB · seed 73001,oracle_likelihood,Oracle-synchronized likelihood,oracle_likelihood,73001,snr_db=14,paired held-out symbol/carrier/noise seed,reference,20260727T150525Z_modulation_recognition_blind_carrier__oracle_likelihood_snr14_seed73001,memory.run.sampler_interval_s,0.05
oracle_likelihood_snr14_seed73001,oracle_likelihood_snr14_seed73001,Oracle-synchronized likelihood reference · 14 dB · seed 73001,oracle_likelihood,Oracle-synchronized likelihood,oracle_likelihood,73001,snr_db=14,paired held-out symbol/carrier/noise seed,reference,20260727T150525Z_modulation_recognition_blind_carrier__oracle_likelihood_snr14_seed73001,memory.run.start_rss_bytes,823209984
oracle_likelihood_snr14_seed73001,oracle_likelihood_snr14_seed73001,Oracle-synchronized likelihood reference · 14 dB · seed 73001,oracle_likelihood,Oracle-synchronized likelihood,oracle_likelihood,73001,snr_db=14,paired held-out symbol/carrier/noise seed,reference,20260727T150525Z_modulation_recognition_blind_carrier__oracle_likelihood_snr14_seed73001,modulation_recognition.accuracy,1
oracle_likelihood_snr14_seed73001,oracle_likelihood_snr14_seed73001,Oracle-synchronized likelihood reference · 14 dB · seed 73001,oracle_likelihood,Oracle-synchronized likelihood,oracle_likelihood,73001,snr_db=14,paired held-out symbol/carrier/noise seed,reference,20260727T150525Z_modulation_recognition_blind_carrier__oracle_likelihood_snr14_seed73001,modulation_recognition.balanced_accuracy,1
oracle_likelihood_snr14_seed73001,oracle_likelihood_snr14_seed73001,Oracle-synchronized likelihood reference · 14 dB · seed 73001,oracle_likelihood,Oracle-synchronized likelihood,oracle_likelihood,73001,snr_db=14,paired held-out symbol/carrier/noise seed,reference,20260727T150525Z_modulation_recognition_blind_carrier__oracle_likelihood_snr14_seed73001,modulation_recognition.frame_count,1536
oracle_likelihood_snr14_seed73001,oracle_likelihood_snr14_seed73001,Oracle-synchronized likelihood reference · 14 dB · seed 73001,oracle_likelihood,Oracle-synchronized likelihood,oracle_likelihood,73001,snr_db=14,paired held-out symbol/carrier/noise seed,reference,20260727T150525Z_modulation_recognition_blind_carrier__oracle_likelihood_snr14_seed73001,modulation_recognition.macro_f1,1
oracle_likelihood_snr14_seed73001,oracle_likelihood_snr14_seed73001,Oracle-synchronized likelihood reference · 14 dB · seed 73001,oracle_likelihood,Oracle-synchronized likelihood,oracle_likelihood,73001,snr_db=14,paired held-out symbol/carrier/noise seed,reference,20260727T150525Z_modulation_recognition_blind_carrier__oracle_likelihood_snr14_seed73001,modulation_recognition.predicted_frame_count,1536
oracle_likelihood_snr14_seed73001,oracle_likelihood_snr14_seed73001,Oracle-synchronized likelihood reference · 14 dB · seed 73001,oracle_likelihood,Oracle-synchronized likelihood,oracle_likelihood,73001,snr_db=14,paired held-out symbol/carrier/noise seed,reference,20260727T150525Z_modulation_recognition_blind_carrier__oracle_likelihood_snr14_seed73001,modulation_recognition.symbols_per_frame,128
oracle_likelihood_snr14_seed73001,oracle_likelihood_snr14_seed73001,Oracle-synchronized likelihood reference · 14 dB · seed 73001,oracle_likelihood,Oracle-synchronized likelihood,oracle_likelihood,73001,snr_db=14,paired held-out symbol/carrier/noise seed,reference,20260727T150525Z_modulation_recognition_blind_carrier__oracle_likelihood_snr14_seed73001,steps.data.modulation_recognition.frame_count,1536
oracle_likelihood_snr14_seed73001,oracle_likelihood_snr14_seed73001,Oracle-synchronized likelihood reference · 14 dB · seed 73001,oracle_likelihood,Oracle-synchronized likelihood,oracle_likelihood,73001,snr_db=14,paired held-out symbol/carrier/noise seed,reference,20260727T150525Z_modulation_recognition_blind_carrier__oracle_likelihood_snr14_seed73001,steps.data.modulation_recognition.symbols_per_frame,128
oracle_likelihood_snr14_seed73001,oracle_likelihood_snr14_seed73001,Oracle-synchronized likelihood reference · 14 dB · seed 73001,oracle_likelihood,Oracle-synchronized likelihood,oracle_likelihood,73001,snr_db=14,paired held-out symbol/carrier/noise seed,reference,20260727T150525Z_modulation_recognition_blind_carrier__oracle_likelihood_snr14_seed73001,steps.data.timing.step.wall_time_s,0.063673
oracle_likelihood_snr14_seed73001,oracle_likelihood_snr14_seed73001,Oracle-synchronized likelihood reference · 14 dB · seed 73001,oracle_likelihood,Oracle-synchronized likelihood,oracle_likelihood,73001,snr_db=14,paired held-out symbol/carrier/noise seed,reference,20260727T150525Z_modulation_recognition_blind_carrier__oracle_likelihood_snr14_seed73001,steps.evaluation.channel.snr_db,14
oracle_likelihood_snr14_seed73001,oracle_likelihood_snr14_seed73001,Oracle-synchronized likelihood reference · 14 dB · seed 73001,oracle_likelihood,Oracle-synchronized likelihood,oracle_likelihood,73001,snr_db=14,paired held-out symbol/carrier/noise seed,reference,20260727T150525Z_modulation_recognition_blind_carrier__oracle_likelihood_snr14_seed73001,steps.evaluation.classification.balanced_accuracy,1
oracle_likelihood_snr14_seed73001,oracle_likelihood_snr14_seed73001,Oracle-synchronized likelihood reference · 14 dB · seed 73001,oracle_likelihood,Oracle-synchronized likelihood,oracle_likelihood,73001,snr_db=14,paired held-out symbol/carrier/noise seed,reference,20260727T150525Z_modulation_recognition_blind_carrier__oracle_likelihood_snr14_seed73001,steps.evaluation.modulation_recognition.accuracy,1
oracle_likelihood_snr14_seed73001,oracle_likelihood_snr14_seed73001,Oracle-synchronized likelihood reference · 14 dB · seed 73001,oracle_likelihood,Oracle-synchronized likelihood,oracle_likelihood,73001,snr_db=14,paired held-out symbol/carrier/noise seed,reference,20260727T150525Z_modulation_recognition_blind_carrier__oracle_likelihood_snr14_seed73001,steps.evaluation.modulation_recognition.balanced_accuracy,1
oracle_likelihood_snr14_seed73001,oracle_likelihood_snr14_seed73001,Oracle-synchronized likelihood reference · 14 dB · seed 73001,oracle_likelihood,Oracle-synchronized likelihood,oracle_likelihood,73001,snr_db=14,paired held-out symbol/carrier/noise seed,reference,20260727T150525Z_modulation_recognition_blind_carrier__oracle_likelihood_snr14_seed73001,steps.evaluation.modulation_recognition.macro_f1,1
oracle_likelihood_snr14_seed73001,oracle_likelihood_snr14_seed73001,Oracle-synchronized likelihood reference · 14 dB · seed 73001,oracle_likelihood,Oracle-synchronized likelihood,oracle_likelihood,73001,snr_db=14,paired held-out symbol/carrier/noise seed,reference,20260727T150525Z_modulation_recognition_blind_carrier__oracle_likelihood_snr14_seed73001,steps.evaluation.task.accuracy,1
oracle_likelihood_snr14_seed73001,oracle_likelihood_snr14_seed73001,Oracle-synchronized likelihood reference · 14 dB · seed 73001,oracle_likelihood,Oracle-synchronized likelihood,oracle_likelihood,73001,snr_db=14,paired held-out symbol/carrier/noise seed,reference,20260727T150525Z_modulation_recognition_blind_carrier__oracle_likelihood_snr14_seed73001,steps.evaluation.task.score,1
oracle_likelihood_snr14_seed73001,oracle_likelihood_snr14_seed73001,Oracle-synchronized likelihood reference · 14 dB · seed 73001,oracle_likelihood,Oracle-synchronized likelihood,oracle_likelihood,73001,snr_db=14,paired held-out symbol/carrier/noise seed,reference,20260727T150525Z_modulation_recognition_blind_carrier__oracle_likelihood_snr14_seed73001,steps.evaluation.timing.step.wall_time_s,0.006845
oracle_likelihood_snr14_seed73001,oracle_likelihood_snr14_seed73001,Oracle-synchronized likelihood reference · 14 dB · seed 73001,oracle_likelihood,Oracle-synchronized likelihood,oracle_likelihood,73001,snr_db=14,paired held-out symbol/carrier/noise seed,reference,20260727T150525Z_modulation_recognition_blind_carrier__oracle_likelihood_snr14_seed73001,steps.observation.channel.carrier.cfo_abs_mean_cycles_per_symbol,0.003047
oracle_likelihood_snr14_seed73001,oracle_likelihood_snr14_seed73001,Oracle-synchronized likelihood reference · 14 dB · seed 73001,oracle_likelihood,Oracle-synchronized likelihood,oracle_likelihood,73001,snr_db=14,paired held-out symbol/carrier/noise seed,reference,20260727T150525Z_modulation_recognition_blind_carrier__oracle_likelihood_snr14_seed73001,steps.observation.channel.carrier.initial_phase_abs_mean_rad,1.55227
oracle_likelihood_snr14_seed73001,oracle_likelihood_snr14_seed73001,Oracle-synchronized likelihood reference · 14 dB · seed 73001,oracle_likelihood,Oracle-synchronized likelihood,oracle_likelihood,73001,snr_db=14,paired held-out symbol/carrier/noise seed,reference,20260727T150525Z_modulation_recognition_blind_carrier__oracle_likelihood_snr14_seed73001,steps.observation.channel.snr_db,14
oracle_likelihood_snr14_seed73001,oracle_likelihood_snr14_seed73001,Oracle-synchronized likelihood reference · 14 dB · seed 73001,oracle_likelihood,Oracle-synchronized likelihood,oracle_likelihood,73001,snr_db=14,paired held-out symbol/carrier/noise seed,reference,20260727T150525Z_modulation_recognition_blind_carrier__oracle_likelihood_snr14_seed73001,steps.observation.channel.snr_db_max,14
oracle_likelihood_snr14_seed73001,oracle_likelihood_snr14_seed73001,Oracle-synchronized likelihood reference · 14 dB · seed 73001,oracle_likelihood,Oracle-synchronized likelihood,oracle_likelihood,73001,snr_db=14,paired held-out symbol/carrier/noise seed,reference,20260727T150525Z_modulation_recognition_blind_carrier__oracle_likelihood_snr14_seed73001,steps.observation.channel.snr_db_min,14
oracle_likelihood_snr14_seed73001,oracle_likelihood_snr14_seed73001,Oracle-synchronized likelihood reference · 14 dB · seed 73001,oracle_likelihood,Oracle-synchronized likelihood,oracle_likelihood,73001,snr_db=14,paired held-out symbol/carrier/noise seed,reference,20260727T150525Z_modulation_recognition_blind_carrier__oracle_likelihood_snr14_seed73001,steps.observation.modulation_recognition.frame_count,1536
oracle_likelihood_snr14_seed73001,oracle_likelihood_snr14_seed73001,Oracle-synchronized likelihood reference · 14 dB · seed 73001,oracle_likelihood,Oracle-synchronized likelihood,oracle_likelihood,73001,snr_db=14,paired held-out symbol/carrier/noise seed,reference,20260727T150525Z_modulation_recognition_blind_carrier__oracle_likelihood_snr14_seed73001,steps.observation.timing.step.wall_time_s,0.093609
oracle_likelihood_snr14_seed73001,oracle_likelihood_snr14_seed73001,Oracle-synchronized likelihood reference · 14 dB · seed 73001,oracle_likelihood,Oracle-synchronized likelihood,oracle_likelihood,73001,snr_db=14,paired held-out symbol/carrier/noise seed,reference,20260727T150525Z_modulation_recognition_blind_carrier__oracle_likelihood_snr14_seed73001,steps.receiver.modulation_recognition.predicted_frame_count,1536
oracle_likelihood_snr14_seed73001,oracle_likelihood_snr14_seed73001,Oracle-synchronized likelihood reference · 14 dB · seed 73001,oracle_likelihood,Oracle-synchronized likelihood,oracle_likelihood,73001,snr_db=14,paired held-out symbol/carrier/noise seed,reference,20260727T150525Z_modulation_recognition_blind_carrier__oracle_likelihood_snr14_seed73001,steps.receiver.timing.step.wall_time_s,0.265352
oracle_likelihood_snr14_seed73001,oracle_likelihood_snr14_seed73001,Oracle-synchronized likelihood reference · 14 dB · seed 73001,oracle_likelihood,Oracle-synchronized likelihood,oracle_likelihood,73001,snr_db=14,paired held-out symbol/carrier/noise seed,reference,20260727T150525Z_modulation_recognition_blind_carrier__oracle_likelihood_snr14_seed73001,task.accuracy,1
oracle_likelihood_snr14_seed73001,oracle_likelihood_snr14_seed73001,Oracle-synchronized likelihood reference · 14 dB · seed 73001,oracle_likelihood,Oracle-synchronized likelihood,oracle_likelihood,73001,snr_db=14,paired held-out symbol/carrier/noise seed,reference,20260727T150525Z_modulation_recognition_blind_carrier__oracle_likelihood_snr14_seed73001,task.score,1
oracle_likelihood_snr18_seed71001,oracle_likelihood_snr18_seed71001,Oracle-synchronized likelihood reference · 18 dB · seed 71001,oracle_likelihood,Oracle-synchronized likelihood,oracle_likelihood,71001,snr_db=18,paired held-out symbol/carrier/noise seed,reference,20260727T150534Z_modulation_recognition_blind_carrier__oracle_likelihood_snr18_seed71001,channel.carrier.cfo_abs_mean_cycles_per_symbol,0.002954
oracle_likelihood_snr18_seed71001,oracle_likelihood_snr18_seed71001,Oracle-synchronized likelihood reference · 18 dB · seed 71001,oracle_likelihood,Oracle-synchronized likelihood,oracle_likelihood,71001,snr_db=18,paired held-out symbol/carrier/noise seed,reference,20260727T150534Z_modulation_recognition_blind_carrier__oracle_likelihood_snr18_seed71001,channel.carrier.initial_phase_abs_mean_rad,1.552568
oracle_likelihood_snr18_seed71001,oracle_likelihood_snr18_seed71001,Oracle-synchronized likelihood reference · 18 dB · seed 71001,oracle_likelihood,Oracle-synchronized likelihood,oracle_likelihood,71001,snr_db=18,paired held-out symbol/carrier/noise seed,reference,20260727T150534Z_modulation_recognition_blind_carrier__oracle_likelihood_snr18_seed71001,channel.snr_db,18
oracle_likelihood_snr18_seed71001,oracle_likelihood_snr18_seed71001,Oracle-synchronized likelihood reference · 18 dB · seed 71001,oracle_likelihood,Oracle-synchronized likelihood,oracle_likelihood,71001,snr_db=18,paired held-out symbol/carrier/noise seed,reference,20260727T150534Z_modulation_recognition_blind_carrier__oracle_likelihood_snr18_seed71001,channel.snr_db_max,18
oracle_likelihood_snr18_seed71001,oracle_likelihood_snr18_seed71001,Oracle-synchronized likelihood reference · 18 dB · seed 71001,oracle_likelihood,Oracle-synchronized likelihood,oracle_likelihood,71001,snr_db=18,paired held-out symbol/carrier/noise seed,reference,20260727T150534Z_modulation_recognition_blind_carrier__oracle_likelihood_snr18_seed71001,channel.snr_db_min,18
oracle_likelihood_snr18_seed71001,oracle_likelihood_snr18_seed71001,Oracle-synchronized likelihood reference · 18 dB · seed 71001,oracle_likelihood,Oracle-synchronized likelihood,oracle_likelihood,71001,snr_db=18,paired held-out symbol/carrier/noise seed,reference,20260727T150534Z_modulation_recognition_blind_carrier__oracle_likelihood_snr18_seed71001,classification.balanced_accuracy,1
oracle_likelihood_snr18_seed71001,oracle_likelihood_snr18_seed71001,Oracle-synchronized likelihood reference · 18 dB · seed 71001,oracle_likelihood,Oracle-synchronized likelihood,oracle_likelihood,71001,snr_db=18,paired held-out symbol/carrier/noise seed,reference,20260727T150534Z_modulation_recognition_blind_carrier__oracle_likelihood_snr18_seed71001,memory.run.end_rss_bytes,817455104
oracle_likelihood_snr18_seed71001,oracle_likelihood_snr18_seed71001,Oracle-synchronized likelihood reference · 18 dB · seed 71001,oracle_likelihood,Oracle-synchronized likelihood,oracle_likelihood,71001,snr_db=18,paired held-out symbol/carrier/noise seed,reference,20260727T150534Z_modulation_recognition_blind_carrier__oracle_likelihood_snr18_seed71001,memory.run.peak_rss_bytes,923496448
oracle_likelihood_snr18_seed71001,oracle_likelihood_snr18_seed71001,Oracle-synchronized likelihood reference · 18 dB · seed 71001,oracle_likelihood,Oracle-synchronized likelihood,oracle_likelihood,71001,snr_db=18,paired held-out symbol/carrier/noise seed,reference,20260727T150534Z_modulation_recognition_blind_carrier__oracle_likelihood_snr18_seed71001,memory.run.peak_rss_delta_bytes,94998528
oracle_likelihood_snr18_seed71001,oracle_likelihood_snr18_seed71001,Oracle-synchronized likelihood reference · 18 dB · seed 71001,oracle_likelihood,Oracle-synchronized likelihood,oracle_likelihood,71001,snr_db=18,paired held-out symbol/carrier/noise seed,reference,20260727T150534Z_modulation_recognition_blind_carrier__oracle_likelihood_snr18_seed71001,memory.run.sampler_interval_s,0.05
oracle_likelihood_snr18_seed71001,oracle_likelihood_snr18_seed71001,Oracle-synchronized likelihood reference · 18 dB · seed 71001,oracle_likelihood,Oracle-synchronized likelihood,oracle_likelihood,71001,snr_db=18,paired held-out symbol/carrier/noise seed,reference,20260727T150534Z_modulation_recognition_blind_carrier__oracle_likelihood_snr18_seed71001,memory.run.start_rss_bytes,828497920
oracle_likelihood_snr18_seed71001,oracle_likelihood_snr18_seed71001,Oracle-synchronized likelihood reference · 18 dB · seed 71001,oracle_likelihood,Oracle-synchronized likelihood,oracle_likelihood,71001,snr_db=18,paired held-out symbol/carrier/noise seed,reference,20260727T150534Z_modulation_recognition_blind_carrier__oracle_likelihood_snr18_seed71001,modulation_recognition.accuracy,1
oracle_likelihood_snr18_seed71001,oracle_likelihood_snr18_seed71001,Oracle-synchronized likelihood reference · 18 dB · seed 71001,oracle_likelihood,Oracle-synchronized likelihood,oracle_likelihood,71001,snr_db=18,paired held-out symbol/carrier/noise seed,reference,20260727T150534Z_modulation_recognition_blind_carrier__oracle_likelihood_snr18_seed71001,modulation_recognition.balanced_accuracy,1
oracle_likelihood_snr18_seed71001,oracle_likelihood_snr18_seed71001,Oracle-synchronized likelihood reference · 18 dB · seed 71001,oracle_likelihood,Oracle-synchronized likelihood,oracle_likelihood,71001,snr_db=18,paired held-out symbol/carrier/noise seed,reference,20260727T150534Z_modulation_recognition_blind_carrier__oracle_likelihood_snr18_seed71001,modulation_recognition.frame_count,1536
oracle_likelihood_snr18_seed71001,oracle_likelihood_snr18_seed71001,Oracle-synchronized likelihood reference · 18 dB · seed 71001,oracle_likelihood,Oracle-synchronized likelihood,oracle_likelihood,71001,snr_db=18,paired held-out symbol/carrier/noise seed,reference,20260727T150534Z_modulation_recognition_blind_carrier__oracle_likelihood_snr18_seed71001,modulation_recognition.macro_f1,1
oracle_likelihood_snr18_seed71001,oracle_likelihood_snr18_seed71001,Oracle-synchronized likelihood reference · 18 dB · seed 71001,oracle_likelihood,Oracle-synchronized likelihood,oracle_likelihood,71001,snr_db=18,paired held-out symbol/carrier/noise seed,reference,20260727T150534Z_modulation_recognition_blind_carrier__oracle_likelihood_snr18_seed71001,modulation_recognition.predicted_frame_count,1536
oracle_likelihood_snr18_seed71001,oracle_likelihood_snr18_seed71001,Oracle-synchronized likelihood reference · 18 dB · seed 71001,oracle_likelihood,Oracle-synchronized likelihood,oracle_likelihood,71001,snr_db=18,paired held-out symbol/carrier/noise seed,reference,20260727T150534Z_modulation_recognition_blind_carrier__oracle_likelihood_snr18_seed71001,modulation_recognition.symbols_per_frame,128
oracle_likelihood_snr18_seed71001,oracle_likelihood_snr18_seed71001,Oracle-synchronized likelihood reference · 18 dB · seed 71001,oracle_likelihood,Oracle-synchronized likelihood,oracle_likelihood,71001,snr_db=18,paired held-out symbol/carrier/noise seed,reference,20260727T150534Z_modulation_recognition_blind_carrier__oracle_likelihood_snr18_seed71001,steps.data.modulation_recognition.frame_count,1536
oracle_likelihood_snr18_seed71001,oracle_likelihood_snr18_seed71001,Oracle-synchronized likelihood reference · 18 dB · seed 71001,oracle_likelihood,Oracle-synchronized likelihood,oracle_likelihood,71001,snr_db=18,paired held-out symbol/carrier/noise seed,reference,20260727T150534Z_modulation_recognition_blind_carrier__oracle_likelihood_snr18_seed71001,steps.data.modulation_recognition.symbols_per_frame,128
oracle_likelihood_snr18_seed71001,oracle_likelihood_snr18_seed71001,Oracle-synchronized likelihood reference · 18 dB · seed 71001,oracle_likelihood,Oracle-synchronized likelihood,oracle_likelihood,71001,snr_db=18,paired held-out symbol/carrier/noise seed,reference,20260727T150534Z_modulation_recognition_blind_carrier__oracle_likelihood_snr18_seed71001,steps.data.timing.step.wall_time_s,0.063949
oracle_likelihood_snr18_seed71001,oracle_likelihood_snr18_seed71001,Oracle-synchronized likelihood reference · 18 dB · seed 71001,oracle_likelihood,Oracle-synchronized likelihood,oracle_likelihood,71001,snr_db=18,paired held-out symbol/carrier/noise seed,reference,20260727T150534Z_modulation_recognition_blind_carrier__oracle_likelihood_snr18_seed71001,steps.evaluation.channel.snr_db,18
oracle_likelihood_snr18_seed71001,oracle_likelihood_snr18_seed71001,Oracle-synchronized likelihood reference · 18 dB · seed 71001,oracle_likelihood,Oracle-synchronized likelihood,oracle_likelihood,71001,snr_db=18,paired held-out symbol/carrier/noise seed,reference,20260727T150534Z_modulation_recognition_blind_carrier__oracle_likelihood_snr18_seed71001,steps.evaluation.classification.balanced_accuracy,1
oracle_likelihood_snr18_seed71001,oracle_likelihood_snr18_seed71001,Oracle-synchronized likelihood reference · 18 dB · seed 71001,oracle_likelihood,Oracle-synchronized likelihood,oracle_likelihood,71001,snr_db=18,paired held-out symbol/carrier/noise seed,reference,20260727T150534Z_modulation_recognition_blind_carrier__oracle_likelihood_snr18_seed71001,steps.evaluation.modulation_recognition.accuracy,1
oracle_likelihood_snr18_seed71001,oracle_likelihood_snr18_seed71001,Oracle-synchronized likelihood reference · 18 dB · seed 71001,oracle_likelihood,Oracle-synchronized likelihood,oracle_likelihood,71001,snr_db=18,paired held-out symbol/carrier/noise seed,reference,20260727T150534Z_modulation_recognition_blind_carrier__oracle_likelihood_snr18_seed71001,steps.evaluation.modulation_recognition.balanced_accuracy,1
oracle_likelihood_snr18_seed71001,oracle_likelihood_snr18_seed71001,Oracle-synchronized likelihood reference · 18 dB · seed 71001,oracle_likelihood,Oracle-synchronized likelihood,oracle_likelihood,71001,snr_db=18,paired held-out symbol/carrier/noise seed,reference,20260727T150534Z_modulation_recognition_blind_carrier__oracle_likelihood_snr18_seed71001,steps.evaluation.modulation_recognition.macro_f1,1
oracle_likelihood_snr18_seed71001,oracle_likelihood_snr18_seed71001,Oracle-synchronized likelihood reference · 18 dB · seed 71001,oracle_likelihood,Oracle-synchronized likelihood,oracle_likelihood,71001,snr_db=18,paired held-out symbol/carrier/noise seed,reference,20260727T150534Z_modulation_recognition_blind_carrier__oracle_likelihood_snr18_seed71001,steps.evaluation.task.accuracy,1
oracle_likelihood_snr18_seed71001,oracle_likelihood_snr18_seed71001,Oracle-synchronized likelihood reference · 18 dB · seed 71001,oracle_likelihood,Oracle-synchronized likelihood,oracle_likelihood,71001,snr_db=18,paired held-out symbol/carrier/noise seed,reference,20260727T150534Z_modulation_recognition_blind_carrier__oracle_likelihood_snr18_seed71001,steps.evaluation.task.score,1
oracle_likelihood_snr18_seed71001,oracle_likelihood_snr18_seed71001,Oracle-synchronized likelihood reference · 18 dB · seed 71001,oracle_likelihood,Oracle-synchronized likelihood,oracle_likelihood,71001,snr_db=18,paired held-out symbol/carrier/noise seed,reference,20260727T150534Z_modulation_recognition_blind_carrier__oracle_likelihood_snr18_seed71001,steps.evaluation.timing.step.wall_time_s,0.006664
oracle_likelihood_snr18_seed71001,oracle_likelihood_snr18_seed71001,Oracle-synchronized likelihood reference · 18 dB · seed 71001,oracle_likelihood,Oracle-synchronized likelihood,oracle_likelihood,71001,snr_db=18,paired held-out symbol/carrier/noise seed,reference,20260727T150534Z_modulation_recognition_blind_carrier__oracle_likelihood_snr18_seed71001,steps.observation.channel.carrier.cfo_abs_mean_cycles_per_symbol,0.002954
oracle_likelihood_snr18_seed71001,oracle_likelihood_snr18_seed71001,Oracle-synchronized likelihood reference · 18 dB · seed 71001,oracle_likelihood,Oracle-synchronized likelihood,oracle_likelihood,71001,snr_db=18,paired held-out symbol/carrier/noise seed,reference,20260727T150534Z_modulation_recognition_blind_carrier__oracle_likelihood_snr18_seed71001,steps.observation.channel.carrier.initial_phase_abs_mean_rad,1.552568
oracle_likelihood_snr18_seed71001,oracle_likelihood_snr18_seed71001,Oracle-synchronized likelihood reference · 18 dB · seed 71001,oracle_likelihood,Oracle-synchronized likelihood,oracle_likelihood,71001,snr_db=18,paired held-out symbol/carrier/noise seed,reference,20260727T150534Z_modulation_recognition_blind_carrier__oracle_likelihood_snr18_seed71001,steps.observation.channel.snr_db,18
oracle_likelihood_snr18_seed71001,oracle_likelihood_snr18_seed71001,Oracle-synchronized likelihood reference · 18 dB · seed 71001,oracle_likelihood,Oracle-synchronized likelihood,oracle_likelihood,71001,snr_db=18,paired held-out symbol/carrier/noise seed,reference,20260727T150534Z_modulation_recognition_blind_carrier__oracle_likelihood_snr18_seed71001,steps.observation.channel.snr_db_max,18
oracle_likelihood_snr18_seed71001,oracle_likelihood_snr18_seed71001,Oracle-synchronized likelihood reference · 18 dB · seed 71001,oracle_likelihood,Oracle-synchronized likelihood,oracle_likelihood,71001,snr_db=18,paired held-out symbol/carrier/noise seed,reference,20260727T150534Z_modulation_recognition_blind_carrier__oracle_likelihood_snr18_seed71001,steps.observation.channel.snr_db_min,18
oracle_likelihood_snr18_seed71001,oracle_likelihood_snr18_seed71001,Oracle-synchronized likelihood reference · 18 dB · seed 71001,oracle_likelihood,Oracle-synchronized likelihood,oracle_likelihood,71001,snr_db=18,paired held-out symbol/carrier/noise seed,reference,20260727T150534Z_modulation_recognition_blind_carrier__oracle_likelihood_snr18_seed71001,steps.observation.modulation_recognition.frame_count,1536
oracle_likelihood_snr18_seed71001,oracle_likelihood_snr18_seed71001,Oracle-synchronized likelihood reference · 18 dB · seed 71001,oracle_likelihood,Oracle-synchronized likelihood,oracle_likelihood,71001,snr_db=18,paired held-out symbol/carrier/noise seed,reference,20260727T150534Z_modulation_recognition_blind_carrier__oracle_likelihood_snr18_seed71001,steps.observation.timing.step.wall_time_s,0.091535
oracle_likelihood_snr18_seed71001,oracle_likelihood_snr18_seed71001,Oracle-synchronized likelihood reference · 18 dB · seed 71001,oracle_likelihood,Oracle-synchronized likelihood,oracle_likelihood,71001,snr_db=18,paired held-out symbol/carrier/noise seed,reference,20260727T150534Z_modulation_recognition_blind_carrier__oracle_likelihood_snr18_seed71001,steps.receiver.modulation_recognition.predicted_frame_count,1536
oracle_likelihood_snr18_seed71001,oracle_likelihood_snr18_seed71001,Oracle-synchronized likelihood reference · 18 dB · seed 71001,oracle_likelihood,Oracle-synchronized likelihood,oracle_likelihood,71001,snr_db=18,paired held-out symbol/carrier/noise seed,reference,20260727T150534Z_modulation_recognition_blind_carrier__oracle_likelihood_snr18_seed71001,steps.receiver.timing.step.wall_time_s,0.257764
oracle_likelihood_snr18_seed71001,oracle_likelihood_snr18_seed71001,Oracle-synchronized likelihood reference · 18 dB · seed 71001,oracle_likelihood,Oracle-synchronized likelihood,oracle_likelihood,71001,snr_db=18,paired held-out symbol/carrier/noise seed,reference,20260727T150534Z_modulation_recognition_blind_carrier__oracle_likelihood_snr18_seed71001,task.accuracy,1
oracle_likelihood_snr18_seed71001,oracle_likelihood_snr18_seed71001,Oracle-synchronized likelihood reference · 18 dB · seed 71001,oracle_likelihood,Oracle-synchronized likelihood,oracle_likelihood,71001,snr_db=18,paired held-out symbol/carrier/noise seed,reference,20260727T150534Z_modulation_recognition_blind_carrier__oracle_likelihood_snr18_seed71001,task.score,1
oracle_likelihood_snr18_seed72001,oracle_likelihood_snr18_seed72001,Oracle-synchronized likelihood reference · 18 dB · seed 72001,oracle_likelihood,Oracle-synchronized likelihood,oracle_likelihood,72001,snr_db=18,paired held-out symbol/carrier/noise seed,reference,20260727T150543Z_modulation_recognition_blind_carrier__oracle_likelihood_snr18_seed72001,channel.carrier.cfo_abs_mean_cycles_per_symbol,0.002995
oracle_likelihood_snr18_seed72001,oracle_likelihood_snr18_seed72001,Oracle-synchronized likelihood reference · 18 dB · seed 72001,oracle_likelihood,Oracle-synchronized likelihood,oracle_likelihood,72001,snr_db=18,paired held-out symbol/carrier/noise seed,reference,20260727T150543Z_modulation_recognition_blind_carrier__oracle_likelihood_snr18_seed72001,channel.carrier.initial_phase_abs_mean_rad,1.588569
oracle_likelihood_snr18_seed72001,oracle_likelihood_snr18_seed72001,Oracle-synchronized likelihood reference · 18 dB · seed 72001,oracle_likelihood,Oracle-synchronized likelihood,oracle_likelihood,72001,snr_db=18,paired held-out symbol/carrier/noise seed,reference,20260727T150543Z_modulation_recognition_blind_carrier__oracle_likelihood_snr18_seed72001,channel.snr_db,18
oracle_likelihood_snr18_seed72001,oracle_likelihood_snr18_seed72001,Oracle-synchronized likelihood reference · 18 dB · seed 72001,oracle_likelihood,Oracle-synchronized likelihood,oracle_likelihood,72001,snr_db=18,paired held-out symbol/carrier/noise seed,reference,20260727T150543Z_modulation_recognition_blind_carrier__oracle_likelihood_snr18_seed72001,channel.snr_db_max,18
oracle_likelihood_snr18_seed72001,oracle_likelihood_snr18_seed72001,Oracle-synchronized likelihood reference · 18 dB · seed 72001,oracle_likelihood,Oracle-synchronized likelihood,oracle_likelihood,72001,snr_db=18,paired held-out symbol/carrier/noise seed,reference,20260727T150543Z_modulation_recognition_blind_carrier__oracle_likelihood_snr18_seed72001,channel.snr_db_min,18
oracle_likelihood_snr18_seed72001,oracle_likelihood_snr18_seed72001,Oracle-synchronized likelihood reference · 18 dB · seed 72001,oracle_likelihood,Oracle-synchronized likelihood,oracle_likelihood,72001,snr_db=18,paired held-out symbol/carrier/noise seed,reference,20260727T150543Z_modulation_recognition_blind_carrier__oracle_likelihood_snr18_seed72001,classification.balanced_accuracy,1
oracle_likelihood_snr18_seed72001,oracle_likelihood_snr18_seed72001,Oracle-synchronized likelihood reference · 18 dB · seed 72001,oracle_likelihood,Oracle-synchronized likelihood,oracle_likelihood,72001,snr_db=18,paired held-out symbol/carrier/noise seed,reference,20260727T150543Z_modulation_recognition_blind_carrier__oracle_likelihood_snr18_seed72001,memory.run.end_rss_bytes,821604352
oracle_likelihood_snr18_seed72001,oracle_likelihood_snr18_seed72001,Oracle-synchronized likelihood reference · 18 dB · seed 72001,oracle_likelihood,Oracle-synchronized likelihood,oracle_likelihood,72001,snr_db=18,paired held-out symbol/carrier/noise seed,reference,20260727T150543Z_modulation_recognition_blind_carrier__oracle_likelihood_snr18_seed72001,memory.run.peak_rss_bytes,876527616
oracle_likelihood_snr18_seed72001,oracle_likelihood_snr18_seed72001,Oracle-synchronized likelihood reference · 18 dB · seed 72001,oracle_likelihood,Oracle-synchronized likelihood,oracle_likelihood,72001,snr_db=18,paired held-out symbol/carrier/noise seed,reference,20260727T150543Z_modulation_recognition_blind_carrier__oracle_likelihood_snr18_seed72001,memory.run.peak_rss_delta_bytes,40894464
oracle_likelihood_snr18_seed72001,oracle_likelihood_snr18_seed72001,Oracle-synchronized likelihood reference · 18 dB · seed 72001,oracle_likelihood,Oracle-synchronized likelihood,oracle_likelihood,72001,snr_db=18,paired held-out symbol/carrier/noise seed,reference,20260727T150543Z_modulation_recognition_blind_carrier__oracle_likelihood_snr18_seed72001,memory.run.sampler_interval_s,0.05
oracle_likelihood_snr18_seed72001,oracle_likelihood_snr18_seed72001,Oracle-synchronized likelihood reference · 18 dB · seed 72001,oracle_likelihood,Oracle-synchronized likelihood,oracle_likelihood,72001,snr_db=18,paired held-out symbol/carrier/noise seed,reference,20260727T150543Z_modulation_recognition_blind_carrier__oracle_likelihood_snr18_seed72001,memory.run.start_rss_bytes,835633152
oracle_likelihood_snr18_seed72001,oracle_likelihood_snr18_seed72001,Oracle-synchronized likelihood reference · 18 dB · seed 72001,oracle_likelihood,Oracle-synchronized likelihood,oracle_likelihood,72001,snr_db=18,paired held-out symbol/carrier/noise seed,reference,20260727T150543Z_modulation_recognition_blind_carrier__oracle_likelihood_snr18_seed72001,modulation_recognition.accuracy,1
oracle_likelihood_snr18_seed72001,oracle_likelihood_snr18_seed72001,Oracle-synchronized likelihood reference · 18 dB · seed 72001,oracle_likelihood,Oracle-synchronized likelihood,oracle_likelihood,72001,snr_db=18,paired held-out symbol/carrier/noise seed,reference,20260727T150543Z_modulation_recognition_blind_carrier__oracle_likelihood_snr18_seed72001,modulation_recognition.balanced_accuracy,1
oracle_likelihood_snr18_seed72001,oracle_likelihood_snr18_seed72001,Oracle-synchronized likelihood reference · 18 dB · seed 72001,oracle_likelihood,Oracle-synchronized likelihood,oracle_likelihood,72001,snr_db=18,paired held-out symbol/carrier/noise seed,reference,20260727T150543Z_modulation_recognition_blind_carrier__oracle_likelihood_snr18_seed72001,modulation_recognition.frame_count,1536
oracle_likelihood_snr18_seed72001,oracle_likelihood_snr18_seed72001,Oracle-synchronized likelihood reference · 18 dB · seed 72001,oracle_likelihood,Oracle-synchronized likelihood,oracle_likelihood,72001,snr_db=18,paired held-out symbol/carrier/noise seed,reference,20260727T150543Z_modulation_recognition_blind_carrier__oracle_likelihood_snr18_seed72001,modulation_recognition.macro_f1,1
oracle_likelihood_snr18_seed72001,oracle_likelihood_snr18_seed72001,Oracle-synchronized likelihood reference · 18 dB · seed 72001,oracle_likelihood,Oracle-synchronized likelihood,oracle_likelihood,72001,snr_db=18,paired held-out symbol/carrier/noise seed,reference,20260727T150543Z_modulation_recognition_blind_carrier__oracle_likelihood_snr18_seed72001,modulation_recognition.predicted_frame_count,1536
oracle_likelihood_snr18_seed72001,oracle_likelihood_snr18_seed72001,Oracle-synchronized likelihood reference · 18 dB · seed 72001,oracle_likelihood,Oracle-synchronized likelihood,oracle_likelihood,72001,snr_db=18,paired held-out symbol/carrier/noise seed,reference,20260727T150543Z_modulation_recognition_blind_carrier__oracle_likelihood_snr18_seed72001,modulation_recognition.symbols_per_frame,128
oracle_likelihood_snr18_seed72001,oracle_likelihood_snr18_seed72001,Oracle-synchronized likelihood reference · 18 dB · seed 72001,oracle_likelihood,Oracle-synchronized likelihood,oracle_likelihood,72001,snr_db=18,paired held-out symbol/carrier/noise seed,reference,20260727T150543Z_modulation_recognition_blind_carrier__oracle_likelihood_snr18_seed72001,steps.data.modulation_recognition.frame_count,1536
oracle_likelihood_snr18_seed72001,oracle_likelihood_snr18_seed72001,Oracle-synchronized likelihood reference · 18 dB · seed 72001,oracle_likelihood,Oracle-synchronized likelihood,oracle_likelihood,72001,snr_db=18,paired held-out symbol/carrier/noise seed,reference,20260727T150543Z_modulation_recognition_blind_carrier__oracle_likelihood_snr18_seed72001,steps.data.modulation_recognition.symbols_per_frame,128
oracle_likelihood_snr18_seed72001,oracle_likelihood_snr18_seed72001,Oracle-synchronized likelihood reference · 18 dB · seed 72001,oracle_likelihood,Oracle-synchronized likelihood,oracle_likelihood,72001,snr_db=18,paired held-out symbol/carrier/noise seed,reference,20260727T150543Z_modulation_recognition_blind_carrier__oracle_likelihood_snr18_seed72001,steps.data.timing.step.wall_time_s,0.060466
oracle_likelihood_snr18_seed72001,oracle_likelihood_snr18_seed72001,Oracle-synchronized likelihood reference · 18 dB · seed 72001,oracle_likelihood,Oracle-synchronized likelihood,oracle_likelihood,72001,snr_db=18,paired held-out symbol/carrier/noise seed,reference,20260727T150543Z_modulation_recognition_blind_carrier__oracle_likelihood_snr18_seed72001,steps.evaluation.channel.snr_db,18
oracle_likelihood_snr18_seed72001,oracle_likelihood_snr18_seed72001,Oracle-synchronized likelihood reference · 18 dB · seed 72001,oracle_likelihood,Oracle-synchronized likelihood,oracle_likelihood,72001,snr_db=18,paired held-out symbol/carrier/noise seed,reference,20260727T150543Z_modulation_recognition_blind_carrier__oracle_likelihood_snr18_seed72001,steps.evaluation.classification.balanced_accuracy,1
oracle_likelihood_snr18_seed72001,oracle_likelihood_snr18_seed72001,Oracle-synchronized likelihood reference · 18 dB · seed 72001,oracle_likelihood,Oracle-synchronized likelihood,oracle_likelihood,72001,snr_db=18,paired held-out symbol/carrier/noise seed,reference,20260727T150543Z_modulation_recognition_blind_carrier__oracle_likelihood_snr18_seed72001,steps.evaluation.modulation_recognition.accuracy,1
oracle_likelihood_snr18_seed72001,oracle_likelihood_snr18_seed72001,Oracle-synchronized likelihood reference · 18 dB · seed 72001,oracle_likelihood,Oracle-synchronized likelihood,oracle_likelihood,72001,snr_db=18,paired held-out symbol/carrier/noise seed,reference,20260727T150543Z_modulation_recognition_blind_carrier__oracle_likelihood_snr18_seed72001,steps.evaluation.modulation_recognition.balanced_accuracy,1
oracle_likelihood_snr18_seed72001,oracle_likelihood_snr18_seed72001,Oracle-synchronized likelihood reference · 18 dB · seed 72001,oracle_likelihood,Oracle-synchronized likelihood,oracle_likelihood,72001,snr_db=18,paired held-out symbol/carrier/noise seed,reference,20260727T150543Z_modulation_recognition_blind_carrier__oracle_likelihood_snr18_seed72001,steps.evaluation.modulation_recognition.macro_f1,1
oracle_likelihood_snr18_seed72001,oracle_likelihood_snr18_seed72001,Oracle-synchronized likelihood reference · 18 dB · seed 72001,oracle_likelihood,Oracle-synchronized likelihood,oracle_likelihood,72001,snr_db=18,paired held-out symbol/carrier/noise seed,reference,20260727T150543Z_modulation_recognition_blind_carrier__oracle_likelihood_snr18_seed72001,steps.evaluation.task.accuracy,1
oracle_likelihood_snr18_seed72001,oracle_likelihood_snr18_seed72001,Oracle-synchronized likelihood reference · 18 dB · seed 72001,oracle_likelihood,Oracle-synchronized likelihood,oracle_likelihood,72001,snr_db=18,paired held-out symbol/carrier/noise seed,reference,20260727T150543Z_modulation_recognition_blind_carrier__oracle_likelihood_snr18_seed72001,steps.evaluation.task.score,1
oracle_likelihood_snr18_seed72001,oracle_likelihood_snr18_seed72001,Oracle-synchronized likelihood reference · 18 dB · seed 72001,oracle_likelihood,Oracle-synchronized likelihood,oracle_likelihood,72001,snr_db=18,paired held-out symbol/carrier/noise seed,reference,20260727T150543Z_modulation_recognition_blind_carrier__oracle_likelihood_snr18_seed72001,steps.evaluation.timing.step.wall_time_s,0.006769
oracle_likelihood_snr18_seed72001,oracle_likelihood_snr18_seed72001,Oracle-synchronized likelihood reference · 18 dB · seed 72001,oracle_likelihood,Oracle-synchronized likelihood,oracle_likelihood,72001,snr_db=18,paired held-out symbol/carrier/noise seed,reference,20260727T150543Z_modulation_recognition_blind_carrier__oracle_likelihood_snr18_seed72001,steps.observation.channel.carrier.cfo_abs_mean_cycles_per_symbol,0.002995
oracle_likelihood_snr18_seed72001,oracle_likelihood_snr18_seed72001,Oracle-synchronized likelihood reference · 18 dB · seed 72001,oracle_likelihood,Oracle-synchronized likelihood,oracle_likelihood,72001,snr_db=18,paired held-out symbol/carrier/noise seed,reference,20260727T150543Z_modulation_recognition_blind_carrier__oracle_likelihood_snr18_seed72001,steps.observation.channel.carrier.initial_phase_abs_mean_rad,1.588569
oracle_likelihood_snr18_seed72001,oracle_likelihood_snr18_seed72001,Oracle-synchronized likelihood reference · 18 dB · seed 72001,oracle_likelihood,Oracle-synchronized likelihood,oracle_likelihood,72001,snr_db=18,paired held-out symbol/carrier/noise seed,reference,20260727T150543Z_modulation_recognition_blind_carrier__oracle_likelihood_snr18_seed72001,steps.observation.channel.snr_db,18
oracle_likelihood_snr18_seed72001,oracle_likelihood_snr18_seed72001,Oracle-synchronized likelihood reference · 18 dB · seed 72001,oracle_likelihood,Oracle-synchronized likelihood,oracle_likelihood,72001,snr_db=18,paired held-out symbol/carrier/noise seed,reference,20260727T150543Z_modulation_recognition_blind_carrier__oracle_likelihood_snr18_seed72001,steps.observation.channel.snr_db_max,18
oracle_likelihood_snr18_seed72001,oracle_likelihood_snr18_seed72001,Oracle-synchronized likelihood reference · 18 dB · seed 72001,oracle_likelihood,Oracle-synchronized likelihood,oracle_likelihood,72001,snr_db=18,paired held-out symbol/carrier/noise seed,reference,20260727T150543Z_modulation_recognition_blind_carrier__oracle_likelihood_snr18_seed72001,steps.observation.channel.snr_db_min,18
oracle_likelihood_snr18_seed72001,oracle_likelihood_snr18_seed72001,Oracle-synchronized likelihood reference · 18 dB · seed 72001,oracle_likelihood,Oracle-synchronized likelihood,oracle_likelihood,72001,snr_db=18,paired held-out symbol/carrier/noise seed,reference,20260727T150543Z_modulation_recognition_blind_carrier__oracle_likelihood_snr18_seed72001,steps.observation.modulation_recognition.frame_count,1536
oracle_likelihood_snr18_seed72001,oracle_likelihood_snr18_seed72001,Oracle-synchronized likelihood reference · 18 dB · seed 72001,oracle_likelihood,Oracle-synchronized likelihood,oracle_likelihood,72001,snr_db=18,paired held-out symbol/carrier/noise seed,reference,20260727T150543Z_modulation_recognition_blind_carrier__oracle_likelihood_snr18_seed72001,steps.observation.timing.step.wall_time_s,0.089458
oracle_likelihood_snr18_seed72001,oracle_likelihood_snr18_seed72001,Oracle-synchronized likelihood reference · 18 dB · seed 72001,oracle_likelihood,Oracle-synchronized likelihood,oracle_likelihood,72001,snr_db=18,paired held-out symbol/carrier/noise seed,reference,20260727T150543Z_modulation_recognition_blind_carrier__oracle_likelihood_snr18_seed72001,steps.receiver.modulation_recognition.predicted_frame_count,1536
oracle_likelihood_snr18_seed72001,oracle_likelihood_snr18_seed72001,Oracle-synchronized likelihood reference · 18 dB · seed 72001,oracle_likelihood,Oracle-synchronized likelihood,oracle_likelihood,72001,snr_db=18,paired held-out symbol/carrier/noise seed,reference,20260727T150543Z_modulation_recognition_blind_carrier__oracle_likelihood_snr18_seed72001,steps.receiver.timing.step.wall_time_s,0.264776
oracle_likelihood_snr18_seed72001,oracle_likelihood_snr18_seed72001,Oracle-synchronized likelihood reference · 18 dB · seed 72001,oracle_likelihood,Oracle-synchronized likelihood,oracle_likelihood,72001,snr_db=18,paired held-out symbol/carrier/noise seed,reference,20260727T150543Z_modulation_recognition_blind_carrier__oracle_likelihood_snr18_seed72001,task.accuracy,1
oracle_likelihood_snr18_seed72001,oracle_likelihood_snr18_seed72001,Oracle-synchronized likelihood reference · 18 dB · seed 72001,oracle_likelihood,Oracle-synchronized likelihood,oracle_likelihood,72001,snr_db=18,paired held-out symbol/carrier/noise seed,reference,20260727T150543Z_modulation_recognition_blind_carrier__oracle_likelihood_snr18_seed72001,task.score,1
oracle_likelihood_snr18_seed73001,oracle_likelihood_snr18_seed73001,Oracle-synchronized likelihood reference · 18 dB · seed 73001,oracle_likelihood,Oracle-synchronized likelihood,oracle_likelihood,73001,snr_db=18,paired held-out symbol/carrier/noise seed,reference,20260727T150553Z_modulation_recognition_blind_carrier__oracle_likelihood_snr18_seed73001,channel.carrier.cfo_abs_mean_cycles_per_symbol,0.003047
oracle_likelihood_snr18_seed73001,oracle_likelihood_snr18_seed73001,Oracle-synchronized likelihood reference · 18 dB · seed 73001,oracle_likelihood,Oracle-synchronized likelihood,oracle_likelihood,73001,snr_db=18,paired held-out symbol/carrier/noise seed,reference,20260727T150553Z_modulation_recognition_blind_carrier__oracle_likelihood_snr18_seed73001,channel.carrier.initial_phase_abs_mean_rad,1.55227
oracle_likelihood_snr18_seed73001,oracle_likelihood_snr18_seed73001,Oracle-synchronized likelihood reference · 18 dB · seed 73001,oracle_likelihood,Oracle-synchronized likelihood,oracle_likelihood,73001,snr_db=18,paired held-out symbol/carrier/noise seed,reference,20260727T150553Z_modulation_recognition_blind_carrier__oracle_likelihood_snr18_seed73001,channel.snr_db,18
oracle_likelihood_snr18_seed73001,oracle_likelihood_snr18_seed73001,Oracle-synchronized likelihood reference · 18 dB · seed 73001,oracle_likelihood,Oracle-synchronized likelihood,oracle_likelihood,73001,snr_db=18,paired held-out symbol/carrier/noise seed,reference,20260727T150553Z_modulation_recognition_blind_carrier__oracle_likelihood_snr18_seed73001,channel.snr_db_max,18
oracle_likelihood_snr18_seed73001,oracle_likelihood_snr18_seed73001,Oracle-synchronized likelihood reference · 18 dB · seed 73001,oracle_likelihood,Oracle-synchronized likelihood,oracle_likelihood,73001,snr_db=18,paired held-out symbol/carrier/noise seed,reference,20260727T150553Z_modulation_recognition_blind_carrier__oracle_likelihood_snr18_seed73001,channel.snr_db_min,18
oracle_likelihood_snr18_seed73001,oracle_likelihood_snr18_seed73001,Oracle-synchronized likelihood reference · 18 dB · seed 73001,oracle_likelihood,Oracle-synchronized likelihood,oracle_likelihood,73001,snr_db=18,paired held-out symbol/carrier/noise seed,reference,20260727T150553Z_modulation_recognition_blind_carrier__oracle_likelihood_snr18_seed73001,classification.balanced_accuracy,1
oracle_likelihood_snr18_seed73001,oracle_likelihood_snr18_seed73001,Oracle-synchronized likelihood reference · 18 dB · seed 73001,oracle_likelihood,Oracle-synchronized likelihood,oracle_likelihood,73001,snr_db=18,paired held-out symbol/carrier/noise seed,reference,20260727T150553Z_modulation_recognition_blind_carrier__oracle_likelihood_snr18_seed73001,memory.run.end_rss_bytes,828252160
oracle_likelihood_snr18_seed73001,oracle_likelihood_snr18_seed73001,Oracle-synchronized likelihood reference · 18 dB · seed 73001,oracle_likelihood,Oracle-synchronized likelihood,oracle_likelihood,73001,snr_db=18,paired held-out symbol/carrier/noise seed,reference,20260727T150553Z_modulation_recognition_blind_carrier__oracle_likelihood_snr18_seed73001,memory.run.peak_rss_bytes,935079936
oracle_likelihood_snr18_seed73001,oracle_likelihood_snr18_seed73001,Oracle-synchronized likelihood reference · 18 dB · seed 73001,oracle_likelihood,Oracle-synchronized likelihood,oracle_likelihood,73001,snr_db=18,paired held-out symbol/carrier/noise seed,reference,20260727T150553Z_modulation_recognition_blind_carrier__oracle_likelihood_snr18_seed73001,memory.run.peak_rss_delta_bytes,95948800
oracle_likelihood_snr18_seed73001,oracle_likelihood_snr18_seed73001,Oracle-synchronized likelihood reference · 18 dB · seed 73001,oracle_likelihood,Oracle-synchronized likelihood,oracle_likelihood,73001,snr_db=18,paired held-out symbol/carrier/noise seed,reference,20260727T150553Z_modulation_recognition_blind_carrier__oracle_likelihood_snr18_seed73001,memory.run.sampler_interval_s,0.05
oracle_likelihood_snr18_seed73001,oracle_likelihood_snr18_seed73001,Oracle-synchronized likelihood reference · 18 dB · seed 73001,oracle_likelihood,Oracle-synchronized likelihood,oracle_likelihood,73001,snr_db=18,paired held-out symbol/carrier/noise seed,reference,20260727T150553Z_modulation_recognition_blind_carrier__oracle_likelihood_snr18_seed73001,memory.run.start_rss_bytes,839131136
oracle_likelihood_snr18_seed73001,oracle_likelihood_snr18_seed73001,Oracle-synchronized likelihood reference · 18 dB · seed 73001,oracle_likelihood,Oracle-synchronized likelihood,oracle_likelihood,73001,snr_db=18,paired held-out symbol/carrier/noise seed,reference,20260727T150553Z_modulation_recognition_blind_carrier__oracle_likelihood_snr18_seed73001,modulation_recognition.accuracy,1
oracle_likelihood_snr18_seed73001,oracle_likelihood_snr18_seed73001,Oracle-synchronized likelihood reference · 18 dB · seed 73001,oracle_likelihood,Oracle-synchronized likelihood,oracle_likelihood,73001,snr_db=18,paired held-out symbol/carrier/noise seed,reference,20260727T150553Z_modulation_recognition_blind_carrier__oracle_likelihood_snr18_seed73001,modulation_recognition.balanced_accuracy,1
oracle_likelihood_snr18_seed73001,oracle_likelihood_snr18_seed73001,Oracle-synchronized likelihood reference · 18 dB · seed 73001,oracle_likelihood,Oracle-synchronized likelihood,oracle_likelihood,73001,snr_db=18,paired held-out symbol/carrier/noise seed,reference,20260727T150553Z_modulation_recognition_blind_carrier__oracle_likelihood_snr18_seed73001,modulation_recognition.frame_count,1536
oracle_likelihood_snr18_seed73001,oracle_likelihood_snr18_seed73001,Oracle-synchronized likelihood reference · 18 dB · seed 73001,oracle_likelihood,Oracle-synchronized likelihood,oracle_likelihood,73001,snr_db=18,paired held-out symbol/carrier/noise seed,reference,20260727T150553Z_modulation_recognition_blind_carrier__oracle_likelihood_snr18_seed73001,modulation_recognition.macro_f1,1
oracle_likelihood_snr18_seed73001,oracle_likelihood_snr18_seed73001,Oracle-synchronized likelihood reference · 18 dB · seed 73001,oracle_likelihood,Oracle-synchronized likelihood,oracle_likelihood,73001,snr_db=18,paired held-out symbol/carrier/noise seed,reference,20260727T150553Z_modulation_recognition_blind_carrier__oracle_likelihood_snr18_seed73001,modulation_recognition.predicted_frame_count,1536
oracle_likelihood_snr18_seed73001,oracle_likelihood_snr18_seed73001,Oracle-synchronized likelihood reference · 18 dB · seed 73001,oracle_likelihood,Oracle-synchronized likelihood,oracle_likelihood,73001,snr_db=18,paired held-out symbol/carrier/noise seed,reference,20260727T150553Z_modulation_recognition_blind_carrier__oracle_likelihood_snr18_seed73001,modulation_recognition.symbols_per_frame,128
oracle_likelihood_snr18_seed73001,oracle_likelihood_snr18_seed73001,Oracle-synchronized likelihood reference · 18 dB · seed 73001,oracle_likelihood,Oracle-synchronized likelihood,oracle_likelihood,73001,snr_db=18,paired held-out symbol/carrier/noise seed,reference,20260727T150553Z_modulation_recognition_blind_carrier__oracle_likelihood_snr18_seed73001,steps.data.modulation_recognition.frame_count,1536
oracle_likelihood_snr18_seed73001,oracle_likelihood_snr18_seed73001,Oracle-synchronized likelihood reference · 18 dB · seed 73001,oracle_likelihood,Oracle-synchronized likelihood,oracle_likelihood,73001,snr_db=18,paired held-out symbol/carrier/noise seed,reference,20260727T150553Z_modulation_recognition_blind_carrier__oracle_likelihood_snr18_seed73001,steps.data.modulation_recognition.symbols_per_frame,128
oracle_likelihood_snr18_seed73001,oracle_likelihood_snr18_seed73001,Oracle-synchronized likelihood reference · 18 dB · seed 73001,oracle_likelihood,Oracle-synchronized likelihood,oracle_likelihood,73001,snr_db=18,paired held-out symbol/carrier/noise seed,reference,20260727T150553Z_modulation_recognition_blind_carrier__oracle_likelihood_snr18_seed73001,steps.data.timing.step.wall_time_s,0.062332
oracle_likelihood_snr18_seed73001,oracle_likelihood_snr18_seed73001,Oracle-synchronized likelihood reference · 18 dB · seed 73001,oracle_likelihood,Oracle-synchronized likelihood,oracle_likelihood,73001,snr_db=18,paired held-out symbol/carrier/noise seed,reference,20260727T150553Z_modulation_recognition_blind_carrier__oracle_likelihood_snr18_seed73001,steps.evaluation.channel.snr_db,18
oracle_likelihood_snr18_seed73001,oracle_likelihood_snr18_seed73001,Oracle-synchronized likelihood reference · 18 dB · seed 73001,oracle_likelihood,Oracle-synchronized likelihood,oracle_likelihood,73001,snr_db=18,paired held-out symbol/carrier/noise seed,reference,20260727T150553Z_modulation_recognition_blind_carrier__oracle_likelihood_snr18_seed73001,steps.evaluation.classification.balanced_accuracy,1
oracle_likelihood_snr18_seed73001,oracle_likelihood_snr18_seed73001,Oracle-synchronized likelihood reference · 18 dB · seed 73001,oracle_likelihood,Oracle-synchronized likelihood,oracle_likelihood,73001,snr_db=18,paired held-out symbol/carrier/noise seed,reference,20260727T150553Z_modulation_recognition_blind_carrier__oracle_likelihood_snr18_seed73001,steps.evaluation.modulation_recognition.accuracy,1
oracle_likelihood_snr18_seed73001,oracle_likelihood_snr18_seed73001,Oracle-synchronized likelihood reference · 18 dB · seed 73001,oracle_likelihood,Oracle-synchronized likelihood,oracle_likelihood,73001,snr_db=18,paired held-out symbol/carrier/noise seed,reference,20260727T150553Z_modulation_recognition_blind_carrier__oracle_likelihood_snr18_seed73001,steps.evaluation.modulation_recognition.balanced_accuracy,1
oracle_likelihood_snr18_seed73001,oracle_likelihood_snr18_seed73001,Oracle-synchronized likelihood reference · 18 dB · seed 73001,oracle_likelihood,Oracle-synchronized likelihood,oracle_likelihood,73001,snr_db=18,paired held-out symbol/carrier/noise seed,reference,20260727T150553Z_modulation_recognition_blind_carrier__oracle_likelihood_snr18_seed73001,steps.evaluation.modulation_recognition.macro_f1,1
oracle_likelihood_snr18_seed73001,oracle_likelihood_snr18_seed73001,Oracle-synchronized likelihood reference · 18 dB · seed 73001,oracle_likelihood,Oracle-synchronized likelihood,oracle_likelihood,73001,snr_db=18,paired held-out symbol/carrier/noise seed,reference,20260727T150553Z_modulation_recognition_blind_carrier__oracle_likelihood_snr18_seed73001,steps.evaluation.task.accuracy,1
oracle_likelihood_snr18_seed73001,oracle_likelihood_snr18_seed73001,Oracle-synchronized likelihood reference · 18 dB · seed 73001,oracle_likelihood,Oracle-synchronized likelihood,oracle_likelihood,73001,snr_db=18,paired held-out symbol/carrier/noise seed,reference,20260727T150553Z_modulation_recognition_blind_carrier__oracle_likelihood_snr18_seed73001,steps.evaluation.task.score,1
oracle_likelihood_snr18_seed73001,oracle_likelihood_snr18_seed73001,Oracle-synchronized likelihood reference · 18 dB · seed 73001,oracle_likelihood,Oracle-synchronized likelihood,oracle_likelihood,73001,snr_db=18,paired held-out symbol/carrier/noise seed,reference,20260727T150553Z_modulation_recognition_blind_carrier__oracle_likelihood_snr18_seed73001,steps.evaluation.timing.step.wall_time_s,0.009467
oracle_likelihood_snr18_seed73001,oracle_likelihood_snr18_seed73001,Oracle-synchronized likelihood reference · 18 dB · seed 73001,oracle_likelihood,Oracle-synchronized likelihood,oracle_likelihood,73001,snr_db=18,paired held-out symbol/carrier/noise seed,reference,20260727T150553Z_modulation_recognition_blind_carrier__oracle_likelihood_snr18_seed73001,steps.observation.channel.carrier.cfo_abs_mean_cycles_per_symbol,0.003047
oracle_likelihood_snr18_seed73001,oracle_likelihood_snr18_seed73001,Oracle-synchronized likelihood reference · 18 dB · seed 73001,oracle_likelihood,Oracle-synchronized likelihood,oracle_likelihood,73001,snr_db=18,paired held-out symbol/carrier/noise seed,reference,20260727T150553Z_modulation_recognition_blind_carrier__oracle_likelihood_snr18_seed73001,steps.observation.channel.carrier.initial_phase_abs_mean_rad,1.55227
oracle_likelihood_snr18_seed73001,oracle_likelihood_snr18_seed73001,Oracle-synchronized likelihood reference · 18 dB · seed 73001,oracle_likelihood,Oracle-synchronized likelihood,oracle_likelihood,73001,snr_db=18,paired held-out symbol/carrier/noise seed,reference,20260727T150553Z_modulation_recognition_blind_carrier__oracle_likelihood_snr18_seed73001,steps.observation.channel.snr_db,18
oracle_likelihood_snr18_seed73001,oracle_likelihood_snr18_seed73001,Oracle-synchronized likelihood reference · 18 dB · seed 73001,oracle_likelihood,Oracle-synchronized likelihood,oracle_likelihood,73001,snr_db=18,paired held-out symbol/carrier/noise seed,reference,20260727T150553Z_modulation_recognition_blind_carrier__oracle_likelihood_snr18_seed73001,steps.observation.channel.snr_db_max,18
oracle_likelihood_snr18_seed73001,oracle_likelihood_snr18_seed73001,Oracle-synchronized likelihood reference · 18 dB · seed 73001,oracle_likelihood,Oracle-synchronized likelihood,oracle_likelihood,73001,snr_db=18,paired held-out symbol/carrier/noise seed,reference,20260727T150553Z_modulation_recognition_blind_carrier__oracle_likelihood_snr18_seed73001,steps.observation.channel.snr_db_min,18
oracle_likelihood_snr18_seed73001,oracle_likelihood_snr18_seed73001,Oracle-synchronized likelihood reference · 18 dB · seed 73001,oracle_likelihood,Oracle-synchronized likelihood,oracle_likelihood,73001,snr_db=18,paired held-out symbol/carrier/noise seed,reference,20260727T150553Z_modulation_recognition_blind_carrier__oracle_likelihood_snr18_seed73001,steps.observation.modulation_recognition.frame_count,1536
oracle_likelihood_snr18_seed73001,oracle_likelihood_snr18_seed73001,Oracle-synchronized likelihood reference · 18 dB · seed 73001,oracle_likelihood,Oracle-synchronized likelihood,oracle_likelihood,73001,snr_db=18,paired held-out symbol/carrier/noise seed,reference,20260727T150553Z_modulation_recognition_blind_carrier__oracle_likelihood_snr18_seed73001,steps.observation.timing.step.wall_time_s,0.091309
oracle_likelihood_snr18_seed73001,oracle_likelihood_snr18_seed73001,Oracle-synchronized likelihood reference · 18 dB · seed 73001,oracle_likelihood,Oracle-synchronized likelihood,oracle_likelihood,73001,snr_db=18,paired held-out symbol/carrier/noise seed,reference,20260727T150553Z_modulation_recognition_blind_carrier__oracle_likelihood_snr18_seed73001,steps.receiver.modulation_recognition.predicted_frame_count,1536
oracle_likelihood_snr18_seed73001,oracle_likelihood_snr18_seed73001,Oracle-synchronized likelihood reference · 18 dB · seed 73001,oracle_likelihood,Oracle-synchronized likelihood,oracle_likelihood,73001,snr_db=18,paired held-out symbol/carrier/noise seed,reference,20260727T150553Z_modulation_recognition_blind_carrier__oracle_likelihood_snr18_seed73001,steps.receiver.timing.step.wall_time_s,0.262121
oracle_likelihood_snr18_seed73001,oracle_likelihood_snr18_seed73001,Oracle-synchronized likelihood reference · 18 dB · seed 73001,oracle_likelihood,Oracle-synchronized likelihood,oracle_likelihood,73001,snr_db=18,paired held-out symbol/carrier/noise seed,reference,20260727T150553Z_modulation_recognition_blind_carrier__oracle_likelihood_snr18_seed73001,task.accuracy,1
oracle_likelihood_snr18_seed73001,oracle_likelihood_snr18_seed73001,Oracle-synchronized likelihood reference · 18 dB · seed 73001,oracle_likelihood,Oracle-synchronized likelihood,oracle_likelihood,73001,snr_db=18,paired held-out symbol/carrier/noise seed,reference,20260727T150553Z_modulation_recognition_blind_carrier__oracle_likelihood_snr18_seed73001,task.score,1
