Method,Run,SNR (dB),Step,Metric,Value
uncompensated,20260723T222123Z_qpsk_pilot_phase_tracking_2048_snapshot__channel.snr_db_-2__receiver.mode_uncompensated,-2,data,channel.payload_bit_count,2048
uncompensated,20260723T222123Z_qpsk_pilot_phase_tracking_2048_snapshot__channel.snr_db_-2__receiver.mode_uncompensated,-2,data,source.bit_count,2048
uncompensated,20260723T222123Z_qpsk_pilot_phase_tracking_2048_snapshot__channel.snr_db_-2__receiver.mode_uncompensated,-2,data,source.example_count,2
uncompensated,20260723T222123Z_qpsk_pilot_phase_tracking_2048_snapshot__channel.snr_db_-2__receiver.mode_uncompensated,-2,data,source.transport_block_count,2
uncompensated,20260723T222123Z_qpsk_pilot_phase_tracking_2048_snapshot__channel.snr_db_-2__receiver.mode_uncompensated,-2,data,source.transport_block_size_bits,1024
uncompensated,20260723T222123Z_qpsk_pilot_phase_tracking_2048_snapshot__channel.snr_db_-2__receiver.mode_uncompensated,-2,data,timing.step.wall_time_s,0.0083685040008276701
uncompensated,20260723T222123Z_qpsk_pilot_phase_tracking_2048_snapshot__channel.snr_db_-2__receiver.mode_uncompensated,-2,payload_bit_boundary,channel.fixed.bit_count,2048
uncompensated,20260723T222123Z_qpsk_pilot_phase_tracking_2048_snapshot__channel.snr_db_-2__receiver.mode_uncompensated,-2,payload_bit_boundary,channel.fixed.byte_count,256
uncompensated,20260723T222123Z_qpsk_pilot_phase_tracking_2048_snapshot__channel.snr_db_-2__receiver.mode_uncompensated,-2,payload_bit_boundary,channel.fixed.payload_input.bit_count,2048
uncompensated,20260723T222123Z_qpsk_pilot_phase_tracking_2048_snapshot__channel.snr_db_-2__receiver.mode_uncompensated,-2,payload_bit_boundary,channel.fixed.payload_input.bits_per_element,1
uncompensated,20260723T222123Z_qpsk_pilot_phase_tracking_2048_snapshot__channel.snr_db_-2__receiver.mode_uncompensated,-2,payload_bit_boundary,channel.fixed.payload_input.byte_count,256
uncompensated,20260723T222123Z_qpsk_pilot_phase_tracking_2048_snapshot__channel.snr_db_-2__receiver.mode_uncompensated,-2,payload_bit_boundary,channel.fixed.payload_input.dtype_uint8,1
uncompensated,20260723T222123Z_qpsk_pilot_phase_tracking_2048_snapshot__channel.snr_db_-2__receiver.mode_uncompensated,-2,payload_bit_boundary,timing.step.wall_time_s,0.0021816769731231034
uncompensated,20260723T222123Z_qpsk_pilot_phase_tracking_2048_snapshot__channel.snr_db_-2__receiver.mode_uncompensated,-2,channel_encoder,channel.channel_code_input_bit_count,2048
uncompensated,20260723T222123Z_qpsk_pilot_phase_tracking_2048_snapshot__channel.snr_db_-2__receiver.mode_uncompensated,-2,channel_encoder,channel.code_rate,1
uncompensated,20260723T222123Z_qpsk_pilot_phase_tracking_2048_snapshot__channel.snr_db_-2__receiver.mode_uncompensated,-2,channel_encoder,channel.coded_bit_count,2048
uncompensated,20260723T222123Z_qpsk_pilot_phase_tracking_2048_snapshot__channel.snr_db_-2__receiver.mode_uncompensated,-2,channel_encoder,channel.payload_bit_count,2048
uncompensated,20260723T222123Z_qpsk_pilot_phase_tracking_2048_snapshot__channel.snr_db_-2__receiver.mode_uncompensated,-2,channel_encoder,timing.step.wall_time_s,0.0019582060049287975
uncompensated,20260723T222123Z_qpsk_pilot_phase_tracking_2048_snapshot__channel.snr_db_-2__receiver.mode_uncompensated,-2,tx_bit_boundary,channel.fixed.bit_count,2048
uncompensated,20260723T222123Z_qpsk_pilot_phase_tracking_2048_snapshot__channel.snr_db_-2__receiver.mode_uncompensated,-2,tx_bit_boundary,channel.fixed.byte_count,256
uncompensated,20260723T222123Z_qpsk_pilot_phase_tracking_2048_snapshot__channel.snr_db_-2__receiver.mode_uncompensated,-2,tx_bit_boundary,channel.fixed.modulator_input.bit_count,2048
uncompensated,20260723T222123Z_qpsk_pilot_phase_tracking_2048_snapshot__channel.snr_db_-2__receiver.mode_uncompensated,-2,tx_bit_boundary,channel.fixed.modulator_input.bits_per_element,1
uncompensated,20260723T222123Z_qpsk_pilot_phase_tracking_2048_snapshot__channel.snr_db_-2__receiver.mode_uncompensated,-2,tx_bit_boundary,channel.fixed.modulator_input.byte_count,256
uncompensated,20260723T222123Z_qpsk_pilot_phase_tracking_2048_snapshot__channel.snr_db_-2__receiver.mode_uncompensated,-2,tx_bit_boundary,channel.fixed.modulator_input.dtype_uint8,1
uncompensated,20260723T222123Z_qpsk_pilot_phase_tracking_2048_snapshot__channel.snr_db_-2__receiver.mode_uncompensated,-2,tx_bit_boundary,timing.step.wall_time_s,0.0024895279784686863
uncompensated,20260723T222123Z_qpsk_pilot_phase_tracking_2048_snapshot__channel.snr_db_-2__receiver.mode_uncompensated,-2,modulator,channel.bits_per_symbol,2
uncompensated,20260723T222123Z_qpsk_pilot_phase_tracking_2048_snapshot__channel.snr_db_-2__receiver.mode_uncompensated,-2,modulator,channel.channel_use_count,1120
uncompensated,20260723T222123Z_qpsk_pilot_phase_tracking_2048_snapshot__channel.snr_db_-2__receiver.mode_uncompensated,-2,modulator,channel.data_symbol_count,1024
uncompensated,20260723T222123Z_qpsk_pilot_phase_tracking_2048_snapshot__channel.snr_db_-2__receiver.mode_uncompensated,-2,modulator,channel.effective_payload_bits_per_channel_use,1.8285714285714285
uncompensated,20260723T222123Z_qpsk_pilot_phase_tracking_2048_snapshot__channel.snr_db_-2__receiver.mode_uncompensated,-2,modulator,channel.pilot_overhead_fraction,0.085714285714285715
uncompensated,20260723T222123Z_qpsk_pilot_phase_tracking_2048_snapshot__channel.snr_db_-2__receiver.mode_uncompensated,-2,modulator,channel.pilot_symbol_count,96
uncompensated,20260723T222123Z_qpsk_pilot_phase_tracking_2048_snapshot__channel.snr_db_-2__receiver.mode_uncompensated,-2,modulator,channel.symbol_count,1120
uncompensated,20260723T222123Z_qpsk_pilot_phase_tracking_2048_snapshot__channel.snr_db_-2__receiver.mode_uncompensated,-2,modulator,channel.transmitted_bit_count,2048
uncompensated,20260723T222123Z_qpsk_pilot_phase_tracking_2048_snapshot__channel.snr_db_-2__receiver.mode_uncompensated,-2,modulator,timing.step.wall_time_s,0.005230664974078536
uncompensated,20260723T222123Z_qpsk_pilot_phase_tracking_2048_snapshot__channel.snr_db_-2__receiver.mode_uncompensated,-2,wireless_channel,channel.backend.numpy,1
uncompensated,20260723T222123Z_qpsk_pilot_phase_tracking_2048_snapshot__channel.snr_db_-2__receiver.mode_uncompensated,-2,wireless_channel,channel.channel_use_count,1120
uncompensated,20260723T222123Z_qpsk_pilot_phase_tracking_2048_snapshot__channel.snr_db_-2__receiver.mode_uncompensated,-2,wireless_channel,channel.effective_snr_db,-2.0000005177193976
uncompensated,20260723T222123Z_qpsk_pilot_phase_tracking_2048_snapshot__channel.snr_db_-2__receiver.mode_uncompensated,-2,wireless_channel,channel.grid_padding_symbol_count,0
uncompensated,20260723T222123Z_qpsk_pilot_phase_tracking_2048_snapshot__channel.snr_db_-2__receiver.mode_uncompensated,-2,wireless_channel,channel.noise_variance,1.5848931924611134
uncompensated,20260723T222123Z_qpsk_pilot_phase_tracking_2048_snapshot__channel.snr_db_-2__receiver.mode_uncompensated,-2,wireless_channel,channel.payload_symbol_count,1120
uncompensated,20260723T222123Z_qpsk_pilot_phase_tracking_2048_snapshot__channel.snr_db_-2__receiver.mode_uncompensated,-2,wireless_channel,channel.received_signal_power.average,0.99999988079071045
uncompensated,20260723T222123Z_qpsk_pilot_phase_tracking_2048_snapshot__channel.snr_db_-2__receiver.mode_uncompensated,-2,wireless_channel,channel.reference_snr_db,-2
uncompensated,20260723T222123Z_qpsk_pilot_phase_tracking_2048_snapshot__channel.snr_db_-2__receiver.mode_uncompensated,-2,wireless_channel,channel.rx_antenna_power.average,2.6519908973123947
uncompensated,20260723T222123Z_qpsk_pilot_phase_tracking_2048_snapshot__channel.snr_db_-2__receiver.mode_uncompensated,-2,wireless_channel,channel.rx_antenna_power.total_energy,2970.2298049898818
uncompensated,20260723T222123Z_qpsk_pilot_phase_tracking_2048_snapshot__channel.snr_db_-2__receiver.mode_uncompensated,-2,wireless_channel,channel.rx_output_power.average,2.6519908973123947
uncompensated,20260723T222123Z_qpsk_pilot_phase_tracking_2048_snapshot__channel.snr_db_-2__receiver.mode_uncompensated,-2,wireless_channel,channel.rx_output_power.total_energy,2970.2298049898818
uncompensated,20260723T222123Z_qpsk_pilot_phase_tracking_2048_snapshot__channel.snr_db_-2__receiver.mode_uncompensated,-2,wireless_channel,channel.rx_power.average,2.6519908973123947
uncompensated,20260723T222123Z_qpsk_pilot_phase_tracking_2048_snapshot__channel.snr_db_-2__receiver.mode_uncompensated,-2,wireless_channel,channel.rx_power.total_energy,2970.2298049898818
uncompensated,20260723T222123Z_qpsk_pilot_phase_tracking_2048_snapshot__channel.snr_db_-2__receiver.mode_uncompensated,-2,wireless_channel,channel.shared_grid_overhead_channel_use_count,0
uncompensated,20260723T222123Z_qpsk_pilot_phase_tracking_2048_snapshot__channel.snr_db_-2__receiver.mode_uncompensated,-2,wireless_channel,channel.snr_db,-2
uncompensated,20260723T222123Z_qpsk_pilot_phase_tracking_2048_snapshot__channel.snr_db_-2__receiver.mode_uncompensated,-2,wireless_channel,channel.symbol_count,1120
uncompensated,20260723T222123Z_qpsk_pilot_phase_tracking_2048_snapshot__channel.snr_db_-2__receiver.mode_uncompensated,-2,wireless_channel,channel.tx_effective_snr_db,-2.0000005177193976
uncompensated,20260723T222123Z_qpsk_pilot_phase_tracking_2048_snapshot__channel.snr_db_-2__receiver.mode_uncompensated,-2,wireless_channel,channel.tx_energy.total,1119.9998779296875
uncompensated,20260723T222123Z_qpsk_pilot_phase_tracking_2048_snapshot__channel.snr_db_-2__receiver.mode_uncompensated,-2,wireless_channel,channel.tx_power_at_channel.average,0.99999988079071045
uncompensated,20260723T222123Z_qpsk_pilot_phase_tracking_2048_snapshot__channel.snr_db_-2__receiver.mode_uncompensated,-2,wireless_channel,channel.tx_power_per_executed_use.average,0.9999998910086495
uncompensated,20260723T222123Z_qpsk_pilot_phase_tracking_2048_snapshot__channel.snr_db_-2__receiver.mode_uncompensated,-2,wireless_channel,timing.step.wall_time_s,0.0075240769656375051
uncompensated,20260723T222123Z_qpsk_pilot_phase_tracking_2048_snapshot__channel.snr_db_-2__receiver.mode_uncompensated,-2,carrier_impairment,channel.carrier.cfo_abs_mean_cycles_per_symbol,0.0023162256521348399
uncompensated,20260723T222123Z_qpsk_pilot_phase_tracking_2048_snapshot__channel.snr_db_-2__receiver.mode_uncompensated,-2,carrier_impairment,channel.carrier.initial_phase_abs_mean_rad,1.6504928043575418
uncompensated,20260723T222123Z_qpsk_pilot_phase_tracking_2048_snapshot__channel.snr_db_-2__receiver.mode_uncompensated,-2,carrier_impairment,channel.carrier.phase_drift_rms_rad,5.8526804037773399
uncompensated,20260723T222123Z_qpsk_pilot_phase_tracking_2048_snapshot__channel.snr_db_-2__receiver.mode_uncompensated,-2,carrier_impairment,channel.carrier.phase_noise_increment_std_rad,0.040000000000000001
uncompensated,20260723T222123Z_qpsk_pilot_phase_tracking_2048_snapshot__channel.snr_db_-2__receiver.mode_uncompensated,-2,carrier_impairment,timing.step.wall_time_s,0.021831774967722595
uncompensated,20260723T222123Z_qpsk_pilot_phase_tracking_2048_snapshot__channel.snr_db_-2__receiver.mode_uncompensated,-2,demodulator,channel.demod_bit_count,2048
uncompensated,20260723T222123Z_qpsk_pilot_phase_tracking_2048_snapshot__channel.snr_db_-2__receiver.mode_uncompensated,-2,demodulator,receiver.phase_tracking.data_symbol_count,1024
uncompensated,20260723T222123Z_qpsk_pilot_phase_tracking_2048_snapshot__channel.snr_db_-2__receiver.mode_uncompensated,-2,demodulator,receiver.phase_tracking.packet_count,2
uncompensated,20260723T222123Z_qpsk_pilot_phase_tracking_2048_snapshot__channel.snr_db_-2__receiver.mode_uncompensated,-2,demodulator,receiver.phase_tracking.uncompensated,1
uncompensated,20260723T222123Z_qpsk_pilot_phase_tracking_2048_snapshot__channel.snr_db_-2__receiver.mode_uncompensated,-2,demodulator,timing.step.wall_time_s,0.015042054001241922
uncompensated,20260723T222123Z_qpsk_pilot_phase_tracking_2048_snapshot__channel.snr_db_-2__receiver.mode_uncompensated,-2,rx_bit_boundary,channel.fixed.bit_count,2048
uncompensated,20260723T222123Z_qpsk_pilot_phase_tracking_2048_snapshot__channel.snr_db_-2__receiver.mode_uncompensated,-2,rx_bit_boundary,channel.fixed.byte_count,256
uncompensated,20260723T222123Z_qpsk_pilot_phase_tracking_2048_snapshot__channel.snr_db_-2__receiver.mode_uncompensated,-2,rx_bit_boundary,channel.fixed.demodulator_output.bit_count,2048
uncompensated,20260723T222123Z_qpsk_pilot_phase_tracking_2048_snapshot__channel.snr_db_-2__receiver.mode_uncompensated,-2,rx_bit_boundary,channel.fixed.demodulator_output.bits_per_element,1
uncompensated,20260723T222123Z_qpsk_pilot_phase_tracking_2048_snapshot__channel.snr_db_-2__receiver.mode_uncompensated,-2,rx_bit_boundary,channel.fixed.demodulator_output.byte_count,256
uncompensated,20260723T222123Z_qpsk_pilot_phase_tracking_2048_snapshot__channel.snr_db_-2__receiver.mode_uncompensated,-2,rx_bit_boundary,channel.fixed.demodulator_output.dtype_uint8,1
uncompensated,20260723T222123Z_qpsk_pilot_phase_tracking_2048_snapshot__channel.snr_db_-2__receiver.mode_uncompensated,-2,rx_bit_boundary,timing.step.wall_time_s,0.0075492790201678872
uncompensated,20260723T222123Z_qpsk_pilot_phase_tracking_2048_snapshot__channel.snr_db_-2__receiver.mode_uncompensated,-2,coded_ber,channel.coded.ber,0.44873046875
uncompensated,20260723T222123Z_qpsk_pilot_phase_tracking_2048_snapshot__channel.snr_db_-2__receiver.mode_uncompensated,-2,coded_ber,channel.coded.compare_bit_count,2048
uncompensated,20260723T222123Z_qpsk_pilot_phase_tracking_2048_snapshot__channel.snr_db_-2__receiver.mode_uncompensated,-2,coded_ber,channel.coded.error_count,919
uncompensated,20260723T222123Z_qpsk_pilot_phase_tracking_2048_snapshot__channel.snr_db_-2__receiver.mode_uncompensated,-2,coded_ber,timing.step.wall_time_s,0.0025869659730233252
uncompensated,20260723T222123Z_qpsk_pilot_phase_tracking_2048_snapshot__channel.snr_db_-2__receiver.mode_uncompensated,-2,coded_bler,channel.coded.bler,1
uncompensated,20260723T222123Z_qpsk_pilot_phase_tracking_2048_snapshot__channel.snr_db_-2__receiver.mode_uncompensated,-2,coded_bler,channel.coded.block_count,2
uncompensated,20260723T222123Z_qpsk_pilot_phase_tracking_2048_snapshot__channel.snr_db_-2__receiver.mode_uncompensated,-2,coded_bler,channel.coded.block_error_count,2
uncompensated,20260723T222123Z_qpsk_pilot_phase_tracking_2048_snapshot__channel.snr_db_-2__receiver.mode_uncompensated,-2,coded_bler,channel.coded.block_size,1024
uncompensated,20260723T222123Z_qpsk_pilot_phase_tracking_2048_snapshot__channel.snr_db_-2__receiver.mode_uncompensated,-2,coded_bler,timing.step.wall_time_s,0.0044468909618444741
uncompensated,20260723T222123Z_qpsk_pilot_phase_tracking_2048_snapshot__channel.snr_db_-2__receiver.mode_uncompensated,-2,channel_bit_count_match,channel.fixed.channel_io.bit_count_match,1
uncompensated,20260723T222123Z_qpsk_pilot_phase_tracking_2048_snapshot__channel.snr_db_-2__receiver.mode_uncompensated,-2,channel_bit_count_match,channel.fixed.channel_io.candidate_bit_count,2048
uncompensated,20260723T222123Z_qpsk_pilot_phase_tracking_2048_snapshot__channel.snr_db_-2__receiver.mode_uncompensated,-2,channel_bit_count_match,channel.fixed.channel_io.length_delta,0
uncompensated,20260723T222123Z_qpsk_pilot_phase_tracking_2048_snapshot__channel.snr_db_-2__receiver.mode_uncompensated,-2,channel_bit_count_match,channel.fixed.channel_io.reference_bit_count,2048
uncompensated,20260723T222123Z_qpsk_pilot_phase_tracking_2048_snapshot__channel.snr_db_-2__receiver.mode_uncompensated,-2,channel_bit_count_match,timing.step.wall_time_s,0.0042740540229715407
uncompensated,20260723T222123Z_qpsk_pilot_phase_tracking_2048_snapshot__channel.snr_db_-2__receiver.mode_uncompensated,-2,channel_decoder,channel.decoded_bit_count,2048
uncompensated,20260723T222123Z_qpsk_pilot_phase_tracking_2048_snapshot__channel.snr_db_-2__receiver.mode_uncompensated,-2,channel_decoder,timing.step.wall_time_s,0.0074070260161533952
pilot_smoothing,20260723T222124Z_qpsk_pilot_phase_tracking_2048_snapshot__channel.snr_db_-2__receiver.mode_pilot_smoothing,-2,data,channel.payload_bit_count,2048
pilot_smoothing,20260723T222124Z_qpsk_pilot_phase_tracking_2048_snapshot__channel.snr_db_-2__receiver.mode_pilot_smoothing,-2,data,source.bit_count,2048
pilot_smoothing,20260723T222124Z_qpsk_pilot_phase_tracking_2048_snapshot__channel.snr_db_-2__receiver.mode_pilot_smoothing,-2,data,source.example_count,2
pilot_smoothing,20260723T222124Z_qpsk_pilot_phase_tracking_2048_snapshot__channel.snr_db_-2__receiver.mode_pilot_smoothing,-2,data,source.transport_block_count,2
pilot_smoothing,20260723T222124Z_qpsk_pilot_phase_tracking_2048_snapshot__channel.snr_db_-2__receiver.mode_pilot_smoothing,-2,data,source.transport_block_size_bits,1024
pilot_smoothing,20260723T222124Z_qpsk_pilot_phase_tracking_2048_snapshot__channel.snr_db_-2__receiver.mode_pilot_smoothing,-2,data,timing.step.wall_time_s,0.0016196289798244834
pilot_smoothing,20260723T222124Z_qpsk_pilot_phase_tracking_2048_snapshot__channel.snr_db_-2__receiver.mode_pilot_smoothing,-2,payload_bit_boundary,channel.fixed.bit_count,2048
pilot_smoothing,20260723T222124Z_qpsk_pilot_phase_tracking_2048_snapshot__channel.snr_db_-2__receiver.mode_pilot_smoothing,-2,payload_bit_boundary,channel.fixed.byte_count,256
pilot_smoothing,20260723T222124Z_qpsk_pilot_phase_tracking_2048_snapshot__channel.snr_db_-2__receiver.mode_pilot_smoothing,-2,payload_bit_boundary,channel.fixed.payload_input.bit_count,2048
pilot_smoothing,20260723T222124Z_qpsk_pilot_phase_tracking_2048_snapshot__channel.snr_db_-2__receiver.mode_pilot_smoothing,-2,payload_bit_boundary,channel.fixed.payload_input.bits_per_element,1
pilot_smoothing,20260723T222124Z_qpsk_pilot_phase_tracking_2048_snapshot__channel.snr_db_-2__receiver.mode_pilot_smoothing,-2,payload_bit_boundary,channel.fixed.payload_input.byte_count,256
pilot_smoothing,20260723T222124Z_qpsk_pilot_phase_tracking_2048_snapshot__channel.snr_db_-2__receiver.mode_pilot_smoothing,-2,payload_bit_boundary,channel.fixed.payload_input.dtype_uint8,1
pilot_smoothing,20260723T222124Z_qpsk_pilot_phase_tracking_2048_snapshot__channel.snr_db_-2__receiver.mode_pilot_smoothing,-2,payload_bit_boundary,timing.step.wall_time_s,0.0019461719784885645
pilot_smoothing,20260723T222124Z_qpsk_pilot_phase_tracking_2048_snapshot__channel.snr_db_-2__receiver.mode_pilot_smoothing,-2,channel_encoder,channel.channel_code_input_bit_count,2048
pilot_smoothing,20260723T222124Z_qpsk_pilot_phase_tracking_2048_snapshot__channel.snr_db_-2__receiver.mode_pilot_smoothing,-2,channel_encoder,channel.code_rate,1
pilot_smoothing,20260723T222124Z_qpsk_pilot_phase_tracking_2048_snapshot__channel.snr_db_-2__receiver.mode_pilot_smoothing,-2,channel_encoder,channel.coded_bit_count,2048
pilot_smoothing,20260723T222124Z_qpsk_pilot_phase_tracking_2048_snapshot__channel.snr_db_-2__receiver.mode_pilot_smoothing,-2,channel_encoder,channel.payload_bit_count,2048
pilot_smoothing,20260723T222124Z_qpsk_pilot_phase_tracking_2048_snapshot__channel.snr_db_-2__receiver.mode_pilot_smoothing,-2,channel_encoder,timing.step.wall_time_s,0.0019822179456241429
pilot_smoothing,20260723T222124Z_qpsk_pilot_phase_tracking_2048_snapshot__channel.snr_db_-2__receiver.mode_pilot_smoothing,-2,tx_bit_boundary,channel.fixed.bit_count,2048
pilot_smoothing,20260723T222124Z_qpsk_pilot_phase_tracking_2048_snapshot__channel.snr_db_-2__receiver.mode_pilot_smoothing,-2,tx_bit_boundary,channel.fixed.byte_count,256
pilot_smoothing,20260723T222124Z_qpsk_pilot_phase_tracking_2048_snapshot__channel.snr_db_-2__receiver.mode_pilot_smoothing,-2,tx_bit_boundary,channel.fixed.modulator_input.bit_count,2048
pilot_smoothing,20260723T222124Z_qpsk_pilot_phase_tracking_2048_snapshot__channel.snr_db_-2__receiver.mode_pilot_smoothing,-2,tx_bit_boundary,channel.fixed.modulator_input.bits_per_element,1
pilot_smoothing,20260723T222124Z_qpsk_pilot_phase_tracking_2048_snapshot__channel.snr_db_-2__receiver.mode_pilot_smoothing,-2,tx_bit_boundary,channel.fixed.modulator_input.byte_count,256
pilot_smoothing,20260723T222124Z_qpsk_pilot_phase_tracking_2048_snapshot__channel.snr_db_-2__receiver.mode_pilot_smoothing,-2,tx_bit_boundary,channel.fixed.modulator_input.dtype_uint8,1
pilot_smoothing,20260723T222124Z_qpsk_pilot_phase_tracking_2048_snapshot__channel.snr_db_-2__receiver.mode_pilot_smoothing,-2,tx_bit_boundary,timing.step.wall_time_s,0.0024277449701912701
pilot_smoothing,20260723T222124Z_qpsk_pilot_phase_tracking_2048_snapshot__channel.snr_db_-2__receiver.mode_pilot_smoothing,-2,modulator,channel.bits_per_symbol,2
pilot_smoothing,20260723T222124Z_qpsk_pilot_phase_tracking_2048_snapshot__channel.snr_db_-2__receiver.mode_pilot_smoothing,-2,modulator,channel.channel_use_count,1120
pilot_smoothing,20260723T222124Z_qpsk_pilot_phase_tracking_2048_snapshot__channel.snr_db_-2__receiver.mode_pilot_smoothing,-2,modulator,channel.data_symbol_count,1024
pilot_smoothing,20260723T222124Z_qpsk_pilot_phase_tracking_2048_snapshot__channel.snr_db_-2__receiver.mode_pilot_smoothing,-2,modulator,channel.effective_payload_bits_per_channel_use,1.8285714285714285
pilot_smoothing,20260723T222124Z_qpsk_pilot_phase_tracking_2048_snapshot__channel.snr_db_-2__receiver.mode_pilot_smoothing,-2,modulator,channel.pilot_overhead_fraction,0.085714285714285715
pilot_smoothing,20260723T222124Z_qpsk_pilot_phase_tracking_2048_snapshot__channel.snr_db_-2__receiver.mode_pilot_smoothing,-2,modulator,channel.pilot_symbol_count,96
pilot_smoothing,20260723T222124Z_qpsk_pilot_phase_tracking_2048_snapshot__channel.snr_db_-2__receiver.mode_pilot_smoothing,-2,modulator,channel.symbol_count,1120
pilot_smoothing,20260723T222124Z_qpsk_pilot_phase_tracking_2048_snapshot__channel.snr_db_-2__receiver.mode_pilot_smoothing,-2,modulator,channel.transmitted_bit_count,2048
pilot_smoothing,20260723T222124Z_qpsk_pilot_phase_tracking_2048_snapshot__channel.snr_db_-2__receiver.mode_pilot_smoothing,-2,modulator,timing.step.wall_time_s,0.0046393349766731262
pilot_smoothing,20260723T222124Z_qpsk_pilot_phase_tracking_2048_snapshot__channel.snr_db_-2__receiver.mode_pilot_smoothing,-2,wireless_channel,channel.backend.numpy,1
pilot_smoothing,20260723T222124Z_qpsk_pilot_phase_tracking_2048_snapshot__channel.snr_db_-2__receiver.mode_pilot_smoothing,-2,wireless_channel,channel.channel_use_count,1120
pilot_smoothing,20260723T222124Z_qpsk_pilot_phase_tracking_2048_snapshot__channel.snr_db_-2__receiver.mode_pilot_smoothing,-2,wireless_channel,channel.effective_snr_db,-2.0000005177193976
pilot_smoothing,20260723T222124Z_qpsk_pilot_phase_tracking_2048_snapshot__channel.snr_db_-2__receiver.mode_pilot_smoothing,-2,wireless_channel,channel.grid_padding_symbol_count,0
pilot_smoothing,20260723T222124Z_qpsk_pilot_phase_tracking_2048_snapshot__channel.snr_db_-2__receiver.mode_pilot_smoothing,-2,wireless_channel,channel.noise_variance,1.5848931924611134
pilot_smoothing,20260723T222124Z_qpsk_pilot_phase_tracking_2048_snapshot__channel.snr_db_-2__receiver.mode_pilot_smoothing,-2,wireless_channel,channel.payload_symbol_count,1120
pilot_smoothing,20260723T222124Z_qpsk_pilot_phase_tracking_2048_snapshot__channel.snr_db_-2__receiver.mode_pilot_smoothing,-2,wireless_channel,channel.received_signal_power.average,0.99999988079071045
pilot_smoothing,20260723T222124Z_qpsk_pilot_phase_tracking_2048_snapshot__channel.snr_db_-2__receiver.mode_pilot_smoothing,-2,wireless_channel,channel.reference_snr_db,-2
pilot_smoothing,20260723T222124Z_qpsk_pilot_phase_tracking_2048_snapshot__channel.snr_db_-2__receiver.mode_pilot_smoothing,-2,wireless_channel,channel.rx_antenna_power.average,2.6519908973123947
pilot_smoothing,20260723T222124Z_qpsk_pilot_phase_tracking_2048_snapshot__channel.snr_db_-2__receiver.mode_pilot_smoothing,-2,wireless_channel,channel.rx_antenna_power.total_energy,2970.2298049898818
pilot_smoothing,20260723T222124Z_qpsk_pilot_phase_tracking_2048_snapshot__channel.snr_db_-2__receiver.mode_pilot_smoothing,-2,wireless_channel,channel.rx_output_power.average,2.6519908973123947
pilot_smoothing,20260723T222124Z_qpsk_pilot_phase_tracking_2048_snapshot__channel.snr_db_-2__receiver.mode_pilot_smoothing,-2,wireless_channel,channel.rx_output_power.total_energy,2970.2298049898818
pilot_smoothing,20260723T222124Z_qpsk_pilot_phase_tracking_2048_snapshot__channel.snr_db_-2__receiver.mode_pilot_smoothing,-2,wireless_channel,channel.rx_power.average,2.6519908973123947
pilot_smoothing,20260723T222124Z_qpsk_pilot_phase_tracking_2048_snapshot__channel.snr_db_-2__receiver.mode_pilot_smoothing,-2,wireless_channel,channel.rx_power.total_energy,2970.2298049898818
pilot_smoothing,20260723T222124Z_qpsk_pilot_phase_tracking_2048_snapshot__channel.snr_db_-2__receiver.mode_pilot_smoothing,-2,wireless_channel,channel.shared_grid_overhead_channel_use_count,0
pilot_smoothing,20260723T222124Z_qpsk_pilot_phase_tracking_2048_snapshot__channel.snr_db_-2__receiver.mode_pilot_smoothing,-2,wireless_channel,channel.snr_db,-2
pilot_smoothing,20260723T222124Z_qpsk_pilot_phase_tracking_2048_snapshot__channel.snr_db_-2__receiver.mode_pilot_smoothing,-2,wireless_channel,channel.symbol_count,1120
pilot_smoothing,20260723T222124Z_qpsk_pilot_phase_tracking_2048_snapshot__channel.snr_db_-2__receiver.mode_pilot_smoothing,-2,wireless_channel,channel.tx_effective_snr_db,-2.0000005177193976
pilot_smoothing,20260723T222124Z_qpsk_pilot_phase_tracking_2048_snapshot__channel.snr_db_-2__receiver.mode_pilot_smoothing,-2,wireless_channel,channel.tx_energy.total,1119.9998779296875
pilot_smoothing,20260723T222124Z_qpsk_pilot_phase_tracking_2048_snapshot__channel.snr_db_-2__receiver.mode_pilot_smoothing,-2,wireless_channel,channel.tx_power_at_channel.average,0.99999988079071045
pilot_smoothing,20260723T222124Z_qpsk_pilot_phase_tracking_2048_snapshot__channel.snr_db_-2__receiver.mode_pilot_smoothing,-2,wireless_channel,channel.tx_power_per_executed_use.average,0.9999998910086495
pilot_smoothing,20260723T222124Z_qpsk_pilot_phase_tracking_2048_snapshot__channel.snr_db_-2__receiver.mode_pilot_smoothing,-2,wireless_channel,timing.step.wall_time_s,0.0088716520112939179
pilot_smoothing,20260723T222124Z_qpsk_pilot_phase_tracking_2048_snapshot__channel.snr_db_-2__receiver.mode_pilot_smoothing,-2,carrier_impairment,channel.carrier.cfo_abs_mean_cycles_per_symbol,0.0023162256521348399
pilot_smoothing,20260723T222124Z_qpsk_pilot_phase_tracking_2048_snapshot__channel.snr_db_-2__receiver.mode_pilot_smoothing,-2,carrier_impairment,channel.carrier.initial_phase_abs_mean_rad,1.6504928043575418
pilot_smoothing,20260723T222124Z_qpsk_pilot_phase_tracking_2048_snapshot__channel.snr_db_-2__receiver.mode_pilot_smoothing,-2,carrier_impairment,channel.carrier.phase_drift_rms_rad,5.8526804037773399
pilot_smoothing,20260723T222124Z_qpsk_pilot_phase_tracking_2048_snapshot__channel.snr_db_-2__receiver.mode_pilot_smoothing,-2,carrier_impairment,channel.carrier.phase_noise_increment_std_rad,0.040000000000000001
pilot_smoothing,20260723T222124Z_qpsk_pilot_phase_tracking_2048_snapshot__channel.snr_db_-2__receiver.mode_pilot_smoothing,-2,carrier_impairment,timing.step.wall_time_s,0.014474337047431618
pilot_smoothing,20260723T222124Z_qpsk_pilot_phase_tracking_2048_snapshot__channel.snr_db_-2__receiver.mode_pilot_smoothing,-2,demodulator,channel.demod_bit_count,2048
pilot_smoothing,20260723T222124Z_qpsk_pilot_phase_tracking_2048_snapshot__channel.snr_db_-2__receiver.mode_pilot_smoothing,-2,demodulator,receiver.phase_tracking.data_symbol_count,1024
pilot_smoothing,20260723T222124Z_qpsk_pilot_phase_tracking_2048_snapshot__channel.snr_db_-2__receiver.mode_pilot_smoothing,-2,demodulator,receiver.phase_tracking.packet_count,2
pilot_smoothing,20260723T222124Z_qpsk_pilot_phase_tracking_2048_snapshot__channel.snr_db_-2__receiver.mode_pilot_smoothing,-2,demodulator,receiver.phase_tracking.pilot_smoothing,1
pilot_smoothing,20260723T222124Z_qpsk_pilot_phase_tracking_2048_snapshot__channel.snr_db_-2__receiver.mode_pilot_smoothing,-2,demodulator,timing.step.wall_time_s,0.022818353027105331
pilot_smoothing,20260723T222124Z_qpsk_pilot_phase_tracking_2048_snapshot__channel.snr_db_-2__receiver.mode_pilot_smoothing,-2,rx_bit_boundary,channel.fixed.bit_count,2048
pilot_smoothing,20260723T222124Z_qpsk_pilot_phase_tracking_2048_snapshot__channel.snr_db_-2__receiver.mode_pilot_smoothing,-2,rx_bit_boundary,channel.fixed.byte_count,256
pilot_smoothing,20260723T222124Z_qpsk_pilot_phase_tracking_2048_snapshot__channel.snr_db_-2__receiver.mode_pilot_smoothing,-2,rx_bit_boundary,channel.fixed.demodulator_output.bit_count,2048
pilot_smoothing,20260723T222124Z_qpsk_pilot_phase_tracking_2048_snapshot__channel.snr_db_-2__receiver.mode_pilot_smoothing,-2,rx_bit_boundary,channel.fixed.demodulator_output.bits_per_element,1
pilot_smoothing,20260723T222124Z_qpsk_pilot_phase_tracking_2048_snapshot__channel.snr_db_-2__receiver.mode_pilot_smoothing,-2,rx_bit_boundary,channel.fixed.demodulator_output.byte_count,256
pilot_smoothing,20260723T222124Z_qpsk_pilot_phase_tracking_2048_snapshot__channel.snr_db_-2__receiver.mode_pilot_smoothing,-2,rx_bit_boundary,channel.fixed.demodulator_output.dtype_uint8,1
pilot_smoothing,20260723T222124Z_qpsk_pilot_phase_tracking_2048_snapshot__channel.snr_db_-2__receiver.mode_pilot_smoothing,-2,rx_bit_boundary,timing.step.wall_time_s,0.006919801002368331
pilot_smoothing,20260723T222124Z_qpsk_pilot_phase_tracking_2048_snapshot__channel.snr_db_-2__receiver.mode_pilot_smoothing,-2,coded_ber,channel.coded.ber,0.26220703125
pilot_smoothing,20260723T222124Z_qpsk_pilot_phase_tracking_2048_snapshot__channel.snr_db_-2__receiver.mode_pilot_smoothing,-2,coded_ber,channel.coded.compare_bit_count,2048
pilot_smoothing,20260723T222124Z_qpsk_pilot_phase_tracking_2048_snapshot__channel.snr_db_-2__receiver.mode_pilot_smoothing,-2,coded_ber,channel.coded.error_count,537
pilot_smoothing,20260723T222124Z_qpsk_pilot_phase_tracking_2048_snapshot__channel.snr_db_-2__receiver.mode_pilot_smoothing,-2,coded_ber,timing.step.wall_time_s,0.0025953790172934532
pilot_smoothing,20260723T222124Z_qpsk_pilot_phase_tracking_2048_snapshot__channel.snr_db_-2__receiver.mode_pilot_smoothing,-2,coded_bler,channel.coded.bler,1
pilot_smoothing,20260723T222124Z_qpsk_pilot_phase_tracking_2048_snapshot__channel.snr_db_-2__receiver.mode_pilot_smoothing,-2,coded_bler,channel.coded.block_count,2
pilot_smoothing,20260723T222124Z_qpsk_pilot_phase_tracking_2048_snapshot__channel.snr_db_-2__receiver.mode_pilot_smoothing,-2,coded_bler,channel.coded.block_error_count,2
pilot_smoothing,20260723T222124Z_qpsk_pilot_phase_tracking_2048_snapshot__channel.snr_db_-2__receiver.mode_pilot_smoothing,-2,coded_bler,channel.coded.block_size,1024
pilot_smoothing,20260723T222124Z_qpsk_pilot_phase_tracking_2048_snapshot__channel.snr_db_-2__receiver.mode_pilot_smoothing,-2,coded_bler,timing.step.wall_time_s,0.0030234870500862598
pilot_smoothing,20260723T222124Z_qpsk_pilot_phase_tracking_2048_snapshot__channel.snr_db_-2__receiver.mode_pilot_smoothing,-2,channel_bit_count_match,channel.fixed.channel_io.bit_count_match,1
pilot_smoothing,20260723T222124Z_qpsk_pilot_phase_tracking_2048_snapshot__channel.snr_db_-2__receiver.mode_pilot_smoothing,-2,channel_bit_count_match,channel.fixed.channel_io.candidate_bit_count,2048
pilot_smoothing,20260723T222124Z_qpsk_pilot_phase_tracking_2048_snapshot__channel.snr_db_-2__receiver.mode_pilot_smoothing,-2,channel_bit_count_match,channel.fixed.channel_io.length_delta,0
pilot_smoothing,20260723T222124Z_qpsk_pilot_phase_tracking_2048_snapshot__channel.snr_db_-2__receiver.mode_pilot_smoothing,-2,channel_bit_count_match,channel.fixed.channel_io.reference_bit_count,2048
pilot_smoothing,20260723T222124Z_qpsk_pilot_phase_tracking_2048_snapshot__channel.snr_db_-2__receiver.mode_pilot_smoothing,-2,channel_bit_count_match,timing.step.wall_time_s,0.0024897530092857778
pilot_smoothing,20260723T222124Z_qpsk_pilot_phase_tracking_2048_snapshot__channel.snr_db_-2__receiver.mode_pilot_smoothing,-2,channel_decoder,channel.decoded_bit_count,2048
pilot_smoothing,20260723T222124Z_qpsk_pilot_phase_tracking_2048_snapshot__channel.snr_db_-2__receiver.mode_pilot_smoothing,-2,channel_decoder,timing.step.wall_time_s,0.0068487179814837873
decision_directed_pll,20260723T222125Z_qpsk_pilot_phase_tracking_2048_snapshot__channel.snr_db_-2__receiver.mode_decision_directed_pll,-2,data,channel.payload_bit_count,2048
decision_directed_pll,20260723T222125Z_qpsk_pilot_phase_tracking_2048_snapshot__channel.snr_db_-2__receiver.mode_decision_directed_pll,-2,data,source.bit_count,2048
decision_directed_pll,20260723T222125Z_qpsk_pilot_phase_tracking_2048_snapshot__channel.snr_db_-2__receiver.mode_decision_directed_pll,-2,data,source.example_count,2
decision_directed_pll,20260723T222125Z_qpsk_pilot_phase_tracking_2048_snapshot__channel.snr_db_-2__receiver.mode_decision_directed_pll,-2,data,source.transport_block_count,2
decision_directed_pll,20260723T222125Z_qpsk_pilot_phase_tracking_2048_snapshot__channel.snr_db_-2__receiver.mode_decision_directed_pll,-2,data,source.transport_block_size_bits,1024
decision_directed_pll,20260723T222125Z_qpsk_pilot_phase_tracking_2048_snapshot__channel.snr_db_-2__receiver.mode_decision_directed_pll,-2,data,timing.step.wall_time_s,0.0014692349941469729
decision_directed_pll,20260723T222125Z_qpsk_pilot_phase_tracking_2048_snapshot__channel.snr_db_-2__receiver.mode_decision_directed_pll,-2,payload_bit_boundary,channel.fixed.bit_count,2048
decision_directed_pll,20260723T222125Z_qpsk_pilot_phase_tracking_2048_snapshot__channel.snr_db_-2__receiver.mode_decision_directed_pll,-2,payload_bit_boundary,channel.fixed.byte_count,256
decision_directed_pll,20260723T222125Z_qpsk_pilot_phase_tracking_2048_snapshot__channel.snr_db_-2__receiver.mode_decision_directed_pll,-2,payload_bit_boundary,channel.fixed.payload_input.bit_count,2048
decision_directed_pll,20260723T222125Z_qpsk_pilot_phase_tracking_2048_snapshot__channel.snr_db_-2__receiver.mode_decision_directed_pll,-2,payload_bit_boundary,channel.fixed.payload_input.bits_per_element,1
decision_directed_pll,20260723T222125Z_qpsk_pilot_phase_tracking_2048_snapshot__channel.snr_db_-2__receiver.mode_decision_directed_pll,-2,payload_bit_boundary,channel.fixed.payload_input.byte_count,256
decision_directed_pll,20260723T222125Z_qpsk_pilot_phase_tracking_2048_snapshot__channel.snr_db_-2__receiver.mode_decision_directed_pll,-2,payload_bit_boundary,channel.fixed.payload_input.dtype_uint8,1
decision_directed_pll,20260723T222125Z_qpsk_pilot_phase_tracking_2048_snapshot__channel.snr_db_-2__receiver.mode_decision_directed_pll,-2,payload_bit_boundary,timing.step.wall_time_s,0.0017029460286721587
decision_directed_pll,20260723T222125Z_qpsk_pilot_phase_tracking_2048_snapshot__channel.snr_db_-2__receiver.mode_decision_directed_pll,-2,channel_encoder,channel.channel_code_input_bit_count,2048
decision_directed_pll,20260723T222125Z_qpsk_pilot_phase_tracking_2048_snapshot__channel.snr_db_-2__receiver.mode_decision_directed_pll,-2,channel_encoder,channel.code_rate,1
decision_directed_pll,20260723T222125Z_qpsk_pilot_phase_tracking_2048_snapshot__channel.snr_db_-2__receiver.mode_decision_directed_pll,-2,channel_encoder,channel.coded_bit_count,2048
decision_directed_pll,20260723T222125Z_qpsk_pilot_phase_tracking_2048_snapshot__channel.snr_db_-2__receiver.mode_decision_directed_pll,-2,channel_encoder,channel.payload_bit_count,2048
decision_directed_pll,20260723T222125Z_qpsk_pilot_phase_tracking_2048_snapshot__channel.snr_db_-2__receiver.mode_decision_directed_pll,-2,channel_encoder,timing.step.wall_time_s,0.001694661972578615
decision_directed_pll,20260723T222125Z_qpsk_pilot_phase_tracking_2048_snapshot__channel.snr_db_-2__receiver.mode_decision_directed_pll,-2,tx_bit_boundary,channel.fixed.bit_count,2048
decision_directed_pll,20260723T222125Z_qpsk_pilot_phase_tracking_2048_snapshot__channel.snr_db_-2__receiver.mode_decision_directed_pll,-2,tx_bit_boundary,channel.fixed.byte_count,256
decision_directed_pll,20260723T222125Z_qpsk_pilot_phase_tracking_2048_snapshot__channel.snr_db_-2__receiver.mode_decision_directed_pll,-2,tx_bit_boundary,channel.fixed.modulator_input.bit_count,2048
decision_directed_pll,20260723T222125Z_qpsk_pilot_phase_tracking_2048_snapshot__channel.snr_db_-2__receiver.mode_decision_directed_pll,-2,tx_bit_boundary,channel.fixed.modulator_input.bits_per_element,1
decision_directed_pll,20260723T222125Z_qpsk_pilot_phase_tracking_2048_snapshot__channel.snr_db_-2__receiver.mode_decision_directed_pll,-2,tx_bit_boundary,channel.fixed.modulator_input.byte_count,256
decision_directed_pll,20260723T222125Z_qpsk_pilot_phase_tracking_2048_snapshot__channel.snr_db_-2__receiver.mode_decision_directed_pll,-2,tx_bit_boundary,channel.fixed.modulator_input.dtype_uint8,1
decision_directed_pll,20260723T222125Z_qpsk_pilot_phase_tracking_2048_snapshot__channel.snr_db_-2__receiver.mode_decision_directed_pll,-2,tx_bit_boundary,timing.step.wall_time_s,0.0017912740004248917
decision_directed_pll,20260723T222125Z_qpsk_pilot_phase_tracking_2048_snapshot__channel.snr_db_-2__receiver.mode_decision_directed_pll,-2,modulator,channel.bits_per_symbol,2
decision_directed_pll,20260723T222125Z_qpsk_pilot_phase_tracking_2048_snapshot__channel.snr_db_-2__receiver.mode_decision_directed_pll,-2,modulator,channel.channel_use_count,1120
decision_directed_pll,20260723T222125Z_qpsk_pilot_phase_tracking_2048_snapshot__channel.snr_db_-2__receiver.mode_decision_directed_pll,-2,modulator,channel.data_symbol_count,1024
decision_directed_pll,20260723T222125Z_qpsk_pilot_phase_tracking_2048_snapshot__channel.snr_db_-2__receiver.mode_decision_directed_pll,-2,modulator,channel.effective_payload_bits_per_channel_use,1.8285714285714285
decision_directed_pll,20260723T222125Z_qpsk_pilot_phase_tracking_2048_snapshot__channel.snr_db_-2__receiver.mode_decision_directed_pll,-2,modulator,channel.pilot_overhead_fraction,0.085714285714285715
decision_directed_pll,20260723T222125Z_qpsk_pilot_phase_tracking_2048_snapshot__channel.snr_db_-2__receiver.mode_decision_directed_pll,-2,modulator,channel.pilot_symbol_count,96
decision_directed_pll,20260723T222125Z_qpsk_pilot_phase_tracking_2048_snapshot__channel.snr_db_-2__receiver.mode_decision_directed_pll,-2,modulator,channel.symbol_count,1120
decision_directed_pll,20260723T222125Z_qpsk_pilot_phase_tracking_2048_snapshot__channel.snr_db_-2__receiver.mode_decision_directed_pll,-2,modulator,channel.transmitted_bit_count,2048
decision_directed_pll,20260723T222125Z_qpsk_pilot_phase_tracking_2048_snapshot__channel.snr_db_-2__receiver.mode_decision_directed_pll,-2,modulator,timing.step.wall_time_s,0.0061450590146705508
decision_directed_pll,20260723T222125Z_qpsk_pilot_phase_tracking_2048_snapshot__channel.snr_db_-2__receiver.mode_decision_directed_pll,-2,wireless_channel,channel.backend.numpy,1
decision_directed_pll,20260723T222125Z_qpsk_pilot_phase_tracking_2048_snapshot__channel.snr_db_-2__receiver.mode_decision_directed_pll,-2,wireless_channel,channel.channel_use_count,1120
decision_directed_pll,20260723T222125Z_qpsk_pilot_phase_tracking_2048_snapshot__channel.snr_db_-2__receiver.mode_decision_directed_pll,-2,wireless_channel,channel.effective_snr_db,-2.0000005177193976
decision_directed_pll,20260723T222125Z_qpsk_pilot_phase_tracking_2048_snapshot__channel.snr_db_-2__receiver.mode_decision_directed_pll,-2,wireless_channel,channel.grid_padding_symbol_count,0
decision_directed_pll,20260723T222125Z_qpsk_pilot_phase_tracking_2048_snapshot__channel.snr_db_-2__receiver.mode_decision_directed_pll,-2,wireless_channel,channel.noise_variance,1.5848931924611134
decision_directed_pll,20260723T222125Z_qpsk_pilot_phase_tracking_2048_snapshot__channel.snr_db_-2__receiver.mode_decision_directed_pll,-2,wireless_channel,channel.payload_symbol_count,1120
decision_directed_pll,20260723T222125Z_qpsk_pilot_phase_tracking_2048_snapshot__channel.snr_db_-2__receiver.mode_decision_directed_pll,-2,wireless_channel,channel.received_signal_power.average,0.99999988079071045
decision_directed_pll,20260723T222125Z_qpsk_pilot_phase_tracking_2048_snapshot__channel.snr_db_-2__receiver.mode_decision_directed_pll,-2,wireless_channel,channel.reference_snr_db,-2
decision_directed_pll,20260723T222125Z_qpsk_pilot_phase_tracking_2048_snapshot__channel.snr_db_-2__receiver.mode_decision_directed_pll,-2,wireless_channel,channel.rx_antenna_power.average,2.6519908973123947
decision_directed_pll,20260723T222125Z_qpsk_pilot_phase_tracking_2048_snapshot__channel.snr_db_-2__receiver.mode_decision_directed_pll,-2,wireless_channel,channel.rx_antenna_power.total_energy,2970.2298049898818
decision_directed_pll,20260723T222125Z_qpsk_pilot_phase_tracking_2048_snapshot__channel.snr_db_-2__receiver.mode_decision_directed_pll,-2,wireless_channel,channel.rx_output_power.average,2.6519908973123947
decision_directed_pll,20260723T222125Z_qpsk_pilot_phase_tracking_2048_snapshot__channel.snr_db_-2__receiver.mode_decision_directed_pll,-2,wireless_channel,channel.rx_output_power.total_energy,2970.2298049898818
decision_directed_pll,20260723T222125Z_qpsk_pilot_phase_tracking_2048_snapshot__channel.snr_db_-2__receiver.mode_decision_directed_pll,-2,wireless_channel,channel.rx_power.average,2.6519908973123947
decision_directed_pll,20260723T222125Z_qpsk_pilot_phase_tracking_2048_snapshot__channel.snr_db_-2__receiver.mode_decision_directed_pll,-2,wireless_channel,channel.rx_power.total_energy,2970.2298049898818
decision_directed_pll,20260723T222125Z_qpsk_pilot_phase_tracking_2048_snapshot__channel.snr_db_-2__receiver.mode_decision_directed_pll,-2,wireless_channel,channel.shared_grid_overhead_channel_use_count,0
decision_directed_pll,20260723T222125Z_qpsk_pilot_phase_tracking_2048_snapshot__channel.snr_db_-2__receiver.mode_decision_directed_pll,-2,wireless_channel,channel.snr_db,-2
decision_directed_pll,20260723T222125Z_qpsk_pilot_phase_tracking_2048_snapshot__channel.snr_db_-2__receiver.mode_decision_directed_pll,-2,wireless_channel,channel.symbol_count,1120
decision_directed_pll,20260723T222125Z_qpsk_pilot_phase_tracking_2048_snapshot__channel.snr_db_-2__receiver.mode_decision_directed_pll,-2,wireless_channel,channel.tx_effective_snr_db,-2.0000005177193976
decision_directed_pll,20260723T222125Z_qpsk_pilot_phase_tracking_2048_snapshot__channel.snr_db_-2__receiver.mode_decision_directed_pll,-2,wireless_channel,channel.tx_energy.total,1119.9998779296875
decision_directed_pll,20260723T222125Z_qpsk_pilot_phase_tracking_2048_snapshot__channel.snr_db_-2__receiver.mode_decision_directed_pll,-2,wireless_channel,channel.tx_power_at_channel.average,0.99999988079071045
decision_directed_pll,20260723T222125Z_qpsk_pilot_phase_tracking_2048_snapshot__channel.snr_db_-2__receiver.mode_decision_directed_pll,-2,wireless_channel,channel.tx_power_per_executed_use.average,0.9999998910086495
decision_directed_pll,20260723T222125Z_qpsk_pilot_phase_tracking_2048_snapshot__channel.snr_db_-2__receiver.mode_decision_directed_pll,-2,wireless_channel,timing.step.wall_time_s,0.0056558159994892776
decision_directed_pll,20260723T222125Z_qpsk_pilot_phase_tracking_2048_snapshot__channel.snr_db_-2__receiver.mode_decision_directed_pll,-2,carrier_impairment,channel.carrier.cfo_abs_mean_cycles_per_symbol,0.0023162256521348399
decision_directed_pll,20260723T222125Z_qpsk_pilot_phase_tracking_2048_snapshot__channel.snr_db_-2__receiver.mode_decision_directed_pll,-2,carrier_impairment,channel.carrier.initial_phase_abs_mean_rad,1.6504928043575418
decision_directed_pll,20260723T222125Z_qpsk_pilot_phase_tracking_2048_snapshot__channel.snr_db_-2__receiver.mode_decision_directed_pll,-2,carrier_impairment,channel.carrier.phase_drift_rms_rad,5.8526804037773399
decision_directed_pll,20260723T222125Z_qpsk_pilot_phase_tracking_2048_snapshot__channel.snr_db_-2__receiver.mode_decision_directed_pll,-2,carrier_impairment,channel.carrier.phase_noise_increment_std_rad,0.040000000000000001
decision_directed_pll,20260723T222125Z_qpsk_pilot_phase_tracking_2048_snapshot__channel.snr_db_-2__receiver.mode_decision_directed_pll,-2,carrier_impairment,timing.step.wall_time_s,0.012121481006033719
decision_directed_pll,20260723T222125Z_qpsk_pilot_phase_tracking_2048_snapshot__channel.snr_db_-2__receiver.mode_decision_directed_pll,-2,demodulator,channel.demod_bit_count,2048
decision_directed_pll,20260723T222125Z_qpsk_pilot_phase_tracking_2048_snapshot__channel.snr_db_-2__receiver.mode_decision_directed_pll,-2,demodulator,receiver.phase_tracking.data_symbol_count,1024
decision_directed_pll,20260723T222125Z_qpsk_pilot_phase_tracking_2048_snapshot__channel.snr_db_-2__receiver.mode_decision_directed_pll,-2,demodulator,receiver.phase_tracking.decision_directed_pll,1
decision_directed_pll,20260723T222125Z_qpsk_pilot_phase_tracking_2048_snapshot__channel.snr_db_-2__receiver.mode_decision_directed_pll,-2,demodulator,receiver.phase_tracking.packet_count,2
decision_directed_pll,20260723T222125Z_qpsk_pilot_phase_tracking_2048_snapshot__channel.snr_db_-2__receiver.mode_decision_directed_pll,-2,demodulator,timing.step.wall_time_s,0.027849117992445827
decision_directed_pll,20260723T222125Z_qpsk_pilot_phase_tracking_2048_snapshot__channel.snr_db_-2__receiver.mode_decision_directed_pll,-2,rx_bit_boundary,channel.fixed.bit_count,2048
decision_directed_pll,20260723T222125Z_qpsk_pilot_phase_tracking_2048_snapshot__channel.snr_db_-2__receiver.mode_decision_directed_pll,-2,rx_bit_boundary,channel.fixed.byte_count,256
decision_directed_pll,20260723T222125Z_qpsk_pilot_phase_tracking_2048_snapshot__channel.snr_db_-2__receiver.mode_decision_directed_pll,-2,rx_bit_boundary,channel.fixed.demodulator_output.bit_count,2048
decision_directed_pll,20260723T222125Z_qpsk_pilot_phase_tracking_2048_snapshot__channel.snr_db_-2__receiver.mode_decision_directed_pll,-2,rx_bit_boundary,channel.fixed.demodulator_output.bits_per_element,1
decision_directed_pll,20260723T222125Z_qpsk_pilot_phase_tracking_2048_snapshot__channel.snr_db_-2__receiver.mode_decision_directed_pll,-2,rx_bit_boundary,channel.fixed.demodulator_output.byte_count,256
decision_directed_pll,20260723T222125Z_qpsk_pilot_phase_tracking_2048_snapshot__channel.snr_db_-2__receiver.mode_decision_directed_pll,-2,rx_bit_boundary,channel.fixed.demodulator_output.dtype_uint8,1
decision_directed_pll,20260723T222125Z_qpsk_pilot_phase_tracking_2048_snapshot__channel.snr_db_-2__receiver.mode_decision_directed_pll,-2,rx_bit_boundary,timing.step.wall_time_s,0.0059939430211670697
decision_directed_pll,20260723T222125Z_qpsk_pilot_phase_tracking_2048_snapshot__channel.snr_db_-2__receiver.mode_decision_directed_pll,-2,coded_ber,channel.coded.ber,0.4404296875
decision_directed_pll,20260723T222125Z_qpsk_pilot_phase_tracking_2048_snapshot__channel.snr_db_-2__receiver.mode_decision_directed_pll,-2,coded_ber,channel.coded.compare_bit_count,2048
decision_directed_pll,20260723T222125Z_qpsk_pilot_phase_tracking_2048_snapshot__channel.snr_db_-2__receiver.mode_decision_directed_pll,-2,coded_ber,channel.coded.error_count,902
decision_directed_pll,20260723T222125Z_qpsk_pilot_phase_tracking_2048_snapshot__channel.snr_db_-2__receiver.mode_decision_directed_pll,-2,coded_ber,timing.step.wall_time_s,0.0022356380359269679
decision_directed_pll,20260723T222125Z_qpsk_pilot_phase_tracking_2048_snapshot__channel.snr_db_-2__receiver.mode_decision_directed_pll,-2,coded_bler,channel.coded.bler,1
decision_directed_pll,20260723T222125Z_qpsk_pilot_phase_tracking_2048_snapshot__channel.snr_db_-2__receiver.mode_decision_directed_pll,-2,coded_bler,channel.coded.block_count,2
decision_directed_pll,20260723T222125Z_qpsk_pilot_phase_tracking_2048_snapshot__channel.snr_db_-2__receiver.mode_decision_directed_pll,-2,coded_bler,channel.coded.block_error_count,2
decision_directed_pll,20260723T222125Z_qpsk_pilot_phase_tracking_2048_snapshot__channel.snr_db_-2__receiver.mode_decision_directed_pll,-2,coded_bler,channel.coded.block_size,1024
decision_directed_pll,20260723T222125Z_qpsk_pilot_phase_tracking_2048_snapshot__channel.snr_db_-2__receiver.mode_decision_directed_pll,-2,coded_bler,timing.step.wall_time_s,0.0038242359878495336
decision_directed_pll,20260723T222125Z_qpsk_pilot_phase_tracking_2048_snapshot__channel.snr_db_-2__receiver.mode_decision_directed_pll,-2,channel_bit_count_match,channel.fixed.channel_io.bit_count_match,1
decision_directed_pll,20260723T222125Z_qpsk_pilot_phase_tracking_2048_snapshot__channel.snr_db_-2__receiver.mode_decision_directed_pll,-2,channel_bit_count_match,channel.fixed.channel_io.candidate_bit_count,2048
decision_directed_pll,20260723T222125Z_qpsk_pilot_phase_tracking_2048_snapshot__channel.snr_db_-2__receiver.mode_decision_directed_pll,-2,channel_bit_count_match,channel.fixed.channel_io.length_delta,0
decision_directed_pll,20260723T222125Z_qpsk_pilot_phase_tracking_2048_snapshot__channel.snr_db_-2__receiver.mode_decision_directed_pll,-2,channel_bit_count_match,channel.fixed.channel_io.reference_bit_count,2048
decision_directed_pll,20260723T222125Z_qpsk_pilot_phase_tracking_2048_snapshot__channel.snr_db_-2__receiver.mode_decision_directed_pll,-2,channel_bit_count_match,timing.step.wall_time_s,0.0023547399905510247
decision_directed_pll,20260723T222125Z_qpsk_pilot_phase_tracking_2048_snapshot__channel.snr_db_-2__receiver.mode_decision_directed_pll,-2,channel_decoder,channel.decoded_bit_count,2048
decision_directed_pll,20260723T222125Z_qpsk_pilot_phase_tracking_2048_snapshot__channel.snr_db_-2__receiver.mode_decision_directed_pll,-2,channel_decoder,timing.step.wall_time_s,0.0075250499648973346
oracle,20260723T222126Z_qpsk_pilot_phase_tracking_2048_snapshot__channel.snr_db_-2__receiver.mode_oracle,-2,data,channel.payload_bit_count,2048
oracle,20260723T222126Z_qpsk_pilot_phase_tracking_2048_snapshot__channel.snr_db_-2__receiver.mode_oracle,-2,data,source.bit_count,2048
oracle,20260723T222126Z_qpsk_pilot_phase_tracking_2048_snapshot__channel.snr_db_-2__receiver.mode_oracle,-2,data,source.example_count,2
oracle,20260723T222126Z_qpsk_pilot_phase_tracking_2048_snapshot__channel.snr_db_-2__receiver.mode_oracle,-2,data,source.transport_block_count,2
oracle,20260723T222126Z_qpsk_pilot_phase_tracking_2048_snapshot__channel.snr_db_-2__receiver.mode_oracle,-2,data,source.transport_block_size_bits,1024
oracle,20260723T222126Z_qpsk_pilot_phase_tracking_2048_snapshot__channel.snr_db_-2__receiver.mode_oracle,-2,data,timing.step.wall_time_s,0.001368252036627382
oracle,20260723T222126Z_qpsk_pilot_phase_tracking_2048_snapshot__channel.snr_db_-2__receiver.mode_oracle,-2,payload_bit_boundary,channel.fixed.bit_count,2048
oracle,20260723T222126Z_qpsk_pilot_phase_tracking_2048_snapshot__channel.snr_db_-2__receiver.mode_oracle,-2,payload_bit_boundary,channel.fixed.byte_count,256
oracle,20260723T222126Z_qpsk_pilot_phase_tracking_2048_snapshot__channel.snr_db_-2__receiver.mode_oracle,-2,payload_bit_boundary,channel.fixed.payload_input.bit_count,2048
oracle,20260723T222126Z_qpsk_pilot_phase_tracking_2048_snapshot__channel.snr_db_-2__receiver.mode_oracle,-2,payload_bit_boundary,channel.fixed.payload_input.bits_per_element,1
oracle,20260723T222126Z_qpsk_pilot_phase_tracking_2048_snapshot__channel.snr_db_-2__receiver.mode_oracle,-2,payload_bit_boundary,channel.fixed.payload_input.byte_count,256
oracle,20260723T222126Z_qpsk_pilot_phase_tracking_2048_snapshot__channel.snr_db_-2__receiver.mode_oracle,-2,payload_bit_boundary,channel.fixed.payload_input.dtype_uint8,1
oracle,20260723T222126Z_qpsk_pilot_phase_tracking_2048_snapshot__channel.snr_db_-2__receiver.mode_oracle,-2,payload_bit_boundary,timing.step.wall_time_s,0.0015541539760306478
oracle,20260723T222126Z_qpsk_pilot_phase_tracking_2048_snapshot__channel.snr_db_-2__receiver.mode_oracle,-2,channel_encoder,channel.channel_code_input_bit_count,2048
oracle,20260723T222126Z_qpsk_pilot_phase_tracking_2048_snapshot__channel.snr_db_-2__receiver.mode_oracle,-2,channel_encoder,channel.code_rate,1
oracle,20260723T222126Z_qpsk_pilot_phase_tracking_2048_snapshot__channel.snr_db_-2__receiver.mode_oracle,-2,channel_encoder,channel.coded_bit_count,2048
oracle,20260723T222126Z_qpsk_pilot_phase_tracking_2048_snapshot__channel.snr_db_-2__receiver.mode_oracle,-2,channel_encoder,channel.payload_bit_count,2048
oracle,20260723T222126Z_qpsk_pilot_phase_tracking_2048_snapshot__channel.snr_db_-2__receiver.mode_oracle,-2,channel_encoder,timing.step.wall_time_s,0.0017144499579444528
oracle,20260723T222126Z_qpsk_pilot_phase_tracking_2048_snapshot__channel.snr_db_-2__receiver.mode_oracle,-2,tx_bit_boundary,channel.fixed.bit_count,2048
oracle,20260723T222126Z_qpsk_pilot_phase_tracking_2048_snapshot__channel.snr_db_-2__receiver.mode_oracle,-2,tx_bit_boundary,channel.fixed.byte_count,256
oracle,20260723T222126Z_qpsk_pilot_phase_tracking_2048_snapshot__channel.snr_db_-2__receiver.mode_oracle,-2,tx_bit_boundary,channel.fixed.modulator_input.bit_count,2048
oracle,20260723T222126Z_qpsk_pilot_phase_tracking_2048_snapshot__channel.snr_db_-2__receiver.mode_oracle,-2,tx_bit_boundary,channel.fixed.modulator_input.bits_per_element,1
oracle,20260723T222126Z_qpsk_pilot_phase_tracking_2048_snapshot__channel.snr_db_-2__receiver.mode_oracle,-2,tx_bit_boundary,channel.fixed.modulator_input.byte_count,256
oracle,20260723T222126Z_qpsk_pilot_phase_tracking_2048_snapshot__channel.snr_db_-2__receiver.mode_oracle,-2,tx_bit_boundary,channel.fixed.modulator_input.dtype_uint8,1
oracle,20260723T222126Z_qpsk_pilot_phase_tracking_2048_snapshot__channel.snr_db_-2__receiver.mode_oracle,-2,tx_bit_boundary,timing.step.wall_time_s,0.0016715200035832822
oracle,20260723T222126Z_qpsk_pilot_phase_tracking_2048_snapshot__channel.snr_db_-2__receiver.mode_oracle,-2,modulator,channel.bits_per_symbol,2
oracle,20260723T222126Z_qpsk_pilot_phase_tracking_2048_snapshot__channel.snr_db_-2__receiver.mode_oracle,-2,modulator,channel.channel_use_count,1120
oracle,20260723T222126Z_qpsk_pilot_phase_tracking_2048_snapshot__channel.snr_db_-2__receiver.mode_oracle,-2,modulator,channel.data_symbol_count,1024
oracle,20260723T222126Z_qpsk_pilot_phase_tracking_2048_snapshot__channel.snr_db_-2__receiver.mode_oracle,-2,modulator,channel.effective_payload_bits_per_channel_use,1.8285714285714285
oracle,20260723T222126Z_qpsk_pilot_phase_tracking_2048_snapshot__channel.snr_db_-2__receiver.mode_oracle,-2,modulator,channel.pilot_overhead_fraction,0.085714285714285715
oracle,20260723T222126Z_qpsk_pilot_phase_tracking_2048_snapshot__channel.snr_db_-2__receiver.mode_oracle,-2,modulator,channel.pilot_symbol_count,96
oracle,20260723T222126Z_qpsk_pilot_phase_tracking_2048_snapshot__channel.snr_db_-2__receiver.mode_oracle,-2,modulator,channel.symbol_count,1120
oracle,20260723T222126Z_qpsk_pilot_phase_tracking_2048_snapshot__channel.snr_db_-2__receiver.mode_oracle,-2,modulator,channel.transmitted_bit_count,2048
oracle,20260723T222126Z_qpsk_pilot_phase_tracking_2048_snapshot__channel.snr_db_-2__receiver.mode_oracle,-2,modulator,timing.step.wall_time_s,0.0044082989916205406
oracle,20260723T222126Z_qpsk_pilot_phase_tracking_2048_snapshot__channel.snr_db_-2__receiver.mode_oracle,-2,wireless_channel,channel.backend.numpy,1
oracle,20260723T222126Z_qpsk_pilot_phase_tracking_2048_snapshot__channel.snr_db_-2__receiver.mode_oracle,-2,wireless_channel,channel.channel_use_count,1120
oracle,20260723T222126Z_qpsk_pilot_phase_tracking_2048_snapshot__channel.snr_db_-2__receiver.mode_oracle,-2,wireless_channel,channel.effective_snr_db,-2.0000005177193976
oracle,20260723T222126Z_qpsk_pilot_phase_tracking_2048_snapshot__channel.snr_db_-2__receiver.mode_oracle,-2,wireless_channel,channel.grid_padding_symbol_count,0
oracle,20260723T222126Z_qpsk_pilot_phase_tracking_2048_snapshot__channel.snr_db_-2__receiver.mode_oracle,-2,wireless_channel,channel.noise_variance,1.5848931924611134
oracle,20260723T222126Z_qpsk_pilot_phase_tracking_2048_snapshot__channel.snr_db_-2__receiver.mode_oracle,-2,wireless_channel,channel.payload_symbol_count,1120
oracle,20260723T222126Z_qpsk_pilot_phase_tracking_2048_snapshot__channel.snr_db_-2__receiver.mode_oracle,-2,wireless_channel,channel.received_signal_power.average,0.99999988079071045
oracle,20260723T222126Z_qpsk_pilot_phase_tracking_2048_snapshot__channel.snr_db_-2__receiver.mode_oracle,-2,wireless_channel,channel.reference_snr_db,-2
oracle,20260723T222126Z_qpsk_pilot_phase_tracking_2048_snapshot__channel.snr_db_-2__receiver.mode_oracle,-2,wireless_channel,channel.rx_antenna_power.average,2.6519908973123947
oracle,20260723T222126Z_qpsk_pilot_phase_tracking_2048_snapshot__channel.snr_db_-2__receiver.mode_oracle,-2,wireless_channel,channel.rx_antenna_power.total_energy,2970.2298049898818
oracle,20260723T222126Z_qpsk_pilot_phase_tracking_2048_snapshot__channel.snr_db_-2__receiver.mode_oracle,-2,wireless_channel,channel.rx_output_power.average,2.6519908973123947
oracle,20260723T222126Z_qpsk_pilot_phase_tracking_2048_snapshot__channel.snr_db_-2__receiver.mode_oracle,-2,wireless_channel,channel.rx_output_power.total_energy,2970.2298049898818
oracle,20260723T222126Z_qpsk_pilot_phase_tracking_2048_snapshot__channel.snr_db_-2__receiver.mode_oracle,-2,wireless_channel,channel.rx_power.average,2.6519908973123947
oracle,20260723T222126Z_qpsk_pilot_phase_tracking_2048_snapshot__channel.snr_db_-2__receiver.mode_oracle,-2,wireless_channel,channel.rx_power.total_energy,2970.2298049898818
oracle,20260723T222126Z_qpsk_pilot_phase_tracking_2048_snapshot__channel.snr_db_-2__receiver.mode_oracle,-2,wireless_channel,channel.shared_grid_overhead_channel_use_count,0
oracle,20260723T222126Z_qpsk_pilot_phase_tracking_2048_snapshot__channel.snr_db_-2__receiver.mode_oracle,-2,wireless_channel,channel.snr_db,-2
oracle,20260723T222126Z_qpsk_pilot_phase_tracking_2048_snapshot__channel.snr_db_-2__receiver.mode_oracle,-2,wireless_channel,channel.symbol_count,1120
oracle,20260723T222126Z_qpsk_pilot_phase_tracking_2048_snapshot__channel.snr_db_-2__receiver.mode_oracle,-2,wireless_channel,channel.tx_effective_snr_db,-2.0000005177193976
oracle,20260723T222126Z_qpsk_pilot_phase_tracking_2048_snapshot__channel.snr_db_-2__receiver.mode_oracle,-2,wireless_channel,channel.tx_energy.total,1119.9998779296875
oracle,20260723T222126Z_qpsk_pilot_phase_tracking_2048_snapshot__channel.snr_db_-2__receiver.mode_oracle,-2,wireless_channel,channel.tx_power_at_channel.average,0.99999988079071045
oracle,20260723T222126Z_qpsk_pilot_phase_tracking_2048_snapshot__channel.snr_db_-2__receiver.mode_oracle,-2,wireless_channel,channel.tx_power_per_executed_use.average,0.9999998910086495
oracle,20260723T222126Z_qpsk_pilot_phase_tracking_2048_snapshot__channel.snr_db_-2__receiver.mode_oracle,-2,wireless_channel,timing.step.wall_time_s,0.0053217930253595114
oracle,20260723T222126Z_qpsk_pilot_phase_tracking_2048_snapshot__channel.snr_db_-2__receiver.mode_oracle,-2,carrier_impairment,channel.carrier.cfo_abs_mean_cycles_per_symbol,0.0023162256521348399
oracle,20260723T222126Z_qpsk_pilot_phase_tracking_2048_snapshot__channel.snr_db_-2__receiver.mode_oracle,-2,carrier_impairment,channel.carrier.initial_phase_abs_mean_rad,1.6504928043575418
oracle,20260723T222126Z_qpsk_pilot_phase_tracking_2048_snapshot__channel.snr_db_-2__receiver.mode_oracle,-2,carrier_impairment,channel.carrier.phase_drift_rms_rad,5.8526804037773399
oracle,20260723T222126Z_qpsk_pilot_phase_tracking_2048_snapshot__channel.snr_db_-2__receiver.mode_oracle,-2,carrier_impairment,channel.carrier.phase_noise_increment_std_rad,0.040000000000000001
oracle,20260723T222126Z_qpsk_pilot_phase_tracking_2048_snapshot__channel.snr_db_-2__receiver.mode_oracle,-2,carrier_impairment,timing.step.wall_time_s,0.010660789033863693
oracle,20260723T222126Z_qpsk_pilot_phase_tracking_2048_snapshot__channel.snr_db_-2__receiver.mode_oracle,-2,demodulator,channel.demod_bit_count,2048
oracle,20260723T222126Z_qpsk_pilot_phase_tracking_2048_snapshot__channel.snr_db_-2__receiver.mode_oracle,-2,demodulator,receiver.phase_tracking.data_symbol_count,1024
oracle,20260723T222126Z_qpsk_pilot_phase_tracking_2048_snapshot__channel.snr_db_-2__receiver.mode_oracle,-2,demodulator,receiver.phase_tracking.oracle,1
oracle,20260723T222126Z_qpsk_pilot_phase_tracking_2048_snapshot__channel.snr_db_-2__receiver.mode_oracle,-2,demodulator,receiver.phase_tracking.packet_count,2
oracle,20260723T222126Z_qpsk_pilot_phase_tracking_2048_snapshot__channel.snr_db_-2__receiver.mode_oracle,-2,demodulator,timing.step.wall_time_s,0.015245285001583397
oracle,20260723T222126Z_qpsk_pilot_phase_tracking_2048_snapshot__channel.snr_db_-2__receiver.mode_oracle,-2,rx_bit_boundary,channel.fixed.bit_count,2048
oracle,20260723T222126Z_qpsk_pilot_phase_tracking_2048_snapshot__channel.snr_db_-2__receiver.mode_oracle,-2,rx_bit_boundary,channel.fixed.byte_count,256
oracle,20260723T222126Z_qpsk_pilot_phase_tracking_2048_snapshot__channel.snr_db_-2__receiver.mode_oracle,-2,rx_bit_boundary,channel.fixed.demodulator_output.bit_count,2048
oracle,20260723T222126Z_qpsk_pilot_phase_tracking_2048_snapshot__channel.snr_db_-2__receiver.mode_oracle,-2,rx_bit_boundary,channel.fixed.demodulator_output.bits_per_element,1
oracle,20260723T222126Z_qpsk_pilot_phase_tracking_2048_snapshot__channel.snr_db_-2__receiver.mode_oracle,-2,rx_bit_boundary,channel.fixed.demodulator_output.byte_count,256
oracle,20260723T222126Z_qpsk_pilot_phase_tracking_2048_snapshot__channel.snr_db_-2__receiver.mode_oracle,-2,rx_bit_boundary,channel.fixed.demodulator_output.dtype_uint8,1
oracle,20260723T222126Z_qpsk_pilot_phase_tracking_2048_snapshot__channel.snr_db_-2__receiver.mode_oracle,-2,rx_bit_boundary,timing.step.wall_time_s,0.0058556440053507686
oracle,20260723T222126Z_qpsk_pilot_phase_tracking_2048_snapshot__channel.snr_db_-2__receiver.mode_oracle,-2,coded_ber,channel.coded.ber,0.20361328125
oracle,20260723T222126Z_qpsk_pilot_phase_tracking_2048_snapshot__channel.snr_db_-2__receiver.mode_oracle,-2,coded_ber,channel.coded.compare_bit_count,2048
oracle,20260723T222126Z_qpsk_pilot_phase_tracking_2048_snapshot__channel.snr_db_-2__receiver.mode_oracle,-2,coded_ber,channel.coded.error_count,417
oracle,20260723T222126Z_qpsk_pilot_phase_tracking_2048_snapshot__channel.snr_db_-2__receiver.mode_oracle,-2,coded_ber,timing.step.wall_time_s,0.0020424369722604752
oracle,20260723T222126Z_qpsk_pilot_phase_tracking_2048_snapshot__channel.snr_db_-2__receiver.mode_oracle,-2,coded_bler,channel.coded.bler,1
oracle,20260723T222126Z_qpsk_pilot_phase_tracking_2048_snapshot__channel.snr_db_-2__receiver.mode_oracle,-2,coded_bler,channel.coded.block_count,2
oracle,20260723T222126Z_qpsk_pilot_phase_tracking_2048_snapshot__channel.snr_db_-2__receiver.mode_oracle,-2,coded_bler,channel.coded.block_error_count,2
oracle,20260723T222126Z_qpsk_pilot_phase_tracking_2048_snapshot__channel.snr_db_-2__receiver.mode_oracle,-2,coded_bler,channel.coded.block_size,1024
oracle,20260723T222126Z_qpsk_pilot_phase_tracking_2048_snapshot__channel.snr_db_-2__receiver.mode_oracle,-2,coded_bler,timing.step.wall_time_s,0.0023803890217095613
oracle,20260723T222126Z_qpsk_pilot_phase_tracking_2048_snapshot__channel.snr_db_-2__receiver.mode_oracle,-2,channel_bit_count_match,channel.fixed.channel_io.bit_count_match,1
oracle,20260723T222126Z_qpsk_pilot_phase_tracking_2048_snapshot__channel.snr_db_-2__receiver.mode_oracle,-2,channel_bit_count_match,channel.fixed.channel_io.candidate_bit_count,2048
oracle,20260723T222126Z_qpsk_pilot_phase_tracking_2048_snapshot__channel.snr_db_-2__receiver.mode_oracle,-2,channel_bit_count_match,channel.fixed.channel_io.length_delta,0
oracle,20260723T222126Z_qpsk_pilot_phase_tracking_2048_snapshot__channel.snr_db_-2__receiver.mode_oracle,-2,channel_bit_count_match,channel.fixed.channel_io.reference_bit_count,2048
oracle,20260723T222126Z_qpsk_pilot_phase_tracking_2048_snapshot__channel.snr_db_-2__receiver.mode_oracle,-2,channel_bit_count_match,timing.step.wall_time_s,0.0021520470036193728
oracle,20260723T222126Z_qpsk_pilot_phase_tracking_2048_snapshot__channel.snr_db_-2__receiver.mode_oracle,-2,channel_decoder,channel.decoded_bit_count,2048
oracle,20260723T222126Z_qpsk_pilot_phase_tracking_2048_snapshot__channel.snr_db_-2__receiver.mode_oracle,-2,channel_decoder,timing.step.wall_time_s,0.0062107359990477562
learned_artifact,20260723T222128Z_qpsk_pilot_phase_tracking_2048_snapshot__channel.snr_db_-2__receiver.mode_learned_artifact,-2,data,channel.payload_bit_count,2048
learned_artifact,20260723T222128Z_qpsk_pilot_phase_tracking_2048_snapshot__channel.snr_db_-2__receiver.mode_learned_artifact,-2,data,source.bit_count,2048
learned_artifact,20260723T222128Z_qpsk_pilot_phase_tracking_2048_snapshot__channel.snr_db_-2__receiver.mode_learned_artifact,-2,data,source.example_count,2
learned_artifact,20260723T222128Z_qpsk_pilot_phase_tracking_2048_snapshot__channel.snr_db_-2__receiver.mode_learned_artifact,-2,data,source.transport_block_count,2
learned_artifact,20260723T222128Z_qpsk_pilot_phase_tracking_2048_snapshot__channel.snr_db_-2__receiver.mode_learned_artifact,-2,data,source.transport_block_size_bits,1024
learned_artifact,20260723T222128Z_qpsk_pilot_phase_tracking_2048_snapshot__channel.snr_db_-2__receiver.mode_learned_artifact,-2,data,timing.step.wall_time_s,0.0014397429767996073
learned_artifact,20260723T222128Z_qpsk_pilot_phase_tracking_2048_snapshot__channel.snr_db_-2__receiver.mode_learned_artifact,-2,payload_bit_boundary,channel.fixed.bit_count,2048
learned_artifact,20260723T222128Z_qpsk_pilot_phase_tracking_2048_snapshot__channel.snr_db_-2__receiver.mode_learned_artifact,-2,payload_bit_boundary,channel.fixed.byte_count,256
learned_artifact,20260723T222128Z_qpsk_pilot_phase_tracking_2048_snapshot__channel.snr_db_-2__receiver.mode_learned_artifact,-2,payload_bit_boundary,channel.fixed.payload_input.bit_count,2048
learned_artifact,20260723T222128Z_qpsk_pilot_phase_tracking_2048_snapshot__channel.snr_db_-2__receiver.mode_learned_artifact,-2,payload_bit_boundary,channel.fixed.payload_input.bits_per_element,1
learned_artifact,20260723T222128Z_qpsk_pilot_phase_tracking_2048_snapshot__channel.snr_db_-2__receiver.mode_learned_artifact,-2,payload_bit_boundary,channel.fixed.payload_input.byte_count,256
learned_artifact,20260723T222128Z_qpsk_pilot_phase_tracking_2048_snapshot__channel.snr_db_-2__receiver.mode_learned_artifact,-2,payload_bit_boundary,channel.fixed.payload_input.dtype_uint8,1
learned_artifact,20260723T222128Z_qpsk_pilot_phase_tracking_2048_snapshot__channel.snr_db_-2__receiver.mode_learned_artifact,-2,payload_bit_boundary,timing.step.wall_time_s,0.0016707940376363695
learned_artifact,20260723T222128Z_qpsk_pilot_phase_tracking_2048_snapshot__channel.snr_db_-2__receiver.mode_learned_artifact,-2,channel_encoder,channel.channel_code_input_bit_count,2048
learned_artifact,20260723T222128Z_qpsk_pilot_phase_tracking_2048_snapshot__channel.snr_db_-2__receiver.mode_learned_artifact,-2,channel_encoder,channel.code_rate,1
learned_artifact,20260723T222128Z_qpsk_pilot_phase_tracking_2048_snapshot__channel.snr_db_-2__receiver.mode_learned_artifact,-2,channel_encoder,channel.coded_bit_count,2048
learned_artifact,20260723T222128Z_qpsk_pilot_phase_tracking_2048_snapshot__channel.snr_db_-2__receiver.mode_learned_artifact,-2,channel_encoder,channel.payload_bit_count,2048
learned_artifact,20260723T222128Z_qpsk_pilot_phase_tracking_2048_snapshot__channel.snr_db_-2__receiver.mode_learned_artifact,-2,channel_encoder,timing.step.wall_time_s,0.0016131169977597892
learned_artifact,20260723T222128Z_qpsk_pilot_phase_tracking_2048_snapshot__channel.snr_db_-2__receiver.mode_learned_artifact,-2,tx_bit_boundary,channel.fixed.bit_count,2048
learned_artifact,20260723T222128Z_qpsk_pilot_phase_tracking_2048_snapshot__channel.snr_db_-2__receiver.mode_learned_artifact,-2,tx_bit_boundary,channel.fixed.byte_count,256
learned_artifact,20260723T222128Z_qpsk_pilot_phase_tracking_2048_snapshot__channel.snr_db_-2__receiver.mode_learned_artifact,-2,tx_bit_boundary,channel.fixed.modulator_input.bit_count,2048
learned_artifact,20260723T222128Z_qpsk_pilot_phase_tracking_2048_snapshot__channel.snr_db_-2__receiver.mode_learned_artifact,-2,tx_bit_boundary,channel.fixed.modulator_input.bits_per_element,1
learned_artifact,20260723T222128Z_qpsk_pilot_phase_tracking_2048_snapshot__channel.snr_db_-2__receiver.mode_learned_artifact,-2,tx_bit_boundary,channel.fixed.modulator_input.byte_count,256
learned_artifact,20260723T222128Z_qpsk_pilot_phase_tracking_2048_snapshot__channel.snr_db_-2__receiver.mode_learned_artifact,-2,tx_bit_boundary,channel.fixed.modulator_input.dtype_uint8,1
learned_artifact,20260723T222128Z_qpsk_pilot_phase_tracking_2048_snapshot__channel.snr_db_-2__receiver.mode_learned_artifact,-2,tx_bit_boundary,timing.step.wall_time_s,0.0017566970200277865
learned_artifact,20260723T222128Z_qpsk_pilot_phase_tracking_2048_snapshot__channel.snr_db_-2__receiver.mode_learned_artifact,-2,modulator,channel.bits_per_symbol,2
learned_artifact,20260723T222128Z_qpsk_pilot_phase_tracking_2048_snapshot__channel.snr_db_-2__receiver.mode_learned_artifact,-2,modulator,channel.channel_use_count,1120
learned_artifact,20260723T222128Z_qpsk_pilot_phase_tracking_2048_snapshot__channel.snr_db_-2__receiver.mode_learned_artifact,-2,modulator,channel.data_symbol_count,1024
learned_artifact,20260723T222128Z_qpsk_pilot_phase_tracking_2048_snapshot__channel.snr_db_-2__receiver.mode_learned_artifact,-2,modulator,channel.effective_payload_bits_per_channel_use,1.8285714285714285
learned_artifact,20260723T222128Z_qpsk_pilot_phase_tracking_2048_snapshot__channel.snr_db_-2__receiver.mode_learned_artifact,-2,modulator,channel.pilot_overhead_fraction,0.085714285714285715
learned_artifact,20260723T222128Z_qpsk_pilot_phase_tracking_2048_snapshot__channel.snr_db_-2__receiver.mode_learned_artifact,-2,modulator,channel.pilot_symbol_count,96
learned_artifact,20260723T222128Z_qpsk_pilot_phase_tracking_2048_snapshot__channel.snr_db_-2__receiver.mode_learned_artifact,-2,modulator,channel.symbol_count,1120
learned_artifact,20260723T222128Z_qpsk_pilot_phase_tracking_2048_snapshot__channel.snr_db_-2__receiver.mode_learned_artifact,-2,modulator,channel.transmitted_bit_count,2048
learned_artifact,20260723T222128Z_qpsk_pilot_phase_tracking_2048_snapshot__channel.snr_db_-2__receiver.mode_learned_artifact,-2,modulator,timing.step.wall_time_s,0.0037279489915817976
learned_artifact,20260723T222128Z_qpsk_pilot_phase_tracking_2048_snapshot__channel.snr_db_-2__receiver.mode_learned_artifact,-2,wireless_channel,channel.backend.numpy,1
learned_artifact,20260723T222128Z_qpsk_pilot_phase_tracking_2048_snapshot__channel.snr_db_-2__receiver.mode_learned_artifact,-2,wireless_channel,channel.channel_use_count,1120
learned_artifact,20260723T222128Z_qpsk_pilot_phase_tracking_2048_snapshot__channel.snr_db_-2__receiver.mode_learned_artifact,-2,wireless_channel,channel.effective_snr_db,-2.0000005177193976
learned_artifact,20260723T222128Z_qpsk_pilot_phase_tracking_2048_snapshot__channel.snr_db_-2__receiver.mode_learned_artifact,-2,wireless_channel,channel.grid_padding_symbol_count,0
learned_artifact,20260723T222128Z_qpsk_pilot_phase_tracking_2048_snapshot__channel.snr_db_-2__receiver.mode_learned_artifact,-2,wireless_channel,channel.noise_variance,1.5848931924611134
learned_artifact,20260723T222128Z_qpsk_pilot_phase_tracking_2048_snapshot__channel.snr_db_-2__receiver.mode_learned_artifact,-2,wireless_channel,channel.payload_symbol_count,1120
learned_artifact,20260723T222128Z_qpsk_pilot_phase_tracking_2048_snapshot__channel.snr_db_-2__receiver.mode_learned_artifact,-2,wireless_channel,channel.received_signal_power.average,0.99999988079071045
learned_artifact,20260723T222128Z_qpsk_pilot_phase_tracking_2048_snapshot__channel.snr_db_-2__receiver.mode_learned_artifact,-2,wireless_channel,channel.reference_snr_db,-2
learned_artifact,20260723T222128Z_qpsk_pilot_phase_tracking_2048_snapshot__channel.snr_db_-2__receiver.mode_learned_artifact,-2,wireless_channel,channel.rx_antenna_power.average,2.6519908973123947
learned_artifact,20260723T222128Z_qpsk_pilot_phase_tracking_2048_snapshot__channel.snr_db_-2__receiver.mode_learned_artifact,-2,wireless_channel,channel.rx_antenna_power.total_energy,2970.2298049898818
learned_artifact,20260723T222128Z_qpsk_pilot_phase_tracking_2048_snapshot__channel.snr_db_-2__receiver.mode_learned_artifact,-2,wireless_channel,channel.rx_output_power.average,2.6519908973123947
learned_artifact,20260723T222128Z_qpsk_pilot_phase_tracking_2048_snapshot__channel.snr_db_-2__receiver.mode_learned_artifact,-2,wireless_channel,channel.rx_output_power.total_energy,2970.2298049898818
learned_artifact,20260723T222128Z_qpsk_pilot_phase_tracking_2048_snapshot__channel.snr_db_-2__receiver.mode_learned_artifact,-2,wireless_channel,channel.rx_power.average,2.6519908973123947
learned_artifact,20260723T222128Z_qpsk_pilot_phase_tracking_2048_snapshot__channel.snr_db_-2__receiver.mode_learned_artifact,-2,wireless_channel,channel.rx_power.total_energy,2970.2298049898818
learned_artifact,20260723T222128Z_qpsk_pilot_phase_tracking_2048_snapshot__channel.snr_db_-2__receiver.mode_learned_artifact,-2,wireless_channel,channel.shared_grid_overhead_channel_use_count,0
learned_artifact,20260723T222128Z_qpsk_pilot_phase_tracking_2048_snapshot__channel.snr_db_-2__receiver.mode_learned_artifact,-2,wireless_channel,channel.snr_db,-2
learned_artifact,20260723T222128Z_qpsk_pilot_phase_tracking_2048_snapshot__channel.snr_db_-2__receiver.mode_learned_artifact,-2,wireless_channel,channel.symbol_count,1120
learned_artifact,20260723T222128Z_qpsk_pilot_phase_tracking_2048_snapshot__channel.snr_db_-2__receiver.mode_learned_artifact,-2,wireless_channel,channel.tx_effective_snr_db,-2.0000005177193976
learned_artifact,20260723T222128Z_qpsk_pilot_phase_tracking_2048_snapshot__channel.snr_db_-2__receiver.mode_learned_artifact,-2,wireless_channel,channel.tx_energy.total,1119.9998779296875
learned_artifact,20260723T222128Z_qpsk_pilot_phase_tracking_2048_snapshot__channel.snr_db_-2__receiver.mode_learned_artifact,-2,wireless_channel,channel.tx_power_at_channel.average,0.99999988079071045
learned_artifact,20260723T222128Z_qpsk_pilot_phase_tracking_2048_snapshot__channel.snr_db_-2__receiver.mode_learned_artifact,-2,wireless_channel,channel.tx_power_per_executed_use.average,0.9999998910086495
learned_artifact,20260723T222128Z_qpsk_pilot_phase_tracking_2048_snapshot__channel.snr_db_-2__receiver.mode_learned_artifact,-2,wireless_channel,timing.step.wall_time_s,0.0061344400164671242
learned_artifact,20260723T222128Z_qpsk_pilot_phase_tracking_2048_snapshot__channel.snr_db_-2__receiver.mode_learned_artifact,-2,carrier_impairment,channel.carrier.cfo_abs_mean_cycles_per_symbol,0.0023162256521348399
learned_artifact,20260723T222128Z_qpsk_pilot_phase_tracking_2048_snapshot__channel.snr_db_-2__receiver.mode_learned_artifact,-2,carrier_impairment,channel.carrier.initial_phase_abs_mean_rad,1.6504928043575418
learned_artifact,20260723T222128Z_qpsk_pilot_phase_tracking_2048_snapshot__channel.snr_db_-2__receiver.mode_learned_artifact,-2,carrier_impairment,channel.carrier.phase_drift_rms_rad,5.8526804037773399
learned_artifact,20260723T222128Z_qpsk_pilot_phase_tracking_2048_snapshot__channel.snr_db_-2__receiver.mode_learned_artifact,-2,carrier_impairment,channel.carrier.phase_noise_increment_std_rad,0.040000000000000001
learned_artifact,20260723T222128Z_qpsk_pilot_phase_tracking_2048_snapshot__channel.snr_db_-2__receiver.mode_learned_artifact,-2,carrier_impairment,timing.step.wall_time_s,0.011247216025367379
learned_artifact,20260723T222128Z_qpsk_pilot_phase_tracking_2048_snapshot__channel.snr_db_-2__receiver.mode_learned_artifact,-2,demodulator,channel.demod_bit_count,2048
learned_artifact,20260723T222128Z_qpsk_pilot_phase_tracking_2048_snapshot__channel.snr_db_-2__receiver.mode_learned_artifact,-2,demodulator,receiver.phase_tracking.data_symbol_count,1024
learned_artifact,20260723T222128Z_qpsk_pilot_phase_tracking_2048_snapshot__channel.snr_db_-2__receiver.mode_learned_artifact,-2,demodulator,receiver.phase_tracking.learned_artifact,1
learned_artifact,20260723T222128Z_qpsk_pilot_phase_tracking_2048_snapshot__channel.snr_db_-2__receiver.mode_learned_artifact,-2,demodulator,receiver.phase_tracking.packet_count,2
learned_artifact,20260723T222128Z_qpsk_pilot_phase_tracking_2048_snapshot__channel.snr_db_-2__receiver.mode_learned_artifact,-2,demodulator,timing.step.wall_time_s,0.16113214404322207
learned_artifact,20260723T222128Z_qpsk_pilot_phase_tracking_2048_snapshot__channel.snr_db_-2__receiver.mode_learned_artifact,-2,rx_bit_boundary,channel.fixed.bit_count,2048
learned_artifact,20260723T222128Z_qpsk_pilot_phase_tracking_2048_snapshot__channel.snr_db_-2__receiver.mode_learned_artifact,-2,rx_bit_boundary,channel.fixed.byte_count,256
learned_artifact,20260723T222128Z_qpsk_pilot_phase_tracking_2048_snapshot__channel.snr_db_-2__receiver.mode_learned_artifact,-2,rx_bit_boundary,channel.fixed.demodulator_output.bit_count,2048
learned_artifact,20260723T222128Z_qpsk_pilot_phase_tracking_2048_snapshot__channel.snr_db_-2__receiver.mode_learned_artifact,-2,rx_bit_boundary,channel.fixed.demodulator_output.bits_per_element,1
learned_artifact,20260723T222128Z_qpsk_pilot_phase_tracking_2048_snapshot__channel.snr_db_-2__receiver.mode_learned_artifact,-2,rx_bit_boundary,channel.fixed.demodulator_output.byte_count,256
learned_artifact,20260723T222128Z_qpsk_pilot_phase_tracking_2048_snapshot__channel.snr_db_-2__receiver.mode_learned_artifact,-2,rx_bit_boundary,channel.fixed.demodulator_output.dtype_uint8,1
learned_artifact,20260723T222128Z_qpsk_pilot_phase_tracking_2048_snapshot__channel.snr_db_-2__receiver.mode_learned_artifact,-2,rx_bit_boundary,timing.step.wall_time_s,0.0066795210004784167
learned_artifact,20260723T222128Z_qpsk_pilot_phase_tracking_2048_snapshot__channel.snr_db_-2__receiver.mode_learned_artifact,-2,coded_ber,channel.coded.ber,0.2392578125
learned_artifact,20260723T222128Z_qpsk_pilot_phase_tracking_2048_snapshot__channel.snr_db_-2__receiver.mode_learned_artifact,-2,coded_ber,channel.coded.compare_bit_count,2048
learned_artifact,20260723T222128Z_qpsk_pilot_phase_tracking_2048_snapshot__channel.snr_db_-2__receiver.mode_learned_artifact,-2,coded_ber,channel.coded.error_count,490
learned_artifact,20260723T222128Z_qpsk_pilot_phase_tracking_2048_snapshot__channel.snr_db_-2__receiver.mode_learned_artifact,-2,coded_ber,timing.step.wall_time_s,0.0022904400248080492
learned_artifact,20260723T222128Z_qpsk_pilot_phase_tracking_2048_snapshot__channel.snr_db_-2__receiver.mode_learned_artifact,-2,coded_bler,channel.coded.bler,1
learned_artifact,20260723T222128Z_qpsk_pilot_phase_tracking_2048_snapshot__channel.snr_db_-2__receiver.mode_learned_artifact,-2,coded_bler,channel.coded.block_count,2
learned_artifact,20260723T222128Z_qpsk_pilot_phase_tracking_2048_snapshot__channel.snr_db_-2__receiver.mode_learned_artifact,-2,coded_bler,channel.coded.block_error_count,2
learned_artifact,20260723T222128Z_qpsk_pilot_phase_tracking_2048_snapshot__channel.snr_db_-2__receiver.mode_learned_artifact,-2,coded_bler,channel.coded.block_size,1024
learned_artifact,20260723T222128Z_qpsk_pilot_phase_tracking_2048_snapshot__channel.snr_db_-2__receiver.mode_learned_artifact,-2,coded_bler,timing.step.wall_time_s,0.0023781220079399645
learned_artifact,20260723T222128Z_qpsk_pilot_phase_tracking_2048_snapshot__channel.snr_db_-2__receiver.mode_learned_artifact,-2,channel_bit_count_match,channel.fixed.channel_io.bit_count_match,1
learned_artifact,20260723T222128Z_qpsk_pilot_phase_tracking_2048_snapshot__channel.snr_db_-2__receiver.mode_learned_artifact,-2,channel_bit_count_match,channel.fixed.channel_io.candidate_bit_count,2048
learned_artifact,20260723T222128Z_qpsk_pilot_phase_tracking_2048_snapshot__channel.snr_db_-2__receiver.mode_learned_artifact,-2,channel_bit_count_match,channel.fixed.channel_io.length_delta,0
learned_artifact,20260723T222128Z_qpsk_pilot_phase_tracking_2048_snapshot__channel.snr_db_-2__receiver.mode_learned_artifact,-2,channel_bit_count_match,channel.fixed.channel_io.reference_bit_count,2048
learned_artifact,20260723T222128Z_qpsk_pilot_phase_tracking_2048_snapshot__channel.snr_db_-2__receiver.mode_learned_artifact,-2,channel_bit_count_match,timing.step.wall_time_s,0.0021101839956827462
learned_artifact,20260723T222128Z_qpsk_pilot_phase_tracking_2048_snapshot__channel.snr_db_-2__receiver.mode_learned_artifact,-2,channel_decoder,channel.decoded_bit_count,2048
learned_artifact,20260723T222128Z_qpsk_pilot_phase_tracking_2048_snapshot__channel.snr_db_-2__receiver.mode_learned_artifact,-2,channel_decoder,timing.step.wall_time_s,0.0059170059976167977
uncompensated,20260723T222129Z_qpsk_pilot_phase_tracking_2048_snapshot__channel.snr_db_2__receiver.mode_uncompensated,2,data,channel.payload_bit_count,2048
uncompensated,20260723T222129Z_qpsk_pilot_phase_tracking_2048_snapshot__channel.snr_db_2__receiver.mode_uncompensated,2,data,source.bit_count,2048
uncompensated,20260723T222129Z_qpsk_pilot_phase_tracking_2048_snapshot__channel.snr_db_2__receiver.mode_uncompensated,2,data,source.example_count,2
uncompensated,20260723T222129Z_qpsk_pilot_phase_tracking_2048_snapshot__channel.snr_db_2__receiver.mode_uncompensated,2,data,source.transport_block_count,2
uncompensated,20260723T222129Z_qpsk_pilot_phase_tracking_2048_snapshot__channel.snr_db_2__receiver.mode_uncompensated,2,data,source.transport_block_size_bits,1024
uncompensated,20260723T222129Z_qpsk_pilot_phase_tracking_2048_snapshot__channel.snr_db_2__receiver.mode_uncompensated,2,data,timing.step.wall_time_s,0.0018342739786021411
uncompensated,20260723T222129Z_qpsk_pilot_phase_tracking_2048_snapshot__channel.snr_db_2__receiver.mode_uncompensated,2,payload_bit_boundary,channel.fixed.bit_count,2048
uncompensated,20260723T222129Z_qpsk_pilot_phase_tracking_2048_snapshot__channel.snr_db_2__receiver.mode_uncompensated,2,payload_bit_boundary,channel.fixed.byte_count,256
uncompensated,20260723T222129Z_qpsk_pilot_phase_tracking_2048_snapshot__channel.snr_db_2__receiver.mode_uncompensated,2,payload_bit_boundary,channel.fixed.payload_input.bit_count,2048
uncompensated,20260723T222129Z_qpsk_pilot_phase_tracking_2048_snapshot__channel.snr_db_2__receiver.mode_uncompensated,2,payload_bit_boundary,channel.fixed.payload_input.bits_per_element,1
uncompensated,20260723T222129Z_qpsk_pilot_phase_tracking_2048_snapshot__channel.snr_db_2__receiver.mode_uncompensated,2,payload_bit_boundary,channel.fixed.payload_input.byte_count,256
uncompensated,20260723T222129Z_qpsk_pilot_phase_tracking_2048_snapshot__channel.snr_db_2__receiver.mode_uncompensated,2,payload_bit_boundary,channel.fixed.payload_input.dtype_uint8,1
uncompensated,20260723T222129Z_qpsk_pilot_phase_tracking_2048_snapshot__channel.snr_db_2__receiver.mode_uncompensated,2,payload_bit_boundary,timing.step.wall_time_s,0.00158754299627617
uncompensated,20260723T222129Z_qpsk_pilot_phase_tracking_2048_snapshot__channel.snr_db_2__receiver.mode_uncompensated,2,channel_encoder,channel.channel_code_input_bit_count,2048
uncompensated,20260723T222129Z_qpsk_pilot_phase_tracking_2048_snapshot__channel.snr_db_2__receiver.mode_uncompensated,2,channel_encoder,channel.code_rate,1
uncompensated,20260723T222129Z_qpsk_pilot_phase_tracking_2048_snapshot__channel.snr_db_2__receiver.mode_uncompensated,2,channel_encoder,channel.coded_bit_count,2048
uncompensated,20260723T222129Z_qpsk_pilot_phase_tracking_2048_snapshot__channel.snr_db_2__receiver.mode_uncompensated,2,channel_encoder,channel.payload_bit_count,2048
uncompensated,20260723T222129Z_qpsk_pilot_phase_tracking_2048_snapshot__channel.snr_db_2__receiver.mode_uncompensated,2,channel_encoder,timing.step.wall_time_s,0.001664406037889421
uncompensated,20260723T222129Z_qpsk_pilot_phase_tracking_2048_snapshot__channel.snr_db_2__receiver.mode_uncompensated,2,tx_bit_boundary,channel.fixed.bit_count,2048
uncompensated,20260723T222129Z_qpsk_pilot_phase_tracking_2048_snapshot__channel.snr_db_2__receiver.mode_uncompensated,2,tx_bit_boundary,channel.fixed.byte_count,256
uncompensated,20260723T222129Z_qpsk_pilot_phase_tracking_2048_snapshot__channel.snr_db_2__receiver.mode_uncompensated,2,tx_bit_boundary,channel.fixed.modulator_input.bit_count,2048
uncompensated,20260723T222129Z_qpsk_pilot_phase_tracking_2048_snapshot__channel.snr_db_2__receiver.mode_uncompensated,2,tx_bit_boundary,channel.fixed.modulator_input.bits_per_element,1
uncompensated,20260723T222129Z_qpsk_pilot_phase_tracking_2048_snapshot__channel.snr_db_2__receiver.mode_uncompensated,2,tx_bit_boundary,channel.fixed.modulator_input.byte_count,256
uncompensated,20260723T222129Z_qpsk_pilot_phase_tracking_2048_snapshot__channel.snr_db_2__receiver.mode_uncompensated,2,tx_bit_boundary,channel.fixed.modulator_input.dtype_uint8,1
uncompensated,20260723T222129Z_qpsk_pilot_phase_tracking_2048_snapshot__channel.snr_db_2__receiver.mode_uncompensated,2,tx_bit_boundary,timing.step.wall_time_s,0.0018610930419526994
uncompensated,20260723T222129Z_qpsk_pilot_phase_tracking_2048_snapshot__channel.snr_db_2__receiver.mode_uncompensated,2,modulator,channel.bits_per_symbol,2
uncompensated,20260723T222129Z_qpsk_pilot_phase_tracking_2048_snapshot__channel.snr_db_2__receiver.mode_uncompensated,2,modulator,channel.channel_use_count,1120
uncompensated,20260723T222129Z_qpsk_pilot_phase_tracking_2048_snapshot__channel.snr_db_2__receiver.mode_uncompensated,2,modulator,channel.data_symbol_count,1024
uncompensated,20260723T222129Z_qpsk_pilot_phase_tracking_2048_snapshot__channel.snr_db_2__receiver.mode_uncompensated,2,modulator,channel.effective_payload_bits_per_channel_use,1.8285714285714285
uncompensated,20260723T222129Z_qpsk_pilot_phase_tracking_2048_snapshot__channel.snr_db_2__receiver.mode_uncompensated,2,modulator,channel.pilot_overhead_fraction,0.085714285714285715
uncompensated,20260723T222129Z_qpsk_pilot_phase_tracking_2048_snapshot__channel.snr_db_2__receiver.mode_uncompensated,2,modulator,channel.pilot_symbol_count,96
uncompensated,20260723T222129Z_qpsk_pilot_phase_tracking_2048_snapshot__channel.snr_db_2__receiver.mode_uncompensated,2,modulator,channel.symbol_count,1120
uncompensated,20260723T222129Z_qpsk_pilot_phase_tracking_2048_snapshot__channel.snr_db_2__receiver.mode_uncompensated,2,modulator,channel.transmitted_bit_count,2048
uncompensated,20260723T222129Z_qpsk_pilot_phase_tracking_2048_snapshot__channel.snr_db_2__receiver.mode_uncompensated,2,modulator,timing.step.wall_time_s,0.0033921560388989747
uncompensated,20260723T222129Z_qpsk_pilot_phase_tracking_2048_snapshot__channel.snr_db_2__receiver.mode_uncompensated,2,wireless_channel,channel.backend.numpy,1
uncompensated,20260723T222129Z_qpsk_pilot_phase_tracking_2048_snapshot__channel.snr_db_2__receiver.mode_uncompensated,2,wireless_channel,channel.channel_use_count,1120
uncompensated,20260723T222129Z_qpsk_pilot_phase_tracking_2048_snapshot__channel.snr_db_2__receiver.mode_uncompensated,2,wireless_channel,channel.effective_snr_db,1.9999994822806029
uncompensated,20260723T222129Z_qpsk_pilot_phase_tracking_2048_snapshot__channel.snr_db_2__receiver.mode_uncompensated,2,wireless_channel,channel.grid_padding_symbol_count,0
uncompensated,20260723T222129Z_qpsk_pilot_phase_tracking_2048_snapshot__channel.snr_db_2__receiver.mode_uncompensated,2,wireless_channel,channel.noise_variance,0.63095734448019325
uncompensated,20260723T222129Z_qpsk_pilot_phase_tracking_2048_snapshot__channel.snr_db_2__receiver.mode_uncompensated,2,wireless_channel,channel.payload_symbol_count,1120
uncompensated,20260723T222129Z_qpsk_pilot_phase_tracking_2048_snapshot__channel.snr_db_2__receiver.mode_uncompensated,2,wireless_channel,channel.received_signal_power.average,0.99999988079071045
uncompensated,20260723T222129Z_qpsk_pilot_phase_tracking_2048_snapshot__channel.snr_db_2__receiver.mode_uncompensated,2,wireless_channel,channel.reference_snr_db,2
uncompensated,20260723T222129Z_qpsk_pilot_phase_tracking_2048_snapshot__channel.snr_db_2__receiver.mode_uncompensated,2,wireless_channel,channel.rx_antenna_power.average,1.6765615904296283
uncompensated,20260723T222129Z_qpsk_pilot_phase_tracking_2048_snapshot__channel.snr_db_2__receiver.mode_uncompensated,2,wireless_channel,channel.rx_antenna_power.total_energy,1877.7489812811837
uncompensated,20260723T222129Z_qpsk_pilot_phase_tracking_2048_snapshot__channel.snr_db_2__receiver.mode_uncompensated,2,wireless_channel,channel.rx_output_power.average,1.6765615904296283
uncompensated,20260723T222129Z_qpsk_pilot_phase_tracking_2048_snapshot__channel.snr_db_2__receiver.mode_uncompensated,2,wireless_channel,channel.rx_output_power.total_energy,1877.7489812811837
uncompensated,20260723T222129Z_qpsk_pilot_phase_tracking_2048_snapshot__channel.snr_db_2__receiver.mode_uncompensated,2,wireless_channel,channel.rx_power.average,1.6765615904296283
uncompensated,20260723T222129Z_qpsk_pilot_phase_tracking_2048_snapshot__channel.snr_db_2__receiver.mode_uncompensated,2,wireless_channel,channel.rx_power.total_energy,1877.7489812811837
uncompensated,20260723T222129Z_qpsk_pilot_phase_tracking_2048_snapshot__channel.snr_db_2__receiver.mode_uncompensated,2,wireless_channel,channel.shared_grid_overhead_channel_use_count,0
uncompensated,20260723T222129Z_qpsk_pilot_phase_tracking_2048_snapshot__channel.snr_db_2__receiver.mode_uncompensated,2,wireless_channel,channel.snr_db,2
uncompensated,20260723T222129Z_qpsk_pilot_phase_tracking_2048_snapshot__channel.snr_db_2__receiver.mode_uncompensated,2,wireless_channel,channel.symbol_count,1120
uncompensated,20260723T222129Z_qpsk_pilot_phase_tracking_2048_snapshot__channel.snr_db_2__receiver.mode_uncompensated,2,wireless_channel,channel.tx_effective_snr_db,1.9999994822806029
uncompensated,20260723T222129Z_qpsk_pilot_phase_tracking_2048_snapshot__channel.snr_db_2__receiver.mode_uncompensated,2,wireless_channel,channel.tx_energy.total,1119.9998779296875
uncompensated,20260723T222129Z_qpsk_pilot_phase_tracking_2048_snapshot__channel.snr_db_2__receiver.mode_uncompensated,2,wireless_channel,channel.tx_power_at_channel.average,0.99999988079071045
uncompensated,20260723T222129Z_qpsk_pilot_phase_tracking_2048_snapshot__channel.snr_db_2__receiver.mode_uncompensated,2,wireless_channel,channel.tx_power_per_executed_use.average,0.9999998910086495
uncompensated,20260723T222129Z_qpsk_pilot_phase_tracking_2048_snapshot__channel.snr_db_2__receiver.mode_uncompensated,2,wireless_channel,timing.step.wall_time_s,0.0052364429575391114
uncompensated,20260723T222129Z_qpsk_pilot_phase_tracking_2048_snapshot__channel.snr_db_2__receiver.mode_uncompensated,2,carrier_impairment,channel.carrier.cfo_abs_mean_cycles_per_symbol,0.0023162256521348399
uncompensated,20260723T222129Z_qpsk_pilot_phase_tracking_2048_snapshot__channel.snr_db_2__receiver.mode_uncompensated,2,carrier_impairment,channel.carrier.initial_phase_abs_mean_rad,1.6504928043575418
uncompensated,20260723T222129Z_qpsk_pilot_phase_tracking_2048_snapshot__channel.snr_db_2__receiver.mode_uncompensated,2,carrier_impairment,channel.carrier.phase_drift_rms_rad,5.8526804037773399
uncompensated,20260723T222129Z_qpsk_pilot_phase_tracking_2048_snapshot__channel.snr_db_2__receiver.mode_uncompensated,2,carrier_impairment,channel.carrier.phase_noise_increment_std_rad,0.040000000000000001
uncompensated,20260723T222129Z_qpsk_pilot_phase_tracking_2048_snapshot__channel.snr_db_2__receiver.mode_uncompensated,2,carrier_impairment,timing.step.wall_time_s,0.011093617998994887
uncompensated,20260723T222129Z_qpsk_pilot_phase_tracking_2048_snapshot__channel.snr_db_2__receiver.mode_uncompensated,2,demodulator,channel.demod_bit_count,2048
uncompensated,20260723T222129Z_qpsk_pilot_phase_tracking_2048_snapshot__channel.snr_db_2__receiver.mode_uncompensated,2,demodulator,receiver.phase_tracking.data_symbol_count,1024
uncompensated,20260723T222129Z_qpsk_pilot_phase_tracking_2048_snapshot__channel.snr_db_2__receiver.mode_uncompensated,2,demodulator,receiver.phase_tracking.packet_count,2
uncompensated,20260723T222129Z_qpsk_pilot_phase_tracking_2048_snapshot__channel.snr_db_2__receiver.mode_uncompensated,2,demodulator,receiver.phase_tracking.uncompensated,1
uncompensated,20260723T222129Z_qpsk_pilot_phase_tracking_2048_snapshot__channel.snr_db_2__receiver.mode_uncompensated,2,demodulator,timing.step.wall_time_s,0.012660362990573049
uncompensated,20260723T222129Z_qpsk_pilot_phase_tracking_2048_snapshot__channel.snr_db_2__receiver.mode_uncompensated,2,rx_bit_boundary,channel.fixed.bit_count,2048
uncompensated,20260723T222129Z_qpsk_pilot_phase_tracking_2048_snapshot__channel.snr_db_2__receiver.mode_uncompensated,2,rx_bit_boundary,channel.fixed.byte_count,256
uncompensated,20260723T222129Z_qpsk_pilot_phase_tracking_2048_snapshot__channel.snr_db_2__receiver.mode_uncompensated,2,rx_bit_boundary,channel.fixed.demodulator_output.bit_count,2048
uncompensated,20260723T222129Z_qpsk_pilot_phase_tracking_2048_snapshot__channel.snr_db_2__receiver.mode_uncompensated,2,rx_bit_boundary,channel.fixed.demodulator_output.bits_per_element,1
uncompensated,20260723T222129Z_qpsk_pilot_phase_tracking_2048_snapshot__channel.snr_db_2__receiver.mode_uncompensated,2,rx_bit_boundary,channel.fixed.demodulator_output.byte_count,256
uncompensated,20260723T222129Z_qpsk_pilot_phase_tracking_2048_snapshot__channel.snr_db_2__receiver.mode_uncompensated,2,rx_bit_boundary,channel.fixed.demodulator_output.dtype_uint8,1
uncompensated,20260723T222129Z_qpsk_pilot_phase_tracking_2048_snapshot__channel.snr_db_2__receiver.mode_uncompensated,2,rx_bit_boundary,timing.step.wall_time_s,0.0060410289443098009
uncompensated,20260723T222129Z_qpsk_pilot_phase_tracking_2048_snapshot__channel.snr_db_2__receiver.mode_uncompensated,2,coded_ber,channel.coded.ber,0.4365234375
uncompensated,20260723T222129Z_qpsk_pilot_phase_tracking_2048_snapshot__channel.snr_db_2__receiver.mode_uncompensated,2,coded_ber,channel.coded.compare_bit_count,2048
uncompensated,20260723T222129Z_qpsk_pilot_phase_tracking_2048_snapshot__channel.snr_db_2__receiver.mode_uncompensated,2,coded_ber,channel.coded.error_count,894
uncompensated,20260723T222129Z_qpsk_pilot_phase_tracking_2048_snapshot__channel.snr_db_2__receiver.mode_uncompensated,2,coded_ber,timing.step.wall_time_s,0.0022082430077716708
uncompensated,20260723T222129Z_qpsk_pilot_phase_tracking_2048_snapshot__channel.snr_db_2__receiver.mode_uncompensated,2,coded_bler,channel.coded.bler,1
uncompensated,20260723T222129Z_qpsk_pilot_phase_tracking_2048_snapshot__channel.snr_db_2__receiver.mode_uncompensated,2,coded_bler,channel.coded.block_count,2
uncompensated,20260723T222129Z_qpsk_pilot_phase_tracking_2048_snapshot__channel.snr_db_2__receiver.mode_uncompensated,2,coded_bler,channel.coded.block_error_count,2
uncompensated,20260723T222129Z_qpsk_pilot_phase_tracking_2048_snapshot__channel.snr_db_2__receiver.mode_uncompensated,2,coded_bler,channel.coded.block_size,1024
uncompensated,20260723T222129Z_qpsk_pilot_phase_tracking_2048_snapshot__channel.snr_db_2__receiver.mode_uncompensated,2,coded_bler,timing.step.wall_time_s,0.0024689959827810526
uncompensated,20260723T222129Z_qpsk_pilot_phase_tracking_2048_snapshot__channel.snr_db_2__receiver.mode_uncompensated,2,channel_bit_count_match,channel.fixed.channel_io.bit_count_match,1
uncompensated,20260723T222129Z_qpsk_pilot_phase_tracking_2048_snapshot__channel.snr_db_2__receiver.mode_uncompensated,2,channel_bit_count_match,channel.fixed.channel_io.candidate_bit_count,2048
uncompensated,20260723T222129Z_qpsk_pilot_phase_tracking_2048_snapshot__channel.snr_db_2__receiver.mode_uncompensated,2,channel_bit_count_match,channel.fixed.channel_io.length_delta,0
uncompensated,20260723T222129Z_qpsk_pilot_phase_tracking_2048_snapshot__channel.snr_db_2__receiver.mode_uncompensated,2,channel_bit_count_match,channel.fixed.channel_io.reference_bit_count,2048
uncompensated,20260723T222129Z_qpsk_pilot_phase_tracking_2048_snapshot__channel.snr_db_2__receiver.mode_uncompensated,2,channel_bit_count_match,timing.step.wall_time_s,0.0020938729867339134
uncompensated,20260723T222129Z_qpsk_pilot_phase_tracking_2048_snapshot__channel.snr_db_2__receiver.mode_uncompensated,2,channel_decoder,channel.decoded_bit_count,2048
uncompensated,20260723T222129Z_qpsk_pilot_phase_tracking_2048_snapshot__channel.snr_db_2__receiver.mode_uncompensated,2,channel_decoder,timing.step.wall_time_s,0.0057566980249248445
pilot_smoothing,20260723T222130Z_qpsk_pilot_phase_tracking_2048_snapshot__channel.snr_db_2__receiver.mode_pilot_smoothing,2,data,channel.payload_bit_count,2048
pilot_smoothing,20260723T222130Z_qpsk_pilot_phase_tracking_2048_snapshot__channel.snr_db_2__receiver.mode_pilot_smoothing,2,data,source.bit_count,2048
pilot_smoothing,20260723T222130Z_qpsk_pilot_phase_tracking_2048_snapshot__channel.snr_db_2__receiver.mode_pilot_smoothing,2,data,source.example_count,2
pilot_smoothing,20260723T222130Z_qpsk_pilot_phase_tracking_2048_snapshot__channel.snr_db_2__receiver.mode_pilot_smoothing,2,data,source.transport_block_count,2
pilot_smoothing,20260723T222130Z_qpsk_pilot_phase_tracking_2048_snapshot__channel.snr_db_2__receiver.mode_pilot_smoothing,2,data,source.transport_block_size_bits,1024
pilot_smoothing,20260723T222130Z_qpsk_pilot_phase_tracking_2048_snapshot__channel.snr_db_2__receiver.mode_pilot_smoothing,2,data,timing.step.wall_time_s,0.0013682450517080724
pilot_smoothing,20260723T222130Z_qpsk_pilot_phase_tracking_2048_snapshot__channel.snr_db_2__receiver.mode_pilot_smoothing,2,payload_bit_boundary,channel.fixed.bit_count,2048
pilot_smoothing,20260723T222130Z_qpsk_pilot_phase_tracking_2048_snapshot__channel.snr_db_2__receiver.mode_pilot_smoothing,2,payload_bit_boundary,channel.fixed.byte_count,256
pilot_smoothing,20260723T222130Z_qpsk_pilot_phase_tracking_2048_snapshot__channel.snr_db_2__receiver.mode_pilot_smoothing,2,payload_bit_boundary,channel.fixed.payload_input.bit_count,2048
pilot_smoothing,20260723T222130Z_qpsk_pilot_phase_tracking_2048_snapshot__channel.snr_db_2__receiver.mode_pilot_smoothing,2,payload_bit_boundary,channel.fixed.payload_input.bits_per_element,1
pilot_smoothing,20260723T222130Z_qpsk_pilot_phase_tracking_2048_snapshot__channel.snr_db_2__receiver.mode_pilot_smoothing,2,payload_bit_boundary,channel.fixed.payload_input.byte_count,256
pilot_smoothing,20260723T222130Z_qpsk_pilot_phase_tracking_2048_snapshot__channel.snr_db_2__receiver.mode_pilot_smoothing,2,payload_bit_boundary,channel.fixed.payload_input.dtype_uint8,1
pilot_smoothing,20260723T222130Z_qpsk_pilot_phase_tracking_2048_snapshot__channel.snr_db_2__receiver.mode_pilot_smoothing,2,payload_bit_boundary,timing.step.wall_time_s,0.0016123699606396258
pilot_smoothing,20260723T222130Z_qpsk_pilot_phase_tracking_2048_snapshot__channel.snr_db_2__receiver.mode_pilot_smoothing,2,channel_encoder,channel.channel_code_input_bit_count,2048
pilot_smoothing,20260723T222130Z_qpsk_pilot_phase_tracking_2048_snapshot__channel.snr_db_2__receiver.mode_pilot_smoothing,2,channel_encoder,channel.code_rate,1
pilot_smoothing,20260723T222130Z_qpsk_pilot_phase_tracking_2048_snapshot__channel.snr_db_2__receiver.mode_pilot_smoothing,2,channel_encoder,channel.coded_bit_count,2048
pilot_smoothing,20260723T222130Z_qpsk_pilot_phase_tracking_2048_snapshot__channel.snr_db_2__receiver.mode_pilot_smoothing,2,channel_encoder,channel.payload_bit_count,2048
pilot_smoothing,20260723T222130Z_qpsk_pilot_phase_tracking_2048_snapshot__channel.snr_db_2__receiver.mode_pilot_smoothing,2,channel_encoder,timing.step.wall_time_s,0.0016736779944039881
pilot_smoothing,20260723T222130Z_qpsk_pilot_phase_tracking_2048_snapshot__channel.snr_db_2__receiver.mode_pilot_smoothing,2,tx_bit_boundary,channel.fixed.bit_count,2048
pilot_smoothing,20260723T222130Z_qpsk_pilot_phase_tracking_2048_snapshot__channel.snr_db_2__receiver.mode_pilot_smoothing,2,tx_bit_boundary,channel.fixed.byte_count,256
pilot_smoothing,20260723T222130Z_qpsk_pilot_phase_tracking_2048_snapshot__channel.snr_db_2__receiver.mode_pilot_smoothing,2,tx_bit_boundary,channel.fixed.modulator_input.bit_count,2048
pilot_smoothing,20260723T222130Z_qpsk_pilot_phase_tracking_2048_snapshot__channel.snr_db_2__receiver.mode_pilot_smoothing,2,tx_bit_boundary,channel.fixed.modulator_input.bits_per_element,1
pilot_smoothing,20260723T222130Z_qpsk_pilot_phase_tracking_2048_snapshot__channel.snr_db_2__receiver.mode_pilot_smoothing,2,tx_bit_boundary,channel.fixed.modulator_input.byte_count,256
pilot_smoothing,20260723T222130Z_qpsk_pilot_phase_tracking_2048_snapshot__channel.snr_db_2__receiver.mode_pilot_smoothing,2,tx_bit_boundary,channel.fixed.modulator_input.dtype_uint8,1
pilot_smoothing,20260723T222130Z_qpsk_pilot_phase_tracking_2048_snapshot__channel.snr_db_2__receiver.mode_pilot_smoothing,2,tx_bit_boundary,timing.step.wall_time_s,0.0016288849874399602
pilot_smoothing,20260723T222130Z_qpsk_pilot_phase_tracking_2048_snapshot__channel.snr_db_2__receiver.mode_pilot_smoothing,2,modulator,channel.bits_per_symbol,2
pilot_smoothing,20260723T222130Z_qpsk_pilot_phase_tracking_2048_snapshot__channel.snr_db_2__receiver.mode_pilot_smoothing,2,modulator,channel.channel_use_count,1120
pilot_smoothing,20260723T222130Z_qpsk_pilot_phase_tracking_2048_snapshot__channel.snr_db_2__receiver.mode_pilot_smoothing,2,modulator,channel.data_symbol_count,1024
pilot_smoothing,20260723T222130Z_qpsk_pilot_phase_tracking_2048_snapshot__channel.snr_db_2__receiver.mode_pilot_smoothing,2,modulator,channel.effective_payload_bits_per_channel_use,1.8285714285714285
pilot_smoothing,20260723T222130Z_qpsk_pilot_phase_tracking_2048_snapshot__channel.snr_db_2__receiver.mode_pilot_smoothing,2,modulator,channel.pilot_overhead_fraction,0.085714285714285715
pilot_smoothing,20260723T222130Z_qpsk_pilot_phase_tracking_2048_snapshot__channel.snr_db_2__receiver.mode_pilot_smoothing,2,modulator,channel.pilot_symbol_count,96
pilot_smoothing,20260723T222130Z_qpsk_pilot_phase_tracking_2048_snapshot__channel.snr_db_2__receiver.mode_pilot_smoothing,2,modulator,channel.symbol_count,1120
pilot_smoothing,20260723T222130Z_qpsk_pilot_phase_tracking_2048_snapshot__channel.snr_db_2__receiver.mode_pilot_smoothing,2,modulator,channel.transmitted_bit_count,2048
pilot_smoothing,20260723T222130Z_qpsk_pilot_phase_tracking_2048_snapshot__channel.snr_db_2__receiver.mode_pilot_smoothing,2,modulator,timing.step.wall_time_s,0.0034634600160643458
pilot_smoothing,20260723T222130Z_qpsk_pilot_phase_tracking_2048_snapshot__channel.snr_db_2__receiver.mode_pilot_smoothing,2,wireless_channel,channel.backend.numpy,1
pilot_smoothing,20260723T222130Z_qpsk_pilot_phase_tracking_2048_snapshot__channel.snr_db_2__receiver.mode_pilot_smoothing,2,wireless_channel,channel.channel_use_count,1120
pilot_smoothing,20260723T222130Z_qpsk_pilot_phase_tracking_2048_snapshot__channel.snr_db_2__receiver.mode_pilot_smoothing,2,wireless_channel,channel.effective_snr_db,1.9999994822806029
pilot_smoothing,20260723T222130Z_qpsk_pilot_phase_tracking_2048_snapshot__channel.snr_db_2__receiver.mode_pilot_smoothing,2,wireless_channel,channel.grid_padding_symbol_count,0
pilot_smoothing,20260723T222130Z_qpsk_pilot_phase_tracking_2048_snapshot__channel.snr_db_2__receiver.mode_pilot_smoothing,2,wireless_channel,channel.noise_variance,0.63095734448019325
pilot_smoothing,20260723T222130Z_qpsk_pilot_phase_tracking_2048_snapshot__channel.snr_db_2__receiver.mode_pilot_smoothing,2,wireless_channel,channel.payload_symbol_count,1120
pilot_smoothing,20260723T222130Z_qpsk_pilot_phase_tracking_2048_snapshot__channel.snr_db_2__receiver.mode_pilot_smoothing,2,wireless_channel,channel.received_signal_power.average,0.99999988079071045
pilot_smoothing,20260723T222130Z_qpsk_pilot_phase_tracking_2048_snapshot__channel.snr_db_2__receiver.mode_pilot_smoothing,2,wireless_channel,channel.reference_snr_db,2
pilot_smoothing,20260723T222130Z_qpsk_pilot_phase_tracking_2048_snapshot__channel.snr_db_2__receiver.mode_pilot_smoothing,2,wireless_channel,channel.rx_antenna_power.average,1.6765615904296283
pilot_smoothing,20260723T222130Z_qpsk_pilot_phase_tracking_2048_snapshot__channel.snr_db_2__receiver.mode_pilot_smoothing,2,wireless_channel,channel.rx_antenna_power.total_energy,1877.7489812811837
pilot_smoothing,20260723T222130Z_qpsk_pilot_phase_tracking_2048_snapshot__channel.snr_db_2__receiver.mode_pilot_smoothing,2,wireless_channel,channel.rx_output_power.average,1.6765615904296283
pilot_smoothing,20260723T222130Z_qpsk_pilot_phase_tracking_2048_snapshot__channel.snr_db_2__receiver.mode_pilot_smoothing,2,wireless_channel,channel.rx_output_power.total_energy,1877.7489812811837
pilot_smoothing,20260723T222130Z_qpsk_pilot_phase_tracking_2048_snapshot__channel.snr_db_2__receiver.mode_pilot_smoothing,2,wireless_channel,channel.rx_power.average,1.6765615904296283
pilot_smoothing,20260723T222130Z_qpsk_pilot_phase_tracking_2048_snapshot__channel.snr_db_2__receiver.mode_pilot_smoothing,2,wireless_channel,channel.rx_power.total_energy,1877.7489812811837
pilot_smoothing,20260723T222130Z_qpsk_pilot_phase_tracking_2048_snapshot__channel.snr_db_2__receiver.mode_pilot_smoothing,2,wireless_channel,channel.shared_grid_overhead_channel_use_count,0
pilot_smoothing,20260723T222130Z_qpsk_pilot_phase_tracking_2048_snapshot__channel.snr_db_2__receiver.mode_pilot_smoothing,2,wireless_channel,channel.snr_db,2
pilot_smoothing,20260723T222130Z_qpsk_pilot_phase_tracking_2048_snapshot__channel.snr_db_2__receiver.mode_pilot_smoothing,2,wireless_channel,channel.symbol_count,1120
pilot_smoothing,20260723T222130Z_qpsk_pilot_phase_tracking_2048_snapshot__channel.snr_db_2__receiver.mode_pilot_smoothing,2,wireless_channel,channel.tx_effective_snr_db,1.9999994822806029
pilot_smoothing,20260723T222130Z_qpsk_pilot_phase_tracking_2048_snapshot__channel.snr_db_2__receiver.mode_pilot_smoothing,2,wireless_channel,channel.tx_energy.total,1119.9998779296875
pilot_smoothing,20260723T222130Z_qpsk_pilot_phase_tracking_2048_snapshot__channel.snr_db_2__receiver.mode_pilot_smoothing,2,wireless_channel,channel.tx_power_at_channel.average,0.99999988079071045
pilot_smoothing,20260723T222130Z_qpsk_pilot_phase_tracking_2048_snapshot__channel.snr_db_2__receiver.mode_pilot_smoothing,2,wireless_channel,channel.tx_power_per_executed_use.average,0.9999998910086495
pilot_smoothing,20260723T222130Z_qpsk_pilot_phase_tracking_2048_snapshot__channel.snr_db_2__receiver.mode_pilot_smoothing,2,wireless_channel,timing.step.wall_time_s,0.0051788470009341836
pilot_smoothing,20260723T222130Z_qpsk_pilot_phase_tracking_2048_snapshot__channel.snr_db_2__receiver.mode_pilot_smoothing,2,carrier_impairment,channel.carrier.cfo_abs_mean_cycles_per_symbol,0.0023162256521348399
pilot_smoothing,20260723T222130Z_qpsk_pilot_phase_tracking_2048_snapshot__channel.snr_db_2__receiver.mode_pilot_smoothing,2,carrier_impairment,channel.carrier.initial_phase_abs_mean_rad,1.6504928043575418
pilot_smoothing,20260723T222130Z_qpsk_pilot_phase_tracking_2048_snapshot__channel.snr_db_2__receiver.mode_pilot_smoothing,2,carrier_impairment,channel.carrier.phase_drift_rms_rad,5.8526804037773399
pilot_smoothing,20260723T222130Z_qpsk_pilot_phase_tracking_2048_snapshot__channel.snr_db_2__receiver.mode_pilot_smoothing,2,carrier_impairment,channel.carrier.phase_noise_increment_std_rad,0.040000000000000001
pilot_smoothing,20260723T222130Z_qpsk_pilot_phase_tracking_2048_snapshot__channel.snr_db_2__receiver.mode_pilot_smoothing,2,carrier_impairment,timing.step.wall_time_s,0.011066501960158348
pilot_smoothing,20260723T222130Z_qpsk_pilot_phase_tracking_2048_snapshot__channel.snr_db_2__receiver.mode_pilot_smoothing,2,demodulator,channel.demod_bit_count,2048
pilot_smoothing,20260723T222130Z_qpsk_pilot_phase_tracking_2048_snapshot__channel.snr_db_2__receiver.mode_pilot_smoothing,2,demodulator,receiver.phase_tracking.data_symbol_count,1024
pilot_smoothing,20260723T222130Z_qpsk_pilot_phase_tracking_2048_snapshot__channel.snr_db_2__receiver.mode_pilot_smoothing,2,demodulator,receiver.phase_tracking.packet_count,2
pilot_smoothing,20260723T222130Z_qpsk_pilot_phase_tracking_2048_snapshot__channel.snr_db_2__receiver.mode_pilot_smoothing,2,demodulator,receiver.phase_tracking.pilot_smoothing,1
pilot_smoothing,20260723T222130Z_qpsk_pilot_phase_tracking_2048_snapshot__channel.snr_db_2__receiver.mode_pilot_smoothing,2,demodulator,timing.step.wall_time_s,0.024945229990407825
pilot_smoothing,20260723T222130Z_qpsk_pilot_phase_tracking_2048_snapshot__channel.snr_db_2__receiver.mode_pilot_smoothing,2,rx_bit_boundary,channel.fixed.bit_count,2048
pilot_smoothing,20260723T222130Z_qpsk_pilot_phase_tracking_2048_snapshot__channel.snr_db_2__receiver.mode_pilot_smoothing,2,rx_bit_boundary,channel.fixed.byte_count,256
pilot_smoothing,20260723T222130Z_qpsk_pilot_phase_tracking_2048_snapshot__channel.snr_db_2__receiver.mode_pilot_smoothing,2,rx_bit_boundary,channel.fixed.demodulator_output.bit_count,2048
pilot_smoothing,20260723T222130Z_qpsk_pilot_phase_tracking_2048_snapshot__channel.snr_db_2__receiver.mode_pilot_smoothing,2,rx_bit_boundary,channel.fixed.demodulator_output.bits_per_element,1
pilot_smoothing,20260723T222130Z_qpsk_pilot_phase_tracking_2048_snapshot__channel.snr_db_2__receiver.mode_pilot_smoothing,2,rx_bit_boundary,channel.fixed.demodulator_output.byte_count,256
pilot_smoothing,20260723T222130Z_qpsk_pilot_phase_tracking_2048_snapshot__channel.snr_db_2__receiver.mode_pilot_smoothing,2,rx_bit_boundary,channel.fixed.demodulator_output.dtype_uint8,1
pilot_smoothing,20260723T222130Z_qpsk_pilot_phase_tracking_2048_snapshot__channel.snr_db_2__receiver.mode_pilot_smoothing,2,rx_bit_boundary,timing.step.wall_time_s,0.0056312870001420379
pilot_smoothing,20260723T222130Z_qpsk_pilot_phase_tracking_2048_snapshot__channel.snr_db_2__receiver.mode_pilot_smoothing,2,coded_ber,channel.coded.ber,0.12548828125
pilot_smoothing,20260723T222130Z_qpsk_pilot_phase_tracking_2048_snapshot__channel.snr_db_2__receiver.mode_pilot_smoothing,2,coded_ber,channel.coded.compare_bit_count,2048
pilot_smoothing,20260723T222130Z_qpsk_pilot_phase_tracking_2048_snapshot__channel.snr_db_2__receiver.mode_pilot_smoothing,2,coded_ber,channel.coded.error_count,257
pilot_smoothing,20260723T222130Z_qpsk_pilot_phase_tracking_2048_snapshot__channel.snr_db_2__receiver.mode_pilot_smoothing,2,coded_ber,timing.step.wall_time_s,0.002618676982820034
pilot_smoothing,20260723T222130Z_qpsk_pilot_phase_tracking_2048_snapshot__channel.snr_db_2__receiver.mode_pilot_smoothing,2,coded_bler,channel.coded.bler,1
pilot_smoothing,20260723T222130Z_qpsk_pilot_phase_tracking_2048_snapshot__channel.snr_db_2__receiver.mode_pilot_smoothing,2,coded_bler,channel.coded.block_count,2
pilot_smoothing,20260723T222130Z_qpsk_pilot_phase_tracking_2048_snapshot__channel.snr_db_2__receiver.mode_pilot_smoothing,2,coded_bler,channel.coded.block_error_count,2
pilot_smoothing,20260723T222130Z_qpsk_pilot_phase_tracking_2048_snapshot__channel.snr_db_2__receiver.mode_pilot_smoothing,2,coded_bler,channel.coded.block_size,1024
pilot_smoothing,20260723T222130Z_qpsk_pilot_phase_tracking_2048_snapshot__channel.snr_db_2__receiver.mode_pilot_smoothing,2,coded_bler,timing.step.wall_time_s,0.0058341169496998191
pilot_smoothing,20260723T222130Z_qpsk_pilot_phase_tracking_2048_snapshot__channel.snr_db_2__receiver.mode_pilot_smoothing,2,channel_bit_count_match,channel.fixed.channel_io.bit_count_match,1
pilot_smoothing,20260723T222130Z_qpsk_pilot_phase_tracking_2048_snapshot__channel.snr_db_2__receiver.mode_pilot_smoothing,2,channel_bit_count_match,channel.fixed.channel_io.candidate_bit_count,2048
pilot_smoothing,20260723T222130Z_qpsk_pilot_phase_tracking_2048_snapshot__channel.snr_db_2__receiver.mode_pilot_smoothing,2,channel_bit_count_match,channel.fixed.channel_io.length_delta,0
pilot_smoothing,20260723T222130Z_qpsk_pilot_phase_tracking_2048_snapshot__channel.snr_db_2__receiver.mode_pilot_smoothing,2,channel_bit_count_match,channel.fixed.channel_io.reference_bit_count,2048
pilot_smoothing,20260723T222130Z_qpsk_pilot_phase_tracking_2048_snapshot__channel.snr_db_2__receiver.mode_pilot_smoothing,2,channel_bit_count_match,timing.step.wall_time_s,0.0023327060043811798
pilot_smoothing,20260723T222130Z_qpsk_pilot_phase_tracking_2048_snapshot__channel.snr_db_2__receiver.mode_pilot_smoothing,2,channel_decoder,channel.decoded_bit_count,2048
pilot_smoothing,20260723T222130Z_qpsk_pilot_phase_tracking_2048_snapshot__channel.snr_db_2__receiver.mode_pilot_smoothing,2,channel_decoder,timing.step.wall_time_s,0.0073808740125969052
decision_directed_pll,20260723T222131Z_qpsk_pilot_phase_tracking_2048_snapshot__channel.snr_db_2__receiver.mode_decision_directed_pll,2,data,channel.payload_bit_count,2048
decision_directed_pll,20260723T222131Z_qpsk_pilot_phase_tracking_2048_snapshot__channel.snr_db_2__receiver.mode_decision_directed_pll,2,data,source.bit_count,2048
decision_directed_pll,20260723T222131Z_qpsk_pilot_phase_tracking_2048_snapshot__channel.snr_db_2__receiver.mode_decision_directed_pll,2,data,source.example_count,2
decision_directed_pll,20260723T222131Z_qpsk_pilot_phase_tracking_2048_snapshot__channel.snr_db_2__receiver.mode_decision_directed_pll,2,data,source.transport_block_count,2
decision_directed_pll,20260723T222131Z_qpsk_pilot_phase_tracking_2048_snapshot__channel.snr_db_2__receiver.mode_decision_directed_pll,2,data,source.transport_block_size_bits,1024
decision_directed_pll,20260723T222131Z_qpsk_pilot_phase_tracking_2048_snapshot__channel.snr_db_2__receiver.mode_decision_directed_pll,2,data,timing.step.wall_time_s,0.0013781640445813537
decision_directed_pll,20260723T222131Z_qpsk_pilot_phase_tracking_2048_snapshot__channel.snr_db_2__receiver.mode_decision_directed_pll,2,payload_bit_boundary,channel.fixed.bit_count,2048
decision_directed_pll,20260723T222131Z_qpsk_pilot_phase_tracking_2048_snapshot__channel.snr_db_2__receiver.mode_decision_directed_pll,2,payload_bit_boundary,channel.fixed.byte_count,256
decision_directed_pll,20260723T222131Z_qpsk_pilot_phase_tracking_2048_snapshot__channel.snr_db_2__receiver.mode_decision_directed_pll,2,payload_bit_boundary,channel.fixed.payload_input.bit_count,2048
decision_directed_pll,20260723T222131Z_qpsk_pilot_phase_tracking_2048_snapshot__channel.snr_db_2__receiver.mode_decision_directed_pll,2,payload_bit_boundary,channel.fixed.payload_input.bits_per_element,1
decision_directed_pll,20260723T222131Z_qpsk_pilot_phase_tracking_2048_snapshot__channel.snr_db_2__receiver.mode_decision_directed_pll,2,payload_bit_boundary,channel.fixed.payload_input.byte_count,256
decision_directed_pll,20260723T222131Z_qpsk_pilot_phase_tracking_2048_snapshot__channel.snr_db_2__receiver.mode_decision_directed_pll,2,payload_bit_boundary,channel.fixed.payload_input.dtype_uint8,1
decision_directed_pll,20260723T222131Z_qpsk_pilot_phase_tracking_2048_snapshot__channel.snr_db_2__receiver.mode_decision_directed_pll,2,payload_bit_boundary,timing.step.wall_time_s,0.0016373720136471093
decision_directed_pll,20260723T222131Z_qpsk_pilot_phase_tracking_2048_snapshot__channel.snr_db_2__receiver.mode_decision_directed_pll,2,channel_encoder,channel.channel_code_input_bit_count,2048
decision_directed_pll,20260723T222131Z_qpsk_pilot_phase_tracking_2048_snapshot__channel.snr_db_2__receiver.mode_decision_directed_pll,2,channel_encoder,channel.code_rate,1
decision_directed_pll,20260723T222131Z_qpsk_pilot_phase_tracking_2048_snapshot__channel.snr_db_2__receiver.mode_decision_directed_pll,2,channel_encoder,channel.coded_bit_count,2048
decision_directed_pll,20260723T222131Z_qpsk_pilot_phase_tracking_2048_snapshot__channel.snr_db_2__receiver.mode_decision_directed_pll,2,channel_encoder,channel.payload_bit_count,2048
decision_directed_pll,20260723T222131Z_qpsk_pilot_phase_tracking_2048_snapshot__channel.snr_db_2__receiver.mode_decision_directed_pll,2,channel_encoder,timing.step.wall_time_s,0.0015762189868837595
decision_directed_pll,20260723T222131Z_qpsk_pilot_phase_tracking_2048_snapshot__channel.snr_db_2__receiver.mode_decision_directed_pll,2,tx_bit_boundary,channel.fixed.bit_count,2048
decision_directed_pll,20260723T222131Z_qpsk_pilot_phase_tracking_2048_snapshot__channel.snr_db_2__receiver.mode_decision_directed_pll,2,tx_bit_boundary,channel.fixed.byte_count,256
decision_directed_pll,20260723T222131Z_qpsk_pilot_phase_tracking_2048_snapshot__channel.snr_db_2__receiver.mode_decision_directed_pll,2,tx_bit_boundary,channel.fixed.modulator_input.bit_count,2048
decision_directed_pll,20260723T222131Z_qpsk_pilot_phase_tracking_2048_snapshot__channel.snr_db_2__receiver.mode_decision_directed_pll,2,tx_bit_boundary,channel.fixed.modulator_input.bits_per_element,1
decision_directed_pll,20260723T222131Z_qpsk_pilot_phase_tracking_2048_snapshot__channel.snr_db_2__receiver.mode_decision_directed_pll,2,tx_bit_boundary,channel.fixed.modulator_input.byte_count,256
decision_directed_pll,20260723T222131Z_qpsk_pilot_phase_tracking_2048_snapshot__channel.snr_db_2__receiver.mode_decision_directed_pll,2,tx_bit_boundary,channel.fixed.modulator_input.dtype_uint8,1
decision_directed_pll,20260723T222131Z_qpsk_pilot_phase_tracking_2048_snapshot__channel.snr_db_2__receiver.mode_decision_directed_pll,2,tx_bit_boundary,timing.step.wall_time_s,0.001731698983348906
decision_directed_pll,20260723T222131Z_qpsk_pilot_phase_tracking_2048_snapshot__channel.snr_db_2__receiver.mode_decision_directed_pll,2,modulator,channel.bits_per_symbol,2
decision_directed_pll,20260723T222131Z_qpsk_pilot_phase_tracking_2048_snapshot__channel.snr_db_2__receiver.mode_decision_directed_pll,2,modulator,channel.channel_use_count,1120
decision_directed_pll,20260723T222131Z_qpsk_pilot_phase_tracking_2048_snapshot__channel.snr_db_2__receiver.mode_decision_directed_pll,2,modulator,channel.data_symbol_count,1024
decision_directed_pll,20260723T222131Z_qpsk_pilot_phase_tracking_2048_snapshot__channel.snr_db_2__receiver.mode_decision_directed_pll,2,modulator,channel.effective_payload_bits_per_channel_use,1.8285714285714285
decision_directed_pll,20260723T222131Z_qpsk_pilot_phase_tracking_2048_snapshot__channel.snr_db_2__receiver.mode_decision_directed_pll,2,modulator,channel.pilot_overhead_fraction,0.085714285714285715
decision_directed_pll,20260723T222131Z_qpsk_pilot_phase_tracking_2048_snapshot__channel.snr_db_2__receiver.mode_decision_directed_pll,2,modulator,channel.pilot_symbol_count,96
decision_directed_pll,20260723T222131Z_qpsk_pilot_phase_tracking_2048_snapshot__channel.snr_db_2__receiver.mode_decision_directed_pll,2,modulator,channel.symbol_count,1120
decision_directed_pll,20260723T222131Z_qpsk_pilot_phase_tracking_2048_snapshot__channel.snr_db_2__receiver.mode_decision_directed_pll,2,modulator,channel.transmitted_bit_count,2048
decision_directed_pll,20260723T222131Z_qpsk_pilot_phase_tracking_2048_snapshot__channel.snr_db_2__receiver.mode_decision_directed_pll,2,modulator,timing.step.wall_time_s,0.0036472909850999713
decision_directed_pll,20260723T222131Z_qpsk_pilot_phase_tracking_2048_snapshot__channel.snr_db_2__receiver.mode_decision_directed_pll,2,wireless_channel,channel.backend.numpy,1
decision_directed_pll,20260723T222131Z_qpsk_pilot_phase_tracking_2048_snapshot__channel.snr_db_2__receiver.mode_decision_directed_pll,2,wireless_channel,channel.channel_use_count,1120
decision_directed_pll,20260723T222131Z_qpsk_pilot_phase_tracking_2048_snapshot__channel.snr_db_2__receiver.mode_decision_directed_pll,2,wireless_channel,channel.effective_snr_db,1.9999994822806029
decision_directed_pll,20260723T222131Z_qpsk_pilot_phase_tracking_2048_snapshot__channel.snr_db_2__receiver.mode_decision_directed_pll,2,wireless_channel,channel.grid_padding_symbol_count,0
decision_directed_pll,20260723T222131Z_qpsk_pilot_phase_tracking_2048_snapshot__channel.snr_db_2__receiver.mode_decision_directed_pll,2,wireless_channel,channel.noise_variance,0.63095734448019325
decision_directed_pll,20260723T222131Z_qpsk_pilot_phase_tracking_2048_snapshot__channel.snr_db_2__receiver.mode_decision_directed_pll,2,wireless_channel,channel.payload_symbol_count,1120
decision_directed_pll,20260723T222131Z_qpsk_pilot_phase_tracking_2048_snapshot__channel.snr_db_2__receiver.mode_decision_directed_pll,2,wireless_channel,channel.received_signal_power.average,0.99999988079071045
decision_directed_pll,20260723T222131Z_qpsk_pilot_phase_tracking_2048_snapshot__channel.snr_db_2__receiver.mode_decision_directed_pll,2,wireless_channel,channel.reference_snr_db,2
decision_directed_pll,20260723T222131Z_qpsk_pilot_phase_tracking_2048_snapshot__channel.snr_db_2__receiver.mode_decision_directed_pll,2,wireless_channel,channel.rx_antenna_power.average,1.6765615904296283
decision_directed_pll,20260723T222131Z_qpsk_pilot_phase_tracking_2048_snapshot__channel.snr_db_2__receiver.mode_decision_directed_pll,2,wireless_channel,channel.rx_antenna_power.total_energy,1877.7489812811837
decision_directed_pll,20260723T222131Z_qpsk_pilot_phase_tracking_2048_snapshot__channel.snr_db_2__receiver.mode_decision_directed_pll,2,wireless_channel,channel.rx_output_power.average,1.6765615904296283
decision_directed_pll,20260723T222131Z_qpsk_pilot_phase_tracking_2048_snapshot__channel.snr_db_2__receiver.mode_decision_directed_pll,2,wireless_channel,channel.rx_output_power.total_energy,1877.7489812811837
decision_directed_pll,20260723T222131Z_qpsk_pilot_phase_tracking_2048_snapshot__channel.snr_db_2__receiver.mode_decision_directed_pll,2,wireless_channel,channel.rx_power.average,1.6765615904296283
decision_directed_pll,20260723T222131Z_qpsk_pilot_phase_tracking_2048_snapshot__channel.snr_db_2__receiver.mode_decision_directed_pll,2,wireless_channel,channel.rx_power.total_energy,1877.7489812811837
decision_directed_pll,20260723T222131Z_qpsk_pilot_phase_tracking_2048_snapshot__channel.snr_db_2__receiver.mode_decision_directed_pll,2,wireless_channel,channel.shared_grid_overhead_channel_use_count,0
decision_directed_pll,20260723T222131Z_qpsk_pilot_phase_tracking_2048_snapshot__channel.snr_db_2__receiver.mode_decision_directed_pll,2,wireless_channel,channel.snr_db,2
decision_directed_pll,20260723T222131Z_qpsk_pilot_phase_tracking_2048_snapshot__channel.snr_db_2__receiver.mode_decision_directed_pll,2,wireless_channel,channel.symbol_count,1120
decision_directed_pll,20260723T222131Z_qpsk_pilot_phase_tracking_2048_snapshot__channel.snr_db_2__receiver.mode_decision_directed_pll,2,wireless_channel,channel.tx_effective_snr_db,1.9999994822806029
decision_directed_pll,20260723T222131Z_qpsk_pilot_phase_tracking_2048_snapshot__channel.snr_db_2__receiver.mode_decision_directed_pll,2,wireless_channel,channel.tx_energy.total,1119.9998779296875
decision_directed_pll,20260723T222131Z_qpsk_pilot_phase_tracking_2048_snapshot__channel.snr_db_2__receiver.mode_decision_directed_pll,2,wireless_channel,channel.tx_power_at_channel.average,0.99999988079071045
decision_directed_pll,20260723T222131Z_qpsk_pilot_phase_tracking_2048_snapshot__channel.snr_db_2__receiver.mode_decision_directed_pll,2,wireless_channel,channel.tx_power_per_executed_use.average,0.9999998910086495
decision_directed_pll,20260723T222131Z_qpsk_pilot_phase_tracking_2048_snapshot__channel.snr_db_2__receiver.mode_decision_directed_pll,2,wireless_channel,timing.step.wall_time_s,0.0053617619560100138
decision_directed_pll,20260723T222131Z_qpsk_pilot_phase_tracking_2048_snapshot__channel.snr_db_2__receiver.mode_decision_directed_pll,2,carrier_impairment,channel.carrier.cfo_abs_mean_cycles_per_symbol,0.0023162256521348399
decision_directed_pll,20260723T222131Z_qpsk_pilot_phase_tracking_2048_snapshot__channel.snr_db_2__receiver.mode_decision_directed_pll,2,carrier_impairment,channel.carrier.initial_phase_abs_mean_rad,1.6504928043575418
decision_directed_pll,20260723T222131Z_qpsk_pilot_phase_tracking_2048_snapshot__channel.snr_db_2__receiver.mode_decision_directed_pll,2,carrier_impairment,channel.carrier.phase_drift_rms_rad,5.8526804037773399
decision_directed_pll,20260723T222131Z_qpsk_pilot_phase_tracking_2048_snapshot__channel.snr_db_2__receiver.mode_decision_directed_pll,2,carrier_impairment,channel.carrier.phase_noise_increment_std_rad,0.040000000000000001
decision_directed_pll,20260723T222131Z_qpsk_pilot_phase_tracking_2048_snapshot__channel.snr_db_2__receiver.mode_decision_directed_pll,2,carrier_impairment,timing.step.wall_time_s,0.010891231009736657
decision_directed_pll,20260723T222131Z_qpsk_pilot_phase_tracking_2048_snapshot__channel.snr_db_2__receiver.mode_decision_directed_pll,2,demodulator,channel.demod_bit_count,2048
decision_directed_pll,20260723T222131Z_qpsk_pilot_phase_tracking_2048_snapshot__channel.snr_db_2__receiver.mode_decision_directed_pll,2,demodulator,receiver.phase_tracking.data_symbol_count,1024
decision_directed_pll,20260723T222131Z_qpsk_pilot_phase_tracking_2048_snapshot__channel.snr_db_2__receiver.mode_decision_directed_pll,2,demodulator,receiver.phase_tracking.decision_directed_pll,1
decision_directed_pll,20260723T222131Z_qpsk_pilot_phase_tracking_2048_snapshot__channel.snr_db_2__receiver.mode_decision_directed_pll,2,demodulator,receiver.phase_tracking.packet_count,2
decision_directed_pll,20260723T222131Z_qpsk_pilot_phase_tracking_2048_snapshot__channel.snr_db_2__receiver.mode_decision_directed_pll,2,demodulator,timing.step.wall_time_s,0.026113003958016634
decision_directed_pll,20260723T222131Z_qpsk_pilot_phase_tracking_2048_snapshot__channel.snr_db_2__receiver.mode_decision_directed_pll,2,rx_bit_boundary,channel.fixed.bit_count,2048
decision_directed_pll,20260723T222131Z_qpsk_pilot_phase_tracking_2048_snapshot__channel.snr_db_2__receiver.mode_decision_directed_pll,2,rx_bit_boundary,channel.fixed.byte_count,256
decision_directed_pll,20260723T222131Z_qpsk_pilot_phase_tracking_2048_snapshot__channel.snr_db_2__receiver.mode_decision_directed_pll,2,rx_bit_boundary,channel.fixed.demodulator_output.bit_count,2048
decision_directed_pll,20260723T222131Z_qpsk_pilot_phase_tracking_2048_snapshot__channel.snr_db_2__receiver.mode_decision_directed_pll,2,rx_bit_boundary,channel.fixed.demodulator_output.bits_per_element,1
decision_directed_pll,20260723T222131Z_qpsk_pilot_phase_tracking_2048_snapshot__channel.snr_db_2__receiver.mode_decision_directed_pll,2,rx_bit_boundary,channel.fixed.demodulator_output.byte_count,256
decision_directed_pll,20260723T222131Z_qpsk_pilot_phase_tracking_2048_snapshot__channel.snr_db_2__receiver.mode_decision_directed_pll,2,rx_bit_boundary,channel.fixed.demodulator_output.dtype_uint8,1
decision_directed_pll,20260723T222131Z_qpsk_pilot_phase_tracking_2048_snapshot__channel.snr_db_2__receiver.mode_decision_directed_pll,2,rx_bit_boundary,timing.step.wall_time_s,0.0059027919778600335
decision_directed_pll,20260723T222131Z_qpsk_pilot_phase_tracking_2048_snapshot__channel.snr_db_2__receiver.mode_decision_directed_pll,2,coded_ber,channel.coded.ber,0.36181640625
decision_directed_pll,20260723T222131Z_qpsk_pilot_phase_tracking_2048_snapshot__channel.snr_db_2__receiver.mode_decision_directed_pll,2,coded_ber,channel.coded.compare_bit_count,2048
decision_directed_pll,20260723T222131Z_qpsk_pilot_phase_tracking_2048_snapshot__channel.snr_db_2__receiver.mode_decision_directed_pll,2,coded_ber,channel.coded.error_count,741
decision_directed_pll,20260723T222131Z_qpsk_pilot_phase_tracking_2048_snapshot__channel.snr_db_2__receiver.mode_decision_directed_pll,2,coded_ber,timing.step.wall_time_s,0.0020611210493370891
decision_directed_pll,20260723T222131Z_qpsk_pilot_phase_tracking_2048_snapshot__channel.snr_db_2__receiver.mode_decision_directed_pll,2,coded_bler,channel.coded.bler,1
decision_directed_pll,20260723T222131Z_qpsk_pilot_phase_tracking_2048_snapshot__channel.snr_db_2__receiver.mode_decision_directed_pll,2,coded_bler,channel.coded.block_count,2
decision_directed_pll,20260723T222131Z_qpsk_pilot_phase_tracking_2048_snapshot__channel.snr_db_2__receiver.mode_decision_directed_pll,2,coded_bler,channel.coded.block_error_count,2
decision_directed_pll,20260723T222131Z_qpsk_pilot_phase_tracking_2048_snapshot__channel.snr_db_2__receiver.mode_decision_directed_pll,2,coded_bler,channel.coded.block_size,1024
decision_directed_pll,20260723T222131Z_qpsk_pilot_phase_tracking_2048_snapshot__channel.snr_db_2__receiver.mode_decision_directed_pll,2,coded_bler,timing.step.wall_time_s,0.0029104729765094817
decision_directed_pll,20260723T222131Z_qpsk_pilot_phase_tracking_2048_snapshot__channel.snr_db_2__receiver.mode_decision_directed_pll,2,channel_bit_count_match,channel.fixed.channel_io.bit_count_match,1
decision_directed_pll,20260723T222131Z_qpsk_pilot_phase_tracking_2048_snapshot__channel.snr_db_2__receiver.mode_decision_directed_pll,2,channel_bit_count_match,channel.fixed.channel_io.candidate_bit_count,2048
decision_directed_pll,20260723T222131Z_qpsk_pilot_phase_tracking_2048_snapshot__channel.snr_db_2__receiver.mode_decision_directed_pll,2,channel_bit_count_match,channel.fixed.channel_io.length_delta,0
decision_directed_pll,20260723T222131Z_qpsk_pilot_phase_tracking_2048_snapshot__channel.snr_db_2__receiver.mode_decision_directed_pll,2,channel_bit_count_match,channel.fixed.channel_io.reference_bit_count,2048
decision_directed_pll,20260723T222131Z_qpsk_pilot_phase_tracking_2048_snapshot__channel.snr_db_2__receiver.mode_decision_directed_pll,2,channel_bit_count_match,timing.step.wall_time_s,0.0021452060318551958
decision_directed_pll,20260723T222131Z_qpsk_pilot_phase_tracking_2048_snapshot__channel.snr_db_2__receiver.mode_decision_directed_pll,2,channel_decoder,channel.decoded_bit_count,2048
decision_directed_pll,20260723T222131Z_qpsk_pilot_phase_tracking_2048_snapshot__channel.snr_db_2__receiver.mode_decision_directed_pll,2,channel_decoder,timing.step.wall_time_s,0.0061010000063106418
oracle,20260723T222132Z_qpsk_pilot_phase_tracking_2048_snapshot__channel.snr_db_2__receiver.mode_oracle,2,data,channel.payload_bit_count,2048
oracle,20260723T222132Z_qpsk_pilot_phase_tracking_2048_snapshot__channel.snr_db_2__receiver.mode_oracle,2,data,source.bit_count,2048
oracle,20260723T222132Z_qpsk_pilot_phase_tracking_2048_snapshot__channel.snr_db_2__receiver.mode_oracle,2,data,source.example_count,2
oracle,20260723T222132Z_qpsk_pilot_phase_tracking_2048_snapshot__channel.snr_db_2__receiver.mode_oracle,2,data,source.transport_block_count,2
oracle,20260723T222132Z_qpsk_pilot_phase_tracking_2048_snapshot__channel.snr_db_2__receiver.mode_oracle,2,data,source.transport_block_size_bits,1024
oracle,20260723T222132Z_qpsk_pilot_phase_tracking_2048_snapshot__channel.snr_db_2__receiver.mode_oracle,2,data,timing.step.wall_time_s,0.0014074209611862898
oracle,20260723T222132Z_qpsk_pilot_phase_tracking_2048_snapshot__channel.snr_db_2__receiver.mode_oracle,2,payload_bit_boundary,channel.fixed.bit_count,2048
oracle,20260723T222132Z_qpsk_pilot_phase_tracking_2048_snapshot__channel.snr_db_2__receiver.mode_oracle,2,payload_bit_boundary,channel.fixed.byte_count,256
oracle,20260723T222132Z_qpsk_pilot_phase_tracking_2048_snapshot__channel.snr_db_2__receiver.mode_oracle,2,payload_bit_boundary,channel.fixed.payload_input.bit_count,2048
oracle,20260723T222132Z_qpsk_pilot_phase_tracking_2048_snapshot__channel.snr_db_2__receiver.mode_oracle,2,payload_bit_boundary,channel.fixed.payload_input.bits_per_element,1
oracle,20260723T222132Z_qpsk_pilot_phase_tracking_2048_snapshot__channel.snr_db_2__receiver.mode_oracle,2,payload_bit_boundary,channel.fixed.payload_input.byte_count,256
oracle,20260723T222132Z_qpsk_pilot_phase_tracking_2048_snapshot__channel.snr_db_2__receiver.mode_oracle,2,payload_bit_boundary,channel.fixed.payload_input.dtype_uint8,1
oracle,20260723T222132Z_qpsk_pilot_phase_tracking_2048_snapshot__channel.snr_db_2__receiver.mode_oracle,2,payload_bit_boundary,timing.step.wall_time_s,0.0021173919667489827
oracle,20260723T222132Z_qpsk_pilot_phase_tracking_2048_snapshot__channel.snr_db_2__receiver.mode_oracle,2,channel_encoder,channel.channel_code_input_bit_count,2048
oracle,20260723T222132Z_qpsk_pilot_phase_tracking_2048_snapshot__channel.snr_db_2__receiver.mode_oracle,2,channel_encoder,channel.code_rate,1
oracle,20260723T222132Z_qpsk_pilot_phase_tracking_2048_snapshot__channel.snr_db_2__receiver.mode_oracle,2,channel_encoder,channel.coded_bit_count,2048
oracle,20260723T222132Z_qpsk_pilot_phase_tracking_2048_snapshot__channel.snr_db_2__receiver.mode_oracle,2,channel_encoder,channel.payload_bit_count,2048
oracle,20260723T222132Z_qpsk_pilot_phase_tracking_2048_snapshot__channel.snr_db_2__receiver.mode_oracle,2,channel_encoder,timing.step.wall_time_s,0.0021171449916437268
oracle,20260723T222132Z_qpsk_pilot_phase_tracking_2048_snapshot__channel.snr_db_2__receiver.mode_oracle,2,tx_bit_boundary,channel.fixed.bit_count,2048
oracle,20260723T222132Z_qpsk_pilot_phase_tracking_2048_snapshot__channel.snr_db_2__receiver.mode_oracle,2,tx_bit_boundary,channel.fixed.byte_count,256
oracle,20260723T222132Z_qpsk_pilot_phase_tracking_2048_snapshot__channel.snr_db_2__receiver.mode_oracle,2,tx_bit_boundary,channel.fixed.modulator_input.bit_count,2048
oracle,20260723T222132Z_qpsk_pilot_phase_tracking_2048_snapshot__channel.snr_db_2__receiver.mode_oracle,2,tx_bit_boundary,channel.fixed.modulator_input.bits_per_element,1
oracle,20260723T222132Z_qpsk_pilot_phase_tracking_2048_snapshot__channel.snr_db_2__receiver.mode_oracle,2,tx_bit_boundary,channel.fixed.modulator_input.byte_count,256
oracle,20260723T222132Z_qpsk_pilot_phase_tracking_2048_snapshot__channel.snr_db_2__receiver.mode_oracle,2,tx_bit_boundary,channel.fixed.modulator_input.dtype_uint8,1
oracle,20260723T222132Z_qpsk_pilot_phase_tracking_2048_snapshot__channel.snr_db_2__receiver.mode_oracle,2,tx_bit_boundary,timing.step.wall_time_s,0.0024309519794769585
oracle,20260723T222132Z_qpsk_pilot_phase_tracking_2048_snapshot__channel.snr_db_2__receiver.mode_oracle,2,modulator,channel.bits_per_symbol,2
oracle,20260723T222132Z_qpsk_pilot_phase_tracking_2048_snapshot__channel.snr_db_2__receiver.mode_oracle,2,modulator,channel.channel_use_count,1120
oracle,20260723T222132Z_qpsk_pilot_phase_tracking_2048_snapshot__channel.snr_db_2__receiver.mode_oracle,2,modulator,channel.data_symbol_count,1024
oracle,20260723T222132Z_qpsk_pilot_phase_tracking_2048_snapshot__channel.snr_db_2__receiver.mode_oracle,2,modulator,channel.effective_payload_bits_per_channel_use,1.8285714285714285
oracle,20260723T222132Z_qpsk_pilot_phase_tracking_2048_snapshot__channel.snr_db_2__receiver.mode_oracle,2,modulator,channel.pilot_overhead_fraction,0.085714285714285715
oracle,20260723T222132Z_qpsk_pilot_phase_tracking_2048_snapshot__channel.snr_db_2__receiver.mode_oracle,2,modulator,channel.pilot_symbol_count,96
oracle,20260723T222132Z_qpsk_pilot_phase_tracking_2048_snapshot__channel.snr_db_2__receiver.mode_oracle,2,modulator,channel.symbol_count,1120
oracle,20260723T222132Z_qpsk_pilot_phase_tracking_2048_snapshot__channel.snr_db_2__receiver.mode_oracle,2,modulator,channel.transmitted_bit_count,2048
oracle,20260723T222132Z_qpsk_pilot_phase_tracking_2048_snapshot__channel.snr_db_2__receiver.mode_oracle,2,modulator,timing.step.wall_time_s,0.0037475059507414699
oracle,20260723T222132Z_qpsk_pilot_phase_tracking_2048_snapshot__channel.snr_db_2__receiver.mode_oracle,2,wireless_channel,channel.backend.numpy,1
oracle,20260723T222132Z_qpsk_pilot_phase_tracking_2048_snapshot__channel.snr_db_2__receiver.mode_oracle,2,wireless_channel,channel.channel_use_count,1120
oracle,20260723T222132Z_qpsk_pilot_phase_tracking_2048_snapshot__channel.snr_db_2__receiver.mode_oracle,2,wireless_channel,channel.effective_snr_db,1.9999994822806029
oracle,20260723T222132Z_qpsk_pilot_phase_tracking_2048_snapshot__channel.snr_db_2__receiver.mode_oracle,2,wireless_channel,channel.grid_padding_symbol_count,0
oracle,20260723T222132Z_qpsk_pilot_phase_tracking_2048_snapshot__channel.snr_db_2__receiver.mode_oracle,2,wireless_channel,channel.noise_variance,0.63095734448019325
oracle,20260723T222132Z_qpsk_pilot_phase_tracking_2048_snapshot__channel.snr_db_2__receiver.mode_oracle,2,wireless_channel,channel.payload_symbol_count,1120
oracle,20260723T222132Z_qpsk_pilot_phase_tracking_2048_snapshot__channel.snr_db_2__receiver.mode_oracle,2,wireless_channel,channel.received_signal_power.average,0.99999988079071045
oracle,20260723T222132Z_qpsk_pilot_phase_tracking_2048_snapshot__channel.snr_db_2__receiver.mode_oracle,2,wireless_channel,channel.reference_snr_db,2
oracle,20260723T222132Z_qpsk_pilot_phase_tracking_2048_snapshot__channel.snr_db_2__receiver.mode_oracle,2,wireless_channel,channel.rx_antenna_power.average,1.6765615904296283
oracle,20260723T222132Z_qpsk_pilot_phase_tracking_2048_snapshot__channel.snr_db_2__receiver.mode_oracle,2,wireless_channel,channel.rx_antenna_power.total_energy,1877.7489812811837
oracle,20260723T222132Z_qpsk_pilot_phase_tracking_2048_snapshot__channel.snr_db_2__receiver.mode_oracle,2,wireless_channel,channel.rx_output_power.average,1.6765615904296283
oracle,20260723T222132Z_qpsk_pilot_phase_tracking_2048_snapshot__channel.snr_db_2__receiver.mode_oracle,2,wireless_channel,channel.rx_output_power.total_energy,1877.7489812811837
oracle,20260723T222132Z_qpsk_pilot_phase_tracking_2048_snapshot__channel.snr_db_2__receiver.mode_oracle,2,wireless_channel,channel.rx_power.average,1.6765615904296283
oracle,20260723T222132Z_qpsk_pilot_phase_tracking_2048_snapshot__channel.snr_db_2__receiver.mode_oracle,2,wireless_channel,channel.rx_power.total_energy,1877.7489812811837
oracle,20260723T222132Z_qpsk_pilot_phase_tracking_2048_snapshot__channel.snr_db_2__receiver.mode_oracle,2,wireless_channel,channel.shared_grid_overhead_channel_use_count,0
oracle,20260723T222132Z_qpsk_pilot_phase_tracking_2048_snapshot__channel.snr_db_2__receiver.mode_oracle,2,wireless_channel,channel.snr_db,2
oracle,20260723T222132Z_qpsk_pilot_phase_tracking_2048_snapshot__channel.snr_db_2__receiver.mode_oracle,2,wireless_channel,channel.symbol_count,1120
oracle,20260723T222132Z_qpsk_pilot_phase_tracking_2048_snapshot__channel.snr_db_2__receiver.mode_oracle,2,wireless_channel,channel.tx_effective_snr_db,1.9999994822806029
oracle,20260723T222132Z_qpsk_pilot_phase_tracking_2048_snapshot__channel.snr_db_2__receiver.mode_oracle,2,wireless_channel,channel.tx_energy.total,1119.9998779296875
oracle,20260723T222132Z_qpsk_pilot_phase_tracking_2048_snapshot__channel.snr_db_2__receiver.mode_oracle,2,wireless_channel,channel.tx_power_at_channel.average,0.99999988079071045
oracle,20260723T222132Z_qpsk_pilot_phase_tracking_2048_snapshot__channel.snr_db_2__receiver.mode_oracle,2,wireless_channel,channel.tx_power_per_executed_use.average,0.9999998910086495
oracle,20260723T222132Z_qpsk_pilot_phase_tracking_2048_snapshot__channel.snr_db_2__receiver.mode_oracle,2,wireless_channel,timing.step.wall_time_s,0.0054792939918115735
oracle,20260723T222132Z_qpsk_pilot_phase_tracking_2048_snapshot__channel.snr_db_2__receiver.mode_oracle,2,carrier_impairment,channel.carrier.cfo_abs_mean_cycles_per_symbol,0.0023162256521348399
oracle,20260723T222132Z_qpsk_pilot_phase_tracking_2048_snapshot__channel.snr_db_2__receiver.mode_oracle,2,carrier_impairment,channel.carrier.initial_phase_abs_mean_rad,1.6504928043575418
oracle,20260723T222132Z_qpsk_pilot_phase_tracking_2048_snapshot__channel.snr_db_2__receiver.mode_oracle,2,carrier_impairment,channel.carrier.phase_drift_rms_rad,5.8526804037773399
oracle,20260723T222132Z_qpsk_pilot_phase_tracking_2048_snapshot__channel.snr_db_2__receiver.mode_oracle,2,carrier_impairment,channel.carrier.phase_noise_increment_std_rad,0.040000000000000001
oracle,20260723T222132Z_qpsk_pilot_phase_tracking_2048_snapshot__channel.snr_db_2__receiver.mode_oracle,2,carrier_impairment,timing.step.wall_time_s,0.011885531013831496
oracle,20260723T222132Z_qpsk_pilot_phase_tracking_2048_snapshot__channel.snr_db_2__receiver.mode_oracle,2,demodulator,channel.demod_bit_count,2048
oracle,20260723T222132Z_qpsk_pilot_phase_tracking_2048_snapshot__channel.snr_db_2__receiver.mode_oracle,2,demodulator,receiver.phase_tracking.data_symbol_count,1024
oracle,20260723T222132Z_qpsk_pilot_phase_tracking_2048_snapshot__channel.snr_db_2__receiver.mode_oracle,2,demodulator,receiver.phase_tracking.oracle,1
oracle,20260723T222132Z_qpsk_pilot_phase_tracking_2048_snapshot__channel.snr_db_2__receiver.mode_oracle,2,demodulator,receiver.phase_tracking.packet_count,2
oracle,20260723T222132Z_qpsk_pilot_phase_tracking_2048_snapshot__channel.snr_db_2__receiver.mode_oracle,2,demodulator,timing.step.wall_time_s,0.016840416996274143
oracle,20260723T222132Z_qpsk_pilot_phase_tracking_2048_snapshot__channel.snr_db_2__receiver.mode_oracle,2,rx_bit_boundary,channel.fixed.bit_count,2048
oracle,20260723T222132Z_qpsk_pilot_phase_tracking_2048_snapshot__channel.snr_db_2__receiver.mode_oracle,2,rx_bit_boundary,channel.fixed.byte_count,256
oracle,20260723T222132Z_qpsk_pilot_phase_tracking_2048_snapshot__channel.snr_db_2__receiver.mode_oracle,2,rx_bit_boundary,channel.fixed.demodulator_output.bit_count,2048
oracle,20260723T222132Z_qpsk_pilot_phase_tracking_2048_snapshot__channel.snr_db_2__receiver.mode_oracle,2,rx_bit_boundary,channel.fixed.demodulator_output.bits_per_element,1
oracle,20260723T222132Z_qpsk_pilot_phase_tracking_2048_snapshot__channel.snr_db_2__receiver.mode_oracle,2,rx_bit_boundary,channel.fixed.demodulator_output.byte_count,256
oracle,20260723T222132Z_qpsk_pilot_phase_tracking_2048_snapshot__channel.snr_db_2__receiver.mode_oracle,2,rx_bit_boundary,channel.fixed.demodulator_output.dtype_uint8,1
oracle,20260723T222132Z_qpsk_pilot_phase_tracking_2048_snapshot__channel.snr_db_2__receiver.mode_oracle,2,rx_bit_boundary,timing.step.wall_time_s,0.0068791729863733053
oracle,20260723T222132Z_qpsk_pilot_phase_tracking_2048_snapshot__channel.snr_db_2__receiver.mode_oracle,2,coded_ber,channel.coded.ber,0.103515625
oracle,20260723T222132Z_qpsk_pilot_phase_tracking_2048_snapshot__channel.snr_db_2__receiver.mode_oracle,2,coded_ber,channel.coded.compare_bit_count,2048
oracle,20260723T222132Z_qpsk_pilot_phase_tracking_2048_snapshot__channel.snr_db_2__receiver.mode_oracle,2,coded_ber,channel.coded.error_count,212
oracle,20260723T222132Z_qpsk_pilot_phase_tracking_2048_snapshot__channel.snr_db_2__receiver.mode_oracle,2,coded_ber,timing.step.wall_time_s,0.004015990998595953
oracle,20260723T222132Z_qpsk_pilot_phase_tracking_2048_snapshot__channel.snr_db_2__receiver.mode_oracle,2,coded_bler,channel.coded.bler,1
oracle,20260723T222132Z_qpsk_pilot_phase_tracking_2048_snapshot__channel.snr_db_2__receiver.mode_oracle,2,coded_bler,channel.coded.block_count,2
oracle,20260723T222132Z_qpsk_pilot_phase_tracking_2048_snapshot__channel.snr_db_2__receiver.mode_oracle,2,coded_bler,channel.coded.block_error_count,2
oracle,20260723T222132Z_qpsk_pilot_phase_tracking_2048_snapshot__channel.snr_db_2__receiver.mode_oracle,2,coded_bler,channel.coded.block_size,1024
oracle,20260723T222132Z_qpsk_pilot_phase_tracking_2048_snapshot__channel.snr_db_2__receiver.mode_oracle,2,coded_bler,timing.step.wall_time_s,0.0073969289660453796
oracle,20260723T222132Z_qpsk_pilot_phase_tracking_2048_snapshot__channel.snr_db_2__receiver.mode_oracle,2,channel_bit_count_match,channel.fixed.channel_io.bit_count_match,1
oracle,20260723T222132Z_qpsk_pilot_phase_tracking_2048_snapshot__channel.snr_db_2__receiver.mode_oracle,2,channel_bit_count_match,channel.fixed.channel_io.candidate_bit_count,2048
oracle,20260723T222132Z_qpsk_pilot_phase_tracking_2048_snapshot__channel.snr_db_2__receiver.mode_oracle,2,channel_bit_count_match,channel.fixed.channel_io.length_delta,0
oracle,20260723T222132Z_qpsk_pilot_phase_tracking_2048_snapshot__channel.snr_db_2__receiver.mode_oracle,2,channel_bit_count_match,channel.fixed.channel_io.reference_bit_count,2048
oracle,20260723T222132Z_qpsk_pilot_phase_tracking_2048_snapshot__channel.snr_db_2__receiver.mode_oracle,2,channel_bit_count_match,timing.step.wall_time_s,0.0030387089936994016
oracle,20260723T222132Z_qpsk_pilot_phase_tracking_2048_snapshot__channel.snr_db_2__receiver.mode_oracle,2,channel_decoder,channel.decoded_bit_count,2048
oracle,20260723T222132Z_qpsk_pilot_phase_tracking_2048_snapshot__channel.snr_db_2__receiver.mode_oracle,2,channel_decoder,timing.step.wall_time_s,0.0075685979682020843
learned_artifact,20260723T222133Z_qpsk_pilot_phase_tracking_2048_snapshot__channel.snr_db_2__receiver.mode_learned_artifact,2,data,channel.payload_bit_count,2048
learned_artifact,20260723T222133Z_qpsk_pilot_phase_tracking_2048_snapshot__channel.snr_db_2__receiver.mode_learned_artifact,2,data,source.bit_count,2048
learned_artifact,20260723T222133Z_qpsk_pilot_phase_tracking_2048_snapshot__channel.snr_db_2__receiver.mode_learned_artifact,2,data,source.example_count,2
learned_artifact,20260723T222133Z_qpsk_pilot_phase_tracking_2048_snapshot__channel.snr_db_2__receiver.mode_learned_artifact,2,data,source.transport_block_count,2
learned_artifact,20260723T222133Z_qpsk_pilot_phase_tracking_2048_snapshot__channel.snr_db_2__receiver.mode_learned_artifact,2,data,source.transport_block_size_bits,1024
learned_artifact,20260723T222133Z_qpsk_pilot_phase_tracking_2048_snapshot__channel.snr_db_2__receiver.mode_learned_artifact,2,data,timing.step.wall_time_s,0.0024179209722205997
learned_artifact,20260723T222133Z_qpsk_pilot_phase_tracking_2048_snapshot__channel.snr_db_2__receiver.mode_learned_artifact,2,payload_bit_boundary,channel.fixed.bit_count,2048
learned_artifact,20260723T222133Z_qpsk_pilot_phase_tracking_2048_snapshot__channel.snr_db_2__receiver.mode_learned_artifact,2,payload_bit_boundary,channel.fixed.byte_count,256
learned_artifact,20260723T222133Z_qpsk_pilot_phase_tracking_2048_snapshot__channel.snr_db_2__receiver.mode_learned_artifact,2,payload_bit_boundary,channel.fixed.payload_input.bit_count,2048
learned_artifact,20260723T222133Z_qpsk_pilot_phase_tracking_2048_snapshot__channel.snr_db_2__receiver.mode_learned_artifact,2,payload_bit_boundary,channel.fixed.payload_input.bits_per_element,1
learned_artifact,20260723T222133Z_qpsk_pilot_phase_tracking_2048_snapshot__channel.snr_db_2__receiver.mode_learned_artifact,2,payload_bit_boundary,channel.fixed.payload_input.byte_count,256
learned_artifact,20260723T222133Z_qpsk_pilot_phase_tracking_2048_snapshot__channel.snr_db_2__receiver.mode_learned_artifact,2,payload_bit_boundary,channel.fixed.payload_input.dtype_uint8,1
learned_artifact,20260723T222133Z_qpsk_pilot_phase_tracking_2048_snapshot__channel.snr_db_2__receiver.mode_learned_artifact,2,payload_bit_boundary,timing.step.wall_time_s,0.0026778519968502223
learned_artifact,20260723T222133Z_qpsk_pilot_phase_tracking_2048_snapshot__channel.snr_db_2__receiver.mode_learned_artifact,2,channel_encoder,channel.channel_code_input_bit_count,2048
learned_artifact,20260723T222133Z_qpsk_pilot_phase_tracking_2048_snapshot__channel.snr_db_2__receiver.mode_learned_artifact,2,channel_encoder,channel.code_rate,1
learned_artifact,20260723T222133Z_qpsk_pilot_phase_tracking_2048_snapshot__channel.snr_db_2__receiver.mode_learned_artifact,2,channel_encoder,channel.coded_bit_count,2048
learned_artifact,20260723T222133Z_qpsk_pilot_phase_tracking_2048_snapshot__channel.snr_db_2__receiver.mode_learned_artifact,2,channel_encoder,channel.payload_bit_count,2048
learned_artifact,20260723T222133Z_qpsk_pilot_phase_tracking_2048_snapshot__channel.snr_db_2__receiver.mode_learned_artifact,2,channel_encoder,timing.step.wall_time_s,0.0027353100012987852
learned_artifact,20260723T222133Z_qpsk_pilot_phase_tracking_2048_snapshot__channel.snr_db_2__receiver.mode_learned_artifact,2,tx_bit_boundary,channel.fixed.bit_count,2048
learned_artifact,20260723T222133Z_qpsk_pilot_phase_tracking_2048_snapshot__channel.snr_db_2__receiver.mode_learned_artifact,2,tx_bit_boundary,channel.fixed.byte_count,256
learned_artifact,20260723T222133Z_qpsk_pilot_phase_tracking_2048_snapshot__channel.snr_db_2__receiver.mode_learned_artifact,2,tx_bit_boundary,channel.fixed.modulator_input.bit_count,2048
learned_artifact,20260723T222133Z_qpsk_pilot_phase_tracking_2048_snapshot__channel.snr_db_2__receiver.mode_learned_artifact,2,tx_bit_boundary,channel.fixed.modulator_input.bits_per_element,1
learned_artifact,20260723T222133Z_qpsk_pilot_phase_tracking_2048_snapshot__channel.snr_db_2__receiver.mode_learned_artifact,2,tx_bit_boundary,channel.fixed.modulator_input.byte_count,256
learned_artifact,20260723T222133Z_qpsk_pilot_phase_tracking_2048_snapshot__channel.snr_db_2__receiver.mode_learned_artifact,2,tx_bit_boundary,channel.fixed.modulator_input.dtype_uint8,1
learned_artifact,20260723T222133Z_qpsk_pilot_phase_tracking_2048_snapshot__channel.snr_db_2__receiver.mode_learned_artifact,2,tx_bit_boundary,timing.step.wall_time_s,0.0019534520106390119
learned_artifact,20260723T222133Z_qpsk_pilot_phase_tracking_2048_snapshot__channel.snr_db_2__receiver.mode_learned_artifact,2,modulator,channel.bits_per_symbol,2
learned_artifact,20260723T222133Z_qpsk_pilot_phase_tracking_2048_snapshot__channel.snr_db_2__receiver.mode_learned_artifact,2,modulator,channel.channel_use_count,1120
learned_artifact,20260723T222133Z_qpsk_pilot_phase_tracking_2048_snapshot__channel.snr_db_2__receiver.mode_learned_artifact,2,modulator,channel.data_symbol_count,1024
learned_artifact,20260723T222133Z_qpsk_pilot_phase_tracking_2048_snapshot__channel.snr_db_2__receiver.mode_learned_artifact,2,modulator,channel.effective_payload_bits_per_channel_use,1.8285714285714285
learned_artifact,20260723T222133Z_qpsk_pilot_phase_tracking_2048_snapshot__channel.snr_db_2__receiver.mode_learned_artifact,2,modulator,channel.pilot_overhead_fraction,0.085714285714285715
learned_artifact,20260723T222133Z_qpsk_pilot_phase_tracking_2048_snapshot__channel.snr_db_2__receiver.mode_learned_artifact,2,modulator,channel.pilot_symbol_count,96
learned_artifact,20260723T222133Z_qpsk_pilot_phase_tracking_2048_snapshot__channel.snr_db_2__receiver.mode_learned_artifact,2,modulator,channel.symbol_count,1120
learned_artifact,20260723T222133Z_qpsk_pilot_phase_tracking_2048_snapshot__channel.snr_db_2__receiver.mode_learned_artifact,2,modulator,channel.transmitted_bit_count,2048
learned_artifact,20260723T222133Z_qpsk_pilot_phase_tracking_2048_snapshot__channel.snr_db_2__receiver.mode_learned_artifact,2,modulator,timing.step.wall_time_s,0.0040432540117762983
learned_artifact,20260723T222133Z_qpsk_pilot_phase_tracking_2048_snapshot__channel.snr_db_2__receiver.mode_learned_artifact,2,wireless_channel,channel.backend.numpy,1
learned_artifact,20260723T222133Z_qpsk_pilot_phase_tracking_2048_snapshot__channel.snr_db_2__receiver.mode_learned_artifact,2,wireless_channel,channel.channel_use_count,1120
learned_artifact,20260723T222133Z_qpsk_pilot_phase_tracking_2048_snapshot__channel.snr_db_2__receiver.mode_learned_artifact,2,wireless_channel,channel.effective_snr_db,1.9999994822806029
learned_artifact,20260723T222133Z_qpsk_pilot_phase_tracking_2048_snapshot__channel.snr_db_2__receiver.mode_learned_artifact,2,wireless_channel,channel.grid_padding_symbol_count,0
learned_artifact,20260723T222133Z_qpsk_pilot_phase_tracking_2048_snapshot__channel.snr_db_2__receiver.mode_learned_artifact,2,wireless_channel,channel.noise_variance,0.63095734448019325
learned_artifact,20260723T222133Z_qpsk_pilot_phase_tracking_2048_snapshot__channel.snr_db_2__receiver.mode_learned_artifact,2,wireless_channel,channel.payload_symbol_count,1120
learned_artifact,20260723T222133Z_qpsk_pilot_phase_tracking_2048_snapshot__channel.snr_db_2__receiver.mode_learned_artifact,2,wireless_channel,channel.received_signal_power.average,0.99999988079071045
learned_artifact,20260723T222133Z_qpsk_pilot_phase_tracking_2048_snapshot__channel.snr_db_2__receiver.mode_learned_artifact,2,wireless_channel,channel.reference_snr_db,2
learned_artifact,20260723T222133Z_qpsk_pilot_phase_tracking_2048_snapshot__channel.snr_db_2__receiver.mode_learned_artifact,2,wireless_channel,channel.rx_antenna_power.average,1.6765615904296283
learned_artifact,20260723T222133Z_qpsk_pilot_phase_tracking_2048_snapshot__channel.snr_db_2__receiver.mode_learned_artifact,2,wireless_channel,channel.rx_antenna_power.total_energy,1877.7489812811837
learned_artifact,20260723T222133Z_qpsk_pilot_phase_tracking_2048_snapshot__channel.snr_db_2__receiver.mode_learned_artifact,2,wireless_channel,channel.rx_output_power.average,1.6765615904296283
learned_artifact,20260723T222133Z_qpsk_pilot_phase_tracking_2048_snapshot__channel.snr_db_2__receiver.mode_learned_artifact,2,wireless_channel,channel.rx_output_power.total_energy,1877.7489812811837
learned_artifact,20260723T222133Z_qpsk_pilot_phase_tracking_2048_snapshot__channel.snr_db_2__receiver.mode_learned_artifact,2,wireless_channel,channel.rx_power.average,1.6765615904296283
learned_artifact,20260723T222133Z_qpsk_pilot_phase_tracking_2048_snapshot__channel.snr_db_2__receiver.mode_learned_artifact,2,wireless_channel,channel.rx_power.total_energy,1877.7489812811837
learned_artifact,20260723T222133Z_qpsk_pilot_phase_tracking_2048_snapshot__channel.snr_db_2__receiver.mode_learned_artifact,2,wireless_channel,channel.shared_grid_overhead_channel_use_count,0
learned_artifact,20260723T222133Z_qpsk_pilot_phase_tracking_2048_snapshot__channel.snr_db_2__receiver.mode_learned_artifact,2,wireless_channel,channel.snr_db,2
learned_artifact,20260723T222133Z_qpsk_pilot_phase_tracking_2048_snapshot__channel.snr_db_2__receiver.mode_learned_artifact,2,wireless_channel,channel.symbol_count,1120
learned_artifact,20260723T222133Z_qpsk_pilot_phase_tracking_2048_snapshot__channel.snr_db_2__receiver.mode_learned_artifact,2,wireless_channel,channel.tx_effective_snr_db,1.9999994822806029
learned_artifact,20260723T222133Z_qpsk_pilot_phase_tracking_2048_snapshot__channel.snr_db_2__receiver.mode_learned_artifact,2,wireless_channel,channel.tx_energy.total,1119.9998779296875
learned_artifact,20260723T222133Z_qpsk_pilot_phase_tracking_2048_snapshot__channel.snr_db_2__receiver.mode_learned_artifact,2,wireless_channel,channel.tx_power_at_channel.average,0.99999988079071045
learned_artifact,20260723T222133Z_qpsk_pilot_phase_tracking_2048_snapshot__channel.snr_db_2__receiver.mode_learned_artifact,2,wireless_channel,channel.tx_power_per_executed_use.average,0.9999998910086495
learned_artifact,20260723T222133Z_qpsk_pilot_phase_tracking_2048_snapshot__channel.snr_db_2__receiver.mode_learned_artifact,2,wireless_channel,timing.step.wall_time_s,0.0063081079861149192
learned_artifact,20260723T222133Z_qpsk_pilot_phase_tracking_2048_snapshot__channel.snr_db_2__receiver.mode_learned_artifact,2,carrier_impairment,channel.carrier.cfo_abs_mean_cycles_per_symbol,0.0023162256521348399
learned_artifact,20260723T222133Z_qpsk_pilot_phase_tracking_2048_snapshot__channel.snr_db_2__receiver.mode_learned_artifact,2,carrier_impairment,channel.carrier.initial_phase_abs_mean_rad,1.6504928043575418
learned_artifact,20260723T222133Z_qpsk_pilot_phase_tracking_2048_snapshot__channel.snr_db_2__receiver.mode_learned_artifact,2,carrier_impairment,channel.carrier.phase_drift_rms_rad,5.8526804037773399
learned_artifact,20260723T222133Z_qpsk_pilot_phase_tracking_2048_snapshot__channel.snr_db_2__receiver.mode_learned_artifact,2,carrier_impairment,channel.carrier.phase_noise_increment_std_rad,0.040000000000000001
learned_artifact,20260723T222133Z_qpsk_pilot_phase_tracking_2048_snapshot__channel.snr_db_2__receiver.mode_learned_artifact,2,carrier_impairment,timing.step.wall_time_s,0.012991928961127996
learned_artifact,20260723T222133Z_qpsk_pilot_phase_tracking_2048_snapshot__channel.snr_db_2__receiver.mode_learned_artifact,2,demodulator,channel.demod_bit_count,2048
learned_artifact,20260723T222133Z_qpsk_pilot_phase_tracking_2048_snapshot__channel.snr_db_2__receiver.mode_learned_artifact,2,demodulator,receiver.phase_tracking.data_symbol_count,1024
learned_artifact,20260723T222133Z_qpsk_pilot_phase_tracking_2048_snapshot__channel.snr_db_2__receiver.mode_learned_artifact,2,demodulator,receiver.phase_tracking.learned_artifact,1
learned_artifact,20260723T222133Z_qpsk_pilot_phase_tracking_2048_snapshot__channel.snr_db_2__receiver.mode_learned_artifact,2,demodulator,receiver.phase_tracking.packet_count,2
learned_artifact,20260723T222133Z_qpsk_pilot_phase_tracking_2048_snapshot__channel.snr_db_2__receiver.mode_learned_artifact,2,demodulator,timing.step.wall_time_s,0.13289177400292829
learned_artifact,20260723T222133Z_qpsk_pilot_phase_tracking_2048_snapshot__channel.snr_db_2__receiver.mode_learned_artifact,2,rx_bit_boundary,channel.fixed.bit_count,2048
learned_artifact,20260723T222133Z_qpsk_pilot_phase_tracking_2048_snapshot__channel.snr_db_2__receiver.mode_learned_artifact,2,rx_bit_boundary,channel.fixed.byte_count,256
learned_artifact,20260723T222133Z_qpsk_pilot_phase_tracking_2048_snapshot__channel.snr_db_2__receiver.mode_learned_artifact,2,rx_bit_boundary,channel.fixed.demodulator_output.bit_count,2048
learned_artifact,20260723T222133Z_qpsk_pilot_phase_tracking_2048_snapshot__channel.snr_db_2__receiver.mode_learned_artifact,2,rx_bit_boundary,channel.fixed.demodulator_output.bits_per_element,1
learned_artifact,20260723T222133Z_qpsk_pilot_phase_tracking_2048_snapshot__channel.snr_db_2__receiver.mode_learned_artifact,2,rx_bit_boundary,channel.fixed.demodulator_output.byte_count,256
learned_artifact,20260723T222133Z_qpsk_pilot_phase_tracking_2048_snapshot__channel.snr_db_2__receiver.mode_learned_artifact,2,rx_bit_boundary,channel.fixed.demodulator_output.dtype_uint8,1
learned_artifact,20260723T222133Z_qpsk_pilot_phase_tracking_2048_snapshot__channel.snr_db_2__receiver.mode_learned_artifact,2,rx_bit_boundary,timing.step.wall_time_s,0.0083954370347782969
learned_artifact,20260723T222133Z_qpsk_pilot_phase_tracking_2048_snapshot__channel.snr_db_2__receiver.mode_learned_artifact,2,coded_ber,channel.coded.ber,0.11083984375
learned_artifact,20260723T222133Z_qpsk_pilot_phase_tracking_2048_snapshot__channel.snr_db_2__receiver.mode_learned_artifact,2,coded_ber,channel.coded.compare_bit_count,2048
learned_artifact,20260723T222133Z_qpsk_pilot_phase_tracking_2048_snapshot__channel.snr_db_2__receiver.mode_learned_artifact,2,coded_ber,channel.coded.error_count,227
learned_artifact,20260723T222133Z_qpsk_pilot_phase_tracking_2048_snapshot__channel.snr_db_2__receiver.mode_learned_artifact,2,coded_ber,timing.step.wall_time_s,0.0024405400035902858
learned_artifact,20260723T222133Z_qpsk_pilot_phase_tracking_2048_snapshot__channel.snr_db_2__receiver.mode_learned_artifact,2,coded_bler,channel.coded.bler,1
learned_artifact,20260723T222133Z_qpsk_pilot_phase_tracking_2048_snapshot__channel.snr_db_2__receiver.mode_learned_artifact,2,coded_bler,channel.coded.block_count,2
learned_artifact,20260723T222133Z_qpsk_pilot_phase_tracking_2048_snapshot__channel.snr_db_2__receiver.mode_learned_artifact,2,coded_bler,channel.coded.block_error_count,2
learned_artifact,20260723T222133Z_qpsk_pilot_phase_tracking_2048_snapshot__channel.snr_db_2__receiver.mode_learned_artifact,2,coded_bler,channel.coded.block_size,1024
learned_artifact,20260723T222133Z_qpsk_pilot_phase_tracking_2048_snapshot__channel.snr_db_2__receiver.mode_learned_artifact,2,coded_bler,timing.step.wall_time_s,0.0031935890438035131
learned_artifact,20260723T222133Z_qpsk_pilot_phase_tracking_2048_snapshot__channel.snr_db_2__receiver.mode_learned_artifact,2,channel_bit_count_match,channel.fixed.channel_io.bit_count_match,1
learned_artifact,20260723T222133Z_qpsk_pilot_phase_tracking_2048_snapshot__channel.snr_db_2__receiver.mode_learned_artifact,2,channel_bit_count_match,channel.fixed.channel_io.candidate_bit_count,2048
learned_artifact,20260723T222133Z_qpsk_pilot_phase_tracking_2048_snapshot__channel.snr_db_2__receiver.mode_learned_artifact,2,channel_bit_count_match,channel.fixed.channel_io.length_delta,0
learned_artifact,20260723T222133Z_qpsk_pilot_phase_tracking_2048_snapshot__channel.snr_db_2__receiver.mode_learned_artifact,2,channel_bit_count_match,channel.fixed.channel_io.reference_bit_count,2048
learned_artifact,20260723T222133Z_qpsk_pilot_phase_tracking_2048_snapshot__channel.snr_db_2__receiver.mode_learned_artifact,2,channel_bit_count_match,timing.step.wall_time_s,0.0023560339468531311
learned_artifact,20260723T222133Z_qpsk_pilot_phase_tracking_2048_snapshot__channel.snr_db_2__receiver.mode_learned_artifact,2,channel_decoder,channel.decoded_bit_count,2048
learned_artifact,20260723T222133Z_qpsk_pilot_phase_tracking_2048_snapshot__channel.snr_db_2__receiver.mode_learned_artifact,2,channel_decoder,timing.step.wall_time_s,0.0068215579958632588
uncompensated,20260723T222134Z_qpsk_pilot_phase_tracking_2048_snapshot__channel.snr_db_6__receiver.mode_uncompensated,6,data,channel.payload_bit_count,2048
uncompensated,20260723T222134Z_qpsk_pilot_phase_tracking_2048_snapshot__channel.snr_db_6__receiver.mode_uncompensated,6,data,source.bit_count,2048
uncompensated,20260723T222134Z_qpsk_pilot_phase_tracking_2048_snapshot__channel.snr_db_6__receiver.mode_uncompensated,6,data,source.example_count,2
uncompensated,20260723T222134Z_qpsk_pilot_phase_tracking_2048_snapshot__channel.snr_db_6__receiver.mode_uncompensated,6,data,source.transport_block_count,2
uncompensated,20260723T222134Z_qpsk_pilot_phase_tracking_2048_snapshot__channel.snr_db_6__receiver.mode_uncompensated,6,data,source.transport_block_size_bits,1024
uncompensated,20260723T222134Z_qpsk_pilot_phase_tracking_2048_snapshot__channel.snr_db_6__receiver.mode_uncompensated,6,data,timing.step.wall_time_s,0.0024782000109553337
uncompensated,20260723T222134Z_qpsk_pilot_phase_tracking_2048_snapshot__channel.snr_db_6__receiver.mode_uncompensated,6,payload_bit_boundary,channel.fixed.bit_count,2048
uncompensated,20260723T222134Z_qpsk_pilot_phase_tracking_2048_snapshot__channel.snr_db_6__receiver.mode_uncompensated,6,payload_bit_boundary,channel.fixed.byte_count,256
uncompensated,20260723T222134Z_qpsk_pilot_phase_tracking_2048_snapshot__channel.snr_db_6__receiver.mode_uncompensated,6,payload_bit_boundary,channel.fixed.payload_input.bit_count,2048
uncompensated,20260723T222134Z_qpsk_pilot_phase_tracking_2048_snapshot__channel.snr_db_6__receiver.mode_uncompensated,6,payload_bit_boundary,channel.fixed.payload_input.bits_per_element,1
uncompensated,20260723T222134Z_qpsk_pilot_phase_tracking_2048_snapshot__channel.snr_db_6__receiver.mode_uncompensated,6,payload_bit_boundary,channel.fixed.payload_input.byte_count,256
uncompensated,20260723T222134Z_qpsk_pilot_phase_tracking_2048_snapshot__channel.snr_db_6__receiver.mode_uncompensated,6,payload_bit_boundary,channel.fixed.payload_input.dtype_uint8,1
uncompensated,20260723T222134Z_qpsk_pilot_phase_tracking_2048_snapshot__channel.snr_db_6__receiver.mode_uncompensated,6,payload_bit_boundary,timing.step.wall_time_s,0.0020571280037984252
uncompensated,20260723T222134Z_qpsk_pilot_phase_tracking_2048_snapshot__channel.snr_db_6__receiver.mode_uncompensated,6,channel_encoder,channel.channel_code_input_bit_count,2048
uncompensated,20260723T222134Z_qpsk_pilot_phase_tracking_2048_snapshot__channel.snr_db_6__receiver.mode_uncompensated,6,channel_encoder,channel.code_rate,1
uncompensated,20260723T222134Z_qpsk_pilot_phase_tracking_2048_snapshot__channel.snr_db_6__receiver.mode_uncompensated,6,channel_encoder,channel.coded_bit_count,2048
uncompensated,20260723T222134Z_qpsk_pilot_phase_tracking_2048_snapshot__channel.snr_db_6__receiver.mode_uncompensated,6,channel_encoder,channel.payload_bit_count,2048
uncompensated,20260723T222134Z_qpsk_pilot_phase_tracking_2048_snapshot__channel.snr_db_6__receiver.mode_uncompensated,6,channel_encoder,timing.step.wall_time_s,0.0031367340125143528
uncompensated,20260723T222134Z_qpsk_pilot_phase_tracking_2048_snapshot__channel.snr_db_6__receiver.mode_uncompensated,6,tx_bit_boundary,channel.fixed.bit_count,2048
uncompensated,20260723T222134Z_qpsk_pilot_phase_tracking_2048_snapshot__channel.snr_db_6__receiver.mode_uncompensated,6,tx_bit_boundary,channel.fixed.byte_count,256
uncompensated,20260723T222134Z_qpsk_pilot_phase_tracking_2048_snapshot__channel.snr_db_6__receiver.mode_uncompensated,6,tx_bit_boundary,channel.fixed.modulator_input.bit_count,2048
uncompensated,20260723T222134Z_qpsk_pilot_phase_tracking_2048_snapshot__channel.snr_db_6__receiver.mode_uncompensated,6,tx_bit_boundary,channel.fixed.modulator_input.bits_per_element,1
uncompensated,20260723T222134Z_qpsk_pilot_phase_tracking_2048_snapshot__channel.snr_db_6__receiver.mode_uncompensated,6,tx_bit_boundary,channel.fixed.modulator_input.byte_count,256
uncompensated,20260723T222134Z_qpsk_pilot_phase_tracking_2048_snapshot__channel.snr_db_6__receiver.mode_uncompensated,6,tx_bit_boundary,channel.fixed.modulator_input.dtype_uint8,1
uncompensated,20260723T222134Z_qpsk_pilot_phase_tracking_2048_snapshot__channel.snr_db_6__receiver.mode_uncompensated,6,tx_bit_boundary,timing.step.wall_time_s,0.0021137240109965205
uncompensated,20260723T222134Z_qpsk_pilot_phase_tracking_2048_snapshot__channel.snr_db_6__receiver.mode_uncompensated,6,modulator,channel.bits_per_symbol,2
uncompensated,20260723T222134Z_qpsk_pilot_phase_tracking_2048_snapshot__channel.snr_db_6__receiver.mode_uncompensated,6,modulator,channel.channel_use_count,1120
uncompensated,20260723T222134Z_qpsk_pilot_phase_tracking_2048_snapshot__channel.snr_db_6__receiver.mode_uncompensated,6,modulator,channel.data_symbol_count,1024
uncompensated,20260723T222134Z_qpsk_pilot_phase_tracking_2048_snapshot__channel.snr_db_6__receiver.mode_uncompensated,6,modulator,channel.effective_payload_bits_per_channel_use,1.8285714285714285
uncompensated,20260723T222134Z_qpsk_pilot_phase_tracking_2048_snapshot__channel.snr_db_6__receiver.mode_uncompensated,6,modulator,channel.pilot_overhead_fraction,0.085714285714285715
uncompensated,20260723T222134Z_qpsk_pilot_phase_tracking_2048_snapshot__channel.snr_db_6__receiver.mode_uncompensated,6,modulator,channel.pilot_symbol_count,96
uncompensated,20260723T222134Z_qpsk_pilot_phase_tracking_2048_snapshot__channel.snr_db_6__receiver.mode_uncompensated,6,modulator,channel.symbol_count,1120
uncompensated,20260723T222134Z_qpsk_pilot_phase_tracking_2048_snapshot__channel.snr_db_6__receiver.mode_uncompensated,6,modulator,channel.transmitted_bit_count,2048
uncompensated,20260723T222134Z_qpsk_pilot_phase_tracking_2048_snapshot__channel.snr_db_6__receiver.mode_uncompensated,6,modulator,timing.step.wall_time_s,0.0044433209695853293
uncompensated,20260723T222134Z_qpsk_pilot_phase_tracking_2048_snapshot__channel.snr_db_6__receiver.mode_uncompensated,6,wireless_channel,channel.backend.numpy,1
uncompensated,20260723T222134Z_qpsk_pilot_phase_tracking_2048_snapshot__channel.snr_db_6__receiver.mode_uncompensated,6,wireless_channel,channel.channel_use_count,1120
uncompensated,20260723T222134Z_qpsk_pilot_phase_tracking_2048_snapshot__channel.snr_db_6__receiver.mode_uncompensated,6,wireless_channel,channel.effective_snr_db,5.999999482280602
uncompensated,20260723T222134Z_qpsk_pilot_phase_tracking_2048_snapshot__channel.snr_db_6__receiver.mode_uncompensated,6,wireless_channel,channel.grid_padding_symbol_count,0
uncompensated,20260723T222134Z_qpsk_pilot_phase_tracking_2048_snapshot__channel.snr_db_6__receiver.mode_uncompensated,6,wireless_channel,channel.noise_variance,0.25118864315095801
uncompensated,20260723T222134Z_qpsk_pilot_phase_tracking_2048_snapshot__channel.snr_db_6__receiver.mode_uncompensated,6,wireless_channel,channel.payload_symbol_count,1120
uncompensated,20260723T222134Z_qpsk_pilot_phase_tracking_2048_snapshot__channel.snr_db_6__receiver.mode_uncompensated,6,wireless_channel,channel.received_signal_power.average,0.99999988079071045
uncompensated,20260723T222134Z_qpsk_pilot_phase_tracking_2048_snapshot__channel.snr_db_6__receiver.mode_uncompensated,6,wireless_channel,channel.reference_snr_db,6
uncompensated,20260723T222134Z_qpsk_pilot_phase_tracking_2048_snapshot__channel.snr_db_6__receiver.mode_uncompensated,6,wireless_channel,channel.rx_antenna_power.average,1.2812641403571303
uncompensated,20260723T222134Z_qpsk_pilot_phase_tracking_2048_snapshot__channel.snr_db_6__receiver.mode_uncompensated,6,wireless_channel,channel.rx_antenna_power.total_energy,1435.015837199986
uncompensated,20260723T222134Z_qpsk_pilot_phase_tracking_2048_snapshot__channel.snr_db_6__receiver.mode_uncompensated,6,wireless_channel,channel.rx_output_power.average,1.2812641403571303
uncompensated,20260723T222134Z_qpsk_pilot_phase_tracking_2048_snapshot__channel.snr_db_6__receiver.mode_uncompensated,6,wireless_channel,channel.rx_output_power.total_energy,1435.015837199986
uncompensated,20260723T222134Z_qpsk_pilot_phase_tracking_2048_snapshot__channel.snr_db_6__receiver.mode_uncompensated,6,wireless_channel,channel.rx_power.average,1.2812641403571303
uncompensated,20260723T222134Z_qpsk_pilot_phase_tracking_2048_snapshot__channel.snr_db_6__receiver.mode_uncompensated,6,wireless_channel,channel.rx_power.total_energy,1435.015837199986
uncompensated,20260723T222134Z_qpsk_pilot_phase_tracking_2048_snapshot__channel.snr_db_6__receiver.mode_uncompensated,6,wireless_channel,channel.shared_grid_overhead_channel_use_count,0
uncompensated,20260723T222134Z_qpsk_pilot_phase_tracking_2048_snapshot__channel.snr_db_6__receiver.mode_uncompensated,6,wireless_channel,channel.snr_db,6
uncompensated,20260723T222134Z_qpsk_pilot_phase_tracking_2048_snapshot__channel.snr_db_6__receiver.mode_uncompensated,6,wireless_channel,channel.symbol_count,1120
uncompensated,20260723T222134Z_qpsk_pilot_phase_tracking_2048_snapshot__channel.snr_db_6__receiver.mode_uncompensated,6,wireless_channel,channel.tx_effective_snr_db,5.999999482280602
uncompensated,20260723T222134Z_qpsk_pilot_phase_tracking_2048_snapshot__channel.snr_db_6__receiver.mode_uncompensated,6,wireless_channel,channel.tx_energy.total,1119.9998779296875
uncompensated,20260723T222134Z_qpsk_pilot_phase_tracking_2048_snapshot__channel.snr_db_6__receiver.mode_uncompensated,6,wireless_channel,channel.tx_power_at_channel.average,0.99999988079071045
uncompensated,20260723T222134Z_qpsk_pilot_phase_tracking_2048_snapshot__channel.snr_db_6__receiver.mode_uncompensated,6,wireless_channel,channel.tx_power_per_executed_use.average,0.9999998910086495
uncompensated,20260723T222134Z_qpsk_pilot_phase_tracking_2048_snapshot__channel.snr_db_6__receiver.mode_uncompensated,6,wireless_channel,timing.step.wall_time_s,0.0070631869602948427
uncompensated,20260723T222134Z_qpsk_pilot_phase_tracking_2048_snapshot__channel.snr_db_6__receiver.mode_uncompensated,6,carrier_impairment,channel.carrier.cfo_abs_mean_cycles_per_symbol,0.0023162256521348399
uncompensated,20260723T222134Z_qpsk_pilot_phase_tracking_2048_snapshot__channel.snr_db_6__receiver.mode_uncompensated,6,carrier_impairment,channel.carrier.initial_phase_abs_mean_rad,1.6504928043575418
uncompensated,20260723T222134Z_qpsk_pilot_phase_tracking_2048_snapshot__channel.snr_db_6__receiver.mode_uncompensated,6,carrier_impairment,channel.carrier.phase_drift_rms_rad,5.8526804037773399
uncompensated,20260723T222134Z_qpsk_pilot_phase_tracking_2048_snapshot__channel.snr_db_6__receiver.mode_uncompensated,6,carrier_impairment,channel.carrier.phase_noise_increment_std_rad,0.040000000000000001
uncompensated,20260723T222134Z_qpsk_pilot_phase_tracking_2048_snapshot__channel.snr_db_6__receiver.mode_uncompensated,6,carrier_impairment,timing.step.wall_time_s,0.013982932025101036
uncompensated,20260723T222134Z_qpsk_pilot_phase_tracking_2048_snapshot__channel.snr_db_6__receiver.mode_uncompensated,6,demodulator,channel.demod_bit_count,2048
uncompensated,20260723T222134Z_qpsk_pilot_phase_tracking_2048_snapshot__channel.snr_db_6__receiver.mode_uncompensated,6,demodulator,receiver.phase_tracking.data_symbol_count,1024
uncompensated,20260723T222134Z_qpsk_pilot_phase_tracking_2048_snapshot__channel.snr_db_6__receiver.mode_uncompensated,6,demodulator,receiver.phase_tracking.packet_count,2
uncompensated,20260723T222134Z_qpsk_pilot_phase_tracking_2048_snapshot__channel.snr_db_6__receiver.mode_uncompensated,6,demodulator,receiver.phase_tracking.uncompensated,1
uncompensated,20260723T222134Z_qpsk_pilot_phase_tracking_2048_snapshot__channel.snr_db_6__receiver.mode_uncompensated,6,demodulator,timing.step.wall_time_s,0.02184374799253419
uncompensated,20260723T222134Z_qpsk_pilot_phase_tracking_2048_snapshot__channel.snr_db_6__receiver.mode_uncompensated,6,rx_bit_boundary,channel.fixed.bit_count,2048
uncompensated,20260723T222134Z_qpsk_pilot_phase_tracking_2048_snapshot__channel.snr_db_6__receiver.mode_uncompensated,6,rx_bit_boundary,channel.fixed.byte_count,256
uncompensated,20260723T222134Z_qpsk_pilot_phase_tracking_2048_snapshot__channel.snr_db_6__receiver.mode_uncompensated,6,rx_bit_boundary,channel.fixed.demodulator_output.bit_count,2048
uncompensated,20260723T222134Z_qpsk_pilot_phase_tracking_2048_snapshot__channel.snr_db_6__receiver.mode_uncompensated,6,rx_bit_boundary,channel.fixed.demodulator_output.bits_per_element,1
uncompensated,20260723T222134Z_qpsk_pilot_phase_tracking_2048_snapshot__channel.snr_db_6__receiver.mode_uncompensated,6,rx_bit_boundary,channel.fixed.demodulator_output.byte_count,256
uncompensated,20260723T222134Z_qpsk_pilot_phase_tracking_2048_snapshot__channel.snr_db_6__receiver.mode_uncompensated,6,rx_bit_boundary,channel.fixed.demodulator_output.dtype_uint8,1
uncompensated,20260723T222134Z_qpsk_pilot_phase_tracking_2048_snapshot__channel.snr_db_6__receiver.mode_uncompensated,6,rx_bit_boundary,timing.step.wall_time_s,0.0072630919748917222
uncompensated,20260723T222134Z_qpsk_pilot_phase_tracking_2048_snapshot__channel.snr_db_6__receiver.mode_uncompensated,6,coded_ber,channel.coded.ber,0.4365234375
uncompensated,20260723T222134Z_qpsk_pilot_phase_tracking_2048_snapshot__channel.snr_db_6__receiver.mode_uncompensated,6,coded_ber,channel.coded.compare_bit_count,2048
uncompensated,20260723T222134Z_qpsk_pilot_phase_tracking_2048_snapshot__channel.snr_db_6__receiver.mode_uncompensated,6,coded_ber,channel.coded.error_count,894
uncompensated,20260723T222134Z_qpsk_pilot_phase_tracking_2048_snapshot__channel.snr_db_6__receiver.mode_uncompensated,6,coded_ber,timing.step.wall_time_s,0.004219376016408205
uncompensated,20260723T222134Z_qpsk_pilot_phase_tracking_2048_snapshot__channel.snr_db_6__receiver.mode_uncompensated,6,coded_bler,channel.coded.bler,1
uncompensated,20260723T222134Z_qpsk_pilot_phase_tracking_2048_snapshot__channel.snr_db_6__receiver.mode_uncompensated,6,coded_bler,channel.coded.block_count,2
uncompensated,20260723T222134Z_qpsk_pilot_phase_tracking_2048_snapshot__channel.snr_db_6__receiver.mode_uncompensated,6,coded_bler,channel.coded.block_error_count,2
uncompensated,20260723T222134Z_qpsk_pilot_phase_tracking_2048_snapshot__channel.snr_db_6__receiver.mode_uncompensated,6,coded_bler,channel.coded.block_size,1024
uncompensated,20260723T222134Z_qpsk_pilot_phase_tracking_2048_snapshot__channel.snr_db_6__receiver.mode_uncompensated,6,coded_bler,timing.step.wall_time_s,0.0024910149513743818
uncompensated,20260723T222134Z_qpsk_pilot_phase_tracking_2048_snapshot__channel.snr_db_6__receiver.mode_uncompensated,6,channel_bit_count_match,channel.fixed.channel_io.bit_count_match,1
uncompensated,20260723T222134Z_qpsk_pilot_phase_tracking_2048_snapshot__channel.snr_db_6__receiver.mode_uncompensated,6,channel_bit_count_match,channel.fixed.channel_io.candidate_bit_count,2048
uncompensated,20260723T222134Z_qpsk_pilot_phase_tracking_2048_snapshot__channel.snr_db_6__receiver.mode_uncompensated,6,channel_bit_count_match,channel.fixed.channel_io.length_delta,0
uncompensated,20260723T222134Z_qpsk_pilot_phase_tracking_2048_snapshot__channel.snr_db_6__receiver.mode_uncompensated,6,channel_bit_count_match,channel.fixed.channel_io.reference_bit_count,2048
uncompensated,20260723T222134Z_qpsk_pilot_phase_tracking_2048_snapshot__channel.snr_db_6__receiver.mode_uncompensated,6,channel_bit_count_match,timing.step.wall_time_s,0.0025822379975579679
uncompensated,20260723T222134Z_qpsk_pilot_phase_tracking_2048_snapshot__channel.snr_db_6__receiver.mode_uncompensated,6,channel_decoder,channel.decoded_bit_count,2048
uncompensated,20260723T222134Z_qpsk_pilot_phase_tracking_2048_snapshot__channel.snr_db_6__receiver.mode_uncompensated,6,channel_decoder,timing.step.wall_time_s,0.0071238550008274615
pilot_smoothing,20260723T222136Z_qpsk_pilot_phase_tracking_2048_snapshot__channel.snr_db_6__receiver.mode_pilot_smoothing,6,data,channel.payload_bit_count,2048
pilot_smoothing,20260723T222136Z_qpsk_pilot_phase_tracking_2048_snapshot__channel.snr_db_6__receiver.mode_pilot_smoothing,6,data,source.bit_count,2048
pilot_smoothing,20260723T222136Z_qpsk_pilot_phase_tracking_2048_snapshot__channel.snr_db_6__receiver.mode_pilot_smoothing,6,data,source.example_count,2
pilot_smoothing,20260723T222136Z_qpsk_pilot_phase_tracking_2048_snapshot__channel.snr_db_6__receiver.mode_pilot_smoothing,6,data,source.transport_block_count,2
pilot_smoothing,20260723T222136Z_qpsk_pilot_phase_tracking_2048_snapshot__channel.snr_db_6__receiver.mode_pilot_smoothing,6,data,source.transport_block_size_bits,1024
pilot_smoothing,20260723T222136Z_qpsk_pilot_phase_tracking_2048_snapshot__channel.snr_db_6__receiver.mode_pilot_smoothing,6,data,timing.step.wall_time_s,0.0023403649684041739
pilot_smoothing,20260723T222136Z_qpsk_pilot_phase_tracking_2048_snapshot__channel.snr_db_6__receiver.mode_pilot_smoothing,6,payload_bit_boundary,channel.fixed.bit_count,2048
pilot_smoothing,20260723T222136Z_qpsk_pilot_phase_tracking_2048_snapshot__channel.snr_db_6__receiver.mode_pilot_smoothing,6,payload_bit_boundary,channel.fixed.byte_count,256
pilot_smoothing,20260723T222136Z_qpsk_pilot_phase_tracking_2048_snapshot__channel.snr_db_6__receiver.mode_pilot_smoothing,6,payload_bit_boundary,channel.fixed.payload_input.bit_count,2048
pilot_smoothing,20260723T222136Z_qpsk_pilot_phase_tracking_2048_snapshot__channel.snr_db_6__receiver.mode_pilot_smoothing,6,payload_bit_boundary,channel.fixed.payload_input.bits_per_element,1
pilot_smoothing,20260723T222136Z_qpsk_pilot_phase_tracking_2048_snapshot__channel.snr_db_6__receiver.mode_pilot_smoothing,6,payload_bit_boundary,channel.fixed.payload_input.byte_count,256
pilot_smoothing,20260723T222136Z_qpsk_pilot_phase_tracking_2048_snapshot__channel.snr_db_6__receiver.mode_pilot_smoothing,6,payload_bit_boundary,channel.fixed.payload_input.dtype_uint8,1
pilot_smoothing,20260723T222136Z_qpsk_pilot_phase_tracking_2048_snapshot__channel.snr_db_6__receiver.mode_pilot_smoothing,6,payload_bit_boundary,timing.step.wall_time_s,0.0025475170114077628
pilot_smoothing,20260723T222136Z_qpsk_pilot_phase_tracking_2048_snapshot__channel.snr_db_6__receiver.mode_pilot_smoothing,6,channel_encoder,channel.channel_code_input_bit_count,2048
pilot_smoothing,20260723T222136Z_qpsk_pilot_phase_tracking_2048_snapshot__channel.snr_db_6__receiver.mode_pilot_smoothing,6,channel_encoder,channel.code_rate,1
pilot_smoothing,20260723T222136Z_qpsk_pilot_phase_tracking_2048_snapshot__channel.snr_db_6__receiver.mode_pilot_smoothing,6,channel_encoder,channel.coded_bit_count,2048
pilot_smoothing,20260723T222136Z_qpsk_pilot_phase_tracking_2048_snapshot__channel.snr_db_6__receiver.mode_pilot_smoothing,6,channel_encoder,channel.payload_bit_count,2048
pilot_smoothing,20260723T222136Z_qpsk_pilot_phase_tracking_2048_snapshot__channel.snr_db_6__receiver.mode_pilot_smoothing,6,channel_encoder,timing.step.wall_time_s,0.0018173549906350672
pilot_smoothing,20260723T222136Z_qpsk_pilot_phase_tracking_2048_snapshot__channel.snr_db_6__receiver.mode_pilot_smoothing,6,tx_bit_boundary,channel.fixed.bit_count,2048
pilot_smoothing,20260723T222136Z_qpsk_pilot_phase_tracking_2048_snapshot__channel.snr_db_6__receiver.mode_pilot_smoothing,6,tx_bit_boundary,channel.fixed.byte_count,256
pilot_smoothing,20260723T222136Z_qpsk_pilot_phase_tracking_2048_snapshot__channel.snr_db_6__receiver.mode_pilot_smoothing,6,tx_bit_boundary,channel.fixed.modulator_input.bit_count,2048
pilot_smoothing,20260723T222136Z_qpsk_pilot_phase_tracking_2048_snapshot__channel.snr_db_6__receiver.mode_pilot_smoothing,6,tx_bit_boundary,channel.fixed.modulator_input.bits_per_element,1
pilot_smoothing,20260723T222136Z_qpsk_pilot_phase_tracking_2048_snapshot__channel.snr_db_6__receiver.mode_pilot_smoothing,6,tx_bit_boundary,channel.fixed.modulator_input.byte_count,256
pilot_smoothing,20260723T222136Z_qpsk_pilot_phase_tracking_2048_snapshot__channel.snr_db_6__receiver.mode_pilot_smoothing,6,tx_bit_boundary,channel.fixed.modulator_input.dtype_uint8,1
pilot_smoothing,20260723T222136Z_qpsk_pilot_phase_tracking_2048_snapshot__channel.snr_db_6__receiver.mode_pilot_smoothing,6,tx_bit_boundary,timing.step.wall_time_s,0.0018682800000533462
pilot_smoothing,20260723T222136Z_qpsk_pilot_phase_tracking_2048_snapshot__channel.snr_db_6__receiver.mode_pilot_smoothing,6,modulator,channel.bits_per_symbol,2
pilot_smoothing,20260723T222136Z_qpsk_pilot_phase_tracking_2048_snapshot__channel.snr_db_6__receiver.mode_pilot_smoothing,6,modulator,channel.channel_use_count,1120
pilot_smoothing,20260723T222136Z_qpsk_pilot_phase_tracking_2048_snapshot__channel.snr_db_6__receiver.mode_pilot_smoothing,6,modulator,channel.data_symbol_count,1024
pilot_smoothing,20260723T222136Z_qpsk_pilot_phase_tracking_2048_snapshot__channel.snr_db_6__receiver.mode_pilot_smoothing,6,modulator,channel.effective_payload_bits_per_channel_use,1.8285714285714285
pilot_smoothing,20260723T222136Z_qpsk_pilot_phase_tracking_2048_snapshot__channel.snr_db_6__receiver.mode_pilot_smoothing,6,modulator,channel.pilot_overhead_fraction,0.085714285714285715
pilot_smoothing,20260723T222136Z_qpsk_pilot_phase_tracking_2048_snapshot__channel.snr_db_6__receiver.mode_pilot_smoothing,6,modulator,channel.pilot_symbol_count,96
pilot_smoothing,20260723T222136Z_qpsk_pilot_phase_tracking_2048_snapshot__channel.snr_db_6__receiver.mode_pilot_smoothing,6,modulator,channel.symbol_count,1120
pilot_smoothing,20260723T222136Z_qpsk_pilot_phase_tracking_2048_snapshot__channel.snr_db_6__receiver.mode_pilot_smoothing,6,modulator,channel.transmitted_bit_count,2048
pilot_smoothing,20260723T222136Z_qpsk_pilot_phase_tracking_2048_snapshot__channel.snr_db_6__receiver.mode_pilot_smoothing,6,modulator,timing.step.wall_time_s,0.0041465259855613112
pilot_smoothing,20260723T222136Z_qpsk_pilot_phase_tracking_2048_snapshot__channel.snr_db_6__receiver.mode_pilot_smoothing,6,wireless_channel,channel.backend.numpy,1
pilot_smoothing,20260723T222136Z_qpsk_pilot_phase_tracking_2048_snapshot__channel.snr_db_6__receiver.mode_pilot_smoothing,6,wireless_channel,channel.channel_use_count,1120
pilot_smoothing,20260723T222136Z_qpsk_pilot_phase_tracking_2048_snapshot__channel.snr_db_6__receiver.mode_pilot_smoothing,6,wireless_channel,channel.effective_snr_db,5.999999482280602
pilot_smoothing,20260723T222136Z_qpsk_pilot_phase_tracking_2048_snapshot__channel.snr_db_6__receiver.mode_pilot_smoothing,6,wireless_channel,channel.grid_padding_symbol_count,0
pilot_smoothing,20260723T222136Z_qpsk_pilot_phase_tracking_2048_snapshot__channel.snr_db_6__receiver.mode_pilot_smoothing,6,wireless_channel,channel.noise_variance,0.25118864315095801
pilot_smoothing,20260723T222136Z_qpsk_pilot_phase_tracking_2048_snapshot__channel.snr_db_6__receiver.mode_pilot_smoothing,6,wireless_channel,channel.payload_symbol_count,1120
pilot_smoothing,20260723T222136Z_qpsk_pilot_phase_tracking_2048_snapshot__channel.snr_db_6__receiver.mode_pilot_smoothing,6,wireless_channel,channel.received_signal_power.average,0.99999988079071045
pilot_smoothing,20260723T222136Z_qpsk_pilot_phase_tracking_2048_snapshot__channel.snr_db_6__receiver.mode_pilot_smoothing,6,wireless_channel,channel.reference_snr_db,6
pilot_smoothing,20260723T222136Z_qpsk_pilot_phase_tracking_2048_snapshot__channel.snr_db_6__receiver.mode_pilot_smoothing,6,wireless_channel,channel.rx_antenna_power.average,1.2812641403571303
pilot_smoothing,20260723T222136Z_qpsk_pilot_phase_tracking_2048_snapshot__channel.snr_db_6__receiver.mode_pilot_smoothing,6,wireless_channel,channel.rx_antenna_power.total_energy,1435.015837199986
pilot_smoothing,20260723T222136Z_qpsk_pilot_phase_tracking_2048_snapshot__channel.snr_db_6__receiver.mode_pilot_smoothing,6,wireless_channel,channel.rx_output_power.average,1.2812641403571303
pilot_smoothing,20260723T222136Z_qpsk_pilot_phase_tracking_2048_snapshot__channel.snr_db_6__receiver.mode_pilot_smoothing,6,wireless_channel,channel.rx_output_power.total_energy,1435.015837199986
pilot_smoothing,20260723T222136Z_qpsk_pilot_phase_tracking_2048_snapshot__channel.snr_db_6__receiver.mode_pilot_smoothing,6,wireless_channel,channel.rx_power.average,1.2812641403571303
pilot_smoothing,20260723T222136Z_qpsk_pilot_phase_tracking_2048_snapshot__channel.snr_db_6__receiver.mode_pilot_smoothing,6,wireless_channel,channel.rx_power.total_energy,1435.015837199986
pilot_smoothing,20260723T222136Z_qpsk_pilot_phase_tracking_2048_snapshot__channel.snr_db_6__receiver.mode_pilot_smoothing,6,wireless_channel,channel.shared_grid_overhead_channel_use_count,0
pilot_smoothing,20260723T222136Z_qpsk_pilot_phase_tracking_2048_snapshot__channel.snr_db_6__receiver.mode_pilot_smoothing,6,wireless_channel,channel.snr_db,6
pilot_smoothing,20260723T222136Z_qpsk_pilot_phase_tracking_2048_snapshot__channel.snr_db_6__receiver.mode_pilot_smoothing,6,wireless_channel,channel.symbol_count,1120
pilot_smoothing,20260723T222136Z_qpsk_pilot_phase_tracking_2048_snapshot__channel.snr_db_6__receiver.mode_pilot_smoothing,6,wireless_channel,channel.tx_effective_snr_db,5.999999482280602
pilot_smoothing,20260723T222136Z_qpsk_pilot_phase_tracking_2048_snapshot__channel.snr_db_6__receiver.mode_pilot_smoothing,6,wireless_channel,channel.tx_energy.total,1119.9998779296875
pilot_smoothing,20260723T222136Z_qpsk_pilot_phase_tracking_2048_snapshot__channel.snr_db_6__receiver.mode_pilot_smoothing,6,wireless_channel,channel.tx_power_at_channel.average,0.99999988079071045
pilot_smoothing,20260723T222136Z_qpsk_pilot_phase_tracking_2048_snapshot__channel.snr_db_6__receiver.mode_pilot_smoothing,6,wireless_channel,channel.tx_power_per_executed_use.average,0.9999998910086495
pilot_smoothing,20260723T222136Z_qpsk_pilot_phase_tracking_2048_snapshot__channel.snr_db_6__receiver.mode_pilot_smoothing,6,wireless_channel,timing.step.wall_time_s,0.0059012799756601453
pilot_smoothing,20260723T222136Z_qpsk_pilot_phase_tracking_2048_snapshot__channel.snr_db_6__receiver.mode_pilot_smoothing,6,carrier_impairment,channel.carrier.cfo_abs_mean_cycles_per_symbol,0.0023162256521348399
pilot_smoothing,20260723T222136Z_qpsk_pilot_phase_tracking_2048_snapshot__channel.snr_db_6__receiver.mode_pilot_smoothing,6,carrier_impairment,channel.carrier.initial_phase_abs_mean_rad,1.6504928043575418
pilot_smoothing,20260723T222136Z_qpsk_pilot_phase_tracking_2048_snapshot__channel.snr_db_6__receiver.mode_pilot_smoothing,6,carrier_impairment,channel.carrier.phase_drift_rms_rad,5.8526804037773399
pilot_smoothing,20260723T222136Z_qpsk_pilot_phase_tracking_2048_snapshot__channel.snr_db_6__receiver.mode_pilot_smoothing,6,carrier_impairment,channel.carrier.phase_noise_increment_std_rad,0.040000000000000001
pilot_smoothing,20260723T222136Z_qpsk_pilot_phase_tracking_2048_snapshot__channel.snr_db_6__receiver.mode_pilot_smoothing,6,carrier_impairment,timing.step.wall_time_s,0.012365850969217718
pilot_smoothing,20260723T222136Z_qpsk_pilot_phase_tracking_2048_snapshot__channel.snr_db_6__receiver.mode_pilot_smoothing,6,demodulator,channel.demod_bit_count,2048
pilot_smoothing,20260723T222136Z_qpsk_pilot_phase_tracking_2048_snapshot__channel.snr_db_6__receiver.mode_pilot_smoothing,6,demodulator,receiver.phase_tracking.data_symbol_count,1024
pilot_smoothing,20260723T222136Z_qpsk_pilot_phase_tracking_2048_snapshot__channel.snr_db_6__receiver.mode_pilot_smoothing,6,demodulator,receiver.phase_tracking.packet_count,2
pilot_smoothing,20260723T222136Z_qpsk_pilot_phase_tracking_2048_snapshot__channel.snr_db_6__receiver.mode_pilot_smoothing,6,demodulator,receiver.phase_tracking.pilot_smoothing,1
pilot_smoothing,20260723T222136Z_qpsk_pilot_phase_tracking_2048_snapshot__channel.snr_db_6__receiver.mode_pilot_smoothing,6,demodulator,timing.step.wall_time_s,0.03054082504240796
pilot_smoothing,20260723T222136Z_qpsk_pilot_phase_tracking_2048_snapshot__channel.snr_db_6__receiver.mode_pilot_smoothing,6,rx_bit_boundary,channel.fixed.bit_count,2048
pilot_smoothing,20260723T222136Z_qpsk_pilot_phase_tracking_2048_snapshot__channel.snr_db_6__receiver.mode_pilot_smoothing,6,rx_bit_boundary,channel.fixed.byte_count,256
pilot_smoothing,20260723T222136Z_qpsk_pilot_phase_tracking_2048_snapshot__channel.snr_db_6__receiver.mode_pilot_smoothing,6,rx_bit_boundary,channel.fixed.demodulator_output.bit_count,2048
pilot_smoothing,20260723T222136Z_qpsk_pilot_phase_tracking_2048_snapshot__channel.snr_db_6__receiver.mode_pilot_smoothing,6,rx_bit_boundary,channel.fixed.demodulator_output.bits_per_element,1
pilot_smoothing,20260723T222136Z_qpsk_pilot_phase_tracking_2048_snapshot__channel.snr_db_6__receiver.mode_pilot_smoothing,6,rx_bit_boundary,channel.fixed.demodulator_output.byte_count,256
pilot_smoothing,20260723T222136Z_qpsk_pilot_phase_tracking_2048_snapshot__channel.snr_db_6__receiver.mode_pilot_smoothing,6,rx_bit_boundary,channel.fixed.demodulator_output.dtype_uint8,1
pilot_smoothing,20260723T222136Z_qpsk_pilot_phase_tracking_2048_snapshot__channel.snr_db_6__receiver.mode_pilot_smoothing,6,rx_bit_boundary,timing.step.wall_time_s,0.0081138699897564948
pilot_smoothing,20260723T222136Z_qpsk_pilot_phase_tracking_2048_snapshot__channel.snr_db_6__receiver.mode_pilot_smoothing,6,coded_ber,channel.coded.ber,0.03515625
pilot_smoothing,20260723T222136Z_qpsk_pilot_phase_tracking_2048_snapshot__channel.snr_db_6__receiver.mode_pilot_smoothing,6,coded_ber,channel.coded.compare_bit_count,2048
pilot_smoothing,20260723T222136Z_qpsk_pilot_phase_tracking_2048_snapshot__channel.snr_db_6__receiver.mode_pilot_smoothing,6,coded_ber,channel.coded.error_count,72
pilot_smoothing,20260723T222136Z_qpsk_pilot_phase_tracking_2048_snapshot__channel.snr_db_6__receiver.mode_pilot_smoothing,6,coded_ber,timing.step.wall_time_s,0.0024661959614604712
pilot_smoothing,20260723T222136Z_qpsk_pilot_phase_tracking_2048_snapshot__channel.snr_db_6__receiver.mode_pilot_smoothing,6,coded_bler,channel.coded.bler,1
pilot_smoothing,20260723T222136Z_qpsk_pilot_phase_tracking_2048_snapshot__channel.snr_db_6__receiver.mode_pilot_smoothing,6,coded_bler,channel.coded.block_count,2
pilot_smoothing,20260723T222136Z_qpsk_pilot_phase_tracking_2048_snapshot__channel.snr_db_6__receiver.mode_pilot_smoothing,6,coded_bler,channel.coded.block_error_count,2
pilot_smoothing,20260723T222136Z_qpsk_pilot_phase_tracking_2048_snapshot__channel.snr_db_6__receiver.mode_pilot_smoothing,6,coded_bler,channel.coded.block_size,1024
pilot_smoothing,20260723T222136Z_qpsk_pilot_phase_tracking_2048_snapshot__channel.snr_db_6__receiver.mode_pilot_smoothing,6,coded_bler,timing.step.wall_time_s,0.0027265409589745104
pilot_smoothing,20260723T222136Z_qpsk_pilot_phase_tracking_2048_snapshot__channel.snr_db_6__receiver.mode_pilot_smoothing,6,channel_bit_count_match,channel.fixed.channel_io.bit_count_match,1
pilot_smoothing,20260723T222136Z_qpsk_pilot_phase_tracking_2048_snapshot__channel.snr_db_6__receiver.mode_pilot_smoothing,6,channel_bit_count_match,channel.fixed.channel_io.candidate_bit_count,2048
pilot_smoothing,20260723T222136Z_qpsk_pilot_phase_tracking_2048_snapshot__channel.snr_db_6__receiver.mode_pilot_smoothing,6,channel_bit_count_match,channel.fixed.channel_io.length_delta,0
pilot_smoothing,20260723T222136Z_qpsk_pilot_phase_tracking_2048_snapshot__channel.snr_db_6__receiver.mode_pilot_smoothing,6,channel_bit_count_match,channel.fixed.channel_io.reference_bit_count,2048
pilot_smoothing,20260723T222136Z_qpsk_pilot_phase_tracking_2048_snapshot__channel.snr_db_6__receiver.mode_pilot_smoothing,6,channel_bit_count_match,timing.step.wall_time_s,0.0031694620265625417
pilot_smoothing,20260723T222136Z_qpsk_pilot_phase_tracking_2048_snapshot__channel.snr_db_6__receiver.mode_pilot_smoothing,6,channel_decoder,channel.decoded_bit_count,2048
pilot_smoothing,20260723T222136Z_qpsk_pilot_phase_tracking_2048_snapshot__channel.snr_db_6__receiver.mode_pilot_smoothing,6,channel_decoder,timing.step.wall_time_s,0.0068398269941098988
decision_directed_pll,20260723T222137Z_qpsk_pilot_phase_tracking_2048_snapshot__channel.snr_db_6__receiver.mode_decision_directed_pll,6,data,channel.payload_bit_count,2048
decision_directed_pll,20260723T222137Z_qpsk_pilot_phase_tracking_2048_snapshot__channel.snr_db_6__receiver.mode_decision_directed_pll,6,data,source.bit_count,2048
decision_directed_pll,20260723T222137Z_qpsk_pilot_phase_tracking_2048_snapshot__channel.snr_db_6__receiver.mode_decision_directed_pll,6,data,source.example_count,2
decision_directed_pll,20260723T222137Z_qpsk_pilot_phase_tracking_2048_snapshot__channel.snr_db_6__receiver.mode_decision_directed_pll,6,data,source.transport_block_count,2
decision_directed_pll,20260723T222137Z_qpsk_pilot_phase_tracking_2048_snapshot__channel.snr_db_6__receiver.mode_decision_directed_pll,6,data,source.transport_block_size_bits,1024
decision_directed_pll,20260723T222137Z_qpsk_pilot_phase_tracking_2048_snapshot__channel.snr_db_6__receiver.mode_decision_directed_pll,6,data,timing.step.wall_time_s,0.0016529099666513503
decision_directed_pll,20260723T222137Z_qpsk_pilot_phase_tracking_2048_snapshot__channel.snr_db_6__receiver.mode_decision_directed_pll,6,payload_bit_boundary,channel.fixed.bit_count,2048
decision_directed_pll,20260723T222137Z_qpsk_pilot_phase_tracking_2048_snapshot__channel.snr_db_6__receiver.mode_decision_directed_pll,6,payload_bit_boundary,channel.fixed.byte_count,256
decision_directed_pll,20260723T222137Z_qpsk_pilot_phase_tracking_2048_snapshot__channel.snr_db_6__receiver.mode_decision_directed_pll,6,payload_bit_boundary,channel.fixed.payload_input.bit_count,2048
decision_directed_pll,20260723T222137Z_qpsk_pilot_phase_tracking_2048_snapshot__channel.snr_db_6__receiver.mode_decision_directed_pll,6,payload_bit_boundary,channel.fixed.payload_input.bits_per_element,1
decision_directed_pll,20260723T222137Z_qpsk_pilot_phase_tracking_2048_snapshot__channel.snr_db_6__receiver.mode_decision_directed_pll,6,payload_bit_boundary,channel.fixed.payload_input.byte_count,256
decision_directed_pll,20260723T222137Z_qpsk_pilot_phase_tracking_2048_snapshot__channel.snr_db_6__receiver.mode_decision_directed_pll,6,payload_bit_boundary,channel.fixed.payload_input.dtype_uint8,1
decision_directed_pll,20260723T222137Z_qpsk_pilot_phase_tracking_2048_snapshot__channel.snr_db_6__receiver.mode_decision_directed_pll,6,payload_bit_boundary,timing.step.wall_time_s,0.0018566540093161166
decision_directed_pll,20260723T222137Z_qpsk_pilot_phase_tracking_2048_snapshot__channel.snr_db_6__receiver.mode_decision_directed_pll,6,channel_encoder,channel.channel_code_input_bit_count,2048
decision_directed_pll,20260723T222137Z_qpsk_pilot_phase_tracking_2048_snapshot__channel.snr_db_6__receiver.mode_decision_directed_pll,6,channel_encoder,channel.code_rate,1
decision_directed_pll,20260723T222137Z_qpsk_pilot_phase_tracking_2048_snapshot__channel.snr_db_6__receiver.mode_decision_directed_pll,6,channel_encoder,channel.coded_bit_count,2048
decision_directed_pll,20260723T222137Z_qpsk_pilot_phase_tracking_2048_snapshot__channel.snr_db_6__receiver.mode_decision_directed_pll,6,channel_encoder,channel.payload_bit_count,2048
decision_directed_pll,20260723T222137Z_qpsk_pilot_phase_tracking_2048_snapshot__channel.snr_db_6__receiver.mode_decision_directed_pll,6,channel_encoder,timing.step.wall_time_s,0.0019065759843215346
decision_directed_pll,20260723T222137Z_qpsk_pilot_phase_tracking_2048_snapshot__channel.snr_db_6__receiver.mode_decision_directed_pll,6,tx_bit_boundary,channel.fixed.bit_count,2048
decision_directed_pll,20260723T222137Z_qpsk_pilot_phase_tracking_2048_snapshot__channel.snr_db_6__receiver.mode_decision_directed_pll,6,tx_bit_boundary,channel.fixed.byte_count,256
decision_directed_pll,20260723T222137Z_qpsk_pilot_phase_tracking_2048_snapshot__channel.snr_db_6__receiver.mode_decision_directed_pll,6,tx_bit_boundary,channel.fixed.modulator_input.bit_count,2048
decision_directed_pll,20260723T222137Z_qpsk_pilot_phase_tracking_2048_snapshot__channel.snr_db_6__receiver.mode_decision_directed_pll,6,tx_bit_boundary,channel.fixed.modulator_input.bits_per_element,1
decision_directed_pll,20260723T222137Z_qpsk_pilot_phase_tracking_2048_snapshot__channel.snr_db_6__receiver.mode_decision_directed_pll,6,tx_bit_boundary,channel.fixed.modulator_input.byte_count,256
decision_directed_pll,20260723T222137Z_qpsk_pilot_phase_tracking_2048_snapshot__channel.snr_db_6__receiver.mode_decision_directed_pll,6,tx_bit_boundary,channel.fixed.modulator_input.dtype_uint8,1
decision_directed_pll,20260723T222137Z_qpsk_pilot_phase_tracking_2048_snapshot__channel.snr_db_6__receiver.mode_decision_directed_pll,6,tx_bit_boundary,timing.step.wall_time_s,0.00209608901059255
decision_directed_pll,20260723T222137Z_qpsk_pilot_phase_tracking_2048_snapshot__channel.snr_db_6__receiver.mode_decision_directed_pll,6,modulator,channel.bits_per_symbol,2
decision_directed_pll,20260723T222137Z_qpsk_pilot_phase_tracking_2048_snapshot__channel.snr_db_6__receiver.mode_decision_directed_pll,6,modulator,channel.channel_use_count,1120
decision_directed_pll,20260723T222137Z_qpsk_pilot_phase_tracking_2048_snapshot__channel.snr_db_6__receiver.mode_decision_directed_pll,6,modulator,channel.data_symbol_count,1024
decision_directed_pll,20260723T222137Z_qpsk_pilot_phase_tracking_2048_snapshot__channel.snr_db_6__receiver.mode_decision_directed_pll,6,modulator,channel.effective_payload_bits_per_channel_use,1.8285714285714285
decision_directed_pll,20260723T222137Z_qpsk_pilot_phase_tracking_2048_snapshot__channel.snr_db_6__receiver.mode_decision_directed_pll,6,modulator,channel.pilot_overhead_fraction,0.085714285714285715
decision_directed_pll,20260723T222137Z_qpsk_pilot_phase_tracking_2048_snapshot__channel.snr_db_6__receiver.mode_decision_directed_pll,6,modulator,channel.pilot_symbol_count,96
decision_directed_pll,20260723T222137Z_qpsk_pilot_phase_tracking_2048_snapshot__channel.snr_db_6__receiver.mode_decision_directed_pll,6,modulator,channel.symbol_count,1120
decision_directed_pll,20260723T222137Z_qpsk_pilot_phase_tracking_2048_snapshot__channel.snr_db_6__receiver.mode_decision_directed_pll,6,modulator,channel.transmitted_bit_count,2048
decision_directed_pll,20260723T222137Z_qpsk_pilot_phase_tracking_2048_snapshot__channel.snr_db_6__receiver.mode_decision_directed_pll,6,modulator,timing.step.wall_time_s,0.0047621980193071067
decision_directed_pll,20260723T222137Z_qpsk_pilot_phase_tracking_2048_snapshot__channel.snr_db_6__receiver.mode_decision_directed_pll,6,wireless_channel,channel.backend.numpy,1
decision_directed_pll,20260723T222137Z_qpsk_pilot_phase_tracking_2048_snapshot__channel.snr_db_6__receiver.mode_decision_directed_pll,6,wireless_channel,channel.channel_use_count,1120
decision_directed_pll,20260723T222137Z_qpsk_pilot_phase_tracking_2048_snapshot__channel.snr_db_6__receiver.mode_decision_directed_pll,6,wireless_channel,channel.effective_snr_db,5.999999482280602
decision_directed_pll,20260723T222137Z_qpsk_pilot_phase_tracking_2048_snapshot__channel.snr_db_6__receiver.mode_decision_directed_pll,6,wireless_channel,channel.grid_padding_symbol_count,0
decision_directed_pll,20260723T222137Z_qpsk_pilot_phase_tracking_2048_snapshot__channel.snr_db_6__receiver.mode_decision_directed_pll,6,wireless_channel,channel.noise_variance,0.25118864315095801
decision_directed_pll,20260723T222137Z_qpsk_pilot_phase_tracking_2048_snapshot__channel.snr_db_6__receiver.mode_decision_directed_pll,6,wireless_channel,channel.payload_symbol_count,1120
decision_directed_pll,20260723T222137Z_qpsk_pilot_phase_tracking_2048_snapshot__channel.snr_db_6__receiver.mode_decision_directed_pll,6,wireless_channel,channel.received_signal_power.average,0.99999988079071045
decision_directed_pll,20260723T222137Z_qpsk_pilot_phase_tracking_2048_snapshot__channel.snr_db_6__receiver.mode_decision_directed_pll,6,wireless_channel,channel.reference_snr_db,6
decision_directed_pll,20260723T222137Z_qpsk_pilot_phase_tracking_2048_snapshot__channel.snr_db_6__receiver.mode_decision_directed_pll,6,wireless_channel,channel.rx_antenna_power.average,1.2812641403571303
decision_directed_pll,20260723T222137Z_qpsk_pilot_phase_tracking_2048_snapshot__channel.snr_db_6__receiver.mode_decision_directed_pll,6,wireless_channel,channel.rx_antenna_power.total_energy,1435.015837199986
decision_directed_pll,20260723T222137Z_qpsk_pilot_phase_tracking_2048_snapshot__channel.snr_db_6__receiver.mode_decision_directed_pll,6,wireless_channel,channel.rx_output_power.average,1.2812641403571303
decision_directed_pll,20260723T222137Z_qpsk_pilot_phase_tracking_2048_snapshot__channel.snr_db_6__receiver.mode_decision_directed_pll,6,wireless_channel,channel.rx_output_power.total_energy,1435.015837199986
decision_directed_pll,20260723T222137Z_qpsk_pilot_phase_tracking_2048_snapshot__channel.snr_db_6__receiver.mode_decision_directed_pll,6,wireless_channel,channel.rx_power.average,1.2812641403571303
decision_directed_pll,20260723T222137Z_qpsk_pilot_phase_tracking_2048_snapshot__channel.snr_db_6__receiver.mode_decision_directed_pll,6,wireless_channel,channel.rx_power.total_energy,1435.015837199986
decision_directed_pll,20260723T222137Z_qpsk_pilot_phase_tracking_2048_snapshot__channel.snr_db_6__receiver.mode_decision_directed_pll,6,wireless_channel,channel.shared_grid_overhead_channel_use_count,0
decision_directed_pll,20260723T222137Z_qpsk_pilot_phase_tracking_2048_snapshot__channel.snr_db_6__receiver.mode_decision_directed_pll,6,wireless_channel,channel.snr_db,6
decision_directed_pll,20260723T222137Z_qpsk_pilot_phase_tracking_2048_snapshot__channel.snr_db_6__receiver.mode_decision_directed_pll,6,wireless_channel,channel.symbol_count,1120
decision_directed_pll,20260723T222137Z_qpsk_pilot_phase_tracking_2048_snapshot__channel.snr_db_6__receiver.mode_decision_directed_pll,6,wireless_channel,channel.tx_effective_snr_db,5.999999482280602
decision_directed_pll,20260723T222137Z_qpsk_pilot_phase_tracking_2048_snapshot__channel.snr_db_6__receiver.mode_decision_directed_pll,6,wireless_channel,channel.tx_energy.total,1119.9998779296875
decision_directed_pll,20260723T222137Z_qpsk_pilot_phase_tracking_2048_snapshot__channel.snr_db_6__receiver.mode_decision_directed_pll,6,wireless_channel,channel.tx_power_at_channel.average,0.99999988079071045
decision_directed_pll,20260723T222137Z_qpsk_pilot_phase_tracking_2048_snapshot__channel.snr_db_6__receiver.mode_decision_directed_pll,6,wireless_channel,channel.tx_power_per_executed_use.average,0.9999998910086495
decision_directed_pll,20260723T222137Z_qpsk_pilot_phase_tracking_2048_snapshot__channel.snr_db_6__receiver.mode_decision_directed_pll,6,wireless_channel,timing.step.wall_time_s,0.0067858620313927531
decision_directed_pll,20260723T222137Z_qpsk_pilot_phase_tracking_2048_snapshot__channel.snr_db_6__receiver.mode_decision_directed_pll,6,carrier_impairment,channel.carrier.cfo_abs_mean_cycles_per_symbol,0.0023162256521348399
decision_directed_pll,20260723T222137Z_qpsk_pilot_phase_tracking_2048_snapshot__channel.snr_db_6__receiver.mode_decision_directed_pll,6,carrier_impairment,channel.carrier.initial_phase_abs_mean_rad,1.6504928043575418
decision_directed_pll,20260723T222137Z_qpsk_pilot_phase_tracking_2048_snapshot__channel.snr_db_6__receiver.mode_decision_directed_pll,6,carrier_impairment,channel.carrier.phase_drift_rms_rad,5.8526804037773399
decision_directed_pll,20260723T222137Z_qpsk_pilot_phase_tracking_2048_snapshot__channel.snr_db_6__receiver.mode_decision_directed_pll,6,carrier_impairment,channel.carrier.phase_noise_increment_std_rad,0.040000000000000001
decision_directed_pll,20260723T222137Z_qpsk_pilot_phase_tracking_2048_snapshot__channel.snr_db_6__receiver.mode_decision_directed_pll,6,carrier_impairment,timing.step.wall_time_s,0.013248641975224018
decision_directed_pll,20260723T222137Z_qpsk_pilot_phase_tracking_2048_snapshot__channel.snr_db_6__receiver.mode_decision_directed_pll,6,demodulator,channel.demod_bit_count,2048
decision_directed_pll,20260723T222137Z_qpsk_pilot_phase_tracking_2048_snapshot__channel.snr_db_6__receiver.mode_decision_directed_pll,6,demodulator,receiver.phase_tracking.data_symbol_count,1024
decision_directed_pll,20260723T222137Z_qpsk_pilot_phase_tracking_2048_snapshot__channel.snr_db_6__receiver.mode_decision_directed_pll,6,demodulator,receiver.phase_tracking.decision_directed_pll,1
decision_directed_pll,20260723T222137Z_qpsk_pilot_phase_tracking_2048_snapshot__channel.snr_db_6__receiver.mode_decision_directed_pll,6,demodulator,receiver.phase_tracking.packet_count,2
decision_directed_pll,20260723T222137Z_qpsk_pilot_phase_tracking_2048_snapshot__channel.snr_db_6__receiver.mode_decision_directed_pll,6,demodulator,timing.step.wall_time_s,0.031060706009157002
decision_directed_pll,20260723T222137Z_qpsk_pilot_phase_tracking_2048_snapshot__channel.snr_db_6__receiver.mode_decision_directed_pll,6,rx_bit_boundary,channel.fixed.bit_count,2048
decision_directed_pll,20260723T222137Z_qpsk_pilot_phase_tracking_2048_snapshot__channel.snr_db_6__receiver.mode_decision_directed_pll,6,rx_bit_boundary,channel.fixed.byte_count,256
decision_directed_pll,20260723T222137Z_qpsk_pilot_phase_tracking_2048_snapshot__channel.snr_db_6__receiver.mode_decision_directed_pll,6,rx_bit_boundary,channel.fixed.demodulator_output.bit_count,2048
decision_directed_pll,20260723T222137Z_qpsk_pilot_phase_tracking_2048_snapshot__channel.snr_db_6__receiver.mode_decision_directed_pll,6,rx_bit_boundary,channel.fixed.demodulator_output.bits_per_element,1
decision_directed_pll,20260723T222137Z_qpsk_pilot_phase_tracking_2048_snapshot__channel.snr_db_6__receiver.mode_decision_directed_pll,6,rx_bit_boundary,channel.fixed.demodulator_output.byte_count,256
decision_directed_pll,20260723T222137Z_qpsk_pilot_phase_tracking_2048_snapshot__channel.snr_db_6__receiver.mode_decision_directed_pll,6,rx_bit_boundary,channel.fixed.demodulator_output.dtype_uint8,1
decision_directed_pll,20260723T222137Z_qpsk_pilot_phase_tracking_2048_snapshot__channel.snr_db_6__receiver.mode_decision_directed_pll,6,rx_bit_boundary,timing.step.wall_time_s,0.0069000949733890593
decision_directed_pll,20260723T222137Z_qpsk_pilot_phase_tracking_2048_snapshot__channel.snr_db_6__receiver.mode_decision_directed_pll,6,coded_ber,channel.coded.ber,0.03466796875
decision_directed_pll,20260723T222137Z_qpsk_pilot_phase_tracking_2048_snapshot__channel.snr_db_6__receiver.mode_decision_directed_pll,6,coded_ber,channel.coded.compare_bit_count,2048
decision_directed_pll,20260723T222137Z_qpsk_pilot_phase_tracking_2048_snapshot__channel.snr_db_6__receiver.mode_decision_directed_pll,6,coded_ber,channel.coded.error_count,71
decision_directed_pll,20260723T222137Z_qpsk_pilot_phase_tracking_2048_snapshot__channel.snr_db_6__receiver.mode_decision_directed_pll,6,coded_ber,timing.step.wall_time_s,0.0024309980217367411
decision_directed_pll,20260723T222137Z_qpsk_pilot_phase_tracking_2048_snapshot__channel.snr_db_6__receiver.mode_decision_directed_pll,6,coded_bler,channel.coded.bler,1
decision_directed_pll,20260723T222137Z_qpsk_pilot_phase_tracking_2048_snapshot__channel.snr_db_6__receiver.mode_decision_directed_pll,6,coded_bler,channel.coded.block_count,2
decision_directed_pll,20260723T222137Z_qpsk_pilot_phase_tracking_2048_snapshot__channel.snr_db_6__receiver.mode_decision_directed_pll,6,coded_bler,channel.coded.block_error_count,2
decision_directed_pll,20260723T222137Z_qpsk_pilot_phase_tracking_2048_snapshot__channel.snr_db_6__receiver.mode_decision_directed_pll,6,coded_bler,channel.coded.block_size,1024
decision_directed_pll,20260723T222137Z_qpsk_pilot_phase_tracking_2048_snapshot__channel.snr_db_6__receiver.mode_decision_directed_pll,6,coded_bler,timing.step.wall_time_s,0.0025072149583138525
decision_directed_pll,20260723T222137Z_qpsk_pilot_phase_tracking_2048_snapshot__channel.snr_db_6__receiver.mode_decision_directed_pll,6,channel_bit_count_match,channel.fixed.channel_io.bit_count_match,1
decision_directed_pll,20260723T222137Z_qpsk_pilot_phase_tracking_2048_snapshot__channel.snr_db_6__receiver.mode_decision_directed_pll,6,channel_bit_count_match,channel.fixed.channel_io.candidate_bit_count,2048
decision_directed_pll,20260723T222137Z_qpsk_pilot_phase_tracking_2048_snapshot__channel.snr_db_6__receiver.mode_decision_directed_pll,6,channel_bit_count_match,channel.fixed.channel_io.length_delta,0
decision_directed_pll,20260723T222137Z_qpsk_pilot_phase_tracking_2048_snapshot__channel.snr_db_6__receiver.mode_decision_directed_pll,6,channel_bit_count_match,channel.fixed.channel_io.reference_bit_count,2048
decision_directed_pll,20260723T222137Z_qpsk_pilot_phase_tracking_2048_snapshot__channel.snr_db_6__receiver.mode_decision_directed_pll,6,channel_bit_count_match,timing.step.wall_time_s,0.0039365080301649868
decision_directed_pll,20260723T222137Z_qpsk_pilot_phase_tracking_2048_snapshot__channel.snr_db_6__receiver.mode_decision_directed_pll,6,channel_decoder,channel.decoded_bit_count,2048
decision_directed_pll,20260723T222137Z_qpsk_pilot_phase_tracking_2048_snapshot__channel.snr_db_6__receiver.mode_decision_directed_pll,6,channel_decoder,timing.step.wall_time_s,0.0073496620170772076
oracle,20260723T222138Z_qpsk_pilot_phase_tracking_2048_snapshot__channel.snr_db_6__receiver.mode_oracle,6,data,channel.payload_bit_count,2048
oracle,20260723T222138Z_qpsk_pilot_phase_tracking_2048_snapshot__channel.snr_db_6__receiver.mode_oracle,6,data,source.bit_count,2048
oracle,20260723T222138Z_qpsk_pilot_phase_tracking_2048_snapshot__channel.snr_db_6__receiver.mode_oracle,6,data,source.example_count,2
oracle,20260723T222138Z_qpsk_pilot_phase_tracking_2048_snapshot__channel.snr_db_6__receiver.mode_oracle,6,data,source.transport_block_count,2
oracle,20260723T222138Z_qpsk_pilot_phase_tracking_2048_snapshot__channel.snr_db_6__receiver.mode_oracle,6,data,source.transport_block_size_bits,1024
oracle,20260723T222138Z_qpsk_pilot_phase_tracking_2048_snapshot__channel.snr_db_6__receiver.mode_oracle,6,data,timing.step.wall_time_s,0.0017090750043280423
oracle,20260723T222138Z_qpsk_pilot_phase_tracking_2048_snapshot__channel.snr_db_6__receiver.mode_oracle,6,payload_bit_boundary,channel.fixed.bit_count,2048
oracle,20260723T222138Z_qpsk_pilot_phase_tracking_2048_snapshot__channel.snr_db_6__receiver.mode_oracle,6,payload_bit_boundary,channel.fixed.byte_count,256
oracle,20260723T222138Z_qpsk_pilot_phase_tracking_2048_snapshot__channel.snr_db_6__receiver.mode_oracle,6,payload_bit_boundary,channel.fixed.payload_input.bit_count,2048
oracle,20260723T222138Z_qpsk_pilot_phase_tracking_2048_snapshot__channel.snr_db_6__receiver.mode_oracle,6,payload_bit_boundary,channel.fixed.payload_input.bits_per_element,1
oracle,20260723T222138Z_qpsk_pilot_phase_tracking_2048_snapshot__channel.snr_db_6__receiver.mode_oracle,6,payload_bit_boundary,channel.fixed.payload_input.byte_count,256
oracle,20260723T222138Z_qpsk_pilot_phase_tracking_2048_snapshot__channel.snr_db_6__receiver.mode_oracle,6,payload_bit_boundary,channel.fixed.payload_input.dtype_uint8,1
oracle,20260723T222138Z_qpsk_pilot_phase_tracking_2048_snapshot__channel.snr_db_6__receiver.mode_oracle,6,payload_bit_boundary,timing.step.wall_time_s,0.0026493830373510718
oracle,20260723T222138Z_qpsk_pilot_phase_tracking_2048_snapshot__channel.snr_db_6__receiver.mode_oracle,6,channel_encoder,channel.channel_code_input_bit_count,2048
oracle,20260723T222138Z_qpsk_pilot_phase_tracking_2048_snapshot__channel.snr_db_6__receiver.mode_oracle,6,channel_encoder,channel.code_rate,1
oracle,20260723T222138Z_qpsk_pilot_phase_tracking_2048_snapshot__channel.snr_db_6__receiver.mode_oracle,6,channel_encoder,channel.coded_bit_count,2048
oracle,20260723T222138Z_qpsk_pilot_phase_tracking_2048_snapshot__channel.snr_db_6__receiver.mode_oracle,6,channel_encoder,channel.payload_bit_count,2048
oracle,20260723T222138Z_qpsk_pilot_phase_tracking_2048_snapshot__channel.snr_db_6__receiver.mode_oracle,6,channel_encoder,timing.step.wall_time_s,0.0029010309954173863
oracle,20260723T222138Z_qpsk_pilot_phase_tracking_2048_snapshot__channel.snr_db_6__receiver.mode_oracle,6,tx_bit_boundary,channel.fixed.bit_count,2048
oracle,20260723T222138Z_qpsk_pilot_phase_tracking_2048_snapshot__channel.snr_db_6__receiver.mode_oracle,6,tx_bit_boundary,channel.fixed.byte_count,256
oracle,20260723T222138Z_qpsk_pilot_phase_tracking_2048_snapshot__channel.snr_db_6__receiver.mode_oracle,6,tx_bit_boundary,channel.fixed.modulator_input.bit_count,2048
oracle,20260723T222138Z_qpsk_pilot_phase_tracking_2048_snapshot__channel.snr_db_6__receiver.mode_oracle,6,tx_bit_boundary,channel.fixed.modulator_input.bits_per_element,1
oracle,20260723T222138Z_qpsk_pilot_phase_tracking_2048_snapshot__channel.snr_db_6__receiver.mode_oracle,6,tx_bit_boundary,channel.fixed.modulator_input.byte_count,256
oracle,20260723T222138Z_qpsk_pilot_phase_tracking_2048_snapshot__channel.snr_db_6__receiver.mode_oracle,6,tx_bit_boundary,channel.fixed.modulator_input.dtype_uint8,1
oracle,20260723T222138Z_qpsk_pilot_phase_tracking_2048_snapshot__channel.snr_db_6__receiver.mode_oracle,6,tx_bit_boundary,timing.step.wall_time_s,0.0028008910012431443
oracle,20260723T222138Z_qpsk_pilot_phase_tracking_2048_snapshot__channel.snr_db_6__receiver.mode_oracle,6,modulator,channel.bits_per_symbol,2
oracle,20260723T222138Z_qpsk_pilot_phase_tracking_2048_snapshot__channel.snr_db_6__receiver.mode_oracle,6,modulator,channel.channel_use_count,1120
oracle,20260723T222138Z_qpsk_pilot_phase_tracking_2048_snapshot__channel.snr_db_6__receiver.mode_oracle,6,modulator,channel.data_symbol_count,1024
oracle,20260723T222138Z_qpsk_pilot_phase_tracking_2048_snapshot__channel.snr_db_6__receiver.mode_oracle,6,modulator,channel.effective_payload_bits_per_channel_use,1.8285714285714285
oracle,20260723T222138Z_qpsk_pilot_phase_tracking_2048_snapshot__channel.snr_db_6__receiver.mode_oracle,6,modulator,channel.pilot_overhead_fraction,0.085714285714285715
oracle,20260723T222138Z_qpsk_pilot_phase_tracking_2048_snapshot__channel.snr_db_6__receiver.mode_oracle,6,modulator,channel.pilot_symbol_count,96
oracle,20260723T222138Z_qpsk_pilot_phase_tracking_2048_snapshot__channel.snr_db_6__receiver.mode_oracle,6,modulator,channel.symbol_count,1120
oracle,20260723T222138Z_qpsk_pilot_phase_tracking_2048_snapshot__channel.snr_db_6__receiver.mode_oracle,6,modulator,channel.transmitted_bit_count,2048
oracle,20260723T222138Z_qpsk_pilot_phase_tracking_2048_snapshot__channel.snr_db_6__receiver.mode_oracle,6,modulator,timing.step.wall_time_s,0.0059490500134415925
oracle,20260723T222138Z_qpsk_pilot_phase_tracking_2048_snapshot__channel.snr_db_6__receiver.mode_oracle,6,wireless_channel,channel.backend.numpy,1
oracle,20260723T222138Z_qpsk_pilot_phase_tracking_2048_snapshot__channel.snr_db_6__receiver.mode_oracle,6,wireless_channel,channel.channel_use_count,1120
oracle,20260723T222138Z_qpsk_pilot_phase_tracking_2048_snapshot__channel.snr_db_6__receiver.mode_oracle,6,wireless_channel,channel.effective_snr_db,5.999999482280602
oracle,20260723T222138Z_qpsk_pilot_phase_tracking_2048_snapshot__channel.snr_db_6__receiver.mode_oracle,6,wireless_channel,channel.grid_padding_symbol_count,0
oracle,20260723T222138Z_qpsk_pilot_phase_tracking_2048_snapshot__channel.snr_db_6__receiver.mode_oracle,6,wireless_channel,channel.noise_variance,0.25118864315095801
oracle,20260723T222138Z_qpsk_pilot_phase_tracking_2048_snapshot__channel.snr_db_6__receiver.mode_oracle,6,wireless_channel,channel.payload_symbol_count,1120
oracle,20260723T222138Z_qpsk_pilot_phase_tracking_2048_snapshot__channel.snr_db_6__receiver.mode_oracle,6,wireless_channel,channel.received_signal_power.average,0.99999988079071045
oracle,20260723T222138Z_qpsk_pilot_phase_tracking_2048_snapshot__channel.snr_db_6__receiver.mode_oracle,6,wireless_channel,channel.reference_snr_db,6
oracle,20260723T222138Z_qpsk_pilot_phase_tracking_2048_snapshot__channel.snr_db_6__receiver.mode_oracle,6,wireless_channel,channel.rx_antenna_power.average,1.2812641403571303
oracle,20260723T222138Z_qpsk_pilot_phase_tracking_2048_snapshot__channel.snr_db_6__receiver.mode_oracle,6,wireless_channel,channel.rx_antenna_power.total_energy,1435.015837199986
oracle,20260723T222138Z_qpsk_pilot_phase_tracking_2048_snapshot__channel.snr_db_6__receiver.mode_oracle,6,wireless_channel,channel.rx_output_power.average,1.2812641403571303
oracle,20260723T222138Z_qpsk_pilot_phase_tracking_2048_snapshot__channel.snr_db_6__receiver.mode_oracle,6,wireless_channel,channel.rx_output_power.total_energy,1435.015837199986
oracle,20260723T222138Z_qpsk_pilot_phase_tracking_2048_snapshot__channel.snr_db_6__receiver.mode_oracle,6,wireless_channel,channel.rx_power.average,1.2812641403571303
oracle,20260723T222138Z_qpsk_pilot_phase_tracking_2048_snapshot__channel.snr_db_6__receiver.mode_oracle,6,wireless_channel,channel.rx_power.total_energy,1435.015837199986
oracle,20260723T222138Z_qpsk_pilot_phase_tracking_2048_snapshot__channel.snr_db_6__receiver.mode_oracle,6,wireless_channel,channel.shared_grid_overhead_channel_use_count,0
oracle,20260723T222138Z_qpsk_pilot_phase_tracking_2048_snapshot__channel.snr_db_6__receiver.mode_oracle,6,wireless_channel,channel.snr_db,6
oracle,20260723T222138Z_qpsk_pilot_phase_tracking_2048_snapshot__channel.snr_db_6__receiver.mode_oracle,6,wireless_channel,channel.symbol_count,1120
oracle,20260723T222138Z_qpsk_pilot_phase_tracking_2048_snapshot__channel.snr_db_6__receiver.mode_oracle,6,wireless_channel,channel.tx_effective_snr_db,5.999999482280602
oracle,20260723T222138Z_qpsk_pilot_phase_tracking_2048_snapshot__channel.snr_db_6__receiver.mode_oracle,6,wireless_channel,channel.tx_energy.total,1119.9998779296875
oracle,20260723T222138Z_qpsk_pilot_phase_tracking_2048_snapshot__channel.snr_db_6__receiver.mode_oracle,6,wireless_channel,channel.tx_power_at_channel.average,0.99999988079071045
oracle,20260723T222138Z_qpsk_pilot_phase_tracking_2048_snapshot__channel.snr_db_6__receiver.mode_oracle,6,wireless_channel,channel.tx_power_per_executed_use.average,0.9999998910086495
oracle,20260723T222138Z_qpsk_pilot_phase_tracking_2048_snapshot__channel.snr_db_6__receiver.mode_oracle,6,wireless_channel,timing.step.wall_time_s,0.0059753059758804739
oracle,20260723T222138Z_qpsk_pilot_phase_tracking_2048_snapshot__channel.snr_db_6__receiver.mode_oracle,6,carrier_impairment,channel.carrier.cfo_abs_mean_cycles_per_symbol,0.0023162256521348399
oracle,20260723T222138Z_qpsk_pilot_phase_tracking_2048_snapshot__channel.snr_db_6__receiver.mode_oracle,6,carrier_impairment,channel.carrier.initial_phase_abs_mean_rad,1.6504928043575418
oracle,20260723T222138Z_qpsk_pilot_phase_tracking_2048_snapshot__channel.snr_db_6__receiver.mode_oracle,6,carrier_impairment,channel.carrier.phase_drift_rms_rad,5.8526804037773399
oracle,20260723T222138Z_qpsk_pilot_phase_tracking_2048_snapshot__channel.snr_db_6__receiver.mode_oracle,6,carrier_impairment,channel.carrier.phase_noise_increment_std_rad,0.040000000000000001
oracle,20260723T222138Z_qpsk_pilot_phase_tracking_2048_snapshot__channel.snr_db_6__receiver.mode_oracle,6,carrier_impairment,timing.step.wall_time_s,0.013363565027248114
oracle,20260723T222138Z_qpsk_pilot_phase_tracking_2048_snapshot__channel.snr_db_6__receiver.mode_oracle,6,demodulator,channel.demod_bit_count,2048
oracle,20260723T222138Z_qpsk_pilot_phase_tracking_2048_snapshot__channel.snr_db_6__receiver.mode_oracle,6,demodulator,receiver.phase_tracking.data_symbol_count,1024
oracle,20260723T222138Z_qpsk_pilot_phase_tracking_2048_snapshot__channel.snr_db_6__receiver.mode_oracle,6,demodulator,receiver.phase_tracking.oracle,1
oracle,20260723T222138Z_qpsk_pilot_phase_tracking_2048_snapshot__channel.snr_db_6__receiver.mode_oracle,6,demodulator,receiver.phase_tracking.packet_count,2
oracle,20260723T222138Z_qpsk_pilot_phase_tracking_2048_snapshot__channel.snr_db_6__receiver.mode_oracle,6,demodulator,timing.step.wall_time_s,0.016670355980750173
oracle,20260723T222138Z_qpsk_pilot_phase_tracking_2048_snapshot__channel.snr_db_6__receiver.mode_oracle,6,rx_bit_boundary,channel.fixed.bit_count,2048
oracle,20260723T222138Z_qpsk_pilot_phase_tracking_2048_snapshot__channel.snr_db_6__receiver.mode_oracle,6,rx_bit_boundary,channel.fixed.byte_count,256
oracle,20260723T222138Z_qpsk_pilot_phase_tracking_2048_snapshot__channel.snr_db_6__receiver.mode_oracle,6,rx_bit_boundary,channel.fixed.demodulator_output.bit_count,2048
oracle,20260723T222138Z_qpsk_pilot_phase_tracking_2048_snapshot__channel.snr_db_6__receiver.mode_oracle,6,rx_bit_boundary,channel.fixed.demodulator_output.bits_per_element,1
oracle,20260723T222138Z_qpsk_pilot_phase_tracking_2048_snapshot__channel.snr_db_6__receiver.mode_oracle,6,rx_bit_boundary,channel.fixed.demodulator_output.byte_count,256
oracle,20260723T222138Z_qpsk_pilot_phase_tracking_2048_snapshot__channel.snr_db_6__receiver.mode_oracle,6,rx_bit_boundary,channel.fixed.demodulator_output.dtype_uint8,1
oracle,20260723T222138Z_qpsk_pilot_phase_tracking_2048_snapshot__channel.snr_db_6__receiver.mode_oracle,6,rx_bit_boundary,timing.step.wall_time_s,0.0068133840104565024
oracle,20260723T222138Z_qpsk_pilot_phase_tracking_2048_snapshot__channel.snr_db_6__receiver.mode_oracle,6,coded_ber,channel.coded.ber,0.02294921875
oracle,20260723T222138Z_qpsk_pilot_phase_tracking_2048_snapshot__channel.snr_db_6__receiver.mode_oracle,6,coded_ber,channel.coded.compare_bit_count,2048
oracle,20260723T222138Z_qpsk_pilot_phase_tracking_2048_snapshot__channel.snr_db_6__receiver.mode_oracle,6,coded_ber,channel.coded.error_count,47
oracle,20260723T222138Z_qpsk_pilot_phase_tracking_2048_snapshot__channel.snr_db_6__receiver.mode_oracle,6,coded_ber,timing.step.wall_time_s,0.0027706889668479562
oracle,20260723T222138Z_qpsk_pilot_phase_tracking_2048_snapshot__channel.snr_db_6__receiver.mode_oracle,6,coded_bler,channel.coded.bler,1
oracle,20260723T222138Z_qpsk_pilot_phase_tracking_2048_snapshot__channel.snr_db_6__receiver.mode_oracle,6,coded_bler,channel.coded.block_count,2
oracle,20260723T222138Z_qpsk_pilot_phase_tracking_2048_snapshot__channel.snr_db_6__receiver.mode_oracle,6,coded_bler,channel.coded.block_error_count,2
oracle,20260723T222138Z_qpsk_pilot_phase_tracking_2048_snapshot__channel.snr_db_6__receiver.mode_oracle,6,coded_bler,channel.coded.block_size,1024
oracle,20260723T222138Z_qpsk_pilot_phase_tracking_2048_snapshot__channel.snr_db_6__receiver.mode_oracle,6,coded_bler,timing.step.wall_time_s,0.0039443779969587922
oracle,20260723T222138Z_qpsk_pilot_phase_tracking_2048_snapshot__channel.snr_db_6__receiver.mode_oracle,6,channel_bit_count_match,channel.fixed.channel_io.bit_count_match,1
oracle,20260723T222138Z_qpsk_pilot_phase_tracking_2048_snapshot__channel.snr_db_6__receiver.mode_oracle,6,channel_bit_count_match,channel.fixed.channel_io.candidate_bit_count,2048
oracle,20260723T222138Z_qpsk_pilot_phase_tracking_2048_snapshot__channel.snr_db_6__receiver.mode_oracle,6,channel_bit_count_match,channel.fixed.channel_io.length_delta,0
oracle,20260723T222138Z_qpsk_pilot_phase_tracking_2048_snapshot__channel.snr_db_6__receiver.mode_oracle,6,channel_bit_count_match,channel.fixed.channel_io.reference_bit_count,2048
oracle,20260723T222138Z_qpsk_pilot_phase_tracking_2048_snapshot__channel.snr_db_6__receiver.mode_oracle,6,channel_bit_count_match,timing.step.wall_time_s,0.0022213149932213128
oracle,20260723T222138Z_qpsk_pilot_phase_tracking_2048_snapshot__channel.snr_db_6__receiver.mode_oracle,6,channel_decoder,channel.decoded_bit_count,2048
oracle,20260723T222138Z_qpsk_pilot_phase_tracking_2048_snapshot__channel.snr_db_6__receiver.mode_oracle,6,channel_decoder,timing.step.wall_time_s,0.0075070590246468782
learned_artifact,20260723T222140Z_qpsk_pilot_phase_tracking_2048_snapshot__channel.snr_db_6__receiver.mode_learned_artifact,6,data,channel.payload_bit_count,2048
learned_artifact,20260723T222140Z_qpsk_pilot_phase_tracking_2048_snapshot__channel.snr_db_6__receiver.mode_learned_artifact,6,data,source.bit_count,2048
learned_artifact,20260723T222140Z_qpsk_pilot_phase_tracking_2048_snapshot__channel.snr_db_6__receiver.mode_learned_artifact,6,data,source.example_count,2
learned_artifact,20260723T222140Z_qpsk_pilot_phase_tracking_2048_snapshot__channel.snr_db_6__receiver.mode_learned_artifact,6,data,source.transport_block_count,2
learned_artifact,20260723T222140Z_qpsk_pilot_phase_tracking_2048_snapshot__channel.snr_db_6__receiver.mode_learned_artifact,6,data,source.transport_block_size_bits,1024
learned_artifact,20260723T222140Z_qpsk_pilot_phase_tracking_2048_snapshot__channel.snr_db_6__receiver.mode_learned_artifact,6,data,timing.step.wall_time_s,0.0020186850451864302
learned_artifact,20260723T222140Z_qpsk_pilot_phase_tracking_2048_snapshot__channel.snr_db_6__receiver.mode_learned_artifact,6,payload_bit_boundary,channel.fixed.bit_count,2048
learned_artifact,20260723T222140Z_qpsk_pilot_phase_tracking_2048_snapshot__channel.snr_db_6__receiver.mode_learned_artifact,6,payload_bit_boundary,channel.fixed.byte_count,256
learned_artifact,20260723T222140Z_qpsk_pilot_phase_tracking_2048_snapshot__channel.snr_db_6__receiver.mode_learned_artifact,6,payload_bit_boundary,channel.fixed.payload_input.bit_count,2048
learned_artifact,20260723T222140Z_qpsk_pilot_phase_tracking_2048_snapshot__channel.snr_db_6__receiver.mode_learned_artifact,6,payload_bit_boundary,channel.fixed.payload_input.bits_per_element,1
learned_artifact,20260723T222140Z_qpsk_pilot_phase_tracking_2048_snapshot__channel.snr_db_6__receiver.mode_learned_artifact,6,payload_bit_boundary,channel.fixed.payload_input.byte_count,256
learned_artifact,20260723T222140Z_qpsk_pilot_phase_tracking_2048_snapshot__channel.snr_db_6__receiver.mode_learned_artifact,6,payload_bit_boundary,channel.fixed.payload_input.dtype_uint8,1
learned_artifact,20260723T222140Z_qpsk_pilot_phase_tracking_2048_snapshot__channel.snr_db_6__receiver.mode_learned_artifact,6,payload_bit_boundary,timing.step.wall_time_s,0.0029203110025264323
learned_artifact,20260723T222140Z_qpsk_pilot_phase_tracking_2048_snapshot__channel.snr_db_6__receiver.mode_learned_artifact,6,channel_encoder,channel.channel_code_input_bit_count,2048
learned_artifact,20260723T222140Z_qpsk_pilot_phase_tracking_2048_snapshot__channel.snr_db_6__receiver.mode_learned_artifact,6,channel_encoder,channel.code_rate,1
learned_artifact,20260723T222140Z_qpsk_pilot_phase_tracking_2048_snapshot__channel.snr_db_6__receiver.mode_learned_artifact,6,channel_encoder,channel.coded_bit_count,2048
learned_artifact,20260723T222140Z_qpsk_pilot_phase_tracking_2048_snapshot__channel.snr_db_6__receiver.mode_learned_artifact,6,channel_encoder,channel.payload_bit_count,2048
learned_artifact,20260723T222140Z_qpsk_pilot_phase_tracking_2048_snapshot__channel.snr_db_6__receiver.mode_learned_artifact,6,channel_encoder,timing.step.wall_time_s,0.0025228770100511611
learned_artifact,20260723T222140Z_qpsk_pilot_phase_tracking_2048_snapshot__channel.snr_db_6__receiver.mode_learned_artifact,6,tx_bit_boundary,channel.fixed.bit_count,2048
learned_artifact,20260723T222140Z_qpsk_pilot_phase_tracking_2048_snapshot__channel.snr_db_6__receiver.mode_learned_artifact,6,tx_bit_boundary,channel.fixed.byte_count,256
learned_artifact,20260723T222140Z_qpsk_pilot_phase_tracking_2048_snapshot__channel.snr_db_6__receiver.mode_learned_artifact,6,tx_bit_boundary,channel.fixed.modulator_input.bit_count,2048
learned_artifact,20260723T222140Z_qpsk_pilot_phase_tracking_2048_snapshot__channel.snr_db_6__receiver.mode_learned_artifact,6,tx_bit_boundary,channel.fixed.modulator_input.bits_per_element,1
learned_artifact,20260723T222140Z_qpsk_pilot_phase_tracking_2048_snapshot__channel.snr_db_6__receiver.mode_learned_artifact,6,tx_bit_boundary,channel.fixed.modulator_input.byte_count,256
learned_artifact,20260723T222140Z_qpsk_pilot_phase_tracking_2048_snapshot__channel.snr_db_6__receiver.mode_learned_artifact,6,tx_bit_boundary,channel.fixed.modulator_input.dtype_uint8,1
learned_artifact,20260723T222140Z_qpsk_pilot_phase_tracking_2048_snapshot__channel.snr_db_6__receiver.mode_learned_artifact,6,tx_bit_boundary,timing.step.wall_time_s,0.0033091010409407318
learned_artifact,20260723T222140Z_qpsk_pilot_phase_tracking_2048_snapshot__channel.snr_db_6__receiver.mode_learned_artifact,6,modulator,channel.bits_per_symbol,2
learned_artifact,20260723T222140Z_qpsk_pilot_phase_tracking_2048_snapshot__channel.snr_db_6__receiver.mode_learned_artifact,6,modulator,channel.channel_use_count,1120
learned_artifact,20260723T222140Z_qpsk_pilot_phase_tracking_2048_snapshot__channel.snr_db_6__receiver.mode_learned_artifact,6,modulator,channel.data_symbol_count,1024
learned_artifact,20260723T222140Z_qpsk_pilot_phase_tracking_2048_snapshot__channel.snr_db_6__receiver.mode_learned_artifact,6,modulator,channel.effective_payload_bits_per_channel_use,1.8285714285714285
learned_artifact,20260723T222140Z_qpsk_pilot_phase_tracking_2048_snapshot__channel.snr_db_6__receiver.mode_learned_artifact,6,modulator,channel.pilot_overhead_fraction,0.085714285714285715
learned_artifact,20260723T222140Z_qpsk_pilot_phase_tracking_2048_snapshot__channel.snr_db_6__receiver.mode_learned_artifact,6,modulator,channel.pilot_symbol_count,96
learned_artifact,20260723T222140Z_qpsk_pilot_phase_tracking_2048_snapshot__channel.snr_db_6__receiver.mode_learned_artifact,6,modulator,channel.symbol_count,1120
learned_artifact,20260723T222140Z_qpsk_pilot_phase_tracking_2048_snapshot__channel.snr_db_6__receiver.mode_learned_artifact,6,modulator,channel.transmitted_bit_count,2048
learned_artifact,20260723T222140Z_qpsk_pilot_phase_tracking_2048_snapshot__channel.snr_db_6__receiver.mode_learned_artifact,6,modulator,timing.step.wall_time_s,0.0049506829818710685
learned_artifact,20260723T222140Z_qpsk_pilot_phase_tracking_2048_snapshot__channel.snr_db_6__receiver.mode_learned_artifact,6,wireless_channel,channel.backend.numpy,1
learned_artifact,20260723T222140Z_qpsk_pilot_phase_tracking_2048_snapshot__channel.snr_db_6__receiver.mode_learned_artifact,6,wireless_channel,channel.channel_use_count,1120
learned_artifact,20260723T222140Z_qpsk_pilot_phase_tracking_2048_snapshot__channel.snr_db_6__receiver.mode_learned_artifact,6,wireless_channel,channel.effective_snr_db,5.999999482280602
learned_artifact,20260723T222140Z_qpsk_pilot_phase_tracking_2048_snapshot__channel.snr_db_6__receiver.mode_learned_artifact,6,wireless_channel,channel.grid_padding_symbol_count,0
learned_artifact,20260723T222140Z_qpsk_pilot_phase_tracking_2048_snapshot__channel.snr_db_6__receiver.mode_learned_artifact,6,wireless_channel,channel.noise_variance,0.25118864315095801
learned_artifact,20260723T222140Z_qpsk_pilot_phase_tracking_2048_snapshot__channel.snr_db_6__receiver.mode_learned_artifact,6,wireless_channel,channel.payload_symbol_count,1120
learned_artifact,20260723T222140Z_qpsk_pilot_phase_tracking_2048_snapshot__channel.snr_db_6__receiver.mode_learned_artifact,6,wireless_channel,channel.received_signal_power.average,0.99999988079071045
learned_artifact,20260723T222140Z_qpsk_pilot_phase_tracking_2048_snapshot__channel.snr_db_6__receiver.mode_learned_artifact,6,wireless_channel,channel.reference_snr_db,6
learned_artifact,20260723T222140Z_qpsk_pilot_phase_tracking_2048_snapshot__channel.snr_db_6__receiver.mode_learned_artifact,6,wireless_channel,channel.rx_antenna_power.average,1.2812641403571303
learned_artifact,20260723T222140Z_qpsk_pilot_phase_tracking_2048_snapshot__channel.snr_db_6__receiver.mode_learned_artifact,6,wireless_channel,channel.rx_antenna_power.total_energy,1435.015837199986
learned_artifact,20260723T222140Z_qpsk_pilot_phase_tracking_2048_snapshot__channel.snr_db_6__receiver.mode_learned_artifact,6,wireless_channel,channel.rx_output_power.average,1.2812641403571303
learned_artifact,20260723T222140Z_qpsk_pilot_phase_tracking_2048_snapshot__channel.snr_db_6__receiver.mode_learned_artifact,6,wireless_channel,channel.rx_output_power.total_energy,1435.015837199986
learned_artifact,20260723T222140Z_qpsk_pilot_phase_tracking_2048_snapshot__channel.snr_db_6__receiver.mode_learned_artifact,6,wireless_channel,channel.rx_power.average,1.2812641403571303
learned_artifact,20260723T222140Z_qpsk_pilot_phase_tracking_2048_snapshot__channel.snr_db_6__receiver.mode_learned_artifact,6,wireless_channel,channel.rx_power.total_energy,1435.015837199986
learned_artifact,20260723T222140Z_qpsk_pilot_phase_tracking_2048_snapshot__channel.snr_db_6__receiver.mode_learned_artifact,6,wireless_channel,channel.shared_grid_overhead_channel_use_count,0
learned_artifact,20260723T222140Z_qpsk_pilot_phase_tracking_2048_snapshot__channel.snr_db_6__receiver.mode_learned_artifact,6,wireless_channel,channel.snr_db,6
learned_artifact,20260723T222140Z_qpsk_pilot_phase_tracking_2048_snapshot__channel.snr_db_6__receiver.mode_learned_artifact,6,wireless_channel,channel.symbol_count,1120
learned_artifact,20260723T222140Z_qpsk_pilot_phase_tracking_2048_snapshot__channel.snr_db_6__receiver.mode_learned_artifact,6,wireless_channel,channel.tx_effective_snr_db,5.999999482280602
learned_artifact,20260723T222140Z_qpsk_pilot_phase_tracking_2048_snapshot__channel.snr_db_6__receiver.mode_learned_artifact,6,wireless_channel,channel.tx_energy.total,1119.9998779296875
learned_artifact,20260723T222140Z_qpsk_pilot_phase_tracking_2048_snapshot__channel.snr_db_6__receiver.mode_learned_artifact,6,wireless_channel,channel.tx_power_at_channel.average,0.99999988079071045
learned_artifact,20260723T222140Z_qpsk_pilot_phase_tracking_2048_snapshot__channel.snr_db_6__receiver.mode_learned_artifact,6,wireless_channel,channel.tx_power_per_executed_use.average,0.9999998910086495
learned_artifact,20260723T222140Z_qpsk_pilot_phase_tracking_2048_snapshot__channel.snr_db_6__receiver.mode_learned_artifact,6,wireless_channel,timing.step.wall_time_s,0.0095283170230686665
learned_artifact,20260723T222140Z_qpsk_pilot_phase_tracking_2048_snapshot__channel.snr_db_6__receiver.mode_learned_artifact,6,carrier_impairment,channel.carrier.cfo_abs_mean_cycles_per_symbol,0.0023162256521348399
learned_artifact,20260723T222140Z_qpsk_pilot_phase_tracking_2048_snapshot__channel.snr_db_6__receiver.mode_learned_artifact,6,carrier_impairment,channel.carrier.initial_phase_abs_mean_rad,1.6504928043575418
learned_artifact,20260723T222140Z_qpsk_pilot_phase_tracking_2048_snapshot__channel.snr_db_6__receiver.mode_learned_artifact,6,carrier_impairment,channel.carrier.phase_drift_rms_rad,5.8526804037773399
learned_artifact,20260723T222140Z_qpsk_pilot_phase_tracking_2048_snapshot__channel.snr_db_6__receiver.mode_learned_artifact,6,carrier_impairment,channel.carrier.phase_noise_increment_std_rad,0.040000000000000001
learned_artifact,20260723T222140Z_qpsk_pilot_phase_tracking_2048_snapshot__channel.snr_db_6__receiver.mode_learned_artifact,6,carrier_impairment,timing.step.wall_time_s,0.020270731998607516
learned_artifact,20260723T222140Z_qpsk_pilot_phase_tracking_2048_snapshot__channel.snr_db_6__receiver.mode_learned_artifact,6,demodulator,channel.demod_bit_count,2048
learned_artifact,20260723T222140Z_qpsk_pilot_phase_tracking_2048_snapshot__channel.snr_db_6__receiver.mode_learned_artifact,6,demodulator,receiver.phase_tracking.data_symbol_count,1024
learned_artifact,20260723T222140Z_qpsk_pilot_phase_tracking_2048_snapshot__channel.snr_db_6__receiver.mode_learned_artifact,6,demodulator,receiver.phase_tracking.learned_artifact,1
learned_artifact,20260723T222140Z_qpsk_pilot_phase_tracking_2048_snapshot__channel.snr_db_6__receiver.mode_learned_artifact,6,demodulator,receiver.phase_tracking.packet_count,2
learned_artifact,20260723T222140Z_qpsk_pilot_phase_tracking_2048_snapshot__channel.snr_db_6__receiver.mode_learned_artifact,6,demodulator,timing.step.wall_time_s,0.16666922398144379
learned_artifact,20260723T222140Z_qpsk_pilot_phase_tracking_2048_snapshot__channel.snr_db_6__receiver.mode_learned_artifact,6,rx_bit_boundary,channel.fixed.bit_count,2048
learned_artifact,20260723T222140Z_qpsk_pilot_phase_tracking_2048_snapshot__channel.snr_db_6__receiver.mode_learned_artifact,6,rx_bit_boundary,channel.fixed.byte_count,256
learned_artifact,20260723T222140Z_qpsk_pilot_phase_tracking_2048_snapshot__channel.snr_db_6__receiver.mode_learned_artifact,6,rx_bit_boundary,channel.fixed.demodulator_output.bit_count,2048
learned_artifact,20260723T222140Z_qpsk_pilot_phase_tracking_2048_snapshot__channel.snr_db_6__receiver.mode_learned_artifact,6,rx_bit_boundary,channel.fixed.demodulator_output.bits_per_element,1
learned_artifact,20260723T222140Z_qpsk_pilot_phase_tracking_2048_snapshot__channel.snr_db_6__receiver.mode_learned_artifact,6,rx_bit_boundary,channel.fixed.demodulator_output.byte_count,256
learned_artifact,20260723T222140Z_qpsk_pilot_phase_tracking_2048_snapshot__channel.snr_db_6__receiver.mode_learned_artifact,6,rx_bit_boundary,channel.fixed.demodulator_output.dtype_uint8,1
learned_artifact,20260723T222140Z_qpsk_pilot_phase_tracking_2048_snapshot__channel.snr_db_6__receiver.mode_learned_artifact,6,rx_bit_boundary,timing.step.wall_time_s,0.0078737830044701695
learned_artifact,20260723T222140Z_qpsk_pilot_phase_tracking_2048_snapshot__channel.snr_db_6__receiver.mode_learned_artifact,6,coded_ber,channel.coded.ber,0.0263671875
learned_artifact,20260723T222140Z_qpsk_pilot_phase_tracking_2048_snapshot__channel.snr_db_6__receiver.mode_learned_artifact,6,coded_ber,channel.coded.compare_bit_count,2048
learned_artifact,20260723T222140Z_qpsk_pilot_phase_tracking_2048_snapshot__channel.snr_db_6__receiver.mode_learned_artifact,6,coded_ber,channel.coded.error_count,54
learned_artifact,20260723T222140Z_qpsk_pilot_phase_tracking_2048_snapshot__channel.snr_db_6__receiver.mode_learned_artifact,6,coded_ber,timing.step.wall_time_s,0.004073241027072072
learned_artifact,20260723T222140Z_qpsk_pilot_phase_tracking_2048_snapshot__channel.snr_db_6__receiver.mode_learned_artifact,6,coded_bler,channel.coded.bler,1
learned_artifact,20260723T222140Z_qpsk_pilot_phase_tracking_2048_snapshot__channel.snr_db_6__receiver.mode_learned_artifact,6,coded_bler,channel.coded.block_count,2
learned_artifact,20260723T222140Z_qpsk_pilot_phase_tracking_2048_snapshot__channel.snr_db_6__receiver.mode_learned_artifact,6,coded_bler,channel.coded.block_error_count,2
learned_artifact,20260723T222140Z_qpsk_pilot_phase_tracking_2048_snapshot__channel.snr_db_6__receiver.mode_learned_artifact,6,coded_bler,channel.coded.block_size,1024
learned_artifact,20260723T222140Z_qpsk_pilot_phase_tracking_2048_snapshot__channel.snr_db_6__receiver.mode_learned_artifact,6,coded_bler,timing.step.wall_time_s,0.0025623799883760512
learned_artifact,20260723T222140Z_qpsk_pilot_phase_tracking_2048_snapshot__channel.snr_db_6__receiver.mode_learned_artifact,6,channel_bit_count_match,channel.fixed.channel_io.bit_count_match,1
learned_artifact,20260723T222140Z_qpsk_pilot_phase_tracking_2048_snapshot__channel.snr_db_6__receiver.mode_learned_artifact,6,channel_bit_count_match,channel.fixed.channel_io.candidate_bit_count,2048
learned_artifact,20260723T222140Z_qpsk_pilot_phase_tracking_2048_snapshot__channel.snr_db_6__receiver.mode_learned_artifact,6,channel_bit_count_match,channel.fixed.channel_io.length_delta,0
learned_artifact,20260723T222140Z_qpsk_pilot_phase_tracking_2048_snapshot__channel.snr_db_6__receiver.mode_learned_artifact,6,channel_bit_count_match,channel.fixed.channel_io.reference_bit_count,2048
learned_artifact,20260723T222140Z_qpsk_pilot_phase_tracking_2048_snapshot__channel.snr_db_6__receiver.mode_learned_artifact,6,channel_bit_count_match,timing.step.wall_time_s,0.0025312600191682577
learned_artifact,20260723T222140Z_qpsk_pilot_phase_tracking_2048_snapshot__channel.snr_db_6__receiver.mode_learned_artifact,6,channel_decoder,channel.decoded_bit_count,2048
learned_artifact,20260723T222140Z_qpsk_pilot_phase_tracking_2048_snapshot__channel.snr_db_6__receiver.mode_learned_artifact,6,channel_decoder,timing.step.wall_time_s,0.0073090299847535789
uncompensated,20260723T222141Z_qpsk_pilot_phase_tracking_2048_snapshot__channel.snr_db_10__receiver.mode_uncompensated,10,data,channel.payload_bit_count,2048
uncompensated,20260723T222141Z_qpsk_pilot_phase_tracking_2048_snapshot__channel.snr_db_10__receiver.mode_uncompensated,10,data,source.bit_count,2048
uncompensated,20260723T222141Z_qpsk_pilot_phase_tracking_2048_snapshot__channel.snr_db_10__receiver.mode_uncompensated,10,data,source.example_count,2
uncompensated,20260723T222141Z_qpsk_pilot_phase_tracking_2048_snapshot__channel.snr_db_10__receiver.mode_uncompensated,10,data,source.transport_block_count,2
uncompensated,20260723T222141Z_qpsk_pilot_phase_tracking_2048_snapshot__channel.snr_db_10__receiver.mode_uncompensated,10,data,source.transport_block_size_bits,1024
uncompensated,20260723T222141Z_qpsk_pilot_phase_tracking_2048_snapshot__channel.snr_db_10__receiver.mode_uncompensated,10,data,timing.step.wall_time_s,0.0029069139854982495
uncompensated,20260723T222141Z_qpsk_pilot_phase_tracking_2048_snapshot__channel.snr_db_10__receiver.mode_uncompensated,10,payload_bit_boundary,channel.fixed.bit_count,2048
uncompensated,20260723T222141Z_qpsk_pilot_phase_tracking_2048_snapshot__channel.snr_db_10__receiver.mode_uncompensated,10,payload_bit_boundary,channel.fixed.byte_count,256
uncompensated,20260723T222141Z_qpsk_pilot_phase_tracking_2048_snapshot__channel.snr_db_10__receiver.mode_uncompensated,10,payload_bit_boundary,channel.fixed.payload_input.bit_count,2048
uncompensated,20260723T222141Z_qpsk_pilot_phase_tracking_2048_snapshot__channel.snr_db_10__receiver.mode_uncompensated,10,payload_bit_boundary,channel.fixed.payload_input.bits_per_element,1
uncompensated,20260723T222141Z_qpsk_pilot_phase_tracking_2048_snapshot__channel.snr_db_10__receiver.mode_uncompensated,10,payload_bit_boundary,channel.fixed.payload_input.byte_count,256
uncompensated,20260723T222141Z_qpsk_pilot_phase_tracking_2048_snapshot__channel.snr_db_10__receiver.mode_uncompensated,10,payload_bit_boundary,channel.fixed.payload_input.dtype_uint8,1
uncompensated,20260723T222141Z_qpsk_pilot_phase_tracking_2048_snapshot__channel.snr_db_10__receiver.mode_uncompensated,10,payload_bit_boundary,timing.step.wall_time_s,0.0029199400451034307
uncompensated,20260723T222141Z_qpsk_pilot_phase_tracking_2048_snapshot__channel.snr_db_10__receiver.mode_uncompensated,10,channel_encoder,channel.channel_code_input_bit_count,2048
uncompensated,20260723T222141Z_qpsk_pilot_phase_tracking_2048_snapshot__channel.snr_db_10__receiver.mode_uncompensated,10,channel_encoder,channel.code_rate,1
uncompensated,20260723T222141Z_qpsk_pilot_phase_tracking_2048_snapshot__channel.snr_db_10__receiver.mode_uncompensated,10,channel_encoder,channel.coded_bit_count,2048
uncompensated,20260723T222141Z_qpsk_pilot_phase_tracking_2048_snapshot__channel.snr_db_10__receiver.mode_uncompensated,10,channel_encoder,channel.payload_bit_count,2048
uncompensated,20260723T222141Z_qpsk_pilot_phase_tracking_2048_snapshot__channel.snr_db_10__receiver.mode_uncompensated,10,channel_encoder,timing.step.wall_time_s,0.0030539190047420561
uncompensated,20260723T222141Z_qpsk_pilot_phase_tracking_2048_snapshot__channel.snr_db_10__receiver.mode_uncompensated,10,tx_bit_boundary,channel.fixed.bit_count,2048
uncompensated,20260723T222141Z_qpsk_pilot_phase_tracking_2048_snapshot__channel.snr_db_10__receiver.mode_uncompensated,10,tx_bit_boundary,channel.fixed.byte_count,256
uncompensated,20260723T222141Z_qpsk_pilot_phase_tracking_2048_snapshot__channel.snr_db_10__receiver.mode_uncompensated,10,tx_bit_boundary,channel.fixed.modulator_input.bit_count,2048
uncompensated,20260723T222141Z_qpsk_pilot_phase_tracking_2048_snapshot__channel.snr_db_10__receiver.mode_uncompensated,10,tx_bit_boundary,channel.fixed.modulator_input.bits_per_element,1
uncompensated,20260723T222141Z_qpsk_pilot_phase_tracking_2048_snapshot__channel.snr_db_10__receiver.mode_uncompensated,10,tx_bit_boundary,channel.fixed.modulator_input.byte_count,256
uncompensated,20260723T222141Z_qpsk_pilot_phase_tracking_2048_snapshot__channel.snr_db_10__receiver.mode_uncompensated,10,tx_bit_boundary,channel.fixed.modulator_input.dtype_uint8,1
uncompensated,20260723T222141Z_qpsk_pilot_phase_tracking_2048_snapshot__channel.snr_db_10__receiver.mode_uncompensated,10,tx_bit_boundary,timing.step.wall_time_s,0.0032296539866365492
uncompensated,20260723T222141Z_qpsk_pilot_phase_tracking_2048_snapshot__channel.snr_db_10__receiver.mode_uncompensated,10,modulator,channel.bits_per_symbol,2
uncompensated,20260723T222141Z_qpsk_pilot_phase_tracking_2048_snapshot__channel.snr_db_10__receiver.mode_uncompensated,10,modulator,channel.channel_use_count,1120
uncompensated,20260723T222141Z_qpsk_pilot_phase_tracking_2048_snapshot__channel.snr_db_10__receiver.mode_uncompensated,10,modulator,channel.data_symbol_count,1024
uncompensated,20260723T222141Z_qpsk_pilot_phase_tracking_2048_snapshot__channel.snr_db_10__receiver.mode_uncompensated,10,modulator,channel.effective_payload_bits_per_channel_use,1.8285714285714285
uncompensated,20260723T222141Z_qpsk_pilot_phase_tracking_2048_snapshot__channel.snr_db_10__receiver.mode_uncompensated,10,modulator,channel.pilot_overhead_fraction,0.085714285714285715
uncompensated,20260723T222141Z_qpsk_pilot_phase_tracking_2048_snapshot__channel.snr_db_10__receiver.mode_uncompensated,10,modulator,channel.pilot_symbol_count,96
uncompensated,20260723T222141Z_qpsk_pilot_phase_tracking_2048_snapshot__channel.snr_db_10__receiver.mode_uncompensated,10,modulator,channel.symbol_count,1120
uncompensated,20260723T222141Z_qpsk_pilot_phase_tracking_2048_snapshot__channel.snr_db_10__receiver.mode_uncompensated,10,modulator,channel.transmitted_bit_count,2048
uncompensated,20260723T222141Z_qpsk_pilot_phase_tracking_2048_snapshot__channel.snr_db_10__receiver.mode_uncompensated,10,modulator,timing.step.wall_time_s,0.0065992980380542576
uncompensated,20260723T222141Z_qpsk_pilot_phase_tracking_2048_snapshot__channel.snr_db_10__receiver.mode_uncompensated,10,wireless_channel,channel.backend.numpy,1
uncompensated,20260723T222141Z_qpsk_pilot_phase_tracking_2048_snapshot__channel.snr_db_10__receiver.mode_uncompensated,10,wireless_channel,channel.channel_use_count,1120
uncompensated,20260723T222141Z_qpsk_pilot_phase_tracking_2048_snapshot__channel.snr_db_10__receiver.mode_uncompensated,10,wireless_channel,channel.effective_snr_db,9.999999482280602
uncompensated,20260723T222141Z_qpsk_pilot_phase_tracking_2048_snapshot__channel.snr_db_10__receiver.mode_uncompensated,10,wireless_channel,channel.grid_padding_symbol_count,0
uncompensated,20260723T222141Z_qpsk_pilot_phase_tracking_2048_snapshot__channel.snr_db_10__receiver.mode_uncompensated,10,wireless_channel,channel.noise_variance,0.10000000000000001
uncompensated,20260723T222141Z_qpsk_pilot_phase_tracking_2048_snapshot__channel.snr_db_10__receiver.mode_uncompensated,10,wireless_channel,channel.payload_symbol_count,1120
uncompensated,20260723T222141Z_qpsk_pilot_phase_tracking_2048_snapshot__channel.snr_db_10__receiver.mode_uncompensated,10,wireless_channel,channel.received_signal_power.average,0.99999988079071045
uncompensated,20260723T222141Z_qpsk_pilot_phase_tracking_2048_snapshot__channel.snr_db_10__receiver.mode_uncompensated,10,wireless_channel,channel.reference_snr_db,10
uncompensated,20260723T222141Z_qpsk_pilot_phase_tracking_2048_snapshot__channel.snr_db_10__receiver.mode_uncompensated,10,wireless_channel,channel.rx_antenna_power.average,1.1194943748946702
uncompensated,20260723T222141Z_qpsk_pilot_phase_tracking_2048_snapshot__channel.snr_db_10__receiver.mode_uncompensated,10,wireless_channel,channel.rx_antenna_power.total_energy,1253.8336998820305
uncompensated,20260723T222141Z_qpsk_pilot_phase_tracking_2048_snapshot__channel.snr_db_10__receiver.mode_uncompensated,10,wireless_channel,channel.rx_output_power.average,1.1194943748946702
uncompensated,20260723T222141Z_qpsk_pilot_phase_tracking_2048_snapshot__channel.snr_db_10__receiver.mode_uncompensated,10,wireless_channel,channel.rx_output_power.total_energy,1253.8336998820305
uncompensated,20260723T222141Z_qpsk_pilot_phase_tracking_2048_snapshot__channel.snr_db_10__receiver.mode_uncompensated,10,wireless_channel,channel.rx_power.average,1.1194943748946702
uncompensated,20260723T222141Z_qpsk_pilot_phase_tracking_2048_snapshot__channel.snr_db_10__receiver.mode_uncompensated,10,wireless_channel,channel.rx_power.total_energy,1253.8336998820305
uncompensated,20260723T222141Z_qpsk_pilot_phase_tracking_2048_snapshot__channel.snr_db_10__receiver.mode_uncompensated,10,wireless_channel,channel.shared_grid_overhead_channel_use_count,0
uncompensated,20260723T222141Z_qpsk_pilot_phase_tracking_2048_snapshot__channel.snr_db_10__receiver.mode_uncompensated,10,wireless_channel,channel.snr_db,10
uncompensated,20260723T222141Z_qpsk_pilot_phase_tracking_2048_snapshot__channel.snr_db_10__receiver.mode_uncompensated,10,wireless_channel,channel.symbol_count,1120
uncompensated,20260723T222141Z_qpsk_pilot_phase_tracking_2048_snapshot__channel.snr_db_10__receiver.mode_uncompensated,10,wireless_channel,channel.tx_effective_snr_db,9.999999482280602
uncompensated,20260723T222141Z_qpsk_pilot_phase_tracking_2048_snapshot__channel.snr_db_10__receiver.mode_uncompensated,10,wireless_channel,channel.tx_energy.total,1119.9998779296875
uncompensated,20260723T222141Z_qpsk_pilot_phase_tracking_2048_snapshot__channel.snr_db_10__receiver.mode_uncompensated,10,wireless_channel,channel.tx_power_at_channel.average,0.99999988079071045
uncompensated,20260723T222141Z_qpsk_pilot_phase_tracking_2048_snapshot__channel.snr_db_10__receiver.mode_uncompensated,10,wireless_channel,channel.tx_power_per_executed_use.average,0.9999998910086495
uncompensated,20260723T222141Z_qpsk_pilot_phase_tracking_2048_snapshot__channel.snr_db_10__receiver.mode_uncompensated,10,wireless_channel,timing.step.wall_time_s,0.0073117620195262134
uncompensated,20260723T222141Z_qpsk_pilot_phase_tracking_2048_snapshot__channel.snr_db_10__receiver.mode_uncompensated,10,carrier_impairment,channel.carrier.cfo_abs_mean_cycles_per_symbol,0.0023162256521348399
uncompensated,20260723T222141Z_qpsk_pilot_phase_tracking_2048_snapshot__channel.snr_db_10__receiver.mode_uncompensated,10,carrier_impairment,channel.carrier.initial_phase_abs_mean_rad,1.6504928043575418
uncompensated,20260723T222141Z_qpsk_pilot_phase_tracking_2048_snapshot__channel.snr_db_10__receiver.mode_uncompensated,10,carrier_impairment,channel.carrier.phase_drift_rms_rad,5.8526804037773399
uncompensated,20260723T222141Z_qpsk_pilot_phase_tracking_2048_snapshot__channel.snr_db_10__receiver.mode_uncompensated,10,carrier_impairment,channel.carrier.phase_noise_increment_std_rad,0.040000000000000001
uncompensated,20260723T222141Z_qpsk_pilot_phase_tracking_2048_snapshot__channel.snr_db_10__receiver.mode_uncompensated,10,carrier_impairment,timing.step.wall_time_s,0.016980413987766951
uncompensated,20260723T222141Z_qpsk_pilot_phase_tracking_2048_snapshot__channel.snr_db_10__receiver.mode_uncompensated,10,demodulator,channel.demod_bit_count,2048
uncompensated,20260723T222141Z_qpsk_pilot_phase_tracking_2048_snapshot__channel.snr_db_10__receiver.mode_uncompensated,10,demodulator,receiver.phase_tracking.data_symbol_count,1024
uncompensated,20260723T222141Z_qpsk_pilot_phase_tracking_2048_snapshot__channel.snr_db_10__receiver.mode_uncompensated,10,demodulator,receiver.phase_tracking.packet_count,2
uncompensated,20260723T222141Z_qpsk_pilot_phase_tracking_2048_snapshot__channel.snr_db_10__receiver.mode_uncompensated,10,demodulator,receiver.phase_tracking.uncompensated,1
uncompensated,20260723T222141Z_qpsk_pilot_phase_tracking_2048_snapshot__channel.snr_db_10__receiver.mode_uncompensated,10,demodulator,timing.step.wall_time_s,0.017538626969326288
uncompensated,20260723T222141Z_qpsk_pilot_phase_tracking_2048_snapshot__channel.snr_db_10__receiver.mode_uncompensated,10,rx_bit_boundary,channel.fixed.bit_count,2048
uncompensated,20260723T222141Z_qpsk_pilot_phase_tracking_2048_snapshot__channel.snr_db_10__receiver.mode_uncompensated,10,rx_bit_boundary,channel.fixed.byte_count,256
uncompensated,20260723T222141Z_qpsk_pilot_phase_tracking_2048_snapshot__channel.snr_db_10__receiver.mode_uncompensated,10,rx_bit_boundary,channel.fixed.demodulator_output.bit_count,2048
uncompensated,20260723T222141Z_qpsk_pilot_phase_tracking_2048_snapshot__channel.snr_db_10__receiver.mode_uncompensated,10,rx_bit_boundary,channel.fixed.demodulator_output.bits_per_element,1
uncompensated,20260723T222141Z_qpsk_pilot_phase_tracking_2048_snapshot__channel.snr_db_10__receiver.mode_uncompensated,10,rx_bit_boundary,channel.fixed.demodulator_output.byte_count,256
uncompensated,20260723T222141Z_qpsk_pilot_phase_tracking_2048_snapshot__channel.snr_db_10__receiver.mode_uncompensated,10,rx_bit_boundary,channel.fixed.demodulator_output.dtype_uint8,1
uncompensated,20260723T222141Z_qpsk_pilot_phase_tracking_2048_snapshot__channel.snr_db_10__receiver.mode_uncompensated,10,rx_bit_boundary,timing.step.wall_time_s,0.012361761007923633
uncompensated,20260723T222141Z_qpsk_pilot_phase_tracking_2048_snapshot__channel.snr_db_10__receiver.mode_uncompensated,10,coded_ber,channel.coded.ber,0.44091796875
uncompensated,20260723T222141Z_qpsk_pilot_phase_tracking_2048_snapshot__channel.snr_db_10__receiver.mode_uncompensated,10,coded_ber,channel.coded.compare_bit_count,2048
uncompensated,20260723T222141Z_qpsk_pilot_phase_tracking_2048_snapshot__channel.snr_db_10__receiver.mode_uncompensated,10,coded_ber,channel.coded.error_count,903
uncompensated,20260723T222141Z_qpsk_pilot_phase_tracking_2048_snapshot__channel.snr_db_10__receiver.mode_uncompensated,10,coded_ber,timing.step.wall_time_s,0.0047045379760675132
uncompensated,20260723T222141Z_qpsk_pilot_phase_tracking_2048_snapshot__channel.snr_db_10__receiver.mode_uncompensated,10,coded_bler,channel.coded.bler,1
uncompensated,20260723T222141Z_qpsk_pilot_phase_tracking_2048_snapshot__channel.snr_db_10__receiver.mode_uncompensated,10,coded_bler,channel.coded.block_count,2
uncompensated,20260723T222141Z_qpsk_pilot_phase_tracking_2048_snapshot__channel.snr_db_10__receiver.mode_uncompensated,10,coded_bler,channel.coded.block_error_count,2
uncompensated,20260723T222141Z_qpsk_pilot_phase_tracking_2048_snapshot__channel.snr_db_10__receiver.mode_uncompensated,10,coded_bler,channel.coded.block_size,1024
uncompensated,20260723T222141Z_qpsk_pilot_phase_tracking_2048_snapshot__channel.snr_db_10__receiver.mode_uncompensated,10,coded_bler,timing.step.wall_time_s,0.0031378410058096051
uncompensated,20260723T222141Z_qpsk_pilot_phase_tracking_2048_snapshot__channel.snr_db_10__receiver.mode_uncompensated,10,channel_bit_count_match,channel.fixed.channel_io.bit_count_match,1
uncompensated,20260723T222141Z_qpsk_pilot_phase_tracking_2048_snapshot__channel.snr_db_10__receiver.mode_uncompensated,10,channel_bit_count_match,channel.fixed.channel_io.candidate_bit_count,2048
uncompensated,20260723T222141Z_qpsk_pilot_phase_tracking_2048_snapshot__channel.snr_db_10__receiver.mode_uncompensated,10,channel_bit_count_match,channel.fixed.channel_io.length_delta,0
uncompensated,20260723T222141Z_qpsk_pilot_phase_tracking_2048_snapshot__channel.snr_db_10__receiver.mode_uncompensated,10,channel_bit_count_match,channel.fixed.channel_io.reference_bit_count,2048
uncompensated,20260723T222141Z_qpsk_pilot_phase_tracking_2048_snapshot__channel.snr_db_10__receiver.mode_uncompensated,10,channel_bit_count_match,timing.step.wall_time_s,0.0026656879927031696
uncompensated,20260723T222141Z_qpsk_pilot_phase_tracking_2048_snapshot__channel.snr_db_10__receiver.mode_uncompensated,10,channel_decoder,channel.decoded_bit_count,2048
uncompensated,20260723T222141Z_qpsk_pilot_phase_tracking_2048_snapshot__channel.snr_db_10__receiver.mode_uncompensated,10,channel_decoder,timing.step.wall_time_s,0.008768758038058877
pilot_smoothing,20260723T222143Z_qpsk_pilot_phase_tracking_2048_snapshot__channel.snr_db_10__receiver.mode_pilot_smoothing,10,data,channel.payload_bit_count,2048
pilot_smoothing,20260723T222143Z_qpsk_pilot_phase_tracking_2048_snapshot__channel.snr_db_10__receiver.mode_pilot_smoothing,10,data,source.bit_count,2048
pilot_smoothing,20260723T222143Z_qpsk_pilot_phase_tracking_2048_snapshot__channel.snr_db_10__receiver.mode_pilot_smoothing,10,data,source.example_count,2
pilot_smoothing,20260723T222143Z_qpsk_pilot_phase_tracking_2048_snapshot__channel.snr_db_10__receiver.mode_pilot_smoothing,10,data,source.transport_block_count,2
pilot_smoothing,20260723T222143Z_qpsk_pilot_phase_tracking_2048_snapshot__channel.snr_db_10__receiver.mode_pilot_smoothing,10,data,source.transport_block_size_bits,1024
pilot_smoothing,20260723T222143Z_qpsk_pilot_phase_tracking_2048_snapshot__channel.snr_db_10__receiver.mode_pilot_smoothing,10,data,timing.step.wall_time_s,0.0024701659567654133
pilot_smoothing,20260723T222143Z_qpsk_pilot_phase_tracking_2048_snapshot__channel.snr_db_10__receiver.mode_pilot_smoothing,10,payload_bit_boundary,channel.fixed.bit_count,2048
pilot_smoothing,20260723T222143Z_qpsk_pilot_phase_tracking_2048_snapshot__channel.snr_db_10__receiver.mode_pilot_smoothing,10,payload_bit_boundary,channel.fixed.byte_count,256
pilot_smoothing,20260723T222143Z_qpsk_pilot_phase_tracking_2048_snapshot__channel.snr_db_10__receiver.mode_pilot_smoothing,10,payload_bit_boundary,channel.fixed.payload_input.bit_count,2048
pilot_smoothing,20260723T222143Z_qpsk_pilot_phase_tracking_2048_snapshot__channel.snr_db_10__receiver.mode_pilot_smoothing,10,payload_bit_boundary,channel.fixed.payload_input.bits_per_element,1
pilot_smoothing,20260723T222143Z_qpsk_pilot_phase_tracking_2048_snapshot__channel.snr_db_10__receiver.mode_pilot_smoothing,10,payload_bit_boundary,channel.fixed.payload_input.byte_count,256
pilot_smoothing,20260723T222143Z_qpsk_pilot_phase_tracking_2048_snapshot__channel.snr_db_10__receiver.mode_pilot_smoothing,10,payload_bit_boundary,channel.fixed.payload_input.dtype_uint8,1
pilot_smoothing,20260723T222143Z_qpsk_pilot_phase_tracking_2048_snapshot__channel.snr_db_10__receiver.mode_pilot_smoothing,10,payload_bit_boundary,timing.step.wall_time_s,0.002769565035123378
pilot_smoothing,20260723T222143Z_qpsk_pilot_phase_tracking_2048_snapshot__channel.snr_db_10__receiver.mode_pilot_smoothing,10,channel_encoder,channel.channel_code_input_bit_count,2048
pilot_smoothing,20260723T222143Z_qpsk_pilot_phase_tracking_2048_snapshot__channel.snr_db_10__receiver.mode_pilot_smoothing,10,channel_encoder,channel.code_rate,1
pilot_smoothing,20260723T222143Z_qpsk_pilot_phase_tracking_2048_snapshot__channel.snr_db_10__receiver.mode_pilot_smoothing,10,channel_encoder,channel.coded_bit_count,2048
pilot_smoothing,20260723T222143Z_qpsk_pilot_phase_tracking_2048_snapshot__channel.snr_db_10__receiver.mode_pilot_smoothing,10,channel_encoder,channel.payload_bit_count,2048
pilot_smoothing,20260723T222143Z_qpsk_pilot_phase_tracking_2048_snapshot__channel.snr_db_10__receiver.mode_pilot_smoothing,10,channel_encoder,timing.step.wall_time_s,0.0029819209594279528
pilot_smoothing,20260723T222143Z_qpsk_pilot_phase_tracking_2048_snapshot__channel.snr_db_10__receiver.mode_pilot_smoothing,10,tx_bit_boundary,channel.fixed.bit_count,2048
pilot_smoothing,20260723T222143Z_qpsk_pilot_phase_tracking_2048_snapshot__channel.snr_db_10__receiver.mode_pilot_smoothing,10,tx_bit_boundary,channel.fixed.byte_count,256
pilot_smoothing,20260723T222143Z_qpsk_pilot_phase_tracking_2048_snapshot__channel.snr_db_10__receiver.mode_pilot_smoothing,10,tx_bit_boundary,channel.fixed.modulator_input.bit_count,2048
pilot_smoothing,20260723T222143Z_qpsk_pilot_phase_tracking_2048_snapshot__channel.snr_db_10__receiver.mode_pilot_smoothing,10,tx_bit_boundary,channel.fixed.modulator_input.bits_per_element,1
pilot_smoothing,20260723T222143Z_qpsk_pilot_phase_tracking_2048_snapshot__channel.snr_db_10__receiver.mode_pilot_smoothing,10,tx_bit_boundary,channel.fixed.modulator_input.byte_count,256
pilot_smoothing,20260723T222143Z_qpsk_pilot_phase_tracking_2048_snapshot__channel.snr_db_10__receiver.mode_pilot_smoothing,10,tx_bit_boundary,channel.fixed.modulator_input.dtype_uint8,1
pilot_smoothing,20260723T222143Z_qpsk_pilot_phase_tracking_2048_snapshot__channel.snr_db_10__receiver.mode_pilot_smoothing,10,tx_bit_boundary,timing.step.wall_time_s,0.0027981179882772267
pilot_smoothing,20260723T222143Z_qpsk_pilot_phase_tracking_2048_snapshot__channel.snr_db_10__receiver.mode_pilot_smoothing,10,modulator,channel.bits_per_symbol,2
pilot_smoothing,20260723T222143Z_qpsk_pilot_phase_tracking_2048_snapshot__channel.snr_db_10__receiver.mode_pilot_smoothing,10,modulator,channel.channel_use_count,1120
pilot_smoothing,20260723T222143Z_qpsk_pilot_phase_tracking_2048_snapshot__channel.snr_db_10__receiver.mode_pilot_smoothing,10,modulator,channel.data_symbol_count,1024
pilot_smoothing,20260723T222143Z_qpsk_pilot_phase_tracking_2048_snapshot__channel.snr_db_10__receiver.mode_pilot_smoothing,10,modulator,channel.effective_payload_bits_per_channel_use,1.8285714285714285
pilot_smoothing,20260723T222143Z_qpsk_pilot_phase_tracking_2048_snapshot__channel.snr_db_10__receiver.mode_pilot_smoothing,10,modulator,channel.pilot_overhead_fraction,0.085714285714285715
pilot_smoothing,20260723T222143Z_qpsk_pilot_phase_tracking_2048_snapshot__channel.snr_db_10__receiver.mode_pilot_smoothing,10,modulator,channel.pilot_symbol_count,96
pilot_smoothing,20260723T222143Z_qpsk_pilot_phase_tracking_2048_snapshot__channel.snr_db_10__receiver.mode_pilot_smoothing,10,modulator,channel.symbol_count,1120
pilot_smoothing,20260723T222143Z_qpsk_pilot_phase_tracking_2048_snapshot__channel.snr_db_10__receiver.mode_pilot_smoothing,10,modulator,channel.transmitted_bit_count,2048
pilot_smoothing,20260723T222143Z_qpsk_pilot_phase_tracking_2048_snapshot__channel.snr_db_10__receiver.mode_pilot_smoothing,10,modulator,timing.step.wall_time_s,0.0060595439863391221
pilot_smoothing,20260723T222143Z_qpsk_pilot_phase_tracking_2048_snapshot__channel.snr_db_10__receiver.mode_pilot_smoothing,10,wireless_channel,channel.backend.numpy,1
pilot_smoothing,20260723T222143Z_qpsk_pilot_phase_tracking_2048_snapshot__channel.snr_db_10__receiver.mode_pilot_smoothing,10,wireless_channel,channel.channel_use_count,1120
pilot_smoothing,20260723T222143Z_qpsk_pilot_phase_tracking_2048_snapshot__channel.snr_db_10__receiver.mode_pilot_smoothing,10,wireless_channel,channel.effective_snr_db,9.999999482280602
pilot_smoothing,20260723T222143Z_qpsk_pilot_phase_tracking_2048_snapshot__channel.snr_db_10__receiver.mode_pilot_smoothing,10,wireless_channel,channel.grid_padding_symbol_count,0
pilot_smoothing,20260723T222143Z_qpsk_pilot_phase_tracking_2048_snapshot__channel.snr_db_10__receiver.mode_pilot_smoothing,10,wireless_channel,channel.noise_variance,0.10000000000000001
pilot_smoothing,20260723T222143Z_qpsk_pilot_phase_tracking_2048_snapshot__channel.snr_db_10__receiver.mode_pilot_smoothing,10,wireless_channel,channel.payload_symbol_count,1120
pilot_smoothing,20260723T222143Z_qpsk_pilot_phase_tracking_2048_snapshot__channel.snr_db_10__receiver.mode_pilot_smoothing,10,wireless_channel,channel.received_signal_power.average,0.99999988079071045
pilot_smoothing,20260723T222143Z_qpsk_pilot_phase_tracking_2048_snapshot__channel.snr_db_10__receiver.mode_pilot_smoothing,10,wireless_channel,channel.reference_snr_db,10
pilot_smoothing,20260723T222143Z_qpsk_pilot_phase_tracking_2048_snapshot__channel.snr_db_10__receiver.mode_pilot_smoothing,10,wireless_channel,channel.rx_antenna_power.average,1.1194943748946702
pilot_smoothing,20260723T222143Z_qpsk_pilot_phase_tracking_2048_snapshot__channel.snr_db_10__receiver.mode_pilot_smoothing,10,wireless_channel,channel.rx_antenna_power.total_energy,1253.8336998820305
pilot_smoothing,20260723T222143Z_qpsk_pilot_phase_tracking_2048_snapshot__channel.snr_db_10__receiver.mode_pilot_smoothing,10,wireless_channel,channel.rx_output_power.average,1.1194943748946702
pilot_smoothing,20260723T222143Z_qpsk_pilot_phase_tracking_2048_snapshot__channel.snr_db_10__receiver.mode_pilot_smoothing,10,wireless_channel,channel.rx_output_power.total_energy,1253.8336998820305
pilot_smoothing,20260723T222143Z_qpsk_pilot_phase_tracking_2048_snapshot__channel.snr_db_10__receiver.mode_pilot_smoothing,10,wireless_channel,channel.rx_power.average,1.1194943748946702
pilot_smoothing,20260723T222143Z_qpsk_pilot_phase_tracking_2048_snapshot__channel.snr_db_10__receiver.mode_pilot_smoothing,10,wireless_channel,channel.rx_power.total_energy,1253.8336998820305
pilot_smoothing,20260723T222143Z_qpsk_pilot_phase_tracking_2048_snapshot__channel.snr_db_10__receiver.mode_pilot_smoothing,10,wireless_channel,channel.shared_grid_overhead_channel_use_count,0
pilot_smoothing,20260723T222143Z_qpsk_pilot_phase_tracking_2048_snapshot__channel.snr_db_10__receiver.mode_pilot_smoothing,10,wireless_channel,channel.snr_db,10
pilot_smoothing,20260723T222143Z_qpsk_pilot_phase_tracking_2048_snapshot__channel.snr_db_10__receiver.mode_pilot_smoothing,10,wireless_channel,channel.symbol_count,1120
pilot_smoothing,20260723T222143Z_qpsk_pilot_phase_tracking_2048_snapshot__channel.snr_db_10__receiver.mode_pilot_smoothing,10,wireless_channel,channel.tx_effective_snr_db,9.999999482280602
pilot_smoothing,20260723T222143Z_qpsk_pilot_phase_tracking_2048_snapshot__channel.snr_db_10__receiver.mode_pilot_smoothing,10,wireless_channel,channel.tx_energy.total,1119.9998779296875
pilot_smoothing,20260723T222143Z_qpsk_pilot_phase_tracking_2048_snapshot__channel.snr_db_10__receiver.mode_pilot_smoothing,10,wireless_channel,channel.tx_power_at_channel.average,0.99999988079071045
pilot_smoothing,20260723T222143Z_qpsk_pilot_phase_tracking_2048_snapshot__channel.snr_db_10__receiver.mode_pilot_smoothing,10,wireless_channel,channel.tx_power_per_executed_use.average,0.9999998910086495
pilot_smoothing,20260723T222143Z_qpsk_pilot_phase_tracking_2048_snapshot__channel.snr_db_10__receiver.mode_pilot_smoothing,10,wireless_channel,timing.step.wall_time_s,0.006031552969943732
pilot_smoothing,20260723T222143Z_qpsk_pilot_phase_tracking_2048_snapshot__channel.snr_db_10__receiver.mode_pilot_smoothing,10,carrier_impairment,channel.carrier.cfo_abs_mean_cycles_per_symbol,0.0023162256521348399
pilot_smoothing,20260723T222143Z_qpsk_pilot_phase_tracking_2048_snapshot__channel.snr_db_10__receiver.mode_pilot_smoothing,10,carrier_impairment,channel.carrier.initial_phase_abs_mean_rad,1.6504928043575418
pilot_smoothing,20260723T222143Z_qpsk_pilot_phase_tracking_2048_snapshot__channel.snr_db_10__receiver.mode_pilot_smoothing,10,carrier_impairment,channel.carrier.phase_drift_rms_rad,5.8526804037773399
pilot_smoothing,20260723T222143Z_qpsk_pilot_phase_tracking_2048_snapshot__channel.snr_db_10__receiver.mode_pilot_smoothing,10,carrier_impairment,channel.carrier.phase_noise_increment_std_rad,0.040000000000000001
pilot_smoothing,20260723T222143Z_qpsk_pilot_phase_tracking_2048_snapshot__channel.snr_db_10__receiver.mode_pilot_smoothing,10,carrier_impairment,timing.step.wall_time_s,0.01420733897248283
pilot_smoothing,20260723T222143Z_qpsk_pilot_phase_tracking_2048_snapshot__channel.snr_db_10__receiver.mode_pilot_smoothing,10,demodulator,channel.demod_bit_count,2048
pilot_smoothing,20260723T222143Z_qpsk_pilot_phase_tracking_2048_snapshot__channel.snr_db_10__receiver.mode_pilot_smoothing,10,demodulator,receiver.phase_tracking.data_symbol_count,1024
pilot_smoothing,20260723T222143Z_qpsk_pilot_phase_tracking_2048_snapshot__channel.snr_db_10__receiver.mode_pilot_smoothing,10,demodulator,receiver.phase_tracking.packet_count,2
pilot_smoothing,20260723T222143Z_qpsk_pilot_phase_tracking_2048_snapshot__channel.snr_db_10__receiver.mode_pilot_smoothing,10,demodulator,receiver.phase_tracking.pilot_smoothing,1
pilot_smoothing,20260723T222143Z_qpsk_pilot_phase_tracking_2048_snapshot__channel.snr_db_10__receiver.mode_pilot_smoothing,10,demodulator,timing.step.wall_time_s,0.018976402992848307
pilot_smoothing,20260723T222143Z_qpsk_pilot_phase_tracking_2048_snapshot__channel.snr_db_10__receiver.mode_pilot_smoothing,10,rx_bit_boundary,channel.fixed.bit_count,2048
pilot_smoothing,20260723T222143Z_qpsk_pilot_phase_tracking_2048_snapshot__channel.snr_db_10__receiver.mode_pilot_smoothing,10,rx_bit_boundary,channel.fixed.byte_count,256
pilot_smoothing,20260723T222143Z_qpsk_pilot_phase_tracking_2048_snapshot__channel.snr_db_10__receiver.mode_pilot_smoothing,10,rx_bit_boundary,channel.fixed.demodulator_output.bit_count,2048
pilot_smoothing,20260723T222143Z_qpsk_pilot_phase_tracking_2048_snapshot__channel.snr_db_10__receiver.mode_pilot_smoothing,10,rx_bit_boundary,channel.fixed.demodulator_output.bits_per_element,1
pilot_smoothing,20260723T222143Z_qpsk_pilot_phase_tracking_2048_snapshot__channel.snr_db_10__receiver.mode_pilot_smoothing,10,rx_bit_boundary,channel.fixed.demodulator_output.byte_count,256
pilot_smoothing,20260723T222143Z_qpsk_pilot_phase_tracking_2048_snapshot__channel.snr_db_10__receiver.mode_pilot_smoothing,10,rx_bit_boundary,channel.fixed.demodulator_output.dtype_uint8,1
pilot_smoothing,20260723T222143Z_qpsk_pilot_phase_tracking_2048_snapshot__channel.snr_db_10__receiver.mode_pilot_smoothing,10,rx_bit_boundary,timing.step.wall_time_s,0.0070074620307423174
pilot_smoothing,20260723T222143Z_qpsk_pilot_phase_tracking_2048_snapshot__channel.snr_db_10__receiver.mode_pilot_smoothing,10,coded_ber,channel.coded.ber,0.001953125
pilot_smoothing,20260723T222143Z_qpsk_pilot_phase_tracking_2048_snapshot__channel.snr_db_10__receiver.mode_pilot_smoothing,10,coded_ber,channel.coded.compare_bit_count,2048
pilot_smoothing,20260723T222143Z_qpsk_pilot_phase_tracking_2048_snapshot__channel.snr_db_10__receiver.mode_pilot_smoothing,10,coded_ber,channel.coded.error_count,4
pilot_smoothing,20260723T222143Z_qpsk_pilot_phase_tracking_2048_snapshot__channel.snr_db_10__receiver.mode_pilot_smoothing,10,coded_ber,timing.step.wall_time_s,0.0024952479870989919
pilot_smoothing,20260723T222143Z_qpsk_pilot_phase_tracking_2048_snapshot__channel.snr_db_10__receiver.mode_pilot_smoothing,10,coded_bler,channel.coded.bler,1
pilot_smoothing,20260723T222143Z_qpsk_pilot_phase_tracking_2048_snapshot__channel.snr_db_10__receiver.mode_pilot_smoothing,10,coded_bler,channel.coded.block_count,2
pilot_smoothing,20260723T222143Z_qpsk_pilot_phase_tracking_2048_snapshot__channel.snr_db_10__receiver.mode_pilot_smoothing,10,coded_bler,channel.coded.block_error_count,2
pilot_smoothing,20260723T222143Z_qpsk_pilot_phase_tracking_2048_snapshot__channel.snr_db_10__receiver.mode_pilot_smoothing,10,coded_bler,channel.coded.block_size,1024
pilot_smoothing,20260723T222143Z_qpsk_pilot_phase_tracking_2048_snapshot__channel.snr_db_10__receiver.mode_pilot_smoothing,10,coded_bler,timing.step.wall_time_s,0.0024928409839048982
pilot_smoothing,20260723T222143Z_qpsk_pilot_phase_tracking_2048_snapshot__channel.snr_db_10__receiver.mode_pilot_smoothing,10,channel_bit_count_match,channel.fixed.channel_io.bit_count_match,1
pilot_smoothing,20260723T222143Z_qpsk_pilot_phase_tracking_2048_snapshot__channel.snr_db_10__receiver.mode_pilot_smoothing,10,channel_bit_count_match,channel.fixed.channel_io.candidate_bit_count,2048
pilot_smoothing,20260723T222143Z_qpsk_pilot_phase_tracking_2048_snapshot__channel.snr_db_10__receiver.mode_pilot_smoothing,10,channel_bit_count_match,channel.fixed.channel_io.length_delta,0
pilot_smoothing,20260723T222143Z_qpsk_pilot_phase_tracking_2048_snapshot__channel.snr_db_10__receiver.mode_pilot_smoothing,10,channel_bit_count_match,channel.fixed.channel_io.reference_bit_count,2048
pilot_smoothing,20260723T222143Z_qpsk_pilot_phase_tracking_2048_snapshot__channel.snr_db_10__receiver.mode_pilot_smoothing,10,channel_bit_count_match,timing.step.wall_time_s,0.0028669990133494139
pilot_smoothing,20260723T222143Z_qpsk_pilot_phase_tracking_2048_snapshot__channel.snr_db_10__receiver.mode_pilot_smoothing,10,channel_decoder,channel.decoded_bit_count,2048
pilot_smoothing,20260723T222143Z_qpsk_pilot_phase_tracking_2048_snapshot__channel.snr_db_10__receiver.mode_pilot_smoothing,10,channel_decoder,timing.step.wall_time_s,0.0069082229747436941
decision_directed_pll,20260723T222144Z_qpsk_pilot_phase_tracking_2048_snapshot__channel.snr_db_10__receiver.mode_decision_directed_pll,10,data,channel.payload_bit_count,2048
decision_directed_pll,20260723T222144Z_qpsk_pilot_phase_tracking_2048_snapshot__channel.snr_db_10__receiver.mode_decision_directed_pll,10,data,source.bit_count,2048
decision_directed_pll,20260723T222144Z_qpsk_pilot_phase_tracking_2048_snapshot__channel.snr_db_10__receiver.mode_decision_directed_pll,10,data,source.example_count,2
decision_directed_pll,20260723T222144Z_qpsk_pilot_phase_tracking_2048_snapshot__channel.snr_db_10__receiver.mode_decision_directed_pll,10,data,source.transport_block_count,2
decision_directed_pll,20260723T222144Z_qpsk_pilot_phase_tracking_2048_snapshot__channel.snr_db_10__receiver.mode_decision_directed_pll,10,data,source.transport_block_size_bits,1024
decision_directed_pll,20260723T222144Z_qpsk_pilot_phase_tracking_2048_snapshot__channel.snr_db_10__receiver.mode_decision_directed_pll,10,data,timing.step.wall_time_s,0.0016206909785978496
decision_directed_pll,20260723T222144Z_qpsk_pilot_phase_tracking_2048_snapshot__channel.snr_db_10__receiver.mode_decision_directed_pll,10,payload_bit_boundary,channel.fixed.bit_count,2048
decision_directed_pll,20260723T222144Z_qpsk_pilot_phase_tracking_2048_snapshot__channel.snr_db_10__receiver.mode_decision_directed_pll,10,payload_bit_boundary,channel.fixed.byte_count,256
decision_directed_pll,20260723T222144Z_qpsk_pilot_phase_tracking_2048_snapshot__channel.snr_db_10__receiver.mode_decision_directed_pll,10,payload_bit_boundary,channel.fixed.payload_input.bit_count,2048
decision_directed_pll,20260723T222144Z_qpsk_pilot_phase_tracking_2048_snapshot__channel.snr_db_10__receiver.mode_decision_directed_pll,10,payload_bit_boundary,channel.fixed.payload_input.bits_per_element,1
decision_directed_pll,20260723T222144Z_qpsk_pilot_phase_tracking_2048_snapshot__channel.snr_db_10__receiver.mode_decision_directed_pll,10,payload_bit_boundary,channel.fixed.payload_input.byte_count,256
decision_directed_pll,20260723T222144Z_qpsk_pilot_phase_tracking_2048_snapshot__channel.snr_db_10__receiver.mode_decision_directed_pll,10,payload_bit_boundary,channel.fixed.payload_input.dtype_uint8,1
decision_directed_pll,20260723T222144Z_qpsk_pilot_phase_tracking_2048_snapshot__channel.snr_db_10__receiver.mode_decision_directed_pll,10,payload_bit_boundary,timing.step.wall_time_s,0.0019506890093907714
decision_directed_pll,20260723T222144Z_qpsk_pilot_phase_tracking_2048_snapshot__channel.snr_db_10__receiver.mode_decision_directed_pll,10,channel_encoder,channel.channel_code_input_bit_count,2048
decision_directed_pll,20260723T222144Z_qpsk_pilot_phase_tracking_2048_snapshot__channel.snr_db_10__receiver.mode_decision_directed_pll,10,channel_encoder,channel.code_rate,1
decision_directed_pll,20260723T222144Z_qpsk_pilot_phase_tracking_2048_snapshot__channel.snr_db_10__receiver.mode_decision_directed_pll,10,channel_encoder,channel.coded_bit_count,2048
decision_directed_pll,20260723T222144Z_qpsk_pilot_phase_tracking_2048_snapshot__channel.snr_db_10__receiver.mode_decision_directed_pll,10,channel_encoder,channel.payload_bit_count,2048
decision_directed_pll,20260723T222144Z_qpsk_pilot_phase_tracking_2048_snapshot__channel.snr_db_10__receiver.mode_decision_directed_pll,10,channel_encoder,timing.step.wall_time_s,0.0018489990034140646
decision_directed_pll,20260723T222144Z_qpsk_pilot_phase_tracking_2048_snapshot__channel.snr_db_10__receiver.mode_decision_directed_pll,10,tx_bit_boundary,channel.fixed.bit_count,2048
decision_directed_pll,20260723T222144Z_qpsk_pilot_phase_tracking_2048_snapshot__channel.snr_db_10__receiver.mode_decision_directed_pll,10,tx_bit_boundary,channel.fixed.byte_count,256
decision_directed_pll,20260723T222144Z_qpsk_pilot_phase_tracking_2048_snapshot__channel.snr_db_10__receiver.mode_decision_directed_pll,10,tx_bit_boundary,channel.fixed.modulator_input.bit_count,2048
decision_directed_pll,20260723T222144Z_qpsk_pilot_phase_tracking_2048_snapshot__channel.snr_db_10__receiver.mode_decision_directed_pll,10,tx_bit_boundary,channel.fixed.modulator_input.bits_per_element,1
decision_directed_pll,20260723T222144Z_qpsk_pilot_phase_tracking_2048_snapshot__channel.snr_db_10__receiver.mode_decision_directed_pll,10,tx_bit_boundary,channel.fixed.modulator_input.byte_count,256
decision_directed_pll,20260723T222144Z_qpsk_pilot_phase_tracking_2048_snapshot__channel.snr_db_10__receiver.mode_decision_directed_pll,10,tx_bit_boundary,channel.fixed.modulator_input.dtype_uint8,1
decision_directed_pll,20260723T222144Z_qpsk_pilot_phase_tracking_2048_snapshot__channel.snr_db_10__receiver.mode_decision_directed_pll,10,tx_bit_boundary,timing.step.wall_time_s,0.0019026609952561557
decision_directed_pll,20260723T222144Z_qpsk_pilot_phase_tracking_2048_snapshot__channel.snr_db_10__receiver.mode_decision_directed_pll,10,modulator,channel.bits_per_symbol,2
decision_directed_pll,20260723T222144Z_qpsk_pilot_phase_tracking_2048_snapshot__channel.snr_db_10__receiver.mode_decision_directed_pll,10,modulator,channel.channel_use_count,1120
decision_directed_pll,20260723T222144Z_qpsk_pilot_phase_tracking_2048_snapshot__channel.snr_db_10__receiver.mode_decision_directed_pll,10,modulator,channel.data_symbol_count,1024
decision_directed_pll,20260723T222144Z_qpsk_pilot_phase_tracking_2048_snapshot__channel.snr_db_10__receiver.mode_decision_directed_pll,10,modulator,channel.effective_payload_bits_per_channel_use,1.8285714285714285
decision_directed_pll,20260723T222144Z_qpsk_pilot_phase_tracking_2048_snapshot__channel.snr_db_10__receiver.mode_decision_directed_pll,10,modulator,channel.pilot_overhead_fraction,0.085714285714285715
decision_directed_pll,20260723T222144Z_qpsk_pilot_phase_tracking_2048_snapshot__channel.snr_db_10__receiver.mode_decision_directed_pll,10,modulator,channel.pilot_symbol_count,96
decision_directed_pll,20260723T222144Z_qpsk_pilot_phase_tracking_2048_snapshot__channel.snr_db_10__receiver.mode_decision_directed_pll,10,modulator,channel.symbol_count,1120
decision_directed_pll,20260723T222144Z_qpsk_pilot_phase_tracking_2048_snapshot__channel.snr_db_10__receiver.mode_decision_directed_pll,10,modulator,channel.transmitted_bit_count,2048
decision_directed_pll,20260723T222144Z_qpsk_pilot_phase_tracking_2048_snapshot__channel.snr_db_10__receiver.mode_decision_directed_pll,10,modulator,timing.step.wall_time_s,0.004141126002650708
decision_directed_pll,20260723T222144Z_qpsk_pilot_phase_tracking_2048_snapshot__channel.snr_db_10__receiver.mode_decision_directed_pll,10,wireless_channel,channel.backend.numpy,1
decision_directed_pll,20260723T222144Z_qpsk_pilot_phase_tracking_2048_snapshot__channel.snr_db_10__receiver.mode_decision_directed_pll,10,wireless_channel,channel.channel_use_count,1120
decision_directed_pll,20260723T222144Z_qpsk_pilot_phase_tracking_2048_snapshot__channel.snr_db_10__receiver.mode_decision_directed_pll,10,wireless_channel,channel.effective_snr_db,9.999999482280602
decision_directed_pll,20260723T222144Z_qpsk_pilot_phase_tracking_2048_snapshot__channel.snr_db_10__receiver.mode_decision_directed_pll,10,wireless_channel,channel.grid_padding_symbol_count,0
decision_directed_pll,20260723T222144Z_qpsk_pilot_phase_tracking_2048_snapshot__channel.snr_db_10__receiver.mode_decision_directed_pll,10,wireless_channel,channel.noise_variance,0.10000000000000001
decision_directed_pll,20260723T222144Z_qpsk_pilot_phase_tracking_2048_snapshot__channel.snr_db_10__receiver.mode_decision_directed_pll,10,wireless_channel,channel.payload_symbol_count,1120
decision_directed_pll,20260723T222144Z_qpsk_pilot_phase_tracking_2048_snapshot__channel.snr_db_10__receiver.mode_decision_directed_pll,10,wireless_channel,channel.received_signal_power.average,0.99999988079071045
decision_directed_pll,20260723T222144Z_qpsk_pilot_phase_tracking_2048_snapshot__channel.snr_db_10__receiver.mode_decision_directed_pll,10,wireless_channel,channel.reference_snr_db,10
decision_directed_pll,20260723T222144Z_qpsk_pilot_phase_tracking_2048_snapshot__channel.snr_db_10__receiver.mode_decision_directed_pll,10,wireless_channel,channel.rx_antenna_power.average,1.1194943748946702
decision_directed_pll,20260723T222144Z_qpsk_pilot_phase_tracking_2048_snapshot__channel.snr_db_10__receiver.mode_decision_directed_pll,10,wireless_channel,channel.rx_antenna_power.total_energy,1253.8336998820305
decision_directed_pll,20260723T222144Z_qpsk_pilot_phase_tracking_2048_snapshot__channel.snr_db_10__receiver.mode_decision_directed_pll,10,wireless_channel,channel.rx_output_power.average,1.1194943748946702
decision_directed_pll,20260723T222144Z_qpsk_pilot_phase_tracking_2048_snapshot__channel.snr_db_10__receiver.mode_decision_directed_pll,10,wireless_channel,channel.rx_output_power.total_energy,1253.8336998820305
decision_directed_pll,20260723T222144Z_qpsk_pilot_phase_tracking_2048_snapshot__channel.snr_db_10__receiver.mode_decision_directed_pll,10,wireless_channel,channel.rx_power.average,1.1194943748946702
decision_directed_pll,20260723T222144Z_qpsk_pilot_phase_tracking_2048_snapshot__channel.snr_db_10__receiver.mode_decision_directed_pll,10,wireless_channel,channel.rx_power.total_energy,1253.8336998820305
decision_directed_pll,20260723T222144Z_qpsk_pilot_phase_tracking_2048_snapshot__channel.snr_db_10__receiver.mode_decision_directed_pll,10,wireless_channel,channel.shared_grid_overhead_channel_use_count,0
decision_directed_pll,20260723T222144Z_qpsk_pilot_phase_tracking_2048_snapshot__channel.snr_db_10__receiver.mode_decision_directed_pll,10,wireless_channel,channel.snr_db,10
decision_directed_pll,20260723T222144Z_qpsk_pilot_phase_tracking_2048_snapshot__channel.snr_db_10__receiver.mode_decision_directed_pll,10,wireless_channel,channel.symbol_count,1120
decision_directed_pll,20260723T222144Z_qpsk_pilot_phase_tracking_2048_snapshot__channel.snr_db_10__receiver.mode_decision_directed_pll,10,wireless_channel,channel.tx_effective_snr_db,9.999999482280602
decision_directed_pll,20260723T222144Z_qpsk_pilot_phase_tracking_2048_snapshot__channel.snr_db_10__receiver.mode_decision_directed_pll,10,wireless_channel,channel.tx_energy.total,1119.9998779296875
decision_directed_pll,20260723T222144Z_qpsk_pilot_phase_tracking_2048_snapshot__channel.snr_db_10__receiver.mode_decision_directed_pll,10,wireless_channel,channel.tx_power_at_channel.average,0.99999988079071045
decision_directed_pll,20260723T222144Z_qpsk_pilot_phase_tracking_2048_snapshot__channel.snr_db_10__receiver.mode_decision_directed_pll,10,wireless_channel,channel.tx_power_per_executed_use.average,0.9999998910086495
decision_directed_pll,20260723T222144Z_qpsk_pilot_phase_tracking_2048_snapshot__channel.snr_db_10__receiver.mode_decision_directed_pll,10,wireless_channel,timing.step.wall_time_s,0.0059518760535866022
decision_directed_pll,20260723T222144Z_qpsk_pilot_phase_tracking_2048_snapshot__channel.snr_db_10__receiver.mode_decision_directed_pll,10,carrier_impairment,channel.carrier.cfo_abs_mean_cycles_per_symbol,0.0023162256521348399
decision_directed_pll,20260723T222144Z_qpsk_pilot_phase_tracking_2048_snapshot__channel.snr_db_10__receiver.mode_decision_directed_pll,10,carrier_impairment,channel.carrier.initial_phase_abs_mean_rad,1.6504928043575418
decision_directed_pll,20260723T222144Z_qpsk_pilot_phase_tracking_2048_snapshot__channel.snr_db_10__receiver.mode_decision_directed_pll,10,carrier_impairment,channel.carrier.phase_drift_rms_rad,5.8526804037773399
decision_directed_pll,20260723T222144Z_qpsk_pilot_phase_tracking_2048_snapshot__channel.snr_db_10__receiver.mode_decision_directed_pll,10,carrier_impairment,channel.carrier.phase_noise_increment_std_rad,0.040000000000000001
decision_directed_pll,20260723T222144Z_qpsk_pilot_phase_tracking_2048_snapshot__channel.snr_db_10__receiver.mode_decision_directed_pll,10,carrier_impairment,timing.step.wall_time_s,0.012555786990560591
decision_directed_pll,20260723T222144Z_qpsk_pilot_phase_tracking_2048_snapshot__channel.snr_db_10__receiver.mode_decision_directed_pll,10,demodulator,channel.demod_bit_count,2048
decision_directed_pll,20260723T222144Z_qpsk_pilot_phase_tracking_2048_snapshot__channel.snr_db_10__receiver.mode_decision_directed_pll,10,demodulator,receiver.phase_tracking.data_symbol_count,1024
decision_directed_pll,20260723T222144Z_qpsk_pilot_phase_tracking_2048_snapshot__channel.snr_db_10__receiver.mode_decision_directed_pll,10,demodulator,receiver.phase_tracking.decision_directed_pll,1
decision_directed_pll,20260723T222144Z_qpsk_pilot_phase_tracking_2048_snapshot__channel.snr_db_10__receiver.mode_decision_directed_pll,10,demodulator,receiver.phase_tracking.packet_count,2
decision_directed_pll,20260723T222144Z_qpsk_pilot_phase_tracking_2048_snapshot__channel.snr_db_10__receiver.mode_decision_directed_pll,10,demodulator,timing.step.wall_time_s,0.028882952989079058
decision_directed_pll,20260723T222144Z_qpsk_pilot_phase_tracking_2048_snapshot__channel.snr_db_10__receiver.mode_decision_directed_pll,10,rx_bit_boundary,channel.fixed.bit_count,2048
decision_directed_pll,20260723T222144Z_qpsk_pilot_phase_tracking_2048_snapshot__channel.snr_db_10__receiver.mode_decision_directed_pll,10,rx_bit_boundary,channel.fixed.byte_count,256
decision_directed_pll,20260723T222144Z_qpsk_pilot_phase_tracking_2048_snapshot__channel.snr_db_10__receiver.mode_decision_directed_pll,10,rx_bit_boundary,channel.fixed.demodulator_output.bit_count,2048
decision_directed_pll,20260723T222144Z_qpsk_pilot_phase_tracking_2048_snapshot__channel.snr_db_10__receiver.mode_decision_directed_pll,10,rx_bit_boundary,channel.fixed.demodulator_output.bits_per_element,1
decision_directed_pll,20260723T222144Z_qpsk_pilot_phase_tracking_2048_snapshot__channel.snr_db_10__receiver.mode_decision_directed_pll,10,rx_bit_boundary,channel.fixed.demodulator_output.byte_count,256
decision_directed_pll,20260723T222144Z_qpsk_pilot_phase_tracking_2048_snapshot__channel.snr_db_10__receiver.mode_decision_directed_pll,10,rx_bit_boundary,channel.fixed.demodulator_output.dtype_uint8,1
decision_directed_pll,20260723T222144Z_qpsk_pilot_phase_tracking_2048_snapshot__channel.snr_db_10__receiver.mode_decision_directed_pll,10,rx_bit_boundary,timing.step.wall_time_s,0.0069499860401265323
decision_directed_pll,20260723T222144Z_qpsk_pilot_phase_tracking_2048_snapshot__channel.snr_db_10__receiver.mode_decision_directed_pll,10,coded_ber,channel.coded.ber,0.001953125
decision_directed_pll,20260723T222144Z_qpsk_pilot_phase_tracking_2048_snapshot__channel.snr_db_10__receiver.mode_decision_directed_pll,10,coded_ber,channel.coded.compare_bit_count,2048
decision_directed_pll,20260723T222144Z_qpsk_pilot_phase_tracking_2048_snapshot__channel.snr_db_10__receiver.mode_decision_directed_pll,10,coded_ber,channel.coded.error_count,4
decision_directed_pll,20260723T222144Z_qpsk_pilot_phase_tracking_2048_snapshot__channel.snr_db_10__receiver.mode_decision_directed_pll,10,coded_ber,timing.step.wall_time_s,0.0023011909797787666
decision_directed_pll,20260723T222144Z_qpsk_pilot_phase_tracking_2048_snapshot__channel.snr_db_10__receiver.mode_decision_directed_pll,10,coded_bler,channel.coded.bler,1
decision_directed_pll,20260723T222144Z_qpsk_pilot_phase_tracking_2048_snapshot__channel.snr_db_10__receiver.mode_decision_directed_pll,10,coded_bler,channel.coded.block_count,2
decision_directed_pll,20260723T222144Z_qpsk_pilot_phase_tracking_2048_snapshot__channel.snr_db_10__receiver.mode_decision_directed_pll,10,coded_bler,channel.coded.block_error_count,2
decision_directed_pll,20260723T222144Z_qpsk_pilot_phase_tracking_2048_snapshot__channel.snr_db_10__receiver.mode_decision_directed_pll,10,coded_bler,channel.coded.block_size,1024
decision_directed_pll,20260723T222144Z_qpsk_pilot_phase_tracking_2048_snapshot__channel.snr_db_10__receiver.mode_decision_directed_pll,10,coded_bler,timing.step.wall_time_s,0.0022499840124510229
decision_directed_pll,20260723T222144Z_qpsk_pilot_phase_tracking_2048_snapshot__channel.snr_db_10__receiver.mode_decision_directed_pll,10,channel_bit_count_match,channel.fixed.channel_io.bit_count_match,1
decision_directed_pll,20260723T222144Z_qpsk_pilot_phase_tracking_2048_snapshot__channel.snr_db_10__receiver.mode_decision_directed_pll,10,channel_bit_count_match,channel.fixed.channel_io.candidate_bit_count,2048
decision_directed_pll,20260723T222144Z_qpsk_pilot_phase_tracking_2048_snapshot__channel.snr_db_10__receiver.mode_decision_directed_pll,10,channel_bit_count_match,channel.fixed.channel_io.length_delta,0
decision_directed_pll,20260723T222144Z_qpsk_pilot_phase_tracking_2048_snapshot__channel.snr_db_10__receiver.mode_decision_directed_pll,10,channel_bit_count_match,channel.fixed.channel_io.reference_bit_count,2048
decision_directed_pll,20260723T222144Z_qpsk_pilot_phase_tracking_2048_snapshot__channel.snr_db_10__receiver.mode_decision_directed_pll,10,channel_bit_count_match,timing.step.wall_time_s,0.0022897979943081737
decision_directed_pll,20260723T222144Z_qpsk_pilot_phase_tracking_2048_snapshot__channel.snr_db_10__receiver.mode_decision_directed_pll,10,channel_decoder,channel.decoded_bit_count,2048
decision_directed_pll,20260723T222144Z_qpsk_pilot_phase_tracking_2048_snapshot__channel.snr_db_10__receiver.mode_decision_directed_pll,10,channel_decoder,timing.step.wall_time_s,0.0059404060011729598
oracle,20260723T222145Z_qpsk_pilot_phase_tracking_2048_snapshot__channel.snr_db_10__receiver.mode_oracle,10,data,channel.payload_bit_count,2048
oracle,20260723T222145Z_qpsk_pilot_phase_tracking_2048_snapshot__channel.snr_db_10__receiver.mode_oracle,10,data,source.bit_count,2048
oracle,20260723T222145Z_qpsk_pilot_phase_tracking_2048_snapshot__channel.snr_db_10__receiver.mode_oracle,10,data,source.example_count,2
oracle,20260723T222145Z_qpsk_pilot_phase_tracking_2048_snapshot__channel.snr_db_10__receiver.mode_oracle,10,data,source.transport_block_count,2
oracle,20260723T222145Z_qpsk_pilot_phase_tracking_2048_snapshot__channel.snr_db_10__receiver.mode_oracle,10,data,source.transport_block_size_bits,1024
oracle,20260723T222145Z_qpsk_pilot_phase_tracking_2048_snapshot__channel.snr_db_10__receiver.mode_oracle,10,data,timing.step.wall_time_s,0.0023368219844996929
oracle,20260723T222145Z_qpsk_pilot_phase_tracking_2048_snapshot__channel.snr_db_10__receiver.mode_oracle,10,payload_bit_boundary,channel.fixed.bit_count,2048
oracle,20260723T222145Z_qpsk_pilot_phase_tracking_2048_snapshot__channel.snr_db_10__receiver.mode_oracle,10,payload_bit_boundary,channel.fixed.byte_count,256
oracle,20260723T222145Z_qpsk_pilot_phase_tracking_2048_snapshot__channel.snr_db_10__receiver.mode_oracle,10,payload_bit_boundary,channel.fixed.payload_input.bit_count,2048
oracle,20260723T222145Z_qpsk_pilot_phase_tracking_2048_snapshot__channel.snr_db_10__receiver.mode_oracle,10,payload_bit_boundary,channel.fixed.payload_input.bits_per_element,1
oracle,20260723T222145Z_qpsk_pilot_phase_tracking_2048_snapshot__channel.snr_db_10__receiver.mode_oracle,10,payload_bit_boundary,channel.fixed.payload_input.byte_count,256
oracle,20260723T222145Z_qpsk_pilot_phase_tracking_2048_snapshot__channel.snr_db_10__receiver.mode_oracle,10,payload_bit_boundary,channel.fixed.payload_input.dtype_uint8,1
oracle,20260723T222145Z_qpsk_pilot_phase_tracking_2048_snapshot__channel.snr_db_10__receiver.mode_oracle,10,payload_bit_boundary,timing.step.wall_time_s,0.0025357570266351104
oracle,20260723T222145Z_qpsk_pilot_phase_tracking_2048_snapshot__channel.snr_db_10__receiver.mode_oracle,10,channel_encoder,channel.channel_code_input_bit_count,2048
oracle,20260723T222145Z_qpsk_pilot_phase_tracking_2048_snapshot__channel.snr_db_10__receiver.mode_oracle,10,channel_encoder,channel.code_rate,1
oracle,20260723T222145Z_qpsk_pilot_phase_tracking_2048_snapshot__channel.snr_db_10__receiver.mode_oracle,10,channel_encoder,channel.coded_bit_count,2048
oracle,20260723T222145Z_qpsk_pilot_phase_tracking_2048_snapshot__channel.snr_db_10__receiver.mode_oracle,10,channel_encoder,channel.payload_bit_count,2048
oracle,20260723T222145Z_qpsk_pilot_phase_tracking_2048_snapshot__channel.snr_db_10__receiver.mode_oracle,10,channel_encoder,timing.step.wall_time_s,0.001885684032458812
oracle,20260723T222145Z_qpsk_pilot_phase_tracking_2048_snapshot__channel.snr_db_10__receiver.mode_oracle,10,tx_bit_boundary,channel.fixed.bit_count,2048
oracle,20260723T222145Z_qpsk_pilot_phase_tracking_2048_snapshot__channel.snr_db_10__receiver.mode_oracle,10,tx_bit_boundary,channel.fixed.byte_count,256
oracle,20260723T222145Z_qpsk_pilot_phase_tracking_2048_snapshot__channel.snr_db_10__receiver.mode_oracle,10,tx_bit_boundary,channel.fixed.modulator_input.bit_count,2048
oracle,20260723T222145Z_qpsk_pilot_phase_tracking_2048_snapshot__channel.snr_db_10__receiver.mode_oracle,10,tx_bit_boundary,channel.fixed.modulator_input.bits_per_element,1
oracle,20260723T222145Z_qpsk_pilot_phase_tracking_2048_snapshot__channel.snr_db_10__receiver.mode_oracle,10,tx_bit_boundary,channel.fixed.modulator_input.byte_count,256
oracle,20260723T222145Z_qpsk_pilot_phase_tracking_2048_snapshot__channel.snr_db_10__receiver.mode_oracle,10,tx_bit_boundary,channel.fixed.modulator_input.dtype_uint8,1
oracle,20260723T222145Z_qpsk_pilot_phase_tracking_2048_snapshot__channel.snr_db_10__receiver.mode_oracle,10,tx_bit_boundary,timing.step.wall_time_s,0.0019844229682348669
oracle,20260723T222145Z_qpsk_pilot_phase_tracking_2048_snapshot__channel.snr_db_10__receiver.mode_oracle,10,modulator,channel.bits_per_symbol,2
oracle,20260723T222145Z_qpsk_pilot_phase_tracking_2048_snapshot__channel.snr_db_10__receiver.mode_oracle,10,modulator,channel.channel_use_count,1120
oracle,20260723T222145Z_qpsk_pilot_phase_tracking_2048_snapshot__channel.snr_db_10__receiver.mode_oracle,10,modulator,channel.data_symbol_count,1024
oracle,20260723T222145Z_qpsk_pilot_phase_tracking_2048_snapshot__channel.snr_db_10__receiver.mode_oracle,10,modulator,channel.effective_payload_bits_per_channel_use,1.8285714285714285
oracle,20260723T222145Z_qpsk_pilot_phase_tracking_2048_snapshot__channel.snr_db_10__receiver.mode_oracle,10,modulator,channel.pilot_overhead_fraction,0.085714285714285715
oracle,20260723T222145Z_qpsk_pilot_phase_tracking_2048_snapshot__channel.snr_db_10__receiver.mode_oracle,10,modulator,channel.pilot_symbol_count,96
oracle,20260723T222145Z_qpsk_pilot_phase_tracking_2048_snapshot__channel.snr_db_10__receiver.mode_oracle,10,modulator,channel.symbol_count,1120
oracle,20260723T222145Z_qpsk_pilot_phase_tracking_2048_snapshot__channel.snr_db_10__receiver.mode_oracle,10,modulator,channel.transmitted_bit_count,2048
oracle,20260723T222145Z_qpsk_pilot_phase_tracking_2048_snapshot__channel.snr_db_10__receiver.mode_oracle,10,modulator,timing.step.wall_time_s,0.0046519130119122565
oracle,20260723T222145Z_qpsk_pilot_phase_tracking_2048_snapshot__channel.snr_db_10__receiver.mode_oracle,10,wireless_channel,channel.backend.numpy,1
oracle,20260723T222145Z_qpsk_pilot_phase_tracking_2048_snapshot__channel.snr_db_10__receiver.mode_oracle,10,wireless_channel,channel.channel_use_count,1120
oracle,20260723T222145Z_qpsk_pilot_phase_tracking_2048_snapshot__channel.snr_db_10__receiver.mode_oracle,10,wireless_channel,channel.effective_snr_db,9.999999482280602
oracle,20260723T222145Z_qpsk_pilot_phase_tracking_2048_snapshot__channel.snr_db_10__receiver.mode_oracle,10,wireless_channel,channel.grid_padding_symbol_count,0
oracle,20260723T222145Z_qpsk_pilot_phase_tracking_2048_snapshot__channel.snr_db_10__receiver.mode_oracle,10,wireless_channel,channel.noise_variance,0.10000000000000001
oracle,20260723T222145Z_qpsk_pilot_phase_tracking_2048_snapshot__channel.snr_db_10__receiver.mode_oracle,10,wireless_channel,channel.payload_symbol_count,1120
oracle,20260723T222145Z_qpsk_pilot_phase_tracking_2048_snapshot__channel.snr_db_10__receiver.mode_oracle,10,wireless_channel,channel.received_signal_power.average,0.99999988079071045
oracle,20260723T222145Z_qpsk_pilot_phase_tracking_2048_snapshot__channel.snr_db_10__receiver.mode_oracle,10,wireless_channel,channel.reference_snr_db,10
oracle,20260723T222145Z_qpsk_pilot_phase_tracking_2048_snapshot__channel.snr_db_10__receiver.mode_oracle,10,wireless_channel,channel.rx_antenna_power.average,1.1194943748946702
oracle,20260723T222145Z_qpsk_pilot_phase_tracking_2048_snapshot__channel.snr_db_10__receiver.mode_oracle,10,wireless_channel,channel.rx_antenna_power.total_energy,1253.8336998820305
oracle,20260723T222145Z_qpsk_pilot_phase_tracking_2048_snapshot__channel.snr_db_10__receiver.mode_oracle,10,wireless_channel,channel.rx_output_power.average,1.1194943748946702
oracle,20260723T222145Z_qpsk_pilot_phase_tracking_2048_snapshot__channel.snr_db_10__receiver.mode_oracle,10,wireless_channel,channel.rx_output_power.total_energy,1253.8336998820305
oracle,20260723T222145Z_qpsk_pilot_phase_tracking_2048_snapshot__channel.snr_db_10__receiver.mode_oracle,10,wireless_channel,channel.rx_power.average,1.1194943748946702
oracle,20260723T222145Z_qpsk_pilot_phase_tracking_2048_snapshot__channel.snr_db_10__receiver.mode_oracle,10,wireless_channel,channel.rx_power.total_energy,1253.8336998820305
oracle,20260723T222145Z_qpsk_pilot_phase_tracking_2048_snapshot__channel.snr_db_10__receiver.mode_oracle,10,wireless_channel,channel.shared_grid_overhead_channel_use_count,0
oracle,20260723T222145Z_qpsk_pilot_phase_tracking_2048_snapshot__channel.snr_db_10__receiver.mode_oracle,10,wireless_channel,channel.snr_db,10
oracle,20260723T222145Z_qpsk_pilot_phase_tracking_2048_snapshot__channel.snr_db_10__receiver.mode_oracle,10,wireless_channel,channel.symbol_count,1120
oracle,20260723T222145Z_qpsk_pilot_phase_tracking_2048_snapshot__channel.snr_db_10__receiver.mode_oracle,10,wireless_channel,channel.tx_effective_snr_db,9.999999482280602
oracle,20260723T222145Z_qpsk_pilot_phase_tracking_2048_snapshot__channel.snr_db_10__receiver.mode_oracle,10,wireless_channel,channel.tx_energy.total,1119.9998779296875
oracle,20260723T222145Z_qpsk_pilot_phase_tracking_2048_snapshot__channel.snr_db_10__receiver.mode_oracle,10,wireless_channel,channel.tx_power_at_channel.average,0.99999988079071045
oracle,20260723T222145Z_qpsk_pilot_phase_tracking_2048_snapshot__channel.snr_db_10__receiver.mode_oracle,10,wireless_channel,channel.tx_power_per_executed_use.average,0.9999998910086495
oracle,20260723T222145Z_qpsk_pilot_phase_tracking_2048_snapshot__channel.snr_db_10__receiver.mode_oracle,10,wireless_channel,timing.step.wall_time_s,0.0081683929893188179
oracle,20260723T222145Z_qpsk_pilot_phase_tracking_2048_snapshot__channel.snr_db_10__receiver.mode_oracle,10,carrier_impairment,channel.carrier.cfo_abs_mean_cycles_per_symbol,0.0023162256521348399
oracle,20260723T222145Z_qpsk_pilot_phase_tracking_2048_snapshot__channel.snr_db_10__receiver.mode_oracle,10,carrier_impairment,channel.carrier.initial_phase_abs_mean_rad,1.6504928043575418
oracle,20260723T222145Z_qpsk_pilot_phase_tracking_2048_snapshot__channel.snr_db_10__receiver.mode_oracle,10,carrier_impairment,channel.carrier.phase_drift_rms_rad,5.8526804037773399
oracle,20260723T222145Z_qpsk_pilot_phase_tracking_2048_snapshot__channel.snr_db_10__receiver.mode_oracle,10,carrier_impairment,channel.carrier.phase_noise_increment_std_rad,0.040000000000000001
oracle,20260723T222145Z_qpsk_pilot_phase_tracking_2048_snapshot__channel.snr_db_10__receiver.mode_oracle,10,carrier_impairment,timing.step.wall_time_s,0.012801091943401843
oracle,20260723T222145Z_qpsk_pilot_phase_tracking_2048_snapshot__channel.snr_db_10__receiver.mode_oracle,10,demodulator,channel.demod_bit_count,2048
oracle,20260723T222145Z_qpsk_pilot_phase_tracking_2048_snapshot__channel.snr_db_10__receiver.mode_oracle,10,demodulator,receiver.phase_tracking.data_symbol_count,1024
oracle,20260723T222145Z_qpsk_pilot_phase_tracking_2048_snapshot__channel.snr_db_10__receiver.mode_oracle,10,demodulator,receiver.phase_tracking.oracle,1
oracle,20260723T222145Z_qpsk_pilot_phase_tracking_2048_snapshot__channel.snr_db_10__receiver.mode_oracle,10,demodulator,receiver.phase_tracking.packet_count,2
oracle,20260723T222145Z_qpsk_pilot_phase_tracking_2048_snapshot__channel.snr_db_10__receiver.mode_oracle,10,demodulator,timing.step.wall_time_s,0.015968969033565372
oracle,20260723T222145Z_qpsk_pilot_phase_tracking_2048_snapshot__channel.snr_db_10__receiver.mode_oracle,10,rx_bit_boundary,channel.fixed.bit_count,2048
oracle,20260723T222145Z_qpsk_pilot_phase_tracking_2048_snapshot__channel.snr_db_10__receiver.mode_oracle,10,rx_bit_boundary,channel.fixed.byte_count,256
oracle,20260723T222145Z_qpsk_pilot_phase_tracking_2048_snapshot__channel.snr_db_10__receiver.mode_oracle,10,rx_bit_boundary,channel.fixed.demodulator_output.bit_count,2048
oracle,20260723T222145Z_qpsk_pilot_phase_tracking_2048_snapshot__channel.snr_db_10__receiver.mode_oracle,10,rx_bit_boundary,channel.fixed.demodulator_output.bits_per_element,1
oracle,20260723T222145Z_qpsk_pilot_phase_tracking_2048_snapshot__channel.snr_db_10__receiver.mode_oracle,10,rx_bit_boundary,channel.fixed.demodulator_output.byte_count,256
oracle,20260723T222145Z_qpsk_pilot_phase_tracking_2048_snapshot__channel.snr_db_10__receiver.mode_oracle,10,rx_bit_boundary,channel.fixed.demodulator_output.dtype_uint8,1
oracle,20260723T222145Z_qpsk_pilot_phase_tracking_2048_snapshot__channel.snr_db_10__receiver.mode_oracle,10,rx_bit_boundary,timing.step.wall_time_s,0.014815161994192749
oracle,20260723T222145Z_qpsk_pilot_phase_tracking_2048_snapshot__channel.snr_db_10__receiver.mode_oracle,10,coded_ber,channel.coded.ber,0.0009765625
oracle,20260723T222145Z_qpsk_pilot_phase_tracking_2048_snapshot__channel.snr_db_10__receiver.mode_oracle,10,coded_ber,channel.coded.compare_bit_count,2048
oracle,20260723T222145Z_qpsk_pilot_phase_tracking_2048_snapshot__channel.snr_db_10__receiver.mode_oracle,10,coded_ber,channel.coded.error_count,2
oracle,20260723T222145Z_qpsk_pilot_phase_tracking_2048_snapshot__channel.snr_db_10__receiver.mode_oracle,10,coded_ber,timing.step.wall_time_s,0.0023384010419249535
oracle,20260723T222145Z_qpsk_pilot_phase_tracking_2048_snapshot__channel.snr_db_10__receiver.mode_oracle,10,coded_bler,channel.coded.bler,1
oracle,20260723T222145Z_qpsk_pilot_phase_tracking_2048_snapshot__channel.snr_db_10__receiver.mode_oracle,10,coded_bler,channel.coded.block_count,2
oracle,20260723T222145Z_qpsk_pilot_phase_tracking_2048_snapshot__channel.snr_db_10__receiver.mode_oracle,10,coded_bler,channel.coded.block_error_count,2
oracle,20260723T222145Z_qpsk_pilot_phase_tracking_2048_snapshot__channel.snr_db_10__receiver.mode_oracle,10,coded_bler,channel.coded.block_size,1024
oracle,20260723T222145Z_qpsk_pilot_phase_tracking_2048_snapshot__channel.snr_db_10__receiver.mode_oracle,10,coded_bler,timing.step.wall_time_s,0.003467845031991601
oracle,20260723T222145Z_qpsk_pilot_phase_tracking_2048_snapshot__channel.snr_db_10__receiver.mode_oracle,10,channel_bit_count_match,channel.fixed.channel_io.bit_count_match,1
oracle,20260723T222145Z_qpsk_pilot_phase_tracking_2048_snapshot__channel.snr_db_10__receiver.mode_oracle,10,channel_bit_count_match,channel.fixed.channel_io.candidate_bit_count,2048
oracle,20260723T222145Z_qpsk_pilot_phase_tracking_2048_snapshot__channel.snr_db_10__receiver.mode_oracle,10,channel_bit_count_match,channel.fixed.channel_io.length_delta,0
oracle,20260723T222145Z_qpsk_pilot_phase_tracking_2048_snapshot__channel.snr_db_10__receiver.mode_oracle,10,channel_bit_count_match,channel.fixed.channel_io.reference_bit_count,2048
oracle,20260723T222145Z_qpsk_pilot_phase_tracking_2048_snapshot__channel.snr_db_10__receiver.mode_oracle,10,channel_bit_count_match,timing.step.wall_time_s,0.003893439017701894
oracle,20260723T222145Z_qpsk_pilot_phase_tracking_2048_snapshot__channel.snr_db_10__receiver.mode_oracle,10,channel_decoder,channel.decoded_bit_count,2048
oracle,20260723T222145Z_qpsk_pilot_phase_tracking_2048_snapshot__channel.snr_db_10__receiver.mode_oracle,10,channel_decoder,timing.step.wall_time_s,0.0071838200092315674
learned_artifact,20260723T222147Z_qpsk_pilot_phase_tracking_2048_snapshot__channel.snr_db_10__receiver.mode_learned_artifact,10,data,channel.payload_bit_count,2048
learned_artifact,20260723T222147Z_qpsk_pilot_phase_tracking_2048_snapshot__channel.snr_db_10__receiver.mode_learned_artifact,10,data,source.bit_count,2048
learned_artifact,20260723T222147Z_qpsk_pilot_phase_tracking_2048_snapshot__channel.snr_db_10__receiver.mode_learned_artifact,10,data,source.example_count,2
learned_artifact,20260723T222147Z_qpsk_pilot_phase_tracking_2048_snapshot__channel.snr_db_10__receiver.mode_learned_artifact,10,data,source.transport_block_count,2
learned_artifact,20260723T222147Z_qpsk_pilot_phase_tracking_2048_snapshot__channel.snr_db_10__receiver.mode_learned_artifact,10,data,source.transport_block_size_bits,1024
learned_artifact,20260723T222147Z_qpsk_pilot_phase_tracking_2048_snapshot__channel.snr_db_10__receiver.mode_learned_artifact,10,data,timing.step.wall_time_s,0.0015448930207639933
learned_artifact,20260723T222147Z_qpsk_pilot_phase_tracking_2048_snapshot__channel.snr_db_10__receiver.mode_learned_artifact,10,payload_bit_boundary,channel.fixed.bit_count,2048
learned_artifact,20260723T222147Z_qpsk_pilot_phase_tracking_2048_snapshot__channel.snr_db_10__receiver.mode_learned_artifact,10,payload_bit_boundary,channel.fixed.byte_count,256
learned_artifact,20260723T222147Z_qpsk_pilot_phase_tracking_2048_snapshot__channel.snr_db_10__receiver.mode_learned_artifact,10,payload_bit_boundary,channel.fixed.payload_input.bit_count,2048
learned_artifact,20260723T222147Z_qpsk_pilot_phase_tracking_2048_snapshot__channel.snr_db_10__receiver.mode_learned_artifact,10,payload_bit_boundary,channel.fixed.payload_input.bits_per_element,1
learned_artifact,20260723T222147Z_qpsk_pilot_phase_tracking_2048_snapshot__channel.snr_db_10__receiver.mode_learned_artifact,10,payload_bit_boundary,channel.fixed.payload_input.byte_count,256
learned_artifact,20260723T222147Z_qpsk_pilot_phase_tracking_2048_snapshot__channel.snr_db_10__receiver.mode_learned_artifact,10,payload_bit_boundary,channel.fixed.payload_input.dtype_uint8,1
learned_artifact,20260723T222147Z_qpsk_pilot_phase_tracking_2048_snapshot__channel.snr_db_10__receiver.mode_learned_artifact,10,payload_bit_boundary,timing.step.wall_time_s,0.0018098950386047363
learned_artifact,20260723T222147Z_qpsk_pilot_phase_tracking_2048_snapshot__channel.snr_db_10__receiver.mode_learned_artifact,10,channel_encoder,channel.channel_code_input_bit_count,2048
learned_artifact,20260723T222147Z_qpsk_pilot_phase_tracking_2048_snapshot__channel.snr_db_10__receiver.mode_learned_artifact,10,channel_encoder,channel.code_rate,1
learned_artifact,20260723T222147Z_qpsk_pilot_phase_tracking_2048_snapshot__channel.snr_db_10__receiver.mode_learned_artifact,10,channel_encoder,channel.coded_bit_count,2048
learned_artifact,20260723T222147Z_qpsk_pilot_phase_tracking_2048_snapshot__channel.snr_db_10__receiver.mode_learned_artifact,10,channel_encoder,channel.payload_bit_count,2048
learned_artifact,20260723T222147Z_qpsk_pilot_phase_tracking_2048_snapshot__channel.snr_db_10__receiver.mode_learned_artifact,10,channel_encoder,timing.step.wall_time_s,0.0022124969982542098
learned_artifact,20260723T222147Z_qpsk_pilot_phase_tracking_2048_snapshot__channel.snr_db_10__receiver.mode_learned_artifact,10,tx_bit_boundary,channel.fixed.bit_count,2048
learned_artifact,20260723T222147Z_qpsk_pilot_phase_tracking_2048_snapshot__channel.snr_db_10__receiver.mode_learned_artifact,10,tx_bit_boundary,channel.fixed.byte_count,256
learned_artifact,20260723T222147Z_qpsk_pilot_phase_tracking_2048_snapshot__channel.snr_db_10__receiver.mode_learned_artifact,10,tx_bit_boundary,channel.fixed.modulator_input.bit_count,2048
learned_artifact,20260723T222147Z_qpsk_pilot_phase_tracking_2048_snapshot__channel.snr_db_10__receiver.mode_learned_artifact,10,tx_bit_boundary,channel.fixed.modulator_input.bits_per_element,1
learned_artifact,20260723T222147Z_qpsk_pilot_phase_tracking_2048_snapshot__channel.snr_db_10__receiver.mode_learned_artifact,10,tx_bit_boundary,channel.fixed.modulator_input.byte_count,256
learned_artifact,20260723T222147Z_qpsk_pilot_phase_tracking_2048_snapshot__channel.snr_db_10__receiver.mode_learned_artifact,10,tx_bit_boundary,channel.fixed.modulator_input.dtype_uint8,1
learned_artifact,20260723T222147Z_qpsk_pilot_phase_tracking_2048_snapshot__channel.snr_db_10__receiver.mode_learned_artifact,10,tx_bit_boundary,timing.step.wall_time_s,0.0022323249722830951
learned_artifact,20260723T222147Z_qpsk_pilot_phase_tracking_2048_snapshot__channel.snr_db_10__receiver.mode_learned_artifact,10,modulator,channel.bits_per_symbol,2
learned_artifact,20260723T222147Z_qpsk_pilot_phase_tracking_2048_snapshot__channel.snr_db_10__receiver.mode_learned_artifact,10,modulator,channel.channel_use_count,1120
learned_artifact,20260723T222147Z_qpsk_pilot_phase_tracking_2048_snapshot__channel.snr_db_10__receiver.mode_learned_artifact,10,modulator,channel.data_symbol_count,1024
learned_artifact,20260723T222147Z_qpsk_pilot_phase_tracking_2048_snapshot__channel.snr_db_10__receiver.mode_learned_artifact,10,modulator,channel.effective_payload_bits_per_channel_use,1.8285714285714285
learned_artifact,20260723T222147Z_qpsk_pilot_phase_tracking_2048_snapshot__channel.snr_db_10__receiver.mode_learned_artifact,10,modulator,channel.pilot_overhead_fraction,0.085714285714285715
learned_artifact,20260723T222147Z_qpsk_pilot_phase_tracking_2048_snapshot__channel.snr_db_10__receiver.mode_learned_artifact,10,modulator,channel.pilot_symbol_count,96
learned_artifact,20260723T222147Z_qpsk_pilot_phase_tracking_2048_snapshot__channel.snr_db_10__receiver.mode_learned_artifact,10,modulator,channel.symbol_count,1120
learned_artifact,20260723T222147Z_qpsk_pilot_phase_tracking_2048_snapshot__channel.snr_db_10__receiver.mode_learned_artifact,10,modulator,channel.transmitted_bit_count,2048
learned_artifact,20260723T222147Z_qpsk_pilot_phase_tracking_2048_snapshot__channel.snr_db_10__receiver.mode_learned_artifact,10,modulator,timing.step.wall_time_s,0.0040573389851488173
learned_artifact,20260723T222147Z_qpsk_pilot_phase_tracking_2048_snapshot__channel.snr_db_10__receiver.mode_learned_artifact,10,wireless_channel,channel.backend.numpy,1
learned_artifact,20260723T222147Z_qpsk_pilot_phase_tracking_2048_snapshot__channel.snr_db_10__receiver.mode_learned_artifact,10,wireless_channel,channel.channel_use_count,1120
learned_artifact,20260723T222147Z_qpsk_pilot_phase_tracking_2048_snapshot__channel.snr_db_10__receiver.mode_learned_artifact,10,wireless_channel,channel.effective_snr_db,9.999999482280602
learned_artifact,20260723T222147Z_qpsk_pilot_phase_tracking_2048_snapshot__channel.snr_db_10__receiver.mode_learned_artifact,10,wireless_channel,channel.grid_padding_symbol_count,0
learned_artifact,20260723T222147Z_qpsk_pilot_phase_tracking_2048_snapshot__channel.snr_db_10__receiver.mode_learned_artifact,10,wireless_channel,channel.noise_variance,0.10000000000000001
learned_artifact,20260723T222147Z_qpsk_pilot_phase_tracking_2048_snapshot__channel.snr_db_10__receiver.mode_learned_artifact,10,wireless_channel,channel.payload_symbol_count,1120
learned_artifact,20260723T222147Z_qpsk_pilot_phase_tracking_2048_snapshot__channel.snr_db_10__receiver.mode_learned_artifact,10,wireless_channel,channel.received_signal_power.average,0.99999988079071045
learned_artifact,20260723T222147Z_qpsk_pilot_phase_tracking_2048_snapshot__channel.snr_db_10__receiver.mode_learned_artifact,10,wireless_channel,channel.reference_snr_db,10
learned_artifact,20260723T222147Z_qpsk_pilot_phase_tracking_2048_snapshot__channel.snr_db_10__receiver.mode_learned_artifact,10,wireless_channel,channel.rx_antenna_power.average,1.1194943748946702
learned_artifact,20260723T222147Z_qpsk_pilot_phase_tracking_2048_snapshot__channel.snr_db_10__receiver.mode_learned_artifact,10,wireless_channel,channel.rx_antenna_power.total_energy,1253.8336998820305
learned_artifact,20260723T222147Z_qpsk_pilot_phase_tracking_2048_snapshot__channel.snr_db_10__receiver.mode_learned_artifact,10,wireless_channel,channel.rx_output_power.average,1.1194943748946702
learned_artifact,20260723T222147Z_qpsk_pilot_phase_tracking_2048_snapshot__channel.snr_db_10__receiver.mode_learned_artifact,10,wireless_channel,channel.rx_output_power.total_energy,1253.8336998820305
learned_artifact,20260723T222147Z_qpsk_pilot_phase_tracking_2048_snapshot__channel.snr_db_10__receiver.mode_learned_artifact,10,wireless_channel,channel.rx_power.average,1.1194943748946702
learned_artifact,20260723T222147Z_qpsk_pilot_phase_tracking_2048_snapshot__channel.snr_db_10__receiver.mode_learned_artifact,10,wireless_channel,channel.rx_power.total_energy,1253.8336998820305
learned_artifact,20260723T222147Z_qpsk_pilot_phase_tracking_2048_snapshot__channel.snr_db_10__receiver.mode_learned_artifact,10,wireless_channel,channel.shared_grid_overhead_channel_use_count,0
learned_artifact,20260723T222147Z_qpsk_pilot_phase_tracking_2048_snapshot__channel.snr_db_10__receiver.mode_learned_artifact,10,wireless_channel,channel.snr_db,10
learned_artifact,20260723T222147Z_qpsk_pilot_phase_tracking_2048_snapshot__channel.snr_db_10__receiver.mode_learned_artifact,10,wireless_channel,channel.symbol_count,1120
learned_artifact,20260723T222147Z_qpsk_pilot_phase_tracking_2048_snapshot__channel.snr_db_10__receiver.mode_learned_artifact,10,wireless_channel,channel.tx_effective_snr_db,9.999999482280602
learned_artifact,20260723T222147Z_qpsk_pilot_phase_tracking_2048_snapshot__channel.snr_db_10__receiver.mode_learned_artifact,10,wireless_channel,channel.tx_energy.total,1119.9998779296875
learned_artifact,20260723T222147Z_qpsk_pilot_phase_tracking_2048_snapshot__channel.snr_db_10__receiver.mode_learned_artifact,10,wireless_channel,channel.tx_power_at_channel.average,0.99999988079071045
learned_artifact,20260723T222147Z_qpsk_pilot_phase_tracking_2048_snapshot__channel.snr_db_10__receiver.mode_learned_artifact,10,wireless_channel,channel.tx_power_per_executed_use.average,0.9999998910086495
learned_artifact,20260723T222147Z_qpsk_pilot_phase_tracking_2048_snapshot__channel.snr_db_10__receiver.mode_learned_artifact,10,wireless_channel,timing.step.wall_time_s,0.0058374090003781021
learned_artifact,20260723T222147Z_qpsk_pilot_phase_tracking_2048_snapshot__channel.snr_db_10__receiver.mode_learned_artifact,10,carrier_impairment,channel.carrier.cfo_abs_mean_cycles_per_symbol,0.0023162256521348399
learned_artifact,20260723T222147Z_qpsk_pilot_phase_tracking_2048_snapshot__channel.snr_db_10__receiver.mode_learned_artifact,10,carrier_impairment,channel.carrier.initial_phase_abs_mean_rad,1.6504928043575418
learned_artifact,20260723T222147Z_qpsk_pilot_phase_tracking_2048_snapshot__channel.snr_db_10__receiver.mode_learned_artifact,10,carrier_impairment,channel.carrier.phase_drift_rms_rad,5.8526804037773399
learned_artifact,20260723T222147Z_qpsk_pilot_phase_tracking_2048_snapshot__channel.snr_db_10__receiver.mode_learned_artifact,10,carrier_impairment,channel.carrier.phase_noise_increment_std_rad,0.040000000000000001
learned_artifact,20260723T222147Z_qpsk_pilot_phase_tracking_2048_snapshot__channel.snr_db_10__receiver.mode_learned_artifact,10,carrier_impairment,timing.step.wall_time_s,0.012206803017761558
learned_artifact,20260723T222147Z_qpsk_pilot_phase_tracking_2048_snapshot__channel.snr_db_10__receiver.mode_learned_artifact,10,demodulator,channel.demod_bit_count,2048
learned_artifact,20260723T222147Z_qpsk_pilot_phase_tracking_2048_snapshot__channel.snr_db_10__receiver.mode_learned_artifact,10,demodulator,receiver.phase_tracking.data_symbol_count,1024
learned_artifact,20260723T222147Z_qpsk_pilot_phase_tracking_2048_snapshot__channel.snr_db_10__receiver.mode_learned_artifact,10,demodulator,receiver.phase_tracking.learned_artifact,1
learned_artifact,20260723T222147Z_qpsk_pilot_phase_tracking_2048_snapshot__channel.snr_db_10__receiver.mode_learned_artifact,10,demodulator,receiver.phase_tracking.packet_count,2
learned_artifact,20260723T222147Z_qpsk_pilot_phase_tracking_2048_snapshot__channel.snr_db_10__receiver.mode_learned_artifact,10,demodulator,timing.step.wall_time_s,0.12312098499387503
learned_artifact,20260723T222147Z_qpsk_pilot_phase_tracking_2048_snapshot__channel.snr_db_10__receiver.mode_learned_artifact,10,rx_bit_boundary,channel.fixed.bit_count,2048
learned_artifact,20260723T222147Z_qpsk_pilot_phase_tracking_2048_snapshot__channel.snr_db_10__receiver.mode_learned_artifact,10,rx_bit_boundary,channel.fixed.byte_count,256
learned_artifact,20260723T222147Z_qpsk_pilot_phase_tracking_2048_snapshot__channel.snr_db_10__receiver.mode_learned_artifact,10,rx_bit_boundary,channel.fixed.demodulator_output.bit_count,2048
learned_artifact,20260723T222147Z_qpsk_pilot_phase_tracking_2048_snapshot__channel.snr_db_10__receiver.mode_learned_artifact,10,rx_bit_boundary,channel.fixed.demodulator_output.bits_per_element,1
learned_artifact,20260723T222147Z_qpsk_pilot_phase_tracking_2048_snapshot__channel.snr_db_10__receiver.mode_learned_artifact,10,rx_bit_boundary,channel.fixed.demodulator_output.byte_count,256
learned_artifact,20260723T222147Z_qpsk_pilot_phase_tracking_2048_snapshot__channel.snr_db_10__receiver.mode_learned_artifact,10,rx_bit_boundary,channel.fixed.demodulator_output.dtype_uint8,1
learned_artifact,20260723T222147Z_qpsk_pilot_phase_tracking_2048_snapshot__channel.snr_db_10__receiver.mode_learned_artifact,10,rx_bit_boundary,timing.step.wall_time_s,0.0082617659936659038
learned_artifact,20260723T222147Z_qpsk_pilot_phase_tracking_2048_snapshot__channel.snr_db_10__receiver.mode_learned_artifact,10,coded_ber,channel.coded.ber,0.0009765625
learned_artifact,20260723T222147Z_qpsk_pilot_phase_tracking_2048_snapshot__channel.snr_db_10__receiver.mode_learned_artifact,10,coded_ber,channel.coded.compare_bit_count,2048
learned_artifact,20260723T222147Z_qpsk_pilot_phase_tracking_2048_snapshot__channel.snr_db_10__receiver.mode_learned_artifact,10,coded_ber,channel.coded.error_count,2
learned_artifact,20260723T222147Z_qpsk_pilot_phase_tracking_2048_snapshot__channel.snr_db_10__receiver.mode_learned_artifact,10,coded_ber,timing.step.wall_time_s,0.0022514580050483346
learned_artifact,20260723T222147Z_qpsk_pilot_phase_tracking_2048_snapshot__channel.snr_db_10__receiver.mode_learned_artifact,10,coded_bler,channel.coded.bler,0.5
learned_artifact,20260723T222147Z_qpsk_pilot_phase_tracking_2048_snapshot__channel.snr_db_10__receiver.mode_learned_artifact,10,coded_bler,channel.coded.block_count,2
learned_artifact,20260723T222147Z_qpsk_pilot_phase_tracking_2048_snapshot__channel.snr_db_10__receiver.mode_learned_artifact,10,coded_bler,channel.coded.block_error_count,1
learned_artifact,20260723T222147Z_qpsk_pilot_phase_tracking_2048_snapshot__channel.snr_db_10__receiver.mode_learned_artifact,10,coded_bler,channel.coded.block_size,1024
learned_artifact,20260723T222147Z_qpsk_pilot_phase_tracking_2048_snapshot__channel.snr_db_10__receiver.mode_learned_artifact,10,coded_bler,timing.step.wall_time_s,0.002136741008143872
learned_artifact,20260723T222147Z_qpsk_pilot_phase_tracking_2048_snapshot__channel.snr_db_10__receiver.mode_learned_artifact,10,channel_bit_count_match,channel.fixed.channel_io.bit_count_match,1
learned_artifact,20260723T222147Z_qpsk_pilot_phase_tracking_2048_snapshot__channel.snr_db_10__receiver.mode_learned_artifact,10,channel_bit_count_match,channel.fixed.channel_io.candidate_bit_count,2048
learned_artifact,20260723T222147Z_qpsk_pilot_phase_tracking_2048_snapshot__channel.snr_db_10__receiver.mode_learned_artifact,10,channel_bit_count_match,channel.fixed.channel_io.length_delta,0
learned_artifact,20260723T222147Z_qpsk_pilot_phase_tracking_2048_snapshot__channel.snr_db_10__receiver.mode_learned_artifact,10,channel_bit_count_match,channel.fixed.channel_io.reference_bit_count,2048
learned_artifact,20260723T222147Z_qpsk_pilot_phase_tracking_2048_snapshot__channel.snr_db_10__receiver.mode_learned_artifact,10,channel_bit_count_match,timing.step.wall_time_s,0.0022704770090058446
learned_artifact,20260723T222147Z_qpsk_pilot_phase_tracking_2048_snapshot__channel.snr_db_10__receiver.mode_learned_artifact,10,channel_decoder,channel.decoded_bit_count,2048
learned_artifact,20260723T222147Z_qpsk_pilot_phase_tracking_2048_snapshot__channel.snr_db_10__receiver.mode_learned_artifact,10,channel_decoder,timing.step.wall_time_s,0.0057844630209729075
